account_id,customer_id,account_type,balance,currency,branch_code,status,opened_date,created_at,updated_at
20001,1583,Savings,84300.43,INR,BR003,ACTIVE,2022-05-28,2026-05-16 10:42:26.8595142,2026-05-16 10:42:26.8595142
20002,2731,Savings,92847.80,INR,BR004,ACTIVE,2020-06-30,2026-05-16 10:42:26.8595142,2026-05-16 10:42:26.8595142
20003,3548,Savings,19209.66,INR,BR004,ACTIVE,2022-04-09,2026-05-16 10:42:26.8595142,2026-05-16 10:42:26.8595142
20004,1982,Current,428800.23,INR,BR004,ACTIVE,2024-06-20,2026-05-16 10:42:26.8595142,2026-05-16 10:42:26.8595142
20005,2975,Savings,264722.64,INR,BR004,ACTIVE,2023-02-06,2026-05-16 10:42:26.8595142,2026-05-16 10:42:26.8595142
20006,1550,Savings,164551.85,INR,BR002,ACTIVE,2024-08-03,2026-05-16 10:42:26.8595142,2026-05-16 10:42:26.8595142
20007,3165,Savings,145498.92,INR,BR002,ACTIVE,2024-11-14,2026-05-16 10:42:26.8595142,2026-05-16 10:42:26.8595142
20008,4822,Savings,272803.45,INR,BR001,ACTIVE,2023-03-31,2026-05-16 10:42:26.8595142,2026-05-16 10:42:26.8595142
20009,2388,Savings,164015.73,INR,BR004,ACTIVE,2024-03-23,2026-05-16 10:42:26.8595142,2026-05-16 10:42:26.8595142
20010,2938,Savings,431995.27,INR,BR003,ACTIVE,2022-08-19,2026-05-16 10:42:26.8595142,2026-05-16 10:42:26.8595142
20011,1204,Savings,131711.04,INR,BR001,ACTIVE,2020-12-13,2026-05-16 10:42:26.8595142,2026-05-16 10:42:26.8595142
20012,1351,Savings,441268.59,INR,BR001,ACTIVE,2021-08-15,2026-05-16 10:42:26.8595142,2026-05-16 10:42:26.8595142
20013,1319,Savings,332382.13,INR,BR002,ACTIVE,2022-05-23,2026-05-16 10:42:26.8595142,2026-05-16 10:42:26.8595142
20014,4431,Savings,478357.98,INR,BR001,ACTIVE,2022-05-25,2026-05-16 10:42:26.8595142,2026-05-16 10:42:26.8595142
20015,4589,Savings,8538.51,INR,BR003,ACTIVE,2024-09-16,2026-05-16 10:42:26.8595142,2026-05-16 10:42:26.8595142
20016,3988,Savings,30488.69,INR,BR004,ACTIVE,2023-02-11,2026-05-16 10:42:26.8595142,2026-05-16 10:42:26.8595142
20017,3537,Savings,250946.40,INR,BR001,ACTIVE,2020-12-13,2026-05-16 10:42:26.8595142,2026-05-16 10:42:26.8595142
20018,2693,Current,456277.04,INR,BR003,ACTIVE,2022-12-26,2026-05-16 10:42:26.8595142,2026-05-16 10:42:26.8595142
20019,1107,Savings,365666.68,INR,BR002,ACTIVE,2020-02-14,2026-05-16 10:42:26.8595142,2026-05-16 10:42:26.8595142
20020,4812,Savings,311445.83,INR,BR002,ACTIVE,2022-10-14,2026-05-16 10:42:26.8595142,2026-05-16 10:42:26.8595142
20021,3702,Savings,16769.48,INR,BR004,ACTIVE,2021-07-24,2026-05-16 10:42:26.8595142,2026-05-16 10:42:26.8595142
20022,4898,Savings,199829.98,INR,BR001,ACTIVE,2024-07-29,2026-05-16 10:42:26.8595142,2026-05-16 10:42:26.8595142
20023,3220,Savings,192087.53,INR,BR003,ACTIVE,2024-04-30,2026-05-16 10:42:26.8595142,2026-05-16 10:42:26.8595142
20024,4730,Savings,271500.76,INR,BR002,ACTIVE,2024-03-03,2026-05-16 10:42:26.8595142,2026-05-16 10:42:26.8595142
20025,3567,Savings,129656.06,INR,BR003,ACTIVE,2020-10-22,2026-05-16 10:42:26.8595142,2026-05-16 10:42:26.8595142
20026,2879,Current,134310.70,INR,BR002,ACTIVE,2022-05-09,2026-05-16 10:42:26.8595142,2026-05-16 10:42:26.8595142
20027,4937,Current,310809.54,INR,BR002,ACTIVE,2020-07-24,2026-05-16 10:42:26.8595142,2026-05-16 10:42:26.8595142
20028,1958,Savings,472339.20,INR,BR004,ACTIVE,2021-01-20,2026-05-16 10:42:26.8595142,2026-05-16 10:42:26.8595142
20029,3861,Savings,330429.37,INR,BR003,ACTIVE,2021-02-11,2026-05-16 10:42:26.8595142,2026-05-16 10:42:26.8595142
20030,3576,Savings,334396.93,INR,BR003,ACTIVE,2022-07-04,2026-05-16 10:42:26.8595142,2026-05-16 10:42:26.8595142
20031,3368,Savings,493121.19,INR,BR003,ACTIVE,2025-01-07,2026-05-16 10:42:26.8595142,2026-05-16 10:42:26.8595142
20032,2061,Savings,114858.80,INR,BR002,ACTIVE,2022-01-20,2026-05-16 10:42:26.8595142,2026-05-16 10:42:26.8595142
20033,3547,Savings,29454.32,INR,BR004,ACTIVE,2024-06-20,2026-05-16 10:42:26.8595142,2026-05-16 10:42:26.8595142
20034,4737,Savings,373011.46,INR,BR003,ACTIVE,2021-07-19,2026-05-16 10:42:26.8595142,2026-05-16 10:42:26.8595142
20035,3313,Current,219954.93,INR,BR001,ACTIVE,2022-12-06,2026-05-16 10:42:26.8595142,2026-05-16 10:42:26.8595142
20036,4767,Savings,214982.85,INR,BR003,ACTIVE,2022-08-17,2026-05-16 10:42:26.8595142,2026-05-16 10:42:26.8595142
20037,2692,Savings,113426.38,INR,BR002,ACTIVE,2020-01-21,2026-05-16 10:42:26.8595142,2026-05-16 10:42:26.8595142
20038,2673,Savings,253924.66,INR,BR004,ACTIVE,2024-10-02,2026-05-16 10:42:26.8595142,2026-05-16 10:42:26.8595142
20039,3956,Savings,221644.00,INR,BR003,ACTIVE,2024-04-04,2026-05-16 10:42:26.8595142,2026-05-16 10:42:26.8595142
20040,1402,Savings,173379.55,INR,BR003,ACTIVE,2020-01-09,2026-05-16 10:42:26.8595142,2026-05-16 10:42:26.8595142
20041,4035,Savings,221929.83,INR,BR003,ACTIVE,2024-08-28,2026-05-16 10:42:26.8595142,2026-05-16 10:42:26.8595142
20042,1602,Savings,192533.55,INR,BR001,ACTIVE,2023-04-01,2026-05-16 10:42:26.8595142,2026-05-16 10:42:26.8595142
20043,4000,Savings,470008.28,INR,BR002,ACTIVE,2022-06-17,2026-05-16 10:42:26.8595142,2026-05-16 10:42:26.8595142
20044,1218,Savings,490145.58,INR,BR001,ACTIVE,2021-09-17,2026-05-16 10:42:26.8595142,2026-05-16 10:42:26.8595142
20045,3378,Savings,420110.57,INR,BR001,ACTIVE,2023-05-02,2026-05-16 10:42:26.8595142,2026-05-16 10:42:26.8595142
20046,1186,Savings,495216.63,INR,BR002,ACTIVE,2021-12-08,2026-05-16 10:42:26.8595142,2026-05-16 10:42:26.8595142
20047,4453,Savings,133594.00,INR,BR002,ACTIVE,2020-05-01,2026-05-16 10:42:26.8595142,2026-05-16 10:42:26.8595142
20048,3257,Savings,421619.63,INR,BR003,ACTIVE,2023-09-29,2026-05-16 10:42:26.8595142,2026-05-16 10:42:26.8595142
20049,4635,Savings,203907.88,INR,BR002,ACTIVE,2022-09-08,2026-05-16 10:42:26.8595142,2026-05-16 10:42:26.8595142
20050,1288,Savings,373322.06,INR,BR003,ACTIVE,2021-06-20,2026-05-16 10:42:26.8595142,2026-05-16 10:42:26.8595142
20051,1088,Savings,150680.47,INR,BR001,ACTIVE,2021-07-27,2026-05-16 10:42:26.8595142,2026-05-16 10:42:26.8595142
20052,4051,Savings,406166.09,INR,BR003,ACTIVE,2022-06-21,2026-05-16 10:42:26.8595142,2026-05-16 10:42:26.8595142
20053,3184,Savings,42648.75,INR,BR002,ACTIVE,2022-03-08,2026-05-16 10:42:26.8595142,2026-05-16 10:42:26.8595142
20054,3206,Current,136008.30,INR,BR003,ACTIVE,2022-12-29,2026-05-16 10:42:26.8595142,2026-05-16 10:42:26.8595142
20055,3842,Savings,411154.36,INR,BR001,ACTIVE,2022-08-28,2026-05-16 10:42:26.8595142,2026-05-16 10:42:26.8595142
20056,3968,Current,382361.18,INR,BR002,ACTIVE,2023-09-11,2026-05-16 10:42:26.8595142,2026-05-16 10:42:26.8595142
20057,1155,Savings,251122.13,INR,BR002,ACTIVE,2022-10-04,2026-05-16 10:42:26.8595142,2026-05-16 10:42:26.8595142
20058,4535,Current,336723.59,INR,BR004,ACTIVE,2023-10-23,2026-05-16 10:42:26.8595142,2026-05-16 10:42:26.8595142
20059,1220,Current,110530.89,INR,BR003,ACTIVE,2024-10-28,2026-05-16 10:42:26.8595142,2026-05-16 10:42:26.8595142
20060,2483,Savings,334214.05,INR,BR003,ACTIVE,2021-12-17,2026-05-16 10:42:26.8595142,2026-05-16 10:42:26.8595142
20061,4239,Savings,4980.11,INR,BR003,ACTIVE,2020-11-22,2026-05-16 10:42:26.8595142,2026-05-16 10:42:26.8595142
20062,1322,Savings,416774.72,INR,BR001,ACTIVE,2021-07-27,2026-05-16 10:42:26.8595142,2026-05-16 10:42:26.8595142
20063,3739,Savings,258627.52,INR,BR001,ACTIVE,2022-03-20,2026-05-16 10:42:26.8595142,2026-05-16 10:42:26.8595142
20064,1841,Current,471995.35,INR,BR002,ACTIVE,2020-05-05,2026-05-16 10:42:26.8595142,2026-05-16 10:42:26.8595142
20065,2586,Savings,239603.97,INR,BR002,ACTIVE,2024-01-11,2026-05-16 10:42:26.8595142,2026-05-16 10:42:26.8595142
20066,2837,Current,217110.55,INR,BR001,ACTIVE,2022-04-17,2026-05-16 10:42:26.8595142,2026-05-16 10:42:26.8595142
20067,3560,Savings,225576.35,INR,BR003,ACTIVE,2020-07-22,2026-05-16 10:42:26.8595142,2026-05-16 10:42:26.8595142
20068,3135,Savings,180504.58,INR,BR003,ACTIVE,2023-10-06,2026-05-16 10:42:26.8595142,2026-05-16 10:42:26.8595142
20069,2569,Current,84170.87,INR,BR001,ACTIVE,2020-04-28,2026-05-16 10:42:26.8595142,2026-05-16 10:42:26.8595142
20070,3323,Savings,421189.30,INR,BR003,ACTIVE,2020-04-02,2026-05-16 10:42:26.8595142,2026-05-16 10:42:26.8595142
20071,3189,Savings,195153.62,INR,BR001,ACTIVE,2022-08-10,2026-05-16 10:42:26.8595142,2026-05-16 10:42:26.8595142
20072,4790,Savings,265025.11,INR,BR003,ACTIVE,2020-04-01,2026-05-16 10:42:26.8595142,2026-05-16 10:42:26.8595142
20073,2760,Current,10923.57,INR,BR003,ACTIVE,2022-03-26,2026-05-16 10:42:26.8595142,2026-05-16 10:42:26.8595142
20074,1625,Savings,37231.08,INR,BR004,ACTIVE,2021-01-30,2026-05-16 10:42:26.8595142,2026-05-16 10:42:26.8595142
20075,4862,Current,298994.43,INR,BR002,ACTIVE,2021-01-22,2026-05-16 10:42:26.8595142,2026-05-16 10:42:26.8595142
20076,3964,Savings,454853.99,INR,BR003,ACTIVE,2024-12-31,2026-05-16 10:42:26.8595142,2026-05-16 10:42:26.8595142
20077,1353,Savings,247204.52,INR,BR003,ACTIVE,2022-01-19,2026-05-16 10:42:26.8595142,2026-05-16 10:42:26.8595142
20078,2029,Savings,83322.32,INR,BR001,ACTIVE,2023-03-26,2026-05-16 10:42:26.8595142,2026-05-16 10:42:26.8595142
20079,3430,Savings,99734.08,INR,BR004,ACTIVE,2022-06-09,2026-05-16 10:42:26.8595142,2026-05-16 10:42:26.8595142
20080,4796,Savings,449994.21,INR,BR004,ACTIVE,2020-02-05,2026-05-16 10:42:26.8595142,2026-05-16 10:42:26.8595142
20081,4840,Savings,351117.29,INR,BR001,ACTIVE,2021-04-04,2026-05-16 10:42:26.8595142,2026-05-16 10:42:26.8595142
20082,2358,Savings,483131.58,INR,BR001,ACTIVE,2021-10-28,2026-05-16 10:42:26.8595142,2026-05-16 10:42:26.8595142
20083,1475,Savings,42091.96,INR,BR001,ACTIVE,2021-03-31,2026-05-16 10:42:26.8595142,2026-05-16 10:42:26.8595142
20084,3010,Savings,451403.81,INR,BR003,ACTIVE,2023-09-15,2026-05-16 10:42:26.8595142,2026-05-16 10:42:26.8595142
20085,1928,Savings,453404.36,INR,BR001,ACTIVE,2022-12-18,2026-05-16 10:42:26.8595142,2026-05-16 10:42:26.8595142
20086,1030,Savings,446699.41,INR,BR002,ACTIVE,2024-05-02,2026-05-16 10:42:26.8595142,2026-05-16 10:42:26.8595142
20087,4419,Savings,3875.72,INR,BR001,ACTIVE,2021-09-14,2026-05-16 10:42:26.8595142,2026-05-16 10:42:26.8595142
20088,3970,Savings,371209.84,INR,BR003,ACTIVE,2021-12-09,2026-05-16 10:42:26.8595142,2026-05-16 10:42:26.8595142
20089,3642,Current,274920.12,INR,BR002,ACTIVE,2023-11-23,2026-05-16 10:42:26.8595142,2026-05-16 10:42:26.8595142
20090,3541,Savings,287016.54,INR,BR003,ACTIVE,2024-04-02,2026-05-16 10:42:26.8595142,2026-05-16 10:42:26.8595142
20091,4820,Current,235131.79,INR,BR002,ACTIVE,2023-06-04,2026-05-16 10:42:26.8595142,2026-05-16 10:42:26.8595142
20092,1495,Savings,371595.78,INR,BR002,ACTIVE,2020-07-23,2026-05-16 10:42:26.8595142,2026-05-16 10:42:26.8595142
20093,4928,Savings,524419.97,INR,BR002,ACTIVE,2023-10-16,2026-05-16 10:42:26.8595142,2026-05-16 10:42:26.8595142
20094,1388,Savings,355558.64,INR,BR003,ACTIVE,2022-02-26,2026-05-16 10:42:26.8595142,2026-05-16 10:42:26.8595142
20095,1873,Savings,339347.16,INR,BR002,ACTIVE,2020-05-05,2026-05-16 10:42:26.8595142,2026-05-16 10:42:26.8595142
20096,1835,Savings,327564.42,INR,BR004,ACTIVE,2021-11-18,2026-05-16 10:42:26.8595142,2026-05-16 10:42:26.8595142
20097,4325,Savings,347910.62,INR,BR004,ACTIVE,2024-08-31,2026-05-16 10:42:26.8595142,2026-05-16 10:42:26.8595142
20098,1630,Current,190361.99,INR,BR003,ACTIVE,2023-08-21,2026-05-16 10:42:26.8595142,2026-05-16 10:42:26.8595142
20099,3987,Savings,160789.65,INR,BR004,ACTIVE,2021-11-05,2026-05-16 10:42:26.8595142,2026-05-16 10:42:26.8595142
20100,1030,Savings,392384.65,INR,BR002,ACTIVE,2020-05-10,2026-05-16 10:42:26.8595142,2026-05-16 10:42:26.8595142
20101,3671,Savings,27490.92,INR,BR001,ACTIVE,2022-12-28,2026-05-16 10:42:26.8595142,2026-05-16 10:42:26.8595142
20102,4984,Savings,379864.62,INR,BR001,ACTIVE,2023-02-20,2026-05-16 10:42:26.8595142,2026-05-16 10:42:26.8595142
20103,4838,Savings,407106.95,INR,BR002,ACTIVE,2023-02-19,2026-05-16 10:42:26.8595142,2026-05-16 10:42:26.8595142
20104,4783,Savings,261277.38,INR,BR004,ACTIVE,2021-12-22,2026-05-16 10:42:26.8595142,2026-05-16 10:42:26.8595142
20105,1807,Savings,455163.90,INR,BR002,ACTIVE,2024-08-30,2026-05-16 10:42:26.8595142,2026-05-16 10:42:26.8595142
20106,3390,Savings,237070.63,INR,BR001,ACTIVE,2023-11-22,2026-05-16 10:42:26.8595142,2026-05-16 10:42:26.8595142
20107,2833,Savings,89865.25,INR,BR001,ACTIVE,2024-06-19,2026-05-16 10:42:26.8595142,2026-05-16 10:42:26.8595142
20108,2311,Savings,181337.93,INR,BR003,ACTIVE,2023-02-22,2026-05-16 10:42:26.8595142,2026-05-16 10:42:26.8595142
20109,2969,Savings,453027.89,INR,BR001,ACTIVE,2020-07-11,2026-05-16 10:42:26.8595142,2026-05-16 10:42:26.8595142
20110,4469,Savings,534965.01,INR,BR003,ACTIVE,2022-06-08,2026-05-16 10:42:26.8595142,2026-05-16 10:42:26.8595142
20111,4049,Savings,211505.13,INR,BR004,ACTIVE,2023-01-08,2026-05-16 10:42:26.8595142,2026-05-16 10:42:26.8595142
20112,4581,Savings,96521.76,INR,BR002,ACTIVE,2020-12-05,2026-05-16 10:42:26.8595142,2026-05-16 10:42:26.8595142
20113,2961,Current,143878.31,INR,BR003,ACTIVE,2022-05-12,2026-05-16 10:42:26.8595142,2026-05-16 10:42:26.8595142
20114,1244,Savings,316769.59,INR,BR002,ACTIVE,2023-04-04,2026-05-16 10:42:26.8595142,2026-05-16 10:42:26.8595142
20115,1221,Savings,286475.86,INR,BR003,ACTIVE,2022-03-20,2026-05-16 10:42:26.8595142,2026-05-16 10:42:26.8595142
20116,2180,Current,315399.64,INR,BR004,ACTIVE,2024-09-05,2026-05-16 10:42:26.8595142,2026-05-16 10:42:26.8595142
20117,2407,Savings,417841.33,INR,BR004,ACTIVE,2020-11-08,2026-05-16 10:42:26.8595142,2026-05-16 10:42:26.8595142
20118,2772,Savings,355895.86,INR,BR003,ACTIVE,2022-06-22,2026-05-16 10:42:26.8595142,2026-05-16 10:42:26.8595142
20119,2344,Savings,131159.27,INR,BR003,ACTIVE,2022-05-28,2026-05-16 10:42:26.8595142,2026-05-16 10:42:26.8595142
20120,3421,Current,198126.99,INR,BR004,ACTIVE,2020-02-01,2026-05-16 10:42:26.8595142,2026-05-16 10:42:26.8595142
20121,1531,Savings,420068.48,INR,BR002,ACTIVE,2022-03-29,2026-05-16 10:42:26.8595142,2026-05-16 10:42:26.8595142
20122,3263,Savings,317057.95,INR,BR004,ACTIVE,2023-02-09,2026-05-16 10:42:26.8595142,2026-05-16 10:42:26.8595142
20123,3415,Savings,84042.61,INR,BR002,ACTIVE,2022-06-17,2026-05-16 10:42:26.8595142,2026-05-16 10:42:26.8595142
20124,3162,Savings,163443.86,INR,BR003,ACTIVE,2022-03-02,2026-05-16 10:42:26.8595142,2026-05-16 10:42:26.8595142
20125,4272,Savings,440334.58,INR,BR002,ACTIVE,2021-05-12,2026-05-16 10:42:26.8595142,2026-05-16 10:42:26.8595142
20126,1025,Savings,86874.97,INR,BR003,ACTIVE,2022-11-20,2026-05-16 10:42:26.8595142,2026-05-16 10:42:26.8595142
20127,3982,Current,345834.28,INR,BR002,ACTIVE,2020-10-29,2026-05-16 10:42:26.8595142,2026-05-16 10:42:26.8595142
20128,2145,Current,282204.73,INR,BR003,ACTIVE,2021-01-25,2026-05-16 10:42:26.8595142,2026-05-16 10:42:26.8595142
20129,2766,Savings,74589.98,INR,BR001,ACTIVE,2022-09-10,2026-05-16 10:42:26.8595142,2026-05-16 10:42:26.8595142
20130,3659,Savings,344750.58,INR,BR001,ACTIVE,2021-09-17,2026-05-16 10:42:26.8595142,2026-05-16 10:42:26.8595142
20131,1858,Savings,72032.14,INR,BR004,ACTIVE,2021-06-19,2026-05-16 10:42:26.8595142,2026-05-16 10:42:26.8595142
20132,2027,Savings,199819.35,INR,BR004,ACTIVE,2022-01-13,2026-05-16 10:42:26.8595142,2026-05-16 10:42:26.8595142
20133,1898,Savings,154971.40,INR,BR003,ACTIVE,2024-09-30,2026-05-16 10:42:26.8595142,2026-05-16 10:42:26.8595142
20134,1773,Savings,345314.97,INR,BR002,ACTIVE,2020-10-04,2026-05-16 10:42:26.8595142,2026-05-16 10:42:26.8595142
20135,3493,Savings,400013.56,INR,BR003,ACTIVE,2021-03-20,2026-05-16 10:42:26.8595142,2026-05-16 10:42:26.8595142
20136,4326,Savings,84989.97,INR,BR001,ACTIVE,2020-05-03,2026-05-16 10:42:26.8595142,2026-05-16 10:42:26.8595142
20137,1020,Current,406186.37,INR,BR001,ACTIVE,2022-05-31,2026-05-16 10:42:26.8595142,2026-05-16 10:42:26.8595142
20138,2228,Savings,4599.81,INR,BR003,ACTIVE,2022-11-16,2026-05-16 10:42:26.8595142,2026-05-16 10:42:26.8595142
20139,1806,Current,265499.22,INR,BR001,ACTIVE,2023-04-19,2026-05-16 10:42:26.8595142,2026-05-16 10:42:26.8595142
20140,2381,Savings,258877.66,INR,BR004,ACTIVE,2023-05-09,2026-05-16 10:42:26.8595142,2026-05-16 10:42:26.8595142
20141,3176,Savings,312286.89,INR,BR003,ACTIVE,2022-05-19,2026-05-16 10:42:26.8595142,2026-05-16 10:42:26.8595142
20142,3406,Savings,150718.88,INR,BR004,ACTIVE,2020-06-10,2026-05-16 10:42:26.8595142,2026-05-16 10:42:26.8595142
20143,4364,Savings,5918.56,INR,BR004,ACTIVE,2023-10-01,2026-05-16 10:42:26.8595142,2026-05-16 10:42:26.8595142
20144,4246,Current,227926.70,INR,BR004,ACTIVE,2024-11-11,2026-05-16 10:42:26.8595142,2026-05-16 10:42:26.8595142
20145,4805,Savings,36631.70,INR,BR001,ACTIVE,2022-07-26,2026-05-16 10:42:26.8595142,2026-05-16 10:42:26.8595142
20146,4427,Savings,446204.75,INR,BR002,ACTIVE,2022-06-17,2026-05-16 10:42:26.8595142,2026-05-16 10:42:26.8595142
20147,1881,Savings,87659.50,INR,BR002,ACTIVE,2020-12-07,2026-05-16 10:42:26.8595142,2026-05-16 10:42:26.8595142
20148,4109,Savings,213191.25,INR,BR002,ACTIVE,2022-11-18,2026-05-16 10:42:26.8595142,2026-05-16 10:42:26.8595142
20149,2334,Current,217566.19,INR,BR004,ACTIVE,2024-09-08,2026-05-16 10:42:26.8595142,2026-05-16 10:42:26.8595142
20150,2685,Savings,276879.46,INR,BR003,ACTIVE,2022-02-26,2026-05-16 10:42:26.8595142,2026-05-16 10:42:26.8595142
20151,3965,Current,391483.64,INR,BR004,ACTIVE,2023-04-14,2026-05-16 10:42:26.8595142,2026-05-16 10:42:26.8595142
20152,4676,Savings,236601.93,INR,BR004,ACTIVE,2021-01-11,2026-05-16 10:42:26.8595142,2026-05-16 10:42:26.8595142
20153,2606,Savings,13850.88,INR,BR003,ACTIVE,2024-09-08,2026-05-16 10:42:26.8595142,2026-05-16 10:42:26.8595142
20154,2108,Savings,385784.10,INR,BR002,ACTIVE,2021-10-27,2026-05-16 10:42:26.8595142,2026-05-16 10:42:26.8595142
20155,3558,Current,65714.25,INR,BR002,ACTIVE,2020-12-30,2026-05-16 10:42:26.8595142,2026-05-16 10:42:26.8595142
20156,1444,Current,321135.09,INR,BR002,ACTIVE,2024-09-29,2026-05-16 10:42:26.8595142,2026-05-16 10:42:26.8595142
20157,4492,Current,401911.32,INR,BR004,ACTIVE,2023-09-12,2026-05-16 10:42:26.8595142,2026-05-16 10:42:26.8595142
20158,3043,Savings,183312.06,INR,BR004,ACTIVE,2022-04-24,2026-05-16 10:42:26.8595142,2026-05-16 10:42:26.8595142
20159,2229,Savings,225104.13,INR,BR001,ACTIVE,2024-06-08,2026-05-16 10:42:26.8595142,2026-05-16 10:42:26.8595142
20160,2512,Savings,8153.59,INR,BR002,ACTIVE,2024-03-31,2026-05-16 10:42:26.8595142,2026-05-16 10:42:26.8595142
20161,1779,Savings,402133.72,INR,BR004,ACTIVE,2023-12-08,2026-05-16 10:42:26.8595142,2026-05-16 10:42:26.8595142
20162,4160,Savings,351927.28,INR,BR001,ACTIVE,2022-04-16,2026-05-16 10:42:26.8595142,2026-05-16 10:42:26.8595142
20163,3300,Savings,116462.31,INR,BR004,ACTIVE,2020-04-07,2026-05-16 10:42:26.8595142,2026-05-16 10:42:26.8595142
20164,2747,Savings,195722.87,INR,BR004,ACTIVE,2021-04-25,2026-05-16 10:42:26.8595142,2026-05-16 10:42:26.8595142
20165,2879,Savings,347962.93,INR,BR002,ACTIVE,2023-05-22,2026-05-16 10:42:26.8595142,2026-05-16 10:42:26.8595142
20166,2055,Current,179723.40,INR,BR003,ACTIVE,2024-10-03,2026-05-16 10:42:26.8595142,2026-05-16 10:42:26.8595142
20167,4941,Current,82044.97,INR,BR004,ACTIVE,2020-01-19,2026-05-16 10:42:26.8595142,2026-05-16 10:42:26.8595142
20168,1421,Savings,259734.26,INR,BR004,ACTIVE,2023-09-07,2026-05-16 10:42:26.8595142,2026-05-16 10:42:26.8595142
20169,2852,Savings,362060.22,INR,BR004,ACTIVE,2020-10-12,2026-05-16 10:42:26.8595142,2026-05-16 10:42:26.8595142
20170,3109,Savings,161083.94,INR,BR002,ACTIVE,2022-12-13,2026-05-16 10:42:26.8595142,2026-05-16 10:42:26.8595142
20171,1579,Savings,61764.36,INR,BR004,ACTIVE,2020-08-08,2026-05-16 10:42:26.8595142,2026-05-16 10:42:26.8595142
20172,2250,Savings,414942.54,INR,BR001,ACTIVE,2020-11-29,2026-05-16 10:42:26.8595142,2026-05-16 10:42:26.8595142
20173,4997,Savings,127148.13,INR,BR002,ACTIVE,2021-02-26,2026-05-16 10:42:26.8595142,2026-05-16 10:42:26.8595142
20174,2987,Savings,256894.66,INR,BR001,ACTIVE,2022-03-05,2026-05-16 10:42:26.8595142,2026-05-16 10:42:26.8595142
20175,2359,Savings,385088.64,INR,BR002,ACTIVE,2022-06-11,2026-05-16 10:42:26.8595142,2026-05-16 10:42:26.8595142
20176,4911,Current,159220.52,INR,BR004,ACTIVE,2020-02-06,2026-05-16 10:42:26.8595142,2026-05-16 10:42:26.8595142
20177,3627,Savings,324669.63,INR,BR004,ACTIVE,2021-12-26,2026-05-16 10:42:26.8595142,2026-05-16 10:42:26.8595142
20178,3688,Savings,230395.04,INR,BR001,ACTIVE,2022-04-30,2026-05-16 10:42:26.8595142,2026-05-16 10:42:26.8595142
20179,1111,Savings,312368.25,INR,BR001,ACTIVE,2024-06-18,2026-05-16 10:42:26.8595142,2026-05-16 10:42:26.8595142
20180,1491,Savings,295697.48,INR,BR002,ACTIVE,2024-06-24,2026-05-16 10:42:26.8595142,2026-05-16 10:42:26.8595142
20181,2296,Savings,412251.19,INR,BR002,ACTIVE,2020-04-19,2026-05-16 10:42:26.8595142,2026-05-16 10:42:26.8595142
20182,2837,Savings,328506.81,INR,BR003,ACTIVE,2020-09-26,2026-05-16 10:42:26.8595142,2026-05-16 10:42:26.8595142
20183,3082,Current,132889.04,INR,BR003,ACTIVE,2024-02-22,2026-05-16 10:42:26.8595142,2026-05-16 10:42:26.8595142
20184,3260,Savings,30742.57,INR,BR003,ACTIVE,2021-03-08,2026-05-16 10:42:26.8595142,2026-05-16 10:42:26.8595142
20185,4372,Savings,1990.79,INR,BR004,ACTIVE,2021-04-07,2026-05-16 10:42:26.8595142,2026-05-16 10:42:26.8595142
20186,2397,Savings,452304.27,INR,BR001,ACTIVE,2021-10-29,2026-05-16 10:42:26.8595142,2026-05-16 10:42:26.8595142
20187,3173,Savings,471112.92,INR,BR001,ACTIVE,2024-04-09,2026-05-16 10:42:26.8595142,2026-05-16 10:42:26.8595142
20188,4175,Savings,47961.63,INR,BR003,ACTIVE,2024-10-10,2026-05-16 10:42:26.8595142,2026-05-16 10:42:26.8595142
20189,2742,Savings,244039.76,INR,BR003,ACTIVE,2024-05-05,2026-05-16 10:42:26.8595142,2026-05-16 10:42:26.8595142
20190,4192,Savings,76646.01,INR,BR002,ACTIVE,2021-06-25,2026-05-16 10:42:26.8595142,2026-05-16 10:42:26.8595142
20191,4754,Savings,474425.79,INR,BR003,ACTIVE,2021-04-01,2026-05-16 10:42:26.8595142,2026-05-16 10:42:26.8595142
20192,4619,Current,124169.43,INR,BR001,ACTIVE,2023-05-13,2026-05-16 10:42:26.8595142,2026-05-16 10:42:26.8595142
20193,1894,Savings,251321.90,INR,BR002,ACTIVE,2024-07-17,2026-05-16 10:42:26.8595142,2026-05-16 10:42:26.8595142
20194,3379,Savings,83644.48,INR,BR003,ACTIVE,2020-12-29,2026-05-16 10:42:26.8595142,2026-05-16 10:42:26.8595142
20195,4830,Savings,167047.78,INR,BR004,ACTIVE,2020-09-11,2026-05-16 10:42:26.8595142,2026-05-16 10:42:26.8595142
20196,2876,Savings,134136.37,INR,BR003,ACTIVE,2022-11-16,2026-05-16 10:42:26.8595142,2026-05-16 10:42:26.8595142
20197,2950,Savings,238237.60,INR,BR004,ACTIVE,2023-10-01,2026-05-16 10:42:26.8595142,2026-05-16 10:42:26.8595142
20198,4381,Savings,210471.20,INR,BR003,ACTIVE,2020-11-17,2026-05-16 10:42:26.8595142,2026-05-16 10:42:26.8595142
20199,2594,Savings,166068.10,INR,BR002,ACTIVE,2023-08-26,2026-05-16 10:42:26.8595142,2026-05-16 10:42:26.8595142
20200,1412,Savings,53832.93,INR,BR004,ACTIVE,2021-06-13,2026-05-16 10:42:26.8595142,2026-05-16 10:42:26.8595142
20201,2423,Savings,242759.02,INR,BR004,ACTIVE,2024-02-27,2026-05-16 10:42:26.8595142,2026-05-16 10:42:26.8595142
20202,3982,Savings,425253.80,INR,BR002,ACTIVE,2024-10-12,2026-05-16 10:42:26.8595142,2026-05-16 10:42:26.8595142
20203,4378,Savings,365381.44,INR,BR004,ACTIVE,2024-04-26,2026-05-16 10:42:26.8595142,2026-05-16 10:42:26.8595142
20204,2677,Savings,360566.87,INR,BR002,ACTIVE,2021-05-02,2026-05-16 10:42:26.8595142,2026-05-16 10:42:26.8595142
20205,4695,Savings,183679.78,INR,BR003,ACTIVE,2023-08-14,2026-05-16 10:42:26.8595142,2026-05-16 10:42:26.8595142
20206,2187,Savings,354501.12,INR,BR002,ACTIVE,2024-05-25,2026-05-16 10:42:26.8595142,2026-05-16 10:42:26.8595142
20207,2647,Current,233300.21,INR,BR002,ACTIVE,2024-02-25,2026-05-16 10:42:26.8595142,2026-05-16 10:42:26.8595142
20208,3712,Savings,75987.77,INR,BR002,ACTIVE,2023-01-19,2026-05-16 10:42:26.8595142,2026-05-16 10:42:26.8595142
20209,4960,Current,210105.83,INR,BR002,ACTIVE,2023-09-11,2026-05-16 10:42:26.8595142,2026-05-16 10:42:26.8595142
20210,2089,Savings,67236.58,INR,BR001,ACTIVE,2020-03-19,2026-05-16 10:42:26.8595142,2026-05-16 10:42:26.8595142
20211,4690,Savings,58126.93,INR,BR004,ACTIVE,2021-02-19,2026-05-16 10:42:26.8595142,2026-05-16 10:42:26.8595142
20212,2240,Savings,12506.59,INR,BR003,ACTIVE,2020-08-08,2026-05-16 10:42:26.8595142,2026-05-16 10:42:26.8595142
20213,1603,Savings,187360.92,INR,BR002,ACTIVE,2020-12-16,2026-05-16 10:42:26.8595142,2026-05-16 10:42:26.8595142
20214,2938,Savings,166106.52,INR,BR001,ACTIVE,2020-12-22,2026-05-16 10:42:26.8595142,2026-05-16 10:42:26.8595142
20215,1026,Savings,350022.41,INR,BR001,ACTIVE,2022-11-25,2026-05-16 10:42:26.8595142,2026-05-16 10:42:26.8595142
20216,3717,Savings,269464.39,INR,BR003,ACTIVE,2021-07-19,2026-05-16 10:42:26.8595142,2026-05-16 10:42:26.8595142
20217,1584,Savings,429366.41,INR,BR004,ACTIVE,2020-09-30,2026-05-16 10:42:26.8595142,2026-05-16 10:42:26.8595142
20218,2068,Savings,89058.84,INR,BR003,ACTIVE,2021-06-08,2026-05-16 10:42:26.8595142,2026-05-16 10:42:26.8595142
20219,2114,Savings,182258.52,INR,BR002,ACTIVE,2024-06-02,2026-05-16 10:42:26.8595142,2026-05-16 10:42:26.8595142
20220,2157,Current,470596.98,INR,BR004,ACTIVE,2023-05-31,2026-05-16 10:42:26.8595142,2026-05-16 10:42:26.8595142
20221,2185,Savings,222578.58,INR,BR004,ACTIVE,2023-02-28,2026-05-16 10:42:26.8595142,2026-05-16 10:42:26.8595142
20222,2768,Savings,394736.42,INR,BR003,ACTIVE,2022-09-20,2026-05-16 10:42:26.8595142,2026-05-16 10:42:26.8595142
20223,1380,Current,246591.66,INR,BR003,ACTIVE,2024-10-09,2026-05-16 10:42:26.8595142,2026-05-16 10:42:26.8595142
20224,2285,Savings,236071.74,INR,BR004,ACTIVE,2021-06-11,2026-05-16 10:42:26.8595142,2026-05-16 10:42:26.8595142
20225,2407,Savings,122938.94,INR,BR003,ACTIVE,2020-01-06,2026-05-16 10:42:26.8595142,2026-05-16 10:42:26.8595142
20226,1369,Savings,425748.61,INR,BR004,ACTIVE,2022-10-23,2026-05-16 10:42:26.8595142,2026-05-16 10:42:26.8595142
20227,4183,Savings,40099.28,INR,BR003,ACTIVE,2024-10-03,2026-05-16 10:42:26.8595142,2026-05-16 10:42:26.8595142
20228,4748,Current,155820.29,INR,BR004,ACTIVE,2021-06-22,2026-05-16 10:42:26.8595142,2026-05-16 10:42:26.8595142
20229,2101,Savings,337060.57,INR,BR002,ACTIVE,2021-01-15,2026-05-16 10:42:26.8595142,2026-05-16 10:42:26.8595142
20230,3257,Savings,254121.52,INR,BR001,ACTIVE,2020-05-18,2026-05-16 10:42:26.8595142,2026-05-16 10:42:26.8595142
20231,2037,Savings,440807.79,INR,BR003,ACTIVE,2023-06-09,2026-05-16 10:42:26.8595142,2026-05-16 10:42:26.8595142
20232,2945,Savings,20609.68,INR,BR004,ACTIVE,2020-06-08,2026-05-16 10:42:26.8595142,2026-05-16 10:42:26.8595142
20233,2594,Savings,325054.35,INR,BR001,ACTIVE,2022-04-07,2026-05-16 10:42:26.8595142,2026-05-16 10:42:26.8595142
20234,2922,Savings,239255.27,INR,BR001,ACTIVE,2021-12-02,2026-05-16 10:42:26.8595142,2026-05-16 10:42:26.8595142
20235,4928,Savings,78001.60,INR,BR001,ACTIVE,2020-06-12,2026-05-16 10:42:26.8595142,2026-05-16 10:42:26.8595142
20236,4620,Savings,371882.70,INR,BR003,ACTIVE,2022-04-17,2026-05-16 10:42:26.8595142,2026-05-16 10:42:26.8595142
20237,1025,Savings,206242.12,INR,BR003,ACTIVE,2025-01-25,2026-05-16 10:42:26.8595142,2026-05-16 10:42:26.8595142
20238,1546,Current,266259.37,INR,BR002,ACTIVE,2021-07-21,2026-05-16 10:42:26.8595142,2026-05-16 10:42:26.8595142
20239,2164,Savings,483665.77,INR,BR003,ACTIVE,2024-08-30,2026-05-16 10:42:26.8595142,2026-05-16 10:42:26.8595142
20240,1275,Savings,243628.81,INR,BR003,ACTIVE,2024-01-31,2026-05-16 10:42:26.8595142,2026-05-16 10:42:26.8595142
20241,4442,Savings,411863.06,INR,BR003,ACTIVE,2024-08-25,2026-05-16 10:42:26.8595142,2026-05-16 10:42:26.8595142
20242,3922,Current,385019.18,INR,BR001,ACTIVE,2021-04-14,2026-05-16 10:42:26.8595142,2026-05-16 10:42:26.8595142
20243,3270,Savings,331714.54,INR,BR002,ACTIVE,2021-10-27,2026-05-16 10:42:26.8595142,2026-05-16 10:42:26.8595142
20244,4109,Savings,448509.26,INR,BR001,ACTIVE,2021-12-31,2026-05-16 10:42:26.8595142,2026-05-16 10:42:26.8595142
20245,3923,Savings,126549.22,INR,BR002,ACTIVE,2020-12-29,2026-05-16 10:42:26.8595142,2026-05-16 10:42:26.8595142
20246,2153,Savings,410564.84,INR,BR003,ACTIVE,2023-05-14,2026-05-16 10:42:26.8595142,2026-05-16 10:42:26.8595142
20247,4388,Savings,189515.96,INR,BR004,ACTIVE,2024-09-27,2026-05-16 10:42:26.8595142,2026-05-16 10:42:26.8595142
20248,2347,Savings,418658.76,INR,BR003,ACTIVE,2022-12-09,2026-05-16 10:42:26.8595142,2026-05-16 10:42:26.8595142
20249,2457,Savings,285057.55,INR,BR001,ACTIVE,2024-03-29,2026-05-16 10:42:26.8595142,2026-05-16 10:42:26.8595142
20250,3266,Savings,428996.92,INR,BR001,ACTIVE,2023-03-31,2026-05-16 10:42:26.8595142,2026-05-16 10:42:26.8595142
20251,2871,Savings,447526.93,INR,BR001,ACTIVE,2021-09-12,2026-05-16 10:42:26.8595142,2026-05-16 10:42:26.8595142
20252,2272,Savings,299224.29,INR,BR002,ACTIVE,2024-02-11,2026-05-16 10:42:26.8595142,2026-05-16 10:42:26.8595142
20253,1111,Current,254305.85,INR,BR001,ACTIVE,2020-12-08,2026-05-16 10:42:26.8595142,2026-05-16 10:42:26.8595142
20254,3864,Savings,391856.79,INR,BR004,ACTIVE,2020-07-15,2026-05-16 10:42:26.8595142,2026-05-16 10:42:26.8595142
20255,2756,Savings,134226.12,INR,BR004,ACTIVE,2020-05-05,2026-05-16 10:42:26.8595142,2026-05-16 10:42:26.8595142
20256,1708,Savings,8658.99,INR,BR003,ACTIVE,2024-07-10,2026-05-16 10:42:26.8595142,2026-05-16 10:42:26.8595142
20257,3195,Current,204140.20,INR,BR002,ACTIVE,2020-03-01,2026-05-16 10:42:26.8595142,2026-05-16 10:42:26.8595142
20258,2368,Savings,254379.29,INR,BR002,ACTIVE,2024-09-04,2026-05-16 10:42:26.8595142,2026-05-16 10:42:26.8595142
20259,4581,Current,149334.10,INR,BR003,ACTIVE,2022-03-28,2026-05-16 10:42:26.8595142,2026-05-16 10:42:26.8595142
20260,2529,Savings,192297.58,INR,BR001,ACTIVE,2024-10-27,2026-05-16 10:42:26.8595142,2026-05-16 10:42:26.8595142
20261,1552,Savings,67396.06,INR,BR001,ACTIVE,2024-11-26,2026-05-16 10:42:26.8595142,2026-05-16 10:42:26.8595142
20262,1134,Savings,139367.66,INR,BR003,ACTIVE,2021-02-01,2026-05-16 10:42:26.8595142,2026-05-16 10:42:26.8595142
20263,3512,Savings,120807.58,INR,BR003,ACTIVE,2024-07-29,2026-05-16 10:42:26.8595142,2026-05-16 10:42:26.8595142
20264,3912,Savings,151192.44,INR,BR003,ACTIVE,2023-05-26,2026-05-16 10:42:26.8595142,2026-05-16 10:42:26.8595142
20265,3014,Current,150228.00,INR,BR003,ACTIVE,2021-10-12,2026-05-16 10:42:26.8595142,2026-05-16 10:42:26.8595142
20266,4263,Savings,279925.22,INR,BR002,ACTIVE,2023-03-31,2026-05-16 10:42:26.8595142,2026-05-16 10:42:26.8595142
20267,2187,Savings,126047.87,INR,BR002,ACTIVE,2020-04-06,2026-05-16 10:42:26.8595142,2026-05-16 10:42:26.8595142
20268,3504,Savings,514457.88,INR,BR001,ACTIVE,2023-09-20,2026-05-16 10:42:26.8595142,2026-05-16 10:42:26.8595142
20269,2085,Current,256126.14,INR,BR002,ACTIVE,2021-12-30,2026-05-16 10:42:26.8595142,2026-05-16 10:42:26.8595142
20270,2029,Savings,65354.04,INR,BR002,ACTIVE,2021-10-09,2026-05-16 10:42:26.8595142,2026-05-16 10:42:26.8595142
20271,2061,Savings,140523.53,INR,BR002,ACTIVE,2022-03-27,2026-05-16 10:42:26.8595142,2026-05-16 10:42:26.8595142
20272,3508,Savings,365148.99,INR,BR003,ACTIVE,2020-06-02,2026-05-16 10:42:26.8595142,2026-05-16 10:42:26.8595142
20273,4289,Savings,7815.86,INR,BR002,ACTIVE,2021-10-22,2026-05-16 10:42:26.8595142,2026-05-16 10:42:26.8595142
20274,2761,Savings,488824.94,INR,BR001,ACTIVE,2021-01-17,2026-05-16 10:42:26.8595142,2026-05-16 10:42:26.8595142
20275,3023,Savings,223143.28,INR,BR002,ACTIVE,2024-12-25,2026-05-16 10:42:26.8595142,2026-05-16 10:42:26.8595142
20276,2752,Current,282815.29,INR,BR003,ACTIVE,2024-05-07,2026-05-16 10:42:26.8595142,2026-05-16 10:42:26.8595142
20277,3187,Current,494217.71,INR,BR002,ACTIVE,2023-06-28,2026-05-16 10:42:26.8595142,2026-05-16 10:42:26.8595142
20278,3666,Savings,252198.14,INR,BR004,ACTIVE,2021-01-22,2026-05-16 10:42:26.8595142,2026-05-16 10:42:26.8595142
20279,4171,Savings,473924.25,INR,BR001,ACTIVE,2022-03-16,2026-05-16 10:42:26.8595142,2026-05-16 10:42:26.8595142
20280,3728,Savings,457700.33,INR,BR002,ACTIVE,2022-04-27,2026-05-16 10:42:26.8595142,2026-05-16 10:42:26.8595142
20281,4009,Savings,517150.27,INR,BR001,ACTIVE,2020-06-15,2026-05-16 10:42:26.8595142,2026-05-16 10:42:26.8595142
20282,4336,Savings,406374.16,INR,BR003,ACTIVE,2024-07-09,2026-05-16 10:42:26.8595142,2026-05-16 10:42:26.8595142
20283,3647,Savings,148902.64,INR,BR001,ACTIVE,2023-07-24,2026-05-16 10:42:26.8595142,2026-05-16 10:42:26.8595142
20284,1596,Current,173844.86,INR,BR004,ACTIVE,2022-06-01,2026-05-16 10:42:26.8595142,2026-05-16 10:42:26.8595142
20285,4296,Savings,183127.05,INR,BR004,ACTIVE,2023-05-08,2026-05-16 10:42:26.8595142,2026-05-16 10:42:26.8595142
20286,1011,Savings,489611.24,INR,BR001,ACTIVE,2022-03-05,2026-05-16 10:42:26.8595142,2026-05-16 10:42:26.8595142
20287,3375,Savings,181017.00,INR,BR003,ACTIVE,2023-05-10,2026-05-16 10:42:26.8595142,2026-05-16 10:42:26.8595142
20288,2722,Current,89418.34,INR,BR001,ACTIVE,2023-12-03,2026-05-16 10:42:26.8595142,2026-05-16 10:42:26.8595142
20289,4422,Savings,389386.12,INR,BR002,ACTIVE,2021-01-08,2026-05-16 10:42:26.8595142,2026-05-16 10:42:26.8595142
20290,3427,Savings,183665.58,INR,BR002,ACTIVE,2023-10-21,2026-05-16 10:42:26.8595142,2026-05-16 10:42:26.8595142
20291,3279,Current,310847.02,INR,BR001,ACTIVE,2023-09-13,2026-05-16 10:42:26.8595142,2026-05-16 10:42:26.8595142
20292,2165,Savings,462255.85,INR,BR002,ACTIVE,2020-10-14,2026-05-16 10:42:26.8595142,2026-05-16 10:42:26.8595142
20293,1618,Savings,288177.28,INR,BR002,ACTIVE,2023-04-17,2026-05-16 10:42:26.8595142,2026-05-16 10:42:26.8595142
20294,1765,Savings,319212.39,INR,BR003,ACTIVE,2024-04-12,2026-05-16 10:42:26.8595142,2026-05-16 10:42:26.8595142
20295,1049,Current,321788.42,INR,BR001,ACTIVE,2024-12-16,2026-05-16 10:42:26.8595142,2026-05-16 10:42:26.8595142
20296,1451,Savings,306587.19,INR,BR002,ACTIVE,2023-11-06,2026-05-16 10:42:26.8595142,2026-05-16 10:42:26.8595142
20297,2799,Current,80724.92,INR,BR001,ACTIVE,2024-08-20,2026-05-16 10:42:26.8595142,2026-05-16 10:42:26.8595142
20298,1491,Current,228751.29,INR,BR001,ACTIVE,2022-10-30,2026-05-16 10:42:26.8595142,2026-05-16 10:42:26.8595142
20299,4277,Savings,4824.35,INR,BR002,ACTIVE,2023-05-05,2026-05-16 10:42:26.8595142,2026-05-16 10:42:26.8595142
20300,2893,Savings,313506.14,INR,BR003,ACTIVE,2021-05-14,2026-05-16 10:42:26.8595142,2026-05-16 10:42:26.8595142
20301,2433,Savings,288103.79,INR,BR003,ACTIVE,2022-10-04,2026-05-16 10:42:26.8595142,2026-05-16 10:42:26.8595142
20302,3455,Savings,162290.63,INR,BR004,ACTIVE,2022-10-24,2026-05-16 10:42:26.8595142,2026-05-16 10:42:26.8595142
20303,2075,Savings,262423.86,INR,BR001,ACTIVE,2024-12-13,2026-05-16 10:42:26.8595142,2026-05-16 10:42:26.8595142
20304,3223,Savings,247035.83,INR,BR004,ACTIVE,2020-12-31,2026-05-16 10:42:26.8595142,2026-05-16 10:42:26.8595142
20305,4809,Savings,166677.67,INR,BR003,ACTIVE,2021-12-24,2026-05-16 10:42:26.8595142,2026-05-16 10:42:26.8595142
20306,2285,Current,147350.49,INR,BR002,ACTIVE,2024-05-13,2026-05-16 10:42:26.8595142,2026-05-16 10:42:26.8595142
20307,3528,Current,381507.96,INR,BR002,ACTIVE,2023-03-31,2026-05-16 10:42:26.8595142,2026-05-16 10:42:26.8595142
20308,2758,Savings,378110.43,INR,BR003,ACTIVE,2020-01-15,2026-05-16 10:42:26.8595142,2026-05-16 10:42:26.8595142
20309,1223,Savings,235421.29,INR,BR003,ACTIVE,2022-05-05,2026-05-16 10:42:26.8595142,2026-05-16 10:42:26.8595142
20310,1269,Current,359036.97,INR,BR001,ACTIVE,2022-01-21,2026-05-16 10:42:26.8595142,2026-05-16 10:42:26.8595142
20311,3858,Current,225949.84,INR,BR004,ACTIVE,2022-12-26,2026-05-16 10:42:26.8595142,2026-05-16 10:42:26.8595142
20312,3941,Savings,425835.64,INR,BR004,ACTIVE,2024-01-15,2026-05-16 10:42:26.8595142,2026-05-16 10:42:26.8595142
20313,1901,Savings,189580.90,INR,BR003,ACTIVE,2022-04-27,2026-05-16 10:42:26.8595142,2026-05-16 10:42:26.8595142
20314,1919,Savings,463718.96,INR,BR001,ACTIVE,2020-11-05,2026-05-16 10:42:26.8595142,2026-05-16 10:42:26.8595142
20315,3366,Savings,271599.54,INR,BR002,ACTIVE,2020-08-03,2026-05-16 10:42:26.8595142,2026-05-16 10:42:26.8595142
20316,1385,Savings,268308.24,INR,BR003,ACTIVE,2021-06-13,2026-05-16 10:42:26.8595142,2026-05-16 10:42:26.8595142
20317,2610,Current,335734.38,INR,BR004,ACTIVE,2020-02-29,2026-05-16 10:42:26.8595142,2026-05-16 10:42:26.8595142
20318,1626,Current,171087.15,INR,BR001,ACTIVE,2021-08-23,2026-05-16 10:42:26.8595142,2026-05-16 10:42:26.8595142
20319,4291,Savings,362440.46,INR,BR001,ACTIVE,2020-02-24,2026-05-16 10:42:26.8595142,2026-05-16 10:42:26.8595142
20320,4126,Savings,160892.13,INR,BR001,ACTIVE,2021-11-25,2026-05-16 10:42:26.8595142,2026-05-16 10:42:26.8595142
20321,2224,Savings,199371.88,INR,BR004,ACTIVE,2023-12-12,2026-05-16 10:42:26.8595142,2026-05-16 10:42:26.8595142
20322,2908,Savings,337677.01,INR,BR001,ACTIVE,2024-02-29,2026-05-16 10:42:26.8595142,2026-05-16 10:42:26.8595142
20323,3691,Savings,189846.10,INR,BR002,ACTIVE,2022-01-08,2026-05-16 10:42:26.8595142,2026-05-16 10:42:26.8595142
20324,2363,Current,100787.09,INR,BR004,ACTIVE,2021-09-06,2026-05-16 10:42:26.8595142,2026-05-16 10:42:26.8595142
20325,3752,Savings,436078.83,INR,BR003,ACTIVE,2022-09-30,2026-05-16 10:42:26.8595142,2026-05-16 10:42:26.8595142
20326,2715,Savings,461155.54,INR,BR001,ACTIVE,2021-06-06,2026-05-16 10:42:26.8595142,2026-05-16 10:42:26.8595142
20327,4970,Savings,313738.79,INR,BR004,ACTIVE,2023-09-16,2026-05-16 10:42:26.8595142,2026-05-16 10:42:26.8595142
20328,3353,Savings,436817.30,INR,BR003,ACTIVE,2020-06-10,2026-05-16 10:42:26.8595142,2026-05-16 10:42:26.8595142
20329,4871,Current,493339.53,INR,BR003,ACTIVE,2023-03-27,2026-05-16 10:42:26.8595142,2026-05-16 10:42:26.8595142
20330,2776,Savings,307772.60,INR,BR002,ACTIVE,2023-06-26,2026-05-16 10:42:26.8595142,2026-05-16 10:42:26.8595142
20331,2269,Savings,454487.53,INR,BR003,ACTIVE,2021-09-11,2026-05-16 10:42:26.8595142,2026-05-16 10:42:26.8595142
20332,1842,Current,180268.12,INR,BR002,ACTIVE,2022-07-14,2026-05-16 10:42:26.8595142,2026-05-16 10:42:26.8595142
20333,2653,Savings,350535.75,INR,BR004,ACTIVE,2020-04-11,2026-05-16 10:42:26.8595142,2026-05-16 10:42:26.8595142
20334,2232,Savings,28846.93,INR,BR002,ACTIVE,2022-07-12,2026-05-16 10:42:26.8595142,2026-05-16 10:42:26.8595142
20335,2748,Savings,394696.81,INR,BR004,ACTIVE,2021-07-19,2026-05-16 10:42:26.8595142,2026-05-16 10:42:26.8595142
20336,3559,Savings,415071.77,INR,BR004,ACTIVE,2021-04-22,2026-05-16 10:42:26.8595142,2026-05-16 10:42:26.8595142
20337,2283,Savings,201186.54,INR,BR001,ACTIVE,2020-04-07,2026-05-16 10:42:26.8595142,2026-05-16 10:42:26.8595142
20338,4452,Savings,319838.55,INR,BR002,ACTIVE,2023-09-16,2026-05-16 10:42:26.8595142,2026-05-16 10:42:26.8595142
20339,3211,Savings,429322.19,INR,BR004,ACTIVE,2020-06-16,2026-05-16 10:42:26.8595142,2026-05-16 10:42:26.8595142
20340,1738,Savings,441920.47,INR,BR001,ACTIVE,2023-02-19,2026-05-16 10:42:26.8595142,2026-05-16 10:42:26.8595142
20341,1341,Current,54159.23,INR,BR002,ACTIVE,2024-06-05,2026-05-16 10:42:26.8595142,2026-05-16 10:42:26.8595142
20342,3980,Savings,413916.39,INR,BR002,ACTIVE,2023-08-13,2026-05-16 10:42:26.8595142,2026-05-16 10:42:26.8595142
20343,4648,Current,137847.43,INR,BR003,ACTIVE,2024-12-06,2026-05-16 10:42:26.8595142,2026-05-16 10:42:26.8595142
20344,2952,Savings,363926.14,INR,BR001,ACTIVE,2024-03-05,2026-05-16 10:42:26.8595142,2026-05-16 10:42:26.8595142
20345,2782,Savings,163256.91,INR,BR003,ACTIVE,2023-07-31,2026-05-16 10:42:26.8595142,2026-05-16 10:42:26.8595142
20346,1530,Savings,29108.51,INR,BR004,ACTIVE,2022-11-25,2026-05-16 10:42:26.8595142,2026-05-16 10:42:26.8595142
20347,1034,Savings,105725.48,INR,BR002,ACTIVE,2024-01-12,2026-05-16 10:42:26.8595142,2026-05-16 10:42:26.8595142
20348,4896,Savings,204927.22,INR,BR004,ACTIVE,2023-11-14,2026-05-16 10:42:26.8595142,2026-05-16 10:42:26.8595142
20349,4046,Savings,370873.08,INR,BR001,ACTIVE,2020-02-06,2026-05-16 10:42:26.8595142,2026-05-16 10:42:26.8595142
20350,1323,Current,51251.11,INR,BR002,ACTIVE,2022-11-06,2026-05-16 10:42:26.8595142,2026-05-16 10:42:26.8595142
20351,2205,Current,406654.13,INR,BR004,ACTIVE,2021-07-31,2026-05-16 10:42:26.8595142,2026-05-16 10:42:26.8595142
20352,2987,Savings,516215.48,INR,BR002,ACTIVE,2022-01-11,2026-05-16 10:42:26.8595142,2026-05-16 10:42:26.8595142
20353,1347,Savings,394340.56,INR,BR003,ACTIVE,2023-09-24,2026-05-16 10:42:26.8595142,2026-05-16 10:42:26.8595142
20354,2730,Savings,237394.52,INR,BR001,ACTIVE,2022-11-08,2026-05-16 10:42:26.8595142,2026-05-16 10:42:26.8595142
20355,2216,Savings,317317.64,INR,BR001,ACTIVE,2023-09-30,2026-05-16 10:42:26.8595142,2026-05-16 10:42:26.8595142
20356,2603,Current,4074.09,INR,BR001,ACTIVE,2020-04-25,2026-05-16 10:42:26.8595142,2026-05-16 10:42:26.8595142
20357,3769,Savings,105427.65,INR,BR002,ACTIVE,2022-03-16,2026-05-16 10:42:26.8595142,2026-05-16 10:42:26.8595142
20358,4950,Savings,449595.08,INR,BR004,ACTIVE,2020-05-11,2026-05-16 10:42:26.8595142,2026-05-16 10:42:26.8595142
20359,2703,Savings,45519.65,INR,BR004,ACTIVE,2022-12-18,2026-05-16 10:42:26.8595142,2026-05-16 10:42:26.8595142
20360,4318,Savings,452492.68,INR,BR001,ACTIVE,2022-04-14,2026-05-16 10:42:26.8595142,2026-05-16 10:42:26.8595142
20361,1245,Savings,57513.05,INR,BR002,ACTIVE,2024-10-13,2026-05-16 10:42:26.8595142,2026-05-16 10:42:26.8595142
20362,3726,Savings,67403.99,INR,BR002,ACTIVE,2020-10-02,2026-05-16 10:42:26.8595142,2026-05-16 10:42:26.8595142
20363,2832,Savings,88499.61,INR,BR002,ACTIVE,2023-09-14,2026-05-16 10:42:26.8595142,2026-05-16 10:42:26.8595142
20364,3963,Savings,399893.28,INR,BR004,ACTIVE,2022-02-24,2026-05-16 10:42:26.8595142,2026-05-16 10:42:26.8595142
20365,3771,Savings,239615.10,INR,BR001,ACTIVE,2021-09-27,2026-05-16 10:42:26.8595142,2026-05-16 10:42:26.8595142
20366,4052,Savings,73453.12,INR,BR004,ACTIVE,2024-09-11,2026-05-16 10:42:26.8595142,2026-05-16 10:42:26.8595142
20367,1133,Current,343714.11,INR,BR003,ACTIVE,2022-12-03,2026-05-16 10:42:26.8595142,2026-05-16 10:42:26.8595142
20368,4269,Current,470403.49,INR,BR002,ACTIVE,2023-01-23,2026-05-16 10:42:26.8595142,2026-05-16 10:42:26.8595142
20369,3958,Current,286653.29,INR,BR003,ACTIVE,2021-07-12,2026-05-16 10:42:26.8595142,2026-05-16 10:42:26.8595142
20370,2371,Current,50251.30,INR,BR001,ACTIVE,2020-11-24,2026-05-16 10:42:26.8595142,2026-05-16 10:42:26.8595142
20371,3097,Savings,28320.55,INR,BR001,ACTIVE,2021-09-07,2026-05-16 10:42:26.8595142,2026-05-16 10:42:26.8595142
20372,2088,Savings,398140.31,INR,BR004,ACTIVE,2022-06-07,2026-05-16 10:42:26.8595142,2026-05-16 10:42:26.8595142
20373,2648,Savings,314992.56,INR,BR001,ACTIVE,2022-12-13,2026-05-16 10:42:26.8595142,2026-05-16 10:42:26.8595142
20374,2892,Current,461406.01,INR,BR001,ACTIVE,2021-04-19,2026-05-16 10:42:26.8595142,2026-05-16 10:42:26.8595142
20375,2721,Savings,274077.83,INR,BR004,ACTIVE,2023-08-03,2026-05-16 10:42:26.8595142,2026-05-16 10:42:26.8595142
20376,2128,Savings,32135.31,INR,BR004,ACTIVE,2023-11-15,2026-05-16 10:42:26.8595142,2026-05-16 10:42:26.8595142
20377,3261,Current,202439.74,INR,BR004,ACTIVE,2023-06-02,2026-05-16 10:42:26.8595142,2026-05-16 10:42:26.8595142
20378,2541,Savings,329337.35,INR,BR004,ACTIVE,2020-08-03,2026-05-16 10:42:26.8595142,2026-05-16 10:42:26.8595142
20379,1119,Savings,193057.79,INR,BR001,ACTIVE,2024-11-18,2026-05-16 10:42:26.8595142,2026-05-16 10:42:26.8595142
20380,3904,Savings,523612.66,INR,BR003,ACTIVE,2021-01-28,2026-05-16 10:42:26.8595142,2026-05-16 10:42:26.8595142
20381,3809,Savings,239440.19,INR,BR004,ACTIVE,2024-04-27,2026-05-16 10:42:26.8595142,2026-05-16 10:42:26.8595142
20382,3727,Savings,273571.83,INR,BR001,ACTIVE,2024-04-23,2026-05-16 10:42:26.8595142,2026-05-16 10:42:26.8595142
20383,1895,Savings,113470.62,INR,BR001,ACTIVE,2023-06-24,2026-05-16 10:42:26.8595142,2026-05-16 10:42:26.8595142
20384,2266,Savings,76916.96,INR,BR001,ACTIVE,2024-07-16,2026-05-16 10:42:26.8595142,2026-05-16 10:42:26.8595142
20385,3328,Savings,323007.46,INR,BR001,ACTIVE,2023-10-26,2026-05-16 10:42:26.8595142,2026-05-16 10:42:26.8595142
20386,3472,Savings,294717.76,INR,BR001,ACTIVE,2022-05-10,2026-05-16 10:42:26.8595142,2026-05-16 10:42:26.8595142
20387,1363,Savings,3165.09,INR,BR004,ACTIVE,2020-10-02,2026-05-16 10:42:26.8595142,2026-05-16 10:42:26.8595142
20388,4069,Current,143105.99,INR,BR004,ACTIVE,2022-05-03,2026-05-16 10:42:26.8595142,2026-05-16 10:42:26.8595142
20389,2774,Savings,322146.21,INR,BR002,ACTIVE,2021-04-03,2026-05-16 10:42:26.8595142,2026-05-16 10:42:26.8595142
20390,4378,Current,406312.42,INR,BR002,ACTIVE,2021-10-23,2026-05-16 10:42:26.8595142,2026-05-16 10:42:26.8595142
20391,2741,Savings,156871.96,INR,BR004,ACTIVE,2024-05-24,2026-05-16 10:42:26.8595142,2026-05-16 10:42:26.8595142
20392,4558,Savings,324070.75,INR,BR004,ACTIVE,2020-07-29,2026-05-16 10:42:26.8595142,2026-05-16 10:42:26.8595142
20393,1314,Savings,133363.71,INR,BR004,ACTIVE,2020-10-18,2026-05-16 10:42:26.8595142,2026-05-16 10:42:26.8595142
20394,2537,Savings,345499.57,INR,BR003,ACTIVE,2020-07-18,2026-05-16 10:42:26.8595142,2026-05-16 10:42:26.8595142
20395,2707,Savings,349276.05,INR,BR004,ACTIVE,2025-01-08,2026-05-16 10:42:26.8595142,2026-05-16 10:42:26.8595142
20396,4239,Savings,65981.51,INR,BR001,ACTIVE,2020-06-18,2026-05-16 10:42:26.8595142,2026-05-16 10:42:26.8595142
20397,4466,Savings,332879.80,INR,BR003,ACTIVE,2020-10-16,2026-05-16 10:42:26.8595142,2026-05-16 10:42:26.8595142
20398,3818,Current,167450.02,INR,BR003,ACTIVE,2020-03-26,2026-05-16 10:42:26.8595142,2026-05-16 10:42:26.8595142
20399,2087,Savings,87124.87,INR,BR001,ACTIVE,2023-03-29,2026-05-16 10:42:26.8595142,2026-05-16 10:42:26.8595142
20400,1272,Current,250680.26,INR,BR001,ACTIVE,2020-06-07,2026-05-16 10:42:26.8595142,2026-05-16 10:42:26.8595142
20401,2061,Savings,226696.05,INR,BR002,ACTIVE,2021-12-18,2026-05-16 10:42:26.8595142,2026-05-16 10:42:26.8595142
20402,4088,Savings,387163.53,INR,BR001,ACTIVE,2020-11-06,2026-05-16 10:42:26.8595142,2026-05-16 10:42:26.8595142
20403,2790,Savings,43173.24,INR,BR004,ACTIVE,2023-10-05,2026-05-16 10:42:26.8595142,2026-05-16 10:42:26.8595142
20404,3391,Current,395086.88,INR,BR004,ACTIVE,2023-11-20,2026-05-16 10:42:26.8595142,2026-05-16 10:42:26.8595142
20405,3394,Savings,53935.10,INR,BR002,ACTIVE,2021-10-10,2026-05-16 10:42:26.8595142,2026-05-16 10:42:26.8595142
20406,4920,Savings,136367.02,INR,BR003,ACTIVE,2024-10-04,2026-05-16 10:42:26.8595142,2026-05-16 10:42:26.8595142
20407,4611,Savings,258425.18,INR,BR003,ACTIVE,2021-06-16,2026-05-16 10:42:26.8595142,2026-05-16 10:42:26.8595142
20408,4695,Savings,232124.13,INR,BR002,ACTIVE,2024-09-12,2026-05-16 10:42:26.8595142,2026-05-16 10:42:26.8595142
20409,3281,Savings,494440.63,INR,BR004,ACTIVE,2023-01-19,2026-05-16 10:42:26.8595142,2026-05-16 10:42:26.8595142
20410,1990,Savings,295147.38,INR,BR002,ACTIVE,2022-08-23,2026-05-16 10:42:26.8595142,2026-05-16 10:42:26.8595142
20411,3624,Current,164390.36,INR,BR004,ACTIVE,2023-08-04,2026-05-16 10:42:26.8595142,2026-05-16 10:42:26.8595142
20412,4681,Current,450174.29,INR,BR004,ACTIVE,2022-06-12,2026-05-16 10:42:26.8595142,2026-05-16 10:42:26.8595142
20413,3464,Savings,156795.26,INR,BR001,ACTIVE,2023-07-10,2026-05-16 10:42:26.8595142,2026-05-16 10:42:26.8595142
20414,1905,Savings,137614.04,INR,BR002,ACTIVE,2022-02-03,2026-05-16 10:42:26.8595142,2026-05-16 10:42:26.8595142
20415,3315,Savings,247691.53,INR,BR002,ACTIVE,2023-06-07,2026-05-16 10:42:26.8595142,2026-05-16 10:42:26.8595142
20416,4045,Savings,456674.22,INR,BR004,ACTIVE,2024-03-30,2026-05-16 10:42:26.8595142,2026-05-16 10:42:26.8595142
20417,4398,Savings,354548.61,INR,BR004,ACTIVE,2020-11-16,2026-05-16 10:42:26.8595142,2026-05-16 10:42:26.8595142
20418,4998,Savings,339064.12,INR,BR001,ACTIVE,2022-08-16,2026-05-16 10:42:26.8595142,2026-05-16 10:42:26.8595142
20419,1744,Savings,363312.56,INR,BR004,ACTIVE,2020-03-30,2026-05-16 10:42:26.8595142,2026-05-16 10:42:26.8595142
20420,1911,Savings,330160.66,INR,BR004,ACTIVE,2023-05-06,2026-05-16 10:42:26.8595142,2026-05-16 10:42:26.8595142
20421,3491,Current,380138.38,INR,BR003,ACTIVE,2022-05-26,2026-05-16 10:42:26.8595142,2026-05-16 10:42:26.8595142
20422,3608,Savings,97188.25,INR,BR002,ACTIVE,2020-05-25,2026-05-16 10:42:26.8595142,2026-05-16 10:42:26.8595142
20423,2886,Savings,89451.89,INR,BR001,ACTIVE,2020-12-06,2026-05-16 10:42:26.8595142,2026-05-16 10:42:26.8595142
20424,2746,Savings,181719.51,INR,BR001,ACTIVE,2021-10-27,2026-05-16 10:42:26.8595142,2026-05-16 10:42:26.8595142
20425,3124,Savings,425628.93,INR,BR004,ACTIVE,2022-11-04,2026-05-16 10:42:26.8595142,2026-05-16 10:42:26.8595142
20426,1247,Savings,357512.65,INR,BR002,ACTIVE,2022-11-13,2026-05-16 10:42:26.8595142,2026-05-16 10:42:26.8595142
20427,2852,Savings,283670.20,INR,BR003,ACTIVE,2024-12-03,2026-05-16 10:42:26.8595142,2026-05-16 10:42:26.8595142
20428,3628,Savings,10704.27,INR,BR001,ACTIVE,2024-06-18,2026-05-16 10:42:26.8595142,2026-05-16 10:42:26.8595142
20429,3361,Savings,118665.34,INR,BR004,ACTIVE,2020-12-06,2026-05-16 10:42:26.8595142,2026-05-16 10:42:26.8595142
20430,1576,Savings,401953.46,INR,BR002,ACTIVE,2021-09-10,2026-05-16 10:42:26.8595142,2026-05-16 10:42:26.8595142
20431,4766,Savings,122000.86,INR,BR003,ACTIVE,2020-09-30,2026-05-16 10:42:26.8595142,2026-05-16 10:42:26.8595142
20432,2616,Savings,404637.36,INR,BR002,ACTIVE,2024-01-19,2026-05-16 10:42:26.8595142,2026-05-16 10:42:26.8595142
20433,3391,Savings,93132.50,INR,BR001,ACTIVE,2020-05-04,2026-05-16 10:42:26.8595142,2026-05-16 10:42:26.8595142
20434,3763,Savings,303577.41,INR,BR004,ACTIVE,2024-09-22,2026-05-16 10:42:26.8595142,2026-05-16 10:42:26.8595142
20435,2206,Savings,314477.47,INR,BR004,ACTIVE,2022-11-14,2026-05-16 10:42:26.8595142,2026-05-16 10:42:26.8595142
20436,1984,Savings,376231.15,INR,BR001,ACTIVE,2023-08-03,2026-05-16 10:42:26.8595142,2026-05-16 10:42:26.8595142
20437,3774,Savings,219732.86,INR,BR001,ACTIVE,2023-03-24,2026-05-16 10:42:26.8595142,2026-05-16 10:42:26.8595142
20438,3680,Current,316704.67,INR,BR002,ACTIVE,2021-11-26,2026-05-16 10:42:26.8595142,2026-05-16 10:42:26.8595142
20439,3447,Current,243997.92,INR,BR001,ACTIVE,2023-07-21,2026-05-16 10:42:26.8595142,2026-05-16 10:42:26.8595142
20440,4313,Savings,473721.68,INR,BR002,ACTIVE,2020-09-12,2026-05-16 10:42:26.8595142,2026-05-16 10:42:26.8595142
20441,4919,Savings,261418.48,INR,BR004,ACTIVE,2023-06-04,2026-05-16 10:42:26.8595142,2026-05-16 10:42:26.8595142
20442,3762,Savings,105589.34,INR,BR003,ACTIVE,2024-11-21,2026-05-16 10:42:26.8595142,2026-05-16 10:42:26.8595142
20443,1924,Savings,334278.38,INR,BR004,ACTIVE,2022-07-19,2026-05-16 10:42:26.8595142,2026-05-16 10:42:26.8595142
20444,1292,Savings,274685.20,INR,BR004,ACTIVE,2021-12-28,2026-05-16 10:42:26.8595142,2026-05-16 10:42:26.8595142
20445,3102,Savings,402110.92,INR,BR003,ACTIVE,2023-06-10,2026-05-16 10:42:26.8595142,2026-05-16 10:42:26.8595142
20446,4217,Savings,130381.49,INR,BR003,ACTIVE,2024-10-31,2026-05-16 10:42:26.8595142,2026-05-16 10:42:26.8595142
20447,2380,Savings,131208.86,INR,BR003,ACTIVE,2023-06-28,2026-05-16 10:42:26.8595142,2026-05-16 10:42:26.8595142
20448,4670,Current,460892.92,INR,BR004,ACTIVE,2022-03-19,2026-05-16 10:42:26.8595142,2026-05-16 10:42:26.8595142
20449,4031,Savings,465083.03,INR,BR001,ACTIVE,2021-08-27,2026-05-16 10:42:26.8595142,2026-05-16 10:42:26.8595142
20450,3525,Savings,221686.13,INR,BR004,ACTIVE,2021-05-11,2026-05-16 10:42:26.8595142,2026-05-16 10:42:26.8595142
20451,1022,Savings,24827.84,INR,BR001,ACTIVE,2022-02-04,2026-05-16 10:42:26.8595142,2026-05-16 10:42:26.8595142
20452,4403,Savings,153970.98,INR,BR002,ACTIVE,2024-11-05,2026-05-16 10:42:26.8595142,2026-05-16 10:42:26.8595142
20453,2316,Savings,124314.20,INR,BR004,ACTIVE,2024-08-14,2026-05-16 10:42:26.8595142,2026-05-16 10:42:26.8595142
20454,4308,Savings,207923.75,INR,BR003,ACTIVE,2023-07-01,2026-05-16 10:42:26.8595142,2026-05-16 10:42:26.8595142
20455,2053,Savings,159582.51,INR,BR004,ACTIVE,2020-01-02,2026-05-16 10:42:26.8595142,2026-05-16 10:42:26.8595142
20456,3743,Current,414667.18,INR,BR004,ACTIVE,2022-03-02,2026-05-16 10:42:26.8595142,2026-05-16 10:42:26.8595142
20457,2962,Savings,2514.97,INR,BR003,ACTIVE,2021-06-14,2026-05-16 10:42:26.8595142,2026-05-16 10:42:26.8595142
20458,3208,Savings,322671.29,INR,BR002,ACTIVE,2020-10-18,2026-05-16 10:42:26.8595142,2026-05-16 10:42:26.8595142
20459,1910,Savings,332470.84,INR,BR002,ACTIVE,2024-10-06,2026-05-16 10:42:26.8595142,2026-05-16 10:42:26.8595142
20460,1530,Savings,367281.78,INR,BR002,ACTIVE,2022-03-17,2026-05-16 10:42:26.8595142,2026-05-16 10:42:26.8595142
20461,4622,Current,260776.75,INR,BR002,ACTIVE,2024-07-28,2026-05-16 10:42:26.8595142,2026-05-16 10:42:26.8595142
20462,1101,Savings,305940.93,INR,BR004,ACTIVE,2024-05-21,2026-05-16 10:42:26.8595142,2026-05-16 10:42:26.8595142
20463,2314,Savings,405436.66,INR,BR004,ACTIVE,2022-03-11,2026-05-16 10:42:26.8595142,2026-05-16 10:42:26.8595142
20464,4449,Savings,392314.19,INR,BR003,ACTIVE,2022-08-11,2026-05-16 10:42:26.8595142,2026-05-16 10:42:26.8595142
20465,4245,Savings,18278.06,INR,BR001,ACTIVE,2022-11-08,2026-05-16 10:42:26.8595142,2026-05-16 10:42:26.8595142
20466,3391,Savings,16187.83,INR,BR003,ACTIVE,2022-04-07,2026-05-16 10:42:26.8595142,2026-05-16 10:42:26.8595142
20467,2952,Savings,419633.46,INR,BR002,ACTIVE,2021-12-02,2026-05-16 10:42:26.8595142,2026-05-16 10:42:26.8595142
20468,2902,Savings,287790.11,INR,BR001,ACTIVE,2021-06-20,2026-05-16 10:42:26.8595142,2026-05-16 10:42:26.8595142
20469,1579,Savings,478756.24,INR,BR003,ACTIVE,2023-08-26,2026-05-16 10:42:26.8595142,2026-05-16 10:42:26.8595142
20470,2215,Savings,216364.21,INR,BR002,ACTIVE,2021-11-30,2026-05-16 10:42:26.8595142,2026-05-16 10:42:26.8595142
20471,4511,Savings,89194.17,INR,BR001,ACTIVE,2020-05-14,2026-05-16 10:42:26.8595142,2026-05-16 10:42:26.8595142
20472,4627,Savings,237144.22,INR,BR001,ACTIVE,2023-12-25,2026-05-16 10:42:26.8595142,2026-05-16 10:42:26.8595142
20473,4707,Current,218835.61,INR,BR002,ACTIVE,2021-07-10,2026-05-16 10:42:26.8595142,2026-05-16 10:42:26.8595142
20474,1790,Current,259071.51,INR,BR001,ACTIVE,2023-02-24,2026-05-16 10:42:26.8595142,2026-05-16 10:42:26.8595142
20475,2367,Current,404165.67,INR,BR003,ACTIVE,2020-09-11,2026-05-16 10:42:26.8595142,2026-05-16 10:42:26.8595142
20476,4780,Savings,328136.41,INR,BR003,ACTIVE,2023-04-30,2026-05-16 10:42:26.8595142,2026-05-16 10:42:26.8595142
20477,3893,Savings,93452.39,INR,BR003,ACTIVE,2024-11-16,2026-05-16 10:42:26.8595142,2026-05-16 10:42:26.8595142
20478,3173,Current,367504.15,INR,BR001,ACTIVE,2024-09-27,2026-05-16 10:42:26.8595142,2026-05-16 10:42:26.8595142
20479,2632,Current,329628.85,INR,BR001,ACTIVE,2023-03-10,2026-05-16 10:42:26.8595142,2026-05-16 10:42:26.8595142
20480,3938,Savings,289577.05,INR,BR002,ACTIVE,2021-10-31,2026-05-16 10:42:26.8595142,2026-05-16 10:42:26.8595142
20481,3717,Savings,339450.18,INR,BR002,ACTIVE,2024-08-10,2026-05-16 10:42:26.8595142,2026-05-16 10:42:26.8595142
20482,4624,Savings,282418.76,INR,BR001,ACTIVE,2020-08-23,2026-05-16 10:42:26.8595142,2026-05-16 10:42:26.8595142
20483,2384,Current,229299.35,INR,BR003,ACTIVE,2023-03-10,2026-05-16 10:42:26.8595142,2026-05-16 10:42:26.8595142
20484,1503,Savings,320549.76,INR,BR001,ACTIVE,2020-06-27,2026-05-16 10:42:26.8595142,2026-05-16 10:42:26.8595142
20485,1173,Savings,383521.63,INR,BR004,ACTIVE,2020-10-28,2026-05-16 10:42:26.8595142,2026-05-16 10:42:26.8595142
20486,1887,Current,128151.83,INR,BR003,ACTIVE,2023-11-16,2026-05-16 10:42:26.8595142,2026-05-16 10:42:26.8595142
20487,2418,Savings,249027.90,INR,BR004,ACTIVE,2021-12-27,2026-05-16 10:42:26.8595142,2026-05-16 10:42:26.8595142
20488,4533,Savings,229628.06,INR,BR002,ACTIVE,2023-08-12,2026-05-16 10:42:26.8595142,2026-05-16 10:42:26.8595142
20489,4757,Savings,20911.73,INR,BR001,ACTIVE,2024-04-16,2026-05-16 10:42:26.8595142,2026-05-16 10:42:26.8595142
20490,3168,Savings,417384.89,INR,BR004,ACTIVE,2024-01-20,2026-05-16 10:42:26.8595142,2026-05-16 10:42:26.8595142
20491,1273,Savings,189313.63,INR,BR001,ACTIVE,2023-08-09,2026-05-16 10:42:26.8595142,2026-05-16 10:42:26.8595142
20492,4430,Savings,37271.93,INR,BR004,ACTIVE,2021-07-16,2026-05-16 10:42:26.8595142,2026-05-16 10:42:26.8595142
20493,2410,Savings,229491.65,INR,BR001,ACTIVE,2023-07-22,2026-05-16 10:42:26.8595142,2026-05-16 10:42:26.8595142
20494,3961,Savings,81578.92,INR,BR003,ACTIVE,2022-11-26,2026-05-16 10:42:26.8595142,2026-05-16 10:42:26.8595142
20495,3924,Savings,356352.48,INR,BR002,ACTIVE,2024-05-14,2026-05-16 10:42:26.8595142,2026-05-16 10:42:26.8595142
20496,1858,Current,286314.02,INR,BR003,ACTIVE,2021-08-26,2026-05-16 10:42:26.8595142,2026-05-16 10:42:26.8595142
20497,2911,Current,135786.79,INR,BR002,ACTIVE,2023-04-10,2026-05-16 10:42:26.8595142,2026-05-16 10:42:26.8595142
20498,2958,Savings,475286.46,INR,BR003,ACTIVE,2023-10-06,2026-05-16 10:42:26.8595142,2026-05-16 10:42:26.8595142
20499,4391,Current,146580.93,INR,BR002,ACTIVE,2020-11-22,2026-05-16 10:42:26.8595142,2026-05-16 10:42:26.8595142
20500,1261,Savings,277943.46,INR,BR003,ACTIVE,2024-10-05,2026-05-16 10:42:26.8595142,2026-05-16 10:42:26.8595142
20501,4353,Savings,400982.34,INR,BR001,ACTIVE,2021-02-09,2026-05-16 10:42:26.8595142,2026-05-16 10:42:26.8595142
20502,2353,Savings,257432.26,INR,BR003,ACTIVE,2023-02-17,2026-05-16 10:42:26.8595142,2026-05-16 10:42:26.8595142
20503,2148,Savings,480466.98,INR,BR004,ACTIVE,2023-01-22,2026-05-16 10:42:26.8595142,2026-05-16 10:42:26.8595142
20504,2500,Savings,422083.43,INR,BR004,ACTIVE,2024-04-30,2026-05-16 10:42:26.8595142,2026-05-16 10:42:26.8595142
20505,1278,Savings,460588.49,INR,BR001,ACTIVE,2024-07-06,2026-05-16 10:42:26.8595142,2026-05-16 10:42:26.8595142
20506,3141,Current,186978.59,INR,BR001,ACTIVE,2021-04-10,2026-05-16 10:42:26.8595142,2026-05-16 10:42:26.8595142
20507,4007,Savings,274629.35,INR,BR001,ACTIVE,2020-04-15,2026-05-16 10:42:26.8595142,2026-05-16 10:42:26.8595142
20508,4619,Savings,423381.91,INR,BR004,ACTIVE,2022-05-30,2026-05-16 10:42:26.8595142,2026-05-16 10:42:26.8595142
20509,1823,Savings,481054.10,INR,BR003,ACTIVE,2021-06-14,2026-05-16 10:42:26.8595142,2026-05-16 10:42:26.8595142
20510,3176,Savings,472237.43,INR,BR001,ACTIVE,2024-10-15,2026-05-16 10:42:26.8595142,2026-05-16 10:42:26.8595142
20511,1532,Savings,439696.84,INR,BR003,ACTIVE,2024-09-18,2026-05-16 10:42:26.8595142,2026-05-16 10:42:26.8595142
20512,3821,Savings,365646.70,INR,BR002,ACTIVE,2023-06-18,2026-05-16 10:42:26.8595142,2026-05-16 10:42:26.8595142
20513,1167,Savings,13083.19,INR,BR003,ACTIVE,2022-10-12,2026-05-16 10:42:26.8595142,2026-05-16 10:42:26.8595142
20514,1831,Savings,158161.77,INR,BR003,ACTIVE,2021-06-11,2026-05-16 10:42:26.8595142,2026-05-16 10:42:26.8595142
20515,1236,Current,65339.21,INR,BR004,ACTIVE,2023-04-25,2026-05-16 10:42:26.8595142,2026-05-16 10:42:26.8595142
20516,2056,Savings,78224.54,INR,BR003,ACTIVE,2024-01-09,2026-05-16 10:42:26.8595142,2026-05-16 10:42:26.8595142
20517,2255,Savings,146162.69,INR,BR004,ACTIVE,2025-01-23,2026-05-16 10:42:26.8595142,2026-05-16 10:42:26.8595142
20518,1191,Savings,38295.49,INR,BR002,ACTIVE,2023-04-02,2026-05-16 10:42:26.8595142,2026-05-16 10:42:26.8595142
20519,4914,Savings,122272.87,INR,BR004,ACTIVE,2023-04-22,2026-05-16 10:42:26.8595142,2026-05-16 10:42:26.8595142
20520,3705,Savings,478532.44,INR,BR002,ACTIVE,2020-01-01,2026-05-16 10:42:26.8595142,2026-05-16 10:42:26.8595142
20521,1613,Savings,156659.85,INR,BR002,ACTIVE,2024-02-26,2026-05-16 10:42:26.8595142,2026-05-16 10:42:26.8595142
20522,4663,Current,80696.82,INR,BR001,ACTIVE,2020-12-23,2026-05-16 10:42:26.8595142,2026-05-16 10:42:26.8595142
20523,2532,Savings,359431.79,INR,BR003,ACTIVE,2020-02-09,2026-05-16 10:42:26.8595142,2026-05-16 10:42:26.8595142
20524,4529,Current,414424.07,INR,BR003,ACTIVE,2020-01-04,2026-05-16 10:42:26.8595142,2026-05-16 10:42:26.8595142
20525,4744,Savings,157704.89,INR,BR001,ACTIVE,2020-08-19,2026-05-16 10:42:26.8595142,2026-05-16 10:42:26.8595142
20526,3303,Savings,139970.16,INR,BR001,ACTIVE,2022-01-24,2026-05-16 10:42:26.8595142,2026-05-16 10:42:26.8595142
20527,4351,Savings,121638.01,INR,BR003,ACTIVE,2020-07-13,2026-05-16 10:42:26.8595142,2026-05-16 10:42:26.8595142
20528,2724,Savings,197237.36,INR,BR001,ACTIVE,2023-09-05,2026-05-16 10:42:26.8595142,2026-05-16 10:42:26.8595142
20529,1973,Savings,44528.65,INR,BR001,ACTIVE,2022-01-04,2026-05-16 10:42:26.8595142,2026-05-16 10:42:26.8595142
20530,4794,Savings,334895.48,INR,BR002,ACTIVE,2023-02-19,2026-05-16 10:42:26.8595142,2026-05-16 10:42:26.8595142
20531,4825,Savings,411290.94,INR,BR001,ACTIVE,2022-01-16,2026-05-16 10:42:26.8595142,2026-05-16 10:42:26.8595142
20532,4128,Savings,332177.46,INR,BR001,ACTIVE,2024-09-24,2026-05-16 10:42:26.8595142,2026-05-16 10:42:26.8595142
20533,1649,Savings,211178.65,INR,BR004,ACTIVE,2024-09-07,2026-05-16 10:42:26.8595142,2026-05-16 10:42:26.8595142
20534,1106,Current,145192.16,INR,BR003,ACTIVE,2023-06-09,2026-05-16 10:42:26.8595142,2026-05-16 10:42:26.8595142
20535,2605,Savings,205313.64,INR,BR004,ACTIVE,2020-04-10,2026-05-16 10:42:26.8595142,2026-05-16 10:42:26.8595142
20536,4774,Savings,230605.10,INR,BR001,ACTIVE,2022-05-12,2026-05-16 10:42:26.8595142,2026-05-16 10:42:26.8595142
20537,1192,Savings,333344.39,INR,BR001,ACTIVE,2022-04-24,2026-05-16 10:42:26.8595142,2026-05-16 10:42:26.8595142
20538,2003,Current,464102.12,INR,BR004,ACTIVE,2023-02-24,2026-05-16 10:42:26.8595142,2026-05-16 10:42:26.8595142
20539,2302,Current,36222.66,INR,BR001,ACTIVE,2021-08-30,2026-05-16 10:42:26.8595142,2026-05-16 10:42:26.8595142
20540,2568,Savings,476723.44,INR,BR002,ACTIVE,2020-05-29,2026-05-16 10:42:26.8595142,2026-05-16 10:42:26.8595142
20541,3223,Current,455190.44,INR,BR004,ACTIVE,2023-07-29,2026-05-16 10:42:26.8595142,2026-05-16 10:42:26.8595142
20542,2794,Savings,59748.42,INR,BR004,ACTIVE,2022-02-08,2026-05-16 10:42:26.8595142,2026-05-16 10:42:26.8595142
20543,1635,Savings,92608.93,INR,BR003,ACTIVE,2020-08-27,2026-05-16 10:42:26.8595142,2026-05-16 10:42:26.8595142
20544,1085,Savings,156486.21,INR,BR004,ACTIVE,2022-04-04,2026-05-16 10:42:26.8595142,2026-05-16 10:42:26.8595142
20545,3012,Savings,280273.35,INR,BR002,ACTIVE,2021-06-27,2026-05-16 10:42:26.8595142,2026-05-16 10:42:26.8595142
20546,3996,Savings,68103.62,INR,BR001,ACTIVE,2024-05-14,2026-05-16 10:42:26.8595142,2026-05-16 10:42:26.8595142
20547,1728,Savings,112826.03,INR,BR004,ACTIVE,2020-09-08,2026-05-16 10:42:26.8595142,2026-05-16 10:42:26.8595142
20548,4288,Savings,451434.97,INR,BR004,ACTIVE,2023-08-29,2026-05-16 10:42:26.8595142,2026-05-16 10:42:26.8595142
20549,4086,Savings,55541.01,INR,BR003,ACTIVE,2020-05-25,2026-05-16 10:42:26.8595142,2026-05-16 10:42:26.8595142
20550,2061,Savings,200040.25,INR,BR003,ACTIVE,2023-11-09,2026-05-16 10:42:26.8595142,2026-05-16 10:42:26.8595142
20551,4099,Savings,381737.89,INR,BR001,ACTIVE,2021-01-28,2026-05-16 10:42:26.8595142,2026-05-16 10:42:26.8595142
20552,2688,Savings,444402.98,INR,BR004,ACTIVE,2024-11-21,2026-05-16 10:42:26.8595142,2026-05-16 10:42:26.8595142
20553,2600,Savings,168685.24,INR,BR002,ACTIVE,2021-04-24,2026-05-16 10:42:26.8595142,2026-05-16 10:42:26.8595142
20554,1070,Savings,92957.74,INR,BR001,ACTIVE,2024-05-01,2026-05-16 10:42:26.8595142,2026-05-16 10:42:26.8595142
20555,1154,Current,368768.82,INR,BR002,ACTIVE,2022-01-29,2026-05-16 10:42:26.8595142,2026-05-16 10:42:26.8595142
20556,2462,Savings,386506.32,INR,BR004,ACTIVE,2022-08-28,2026-05-16 10:42:26.8595142,2026-05-16 10:42:26.8595142
20557,3813,Savings,490036.69,INR,BR001,ACTIVE,2022-06-24,2026-05-16 10:42:26.8595142,2026-05-16 10:42:26.8595142
20558,3319,Savings,70631.38,INR,BR003,ACTIVE,2022-06-26,2026-05-16 10:42:26.8595142,2026-05-16 10:42:26.8595142
20559,3589,Savings,355001.02,INR,BR003,ACTIVE,2022-01-16,2026-05-16 10:42:26.8595142,2026-05-16 10:42:26.8595142
20560,3020,Savings,209228.98,INR,BR002,ACTIVE,2020-11-01,2026-05-16 10:42:26.8595142,2026-05-16 10:42:26.8595142
20561,2098,Savings,457400.09,INR,BR001,ACTIVE,2024-02-08,2026-05-16 10:42:26.8595142,2026-05-16 10:42:26.8595142
20562,4868,Savings,204507.61,INR,BR002,ACTIVE,2022-02-06,2026-05-16 10:42:26.8595142,2026-05-16 10:42:26.8595142
20563,1571,Savings,223534.23,INR,BR003,ACTIVE,2021-05-16,2026-05-16 10:42:26.8595142,2026-05-16 10:42:26.8595142
20564,4827,Savings,64271.50,INR,BR004,ACTIVE,2020-02-22,2026-05-16 10:42:26.8595142,2026-05-16 10:42:26.8595142
20565,4913,Savings,161147.46,INR,BR003,ACTIVE,2022-07-31,2026-05-16 10:42:26.8595142,2026-05-16 10:42:26.8595142
20566,1149,Savings,240969.00,INR,BR004,ACTIVE,2024-06-03,2026-05-16 10:42:26.8595142,2026-05-16 10:42:26.8595142
20567,4578,Savings,9736.87,INR,BR002,ACTIVE,2020-03-13,2026-05-16 10:42:26.8595142,2026-05-16 10:42:26.8595142
20568,3058,Savings,219349.66,INR,BR002,ACTIVE,2020-05-20,2026-05-16 10:42:26.8595142,2026-05-16 10:42:26.8595142
20569,3692,Savings,168822.96,INR,BR002,ACTIVE,2024-08-10,2026-05-16 10:42:26.8595142,2026-05-16 10:42:26.8595142
20570,4574,Savings,402116.03,INR,BR004,ACTIVE,2022-12-30,2026-05-16 10:42:26.8595142,2026-05-16 10:42:26.8595142
20571,3110,Savings,54449.19,INR,BR002,ACTIVE,2024-09-08,2026-05-16 10:42:26.8595142,2026-05-16 10:42:26.8595142
20572,2412,Current,380345.35,INR,BR002,ACTIVE,2021-04-08,2026-05-16 10:42:26.8595142,2026-05-16 10:42:26.8595142
20573,2919,Savings,357291.76,INR,BR001,ACTIVE,2021-05-06,2026-05-16 10:42:26.8595142,2026-05-16 10:42:26.8595142
20574,1774,Savings,121649.38,INR,BR004,ACTIVE,2022-03-24,2026-05-16 10:42:26.8595142,2026-05-16 10:42:26.8595142
20575,2754,Current,42552.56,INR,BR002,ACTIVE,2024-08-05,2026-05-16 10:42:26.8595142,2026-05-16 10:42:26.8595142
20576,4304,Savings,421074.89,INR,BR002,ACTIVE,2024-03-20,2026-05-16 10:42:26.8595142,2026-05-16 10:42:26.8595142
20577,2872,Savings,125465.59,INR,BR004,ACTIVE,2022-06-05,2026-05-16 10:42:26.8595142,2026-05-16 10:42:26.8595142
20578,4656,Current,73634.50,INR,BR004,ACTIVE,2020-07-23,2026-05-16 10:42:26.8595142,2026-05-16 10:42:26.8595142
20579,3576,Savings,180159.26,INR,BR003,ACTIVE,2022-01-30,2026-05-16 10:42:26.8595142,2026-05-16 10:42:26.8595142
20580,2574,Savings,208752.04,INR,BR003,ACTIVE,2022-11-23,2026-05-16 10:42:26.8595142,2026-05-16 10:42:26.8595142
20581,2713,Current,163717.90,INR,BR001,ACTIVE,2024-05-30,2026-05-16 10:42:26.8595142,2026-05-16 10:42:26.8595142
20582,3493,Savings,488264.08,INR,BR002,ACTIVE,2021-01-01,2026-05-16 10:42:26.8595142,2026-05-16 10:42:26.8595142
20583,2345,Savings,440529.51,INR,BR004,ACTIVE,2020-10-16,2026-05-16 10:42:26.8595142,2026-05-16 10:42:26.8595142
20584,4966,Savings,436614.77,INR,BR002,ACTIVE,2023-10-10,2026-05-16 10:42:26.8595142,2026-05-16 10:42:26.8595142
20585,2107,Savings,199985.03,INR,BR003,ACTIVE,2020-04-07,2026-05-16 10:42:26.8595142,2026-05-16 10:42:26.8595142
20586,4506,Savings,481471.95,INR,BR003,ACTIVE,2024-01-22,2026-05-16 10:42:26.8595142,2026-05-16 10:42:26.8595142
20587,1017,Current,342323.63,INR,BR003,ACTIVE,2020-11-08,2026-05-16 10:42:26.8595142,2026-05-16 10:42:26.8595142
20588,3417,Savings,416165.34,INR,BR004,ACTIVE,2024-05-14,2026-05-16 10:42:26.8595142,2026-05-16 10:42:26.8595142
20589,2692,Savings,250936.69,INR,BR002,ACTIVE,2024-05-21,2026-05-16 10:42:26.8595142,2026-05-16 10:42:26.8595142
20590,3732,Savings,81148.03,INR,BR004,ACTIVE,2023-04-28,2026-05-16 10:42:26.8595142,2026-05-16 10:42:26.8595142
20591,3956,Savings,443555.87,INR,BR002,ACTIVE,2021-02-10,2026-05-16 10:42:26.8595142,2026-05-16 10:42:26.8595142
20592,4654,Savings,243726.94,INR,BR001,ACTIVE,2021-08-08,2026-05-16 10:42:26.8595142,2026-05-16 10:42:26.8595142
20593,1583,Current,484308.90,INR,BR003,ACTIVE,2024-08-04,2026-05-16 10:42:26.8595142,2026-05-16 10:42:26.8595142
20594,1255,Savings,128175.64,INR,BR003,ACTIVE,2021-03-13,2026-05-16 10:42:26.8595142,2026-05-16 10:42:26.8595142
20595,3504,Savings,496197.12,INR,BR003,ACTIVE,2020-10-10,2026-05-16 10:42:26.8595142,2026-05-16 10:42:26.8595142
20596,3691,Savings,111989.92,INR,BR003,ACTIVE,2023-09-10,2026-05-16 10:42:26.8595142,2026-05-16 10:42:26.8595142
20597,1561,Savings,184715.21,INR,BR004,ACTIVE,2020-11-20,2026-05-16 10:42:26.8595142,2026-05-16 10:42:26.8595142
20598,3581,Savings,297414.24,INR,BR003,ACTIVE,2024-01-23,2026-05-16 10:42:26.8595142,2026-05-16 10:42:26.8595142
20599,2416,Savings,351540.67,INR,BR002,ACTIVE,2020-09-10,2026-05-16 10:42:26.8595142,2026-05-16 10:42:26.8595142
20600,1320,Current,360420.80,INR,BR002,ACTIVE,2024-10-02,2026-05-16 10:42:26.8595142,2026-05-16 10:42:26.8595142
20601,1220,Savings,238649.95,INR,BR003,ACTIVE,2021-04-04,2026-05-16 10:42:26.8595142,2026-05-16 10:42:26.8595142
20602,1699,Savings,39336.65,INR,BR003,ACTIVE,2022-02-01,2026-05-16 10:42:26.8595142,2026-05-16 10:42:26.8595142
20603,2438,Current,248528.03,INR,BR004,ACTIVE,2022-04-18,2026-05-16 10:42:26.8595142,2026-05-16 10:42:26.8595142
20604,1032,Savings,168009.29,INR,BR004,ACTIVE,2023-12-15,2026-05-16 10:42:26.8595142,2026-05-16 10:42:26.8595142
20605,1715,Savings,329170.15,INR,BR002,ACTIVE,2020-08-31,2026-05-16 10:42:26.8595142,2026-05-16 10:42:26.8595142
20606,4860,Current,91955.52,INR,BR002,ACTIVE,2020-09-11,2026-05-16 10:42:26.8595142,2026-05-16 10:42:26.8595142
20607,3802,Savings,197562.25,INR,BR001,ACTIVE,2023-10-12,2026-05-16 10:42:26.8595142,2026-05-16 10:42:26.8595142
20608,2040,Savings,483093.46,INR,BR002,ACTIVE,2024-07-24,2026-05-16 10:42:26.8595142,2026-05-16 10:42:26.8595142
20609,1409,Savings,45344.83,INR,BR001,ACTIVE,2023-11-08,2026-05-16 10:42:26.8595142,2026-05-16 10:42:26.8595142
20610,3876,Savings,301564.74,INR,BR003,ACTIVE,2020-05-17,2026-05-16 10:42:26.8595142,2026-05-16 10:42:26.8595142
20611,3221,Savings,46233.47,INR,BR003,ACTIVE,2021-12-12,2026-05-16 10:42:26.8595142,2026-05-16 10:42:26.8595142
20612,4721,Savings,79340.83,INR,BR003,ACTIVE,2024-07-18,2026-05-16 10:42:26.8595142,2026-05-16 10:42:26.8595142
20613,4251,Savings,302862.26,INR,BR002,ACTIVE,2024-03-08,2026-05-16 10:42:26.8595142,2026-05-16 10:42:26.8595142
20614,4943,Savings,222553.77,INR,BR002,ACTIVE,2023-09-28,2026-05-16 10:42:26.8595142,2026-05-16 10:42:26.8595142
20615,4645,Savings,274701.00,INR,BR003,ACTIVE,2021-12-11,2026-05-16 10:42:26.8595142,2026-05-16 10:42:26.8595142
20616,4569,Savings,440056.21,INR,BR004,ACTIVE,2021-03-05,2026-05-16 10:42:26.8595142,2026-05-16 10:42:26.8595142
20617,1936,Current,408802.88,INR,BR003,ACTIVE,2021-11-08,2026-05-16 10:42:26.8595142,2026-05-16 10:42:26.8595142
20618,2128,Savings,444102.74,INR,BR001,ACTIVE,2021-11-26,2026-05-16 10:42:26.8595142,2026-05-16 10:42:26.8595142
20619,2341,Savings,308511.21,INR,BR004,ACTIVE,2022-03-23,2026-05-16 10:42:26.8595142,2026-05-16 10:42:26.8595142
20620,1707,Savings,245331.94,INR,BR004,ACTIVE,2022-02-11,2026-05-16 10:42:26.8595142,2026-05-16 10:42:26.8595142
20621,4840,Savings,230139.59,INR,BR002,ACTIVE,2020-01-02,2026-05-16 10:42:26.8595142,2026-05-16 10:42:26.8595142
20622,4024,Current,370164.47,INR,BR002,ACTIVE,2021-08-06,2026-05-16 10:42:26.8595142,2026-05-16 10:42:26.8595142
20623,4660,Current,261128.64,INR,BR001,ACTIVE,2020-12-07,2026-05-16 10:42:26.8595142,2026-05-16 10:42:26.8595142
20624,1783,Savings,53778.63,INR,BR003,ACTIVE,2020-12-07,2026-05-16 10:42:26.8595142,2026-05-16 10:42:26.8595142
20625,2205,Current,71827.57,INR,BR003,ACTIVE,2021-08-06,2026-05-16 10:42:26.8595142,2026-05-16 10:42:26.8595142
20626,3180,Savings,195601.28,INR,BR002,ACTIVE,2020-01-27,2026-05-16 10:42:26.8595142,2026-05-16 10:42:26.8595142
20627,3711,Savings,34843.86,INR,BR002,ACTIVE,2023-06-26,2026-05-16 10:42:26.8595142,2026-05-16 10:42:26.8595142
20628,2179,Savings,120376.38,INR,BR003,ACTIVE,2023-10-14,2026-05-16 10:42:26.8595142,2026-05-16 10:42:26.8595142
20629,3407,Savings,328544.03,INR,BR004,ACTIVE,2022-09-15,2026-05-16 10:42:26.8595142,2026-05-16 10:42:26.8595142
20630,2259,Savings,7202.73,INR,BR001,ACTIVE,2020-09-11,2026-05-16 10:42:26.8595142,2026-05-16 10:42:26.8595142
20631,3808,Savings,302442.34,INR,BR001,ACTIVE,2023-11-06,2026-05-16 10:42:26.8595142,2026-05-16 10:42:26.8595142
20632,1165,Savings,386406.10,INR,BR001,ACTIVE,2022-08-10,2026-05-16 10:42:26.8595142,2026-05-16 10:42:26.8595142
20633,3765,Current,85906.72,INR,BR002,ACTIVE,2021-09-10,2026-05-16 10:42:26.8595142,2026-05-16 10:42:26.8595142
20634,3475,Current,91303.31,INR,BR004,ACTIVE,2023-03-01,2026-05-16 10:42:26.8595142,2026-05-16 10:42:26.8595142
20635,3725,Savings,15399.33,INR,BR001,ACTIVE,2021-08-13,2026-05-16 10:42:26.8595142,2026-05-16 10:42:26.8595142
20636,3536,Savings,256712.57,INR,BR004,ACTIVE,2022-10-25,2026-05-16 10:42:26.8595142,2026-05-16 10:42:26.8595142
20637,1213,Savings,371994.03,INR,BR002,ACTIVE,2025-01-28,2026-05-16 10:42:26.8595142,2026-05-16 10:42:26.8595142
20638,2949,Savings,228997.88,INR,BR002,ACTIVE,2024-06-28,2026-05-16 10:42:26.8595142,2026-05-16 10:42:26.8595142
20639,1766,Current,195334.96,INR,BR003,ACTIVE,2021-07-03,2026-05-16 10:42:26.8595142,2026-05-16 10:42:26.8595142
20640,3205,Current,227752.00,INR,BR004,ACTIVE,2021-01-30,2026-05-16 10:42:26.8595142,2026-05-16 10:42:26.8595142
20641,4761,Current,390982.58,INR,BR004,ACTIVE,2024-08-31,2026-05-16 10:42:26.8595142,2026-05-16 10:42:26.8595142
20642,4147,Savings,17723.64,INR,BR004,ACTIVE,2024-07-24,2026-05-16 10:42:26.8595142,2026-05-16 10:42:26.8595142
20643,3483,Current,410416.90,INR,BR003,ACTIVE,2021-09-03,2026-05-16 10:42:26.8595142,2026-05-16 10:42:26.8595142
20644,2202,Savings,333504.72,INR,BR001,ACTIVE,2021-11-27,2026-05-16 10:42:26.8595142,2026-05-16 10:42:26.8595142
20645,2820,Savings,121471.85,INR,BR001,ACTIVE,2024-08-22,2026-05-16 10:42:26.8595142,2026-05-16 10:42:26.8595142
20646,3890,Savings,262845.12,INR,BR002,ACTIVE,2021-02-04,2026-05-16 10:42:26.8595142,2026-05-16 10:42:26.8595142
20647,1645,Current,25596.04,INR,BR003,ACTIVE,2023-11-10,2026-05-16 10:42:26.8595142,2026-05-16 10:42:26.8595142
20648,2661,Current,190414.75,INR,BR004,ACTIVE,2022-09-28,2026-05-16 10:42:26.8595142,2026-05-16 10:42:26.8595142
20649,3360,Savings,87847.20,INR,BR003,ACTIVE,2021-06-29,2026-05-16 10:42:26.8595142,2026-05-16 10:42:26.8595142
20650,2856,Savings,12127.89,INR,BR002,ACTIVE,2021-01-15,2026-05-16 10:42:26.8595142,2026-05-16 10:42:26.8595142
20651,1127,Current,179187.66,INR,BR001,ACTIVE,2022-06-07,2026-05-16 10:42:26.8595142,2026-05-16 10:42:26.8595142
20652,1377,Savings,363330.10,INR,BR001,ACTIVE,2020-12-17,2026-05-16 10:42:26.8595142,2026-05-16 10:42:26.8595142
20653,4417,Savings,460589.91,INR,BR002,ACTIVE,2024-05-01,2026-05-16 10:42:26.8595142,2026-05-16 10:42:26.8595142
20654,1225,Savings,331469.49,INR,BR003,ACTIVE,2023-12-17,2026-05-16 10:42:26.8595142,2026-05-16 10:42:26.8595142
20655,4089,Savings,201583.09,INR,BR002,ACTIVE,2020-05-13,2026-05-16 10:42:26.8595142,2026-05-16 10:42:26.8595142
20656,1497,Current,499748.56,INR,BR004,ACTIVE,2020-07-11,2026-05-16 10:42:26.8595142,2026-05-16 10:42:26.8595142
20657,3017,Savings,142188.81,INR,BR004,ACTIVE,2024-07-27,2026-05-16 10:42:26.8595142,2026-05-16 10:42:26.8595142
20658,1473,Savings,94378.58,INR,BR002,ACTIVE,2021-05-20,2026-05-16 10:42:26.8595142,2026-05-16 10:42:26.8595142
20659,2889,Savings,232377.45,INR,BR004,ACTIVE,2021-11-29,2026-05-16 10:42:26.8595142,2026-05-16 10:42:26.8595142
20660,4383,Savings,252950.80,INR,BR004,ACTIVE,2024-10-06,2026-05-16 10:42:26.8595142,2026-05-16 10:42:26.8595142
20661,4830,Savings,178056.87,INR,BR001,ACTIVE,2024-09-28,2026-05-16 10:42:26.8595142,2026-05-16 10:42:26.8595142
20662,2161,Current,354315.33,INR,BR003,ACTIVE,2021-08-03,2026-05-16 10:42:26.8595142,2026-05-16 10:42:26.8595142
20663,3523,Savings,121631.18,INR,BR001,ACTIVE,2021-08-14,2026-05-16 10:42:26.8595142,2026-05-16 10:42:26.8595142
20664,1217,Current,271072.61,INR,BR001,ACTIVE,2024-03-20,2026-05-16 10:42:26.8595142,2026-05-16 10:42:26.8595142
20665,1196,Current,250563.35,INR,BR003,ACTIVE,2020-12-26,2026-05-16 10:42:26.8595142,2026-05-16 10:42:26.8595142
20666,3249,Savings,454349.50,INR,BR001,ACTIVE,2022-04-22,2026-05-16 10:42:26.8595142,2026-05-16 10:42:26.8595142
20667,1366,Savings,463557.13,INR,BR004,ACTIVE,2023-02-09,2026-05-16 10:42:26.8595142,2026-05-16 10:42:26.8595142
20668,3767,Savings,331969.67,INR,BR002,ACTIVE,2021-07-18,2026-05-16 10:42:26.8595142,2026-05-16 10:42:26.8595142
20669,2552,Savings,153380.42,INR,BR002,ACTIVE,2021-09-06,2026-05-16 10:42:26.8595142,2026-05-16 10:42:26.8595142
20670,3448,Savings,383387.72,INR,BR003,ACTIVE,2023-01-18,2026-05-16 10:42:26.8595142,2026-05-16 10:42:26.8595142
20671,2549,Savings,126434.19,INR,BR002,ACTIVE,2022-02-12,2026-05-16 10:42:26.8595142,2026-05-16 10:42:26.8595142
20672,3638,Savings,483305.65,INR,BR002,ACTIVE,2022-09-30,2026-05-16 10:42:26.8595142,2026-05-16 10:42:26.8595142
20673,1214,Savings,440905.31,INR,BR002,ACTIVE,2024-12-01,2026-05-16 10:42:26.8595142,2026-05-16 10:42:26.8595142
20674,3389,Savings,216163.94,INR,BR002,ACTIVE,2024-05-01,2026-05-16 10:42:26.8595142,2026-05-16 10:42:26.8595142
20675,4401,Savings,392387.42,INR,BR001,ACTIVE,2021-10-08,2026-05-16 10:42:26.8595142,2026-05-16 10:42:26.8595142
20676,4007,Savings,204919.17,INR,BR004,ACTIVE,2020-02-21,2026-05-16 10:42:26.8595142,2026-05-16 10:42:26.8595142
20677,1119,Savings,38230.47,INR,BR004,ACTIVE,2023-07-12,2026-05-16 10:42:26.8595142,2026-05-16 10:42:26.8595142
20678,4497,Savings,353677.67,INR,BR002,ACTIVE,2020-11-07,2026-05-16 10:42:26.8595142,2026-05-16 10:42:26.8595142
20679,2717,Savings,202902.30,INR,BR003,ACTIVE,2023-06-20,2026-05-16 10:42:26.8595142,2026-05-16 10:42:26.8595142
20680,3884,Current,465229.59,INR,BR001,ACTIVE,2021-05-05,2026-05-16 10:42:26.8595142,2026-05-16 10:42:26.8595142
20681,1842,Savings,153974.05,INR,BR002,ACTIVE,2020-08-06,2026-05-16 10:42:26.8595142,2026-05-16 10:42:26.8595142
20682,3915,Savings,421823.08,INR,BR002,ACTIVE,2021-07-06,2026-05-16 10:42:26.8595142,2026-05-16 10:42:26.8595142
20683,4445,Savings,340538.48,INR,BR003,ACTIVE,2023-09-04,2026-05-16 10:42:26.8595142,2026-05-16 10:42:26.8595142
20684,2673,Savings,426808.98,INR,BR001,ACTIVE,2021-08-24,2026-05-16 10:42:26.8595142,2026-05-16 10:42:26.8595142
20685,2203,Savings,146649.06,INR,BR002,ACTIVE,2021-04-30,2026-05-16 10:42:26.8595142,2026-05-16 10:42:26.8595142
20686,2456,Savings,231211.36,INR,BR003,ACTIVE,2024-06-28,2026-05-16 10:42:26.8595142,2026-05-16 10:42:26.8595142
20687,2744,Savings,411741.38,INR,BR001,ACTIVE,2020-07-04,2026-05-16 10:42:26.8595142,2026-05-16 10:42:26.8595142
20688,1945,Savings,322265.59,INR,BR001,ACTIVE,2023-03-20,2026-05-16 10:42:26.8595142,2026-05-16 10:42:26.8595142
20689,3450,Savings,180601.03,INR,BR002,ACTIVE,2021-03-04,2026-05-16 10:42:26.8595142,2026-05-16 10:42:26.8595142
20690,4466,Savings,256485.82,INR,BR003,ACTIVE,2024-08-19,2026-05-16 10:42:26.8595142,2026-05-16 10:42:26.8595142
20691,3931,Savings,498052.95,INR,BR003,ACTIVE,2022-06-10,2026-05-16 10:42:26.8595142,2026-05-16 10:42:26.8595142
20692,1566,Current,371182.15,INR,BR002,ACTIVE,2020-12-24,2026-05-16 10:42:26.8595142,2026-05-16 10:42:26.8595142
20693,4151,Savings,307646.80,INR,BR002,ACTIVE,2024-10-15,2026-05-16 10:42:26.8595142,2026-05-16 10:42:26.8595142
20694,4855,Savings,414127.78,INR,BR002,ACTIVE,2020-04-29,2026-05-16 10:42:26.8595142,2026-05-16 10:42:26.8595142
20695,4979,Savings,221573.14,INR,BR003,ACTIVE,2024-08-03,2026-05-16 10:42:26.8595142,2026-05-16 10:42:26.8595142
20696,3472,Savings,475081.94,INR,BR001,ACTIVE,2020-03-21,2026-05-16 10:42:26.8595142,2026-05-16 10:42:26.8595142
20697,1118,Savings,282431.50,INR,BR002,ACTIVE,2024-04-19,2026-05-16 10:42:26.8595142,2026-05-16 10:42:26.8595142
20698,1368,Savings,164109.20,INR,BR004,ACTIVE,2023-11-03,2026-05-16 10:42:26.8595142,2026-05-16 10:42:26.8595142
20699,2130,Savings,43923.97,INR,BR004,ACTIVE,2024-01-16,2026-05-16 10:42:26.8595142,2026-05-16 10:42:26.8595142
20700,4177,Savings,188471.91,INR,BR002,ACTIVE,2024-10-09,2026-05-16 10:42:26.8595142,2026-05-16 10:42:26.8595142
20701,4375,Savings,284750.55,INR,BR004,ACTIVE,2023-03-31,2026-05-16 10:42:26.8595142,2026-05-16 10:42:26.8595142
20702,3678,Savings,351920.82,INR,BR001,ACTIVE,2021-08-24,2026-05-16 10:42:26.8595142,2026-05-16 10:42:26.8595142
20703,2918,Savings,437683.23,INR,BR001,ACTIVE,2022-06-18,2026-05-16 10:42:26.8595142,2026-05-16 10:42:26.8595142
20704,4813,Savings,472036.46,INR,BR004,ACTIVE,2020-11-16,2026-05-16 10:42:26.8595142,2026-05-16 10:42:26.8595142
20705,3196,Savings,77589.63,INR,BR003,ACTIVE,2024-01-15,2026-05-16 10:42:26.8595142,2026-05-16 10:42:26.8595142
20706,2890,Savings,300851.59,INR,BR002,ACTIVE,2024-05-16,2026-05-16 10:42:26.8595142,2026-05-16 10:42:26.8595142
20707,3198,Savings,333628.23,INR,BR003,ACTIVE,2024-03-25,2026-05-16 10:42:26.8595142,2026-05-16 10:42:26.8595142
20708,1816,Savings,99726.20,INR,BR001,ACTIVE,2023-07-13,2026-05-16 10:42:26.8595142,2026-05-16 10:42:26.8595142
20709,3304,Savings,273254.74,INR,BR004,ACTIVE,2020-10-29,2026-05-16 10:42:26.8595142,2026-05-16 10:42:26.8595142
20710,3130,Savings,168081.98,INR,BR002,ACTIVE,2022-03-26,2026-05-16 10:42:26.8595142,2026-05-16 10:42:26.8595142
20711,3064,Savings,39631.25,INR,BR004,ACTIVE,2022-08-12,2026-05-16 10:42:26.8595142,2026-05-16 10:42:26.8595142
20712,1901,Savings,81865.47,INR,BR004,ACTIVE,2024-12-03,2026-05-16 10:42:26.8595142,2026-05-16 10:42:26.8595142
20713,1193,Savings,394888.68,INR,BR003,ACTIVE,2024-02-04,2026-05-16 10:42:26.8595142,2026-05-16 10:42:26.8595142
20714,3771,Savings,308112.27,INR,BR003,ACTIVE,2021-06-11,2026-05-16 10:42:26.8595142,2026-05-16 10:42:26.8595142
20715,2098,Current,357845.72,INR,BR004,ACTIVE,2022-05-08,2026-05-16 10:42:26.8595142,2026-05-16 10:42:26.8595142
20716,4349,Savings,342953.80,INR,BR001,ACTIVE,2023-02-13,2026-05-16 10:42:26.8595142,2026-05-16 10:42:26.8595142
20717,2085,Savings,68021.84,INR,BR002,ACTIVE,2020-12-11,2026-05-16 10:42:26.8595142,2026-05-16 10:42:26.8595142
20718,4021,Savings,76631.06,INR,BR004,ACTIVE,2020-02-03,2026-05-16 10:42:26.8595142,2026-05-16 10:42:26.8595142
20719,1951,Savings,126989.38,INR,BR004,ACTIVE,2022-11-01,2026-05-16 10:42:26.8595142,2026-05-16 10:42:26.8595142
20720,3584,Current,200151.19,INR,BR004,ACTIVE,2024-02-04,2026-05-16 10:42:26.8595142,2026-05-16 10:42:26.8595142
20721,4607,Savings,469648.94,INR,BR004,ACTIVE,2024-07-25,2026-05-16 10:42:26.8595142,2026-05-16 10:42:26.8595142
20722,3391,Savings,337272.29,INR,BR003,ACTIVE,2021-01-11,2026-05-16 10:42:26.8595142,2026-05-16 10:42:26.8595142
20723,3443,Savings,128330.80,INR,BR003,ACTIVE,2022-02-18,2026-05-16 10:42:26.8595142,2026-05-16 10:42:26.8595142
20724,1943,Savings,28936.07,INR,BR001,ACTIVE,2020-06-03,2026-05-16 10:42:26.8595142,2026-05-16 10:42:26.8595142
20725,1258,Savings,342427.74,INR,BR002,ACTIVE,2022-02-28,2026-05-16 10:42:26.8595142,2026-05-16 10:42:26.8595142
20726,2222,Savings,313033.92,INR,BR004,ACTIVE,2020-05-22,2026-05-16 10:42:26.8595142,2026-05-16 10:42:26.8595142
20727,3101,Savings,338205.95,INR,BR001,ACTIVE,2022-07-13,2026-05-16 10:42:26.8595142,2026-05-16 10:42:26.8595142
20728,1651,Savings,131328.65,INR,BR003,ACTIVE,2023-05-17,2026-05-16 10:42:26.8595142,2026-05-16 10:42:26.8595142
20729,3319,Savings,258964.65,INR,BR002,ACTIVE,2024-03-20,2026-05-16 10:42:26.8595142,2026-05-16 10:42:26.8595142
20730,3249,Savings,181489.70,INR,BR001,ACTIVE,2020-10-04,2026-05-16 10:42:26.8595142,2026-05-16 10:42:26.8595142
20731,1396,Savings,409031.77,INR,BR002,ACTIVE,2020-01-11,2026-05-16 10:42:26.8595142,2026-05-16 10:42:26.8595142
20732,3426,Current,35628.93,INR,BR002,ACTIVE,2023-03-03,2026-05-16 10:42:26.8595142,2026-05-16 10:42:26.8595142
20733,2915,Savings,138445.45,INR,BR002,ACTIVE,2020-12-19,2026-05-16 10:42:26.8595142,2026-05-16 10:42:26.8595142
20734,3724,Savings,301873.92,INR,BR003,ACTIVE,2020-10-30,2026-05-16 10:42:26.8595142,2026-05-16 10:42:26.8595142
20735,4676,Savings,103406.66,INR,BR004,ACTIVE,2020-05-18,2026-05-16 10:42:26.8595142,2026-05-16 10:42:26.8595142
20736,3583,Savings,336684.00,INR,BR002,ACTIVE,2022-05-13,2026-05-16 10:42:26.8595142,2026-05-16 10:42:26.8595142
20737,1923,Current,69249.48,INR,BR001,ACTIVE,2020-06-17,2026-05-16 10:42:26.8595142,2026-05-16 10:42:26.8595142
20738,4160,Savings,12383.33,INR,BR002,ACTIVE,2025-01-12,2026-05-16 10:42:26.8595142,2026-05-16 10:42:26.8595142
20739,1398,Savings,431883.77,INR,BR002,ACTIVE,2022-06-07,2026-05-16 10:42:26.8595142,2026-05-16 10:42:26.8595142
20740,2206,Savings,167388.76,INR,BR003,ACTIVE,2021-10-08,2026-05-16 10:42:26.8595142,2026-05-16 10:42:26.8595142
20741,3915,Savings,79267.64,INR,BR001,ACTIVE,2021-09-29,2026-05-16 10:42:26.8595142,2026-05-16 10:42:26.8595142
20742,2307,Savings,87181.80,INR,BR002,ACTIVE,2022-11-13,2026-05-16 10:42:26.8595142,2026-05-16 10:42:26.8595142
20743,4605,Savings,443061.80,INR,BR003,ACTIVE,2024-09-13,2026-05-16 10:42:26.8595142,2026-05-16 10:42:26.8595142
20744,1561,Savings,327561.27,INR,BR003,ACTIVE,2021-09-19,2026-05-16 10:42:26.8595142,2026-05-16 10:42:26.8595142
20745,1190,Savings,478216.79,INR,BR004,ACTIVE,2024-11-22,2026-05-16 10:42:26.8595142,2026-05-16 10:42:26.8595142
20746,1205,Savings,400220.12,INR,BR004,ACTIVE,2022-06-12,2026-05-16 10:42:26.8595142,2026-05-16 10:42:26.8595142
20747,4016,Savings,384003.80,INR,BR004,ACTIVE,2020-07-08,2026-05-16 10:42:26.8595142,2026-05-16 10:42:26.8595142
20748,1044,Savings,250410.51,INR,BR002,ACTIVE,2023-06-06,2026-05-16 10:42:26.8595142,2026-05-16 10:42:26.8595142
20749,2004,Savings,423551.80,INR,BR002,ACTIVE,2024-08-11,2026-05-16 10:42:26.8595142,2026-05-16 10:42:26.8595142
20750,4372,Savings,206913.62,INR,BR002,ACTIVE,2020-05-03,2026-05-16 10:42:26.8595142,2026-05-16 10:42:26.8595142
20751,4067,Current,413673.25,INR,BR003,ACTIVE,2023-02-06,2026-05-16 10:42:26.8595142,2026-05-16 10:42:26.8595142
20752,3688,Savings,379112.90,INR,BR002,ACTIVE,2023-07-12,2026-05-16 10:42:26.8595142,2026-05-16 10:42:26.8595142
20753,4042,Current,339540.87,INR,BR003,ACTIVE,2024-12-31,2026-05-16 10:42:26.8595142,2026-05-16 10:42:26.8595142
20754,3749,Savings,165528.38,INR,BR001,ACTIVE,2024-10-12,2026-05-16 10:42:26.8595142,2026-05-16 10:42:26.8595142
20755,2706,Savings,315725.11,INR,BR002,ACTIVE,2022-10-17,2026-05-16 10:42:26.8595142,2026-05-16 10:42:26.8595142
20756,2303,Savings,253887.02,INR,BR001,ACTIVE,2021-06-23,2026-05-16 10:42:26.8595142,2026-05-16 10:42:26.8595142
20757,1713,Savings,268005.72,INR,BR004,ACTIVE,2024-08-31,2026-05-16 10:42:26.8595142,2026-05-16 10:42:26.8595142
20758,4457,Savings,495132.92,INR,BR001,ACTIVE,2023-06-17,2026-05-16 10:42:26.8595142,2026-05-16 10:42:26.8595142
20759,3685,Savings,252694.52,INR,BR001,ACTIVE,2022-06-12,2026-05-16 10:42:26.8595142,2026-05-16 10:42:26.8595142
20760,3852,Savings,16961.12,INR,BR003,ACTIVE,2021-09-20,2026-05-16 10:42:26.8595142,2026-05-16 10:42:26.8595142
20761,1311,Savings,313607.47,INR,BR003,ACTIVE,2023-07-14,2026-05-16 10:42:26.8595142,2026-05-16 10:42:26.8595142
20762,1878,Savings,364277.41,INR,BR003,ACTIVE,2024-01-06,2026-05-16 10:42:26.8595142,2026-05-16 10:42:26.8595142
20763,4600,Savings,442706.75,INR,BR003,ACTIVE,2021-02-10,2026-05-16 10:42:26.8595142,2026-05-16 10:42:26.8595142
20764,1857,Savings,316709.68,INR,BR004,ACTIVE,2022-03-31,2026-05-16 10:42:26.8595142,2026-05-16 10:42:26.8595142
20765,3322,Current,10709.10,INR,BR001,ACTIVE,2021-10-13,2026-05-16 10:42:26.8595142,2026-05-16 10:42:26.8595142
20766,4554,Savings,60752.42,INR,BR004,ACTIVE,2021-05-12,2026-05-16 10:42:26.8595142,2026-05-16 10:42:26.8595142
20767,4878,Current,81458.78,INR,BR004,ACTIVE,2023-10-17,2026-05-16 10:42:26.8595142,2026-05-16 10:42:26.8595142
20768,4523,Savings,115746.52,INR,BR003,ACTIVE,2022-10-25,2026-05-16 10:42:26.8595142,2026-05-16 10:42:26.8595142
20769,2556,Current,411220.69,INR,BR001,ACTIVE,2023-09-04,2026-05-16 10:42:26.8595142,2026-05-16 10:42:26.8595142
20770,1531,Current,155570.26,INR,BR001,ACTIVE,2024-06-18,2026-05-16 10:42:26.8595142,2026-05-16 10:42:26.8595142
20771,4597,Savings,156868.80,INR,BR004,ACTIVE,2023-03-23,2026-05-16 10:42:26.8595142,2026-05-16 10:42:26.8595142
20772,1017,Savings,378038.13,INR,BR003,ACTIVE,2022-08-30,2026-05-16 10:42:26.8595142,2026-05-16 10:42:26.8595142
20773,3766,Current,206805.85,INR,BR004,ACTIVE,2021-07-18,2026-05-16 10:42:26.8595142,2026-05-16 10:42:26.8595142
20774,4102,Current,33255.13,INR,BR001,ACTIVE,2023-06-04,2026-05-16 10:42:26.8595142,2026-05-16 10:42:26.8595142
20775,1470,Savings,338446.28,INR,BR003,ACTIVE,2024-08-19,2026-05-16 10:42:26.8595142,2026-05-16 10:42:26.8595142
20776,1811,Savings,65903.78,INR,BR004,ACTIVE,2023-02-05,2026-05-16 10:42:26.8595142,2026-05-16 10:42:26.8595142
20777,2328,Current,286260.48,INR,BR001,ACTIVE,2020-12-31,2026-05-16 10:42:26.8595142,2026-05-16 10:42:26.8595142
20778,1555,Savings,433791.26,INR,BR002,ACTIVE,2024-03-05,2026-05-16 10:42:26.8595142,2026-05-16 10:42:26.8595142
20779,3141,Savings,464815.33,INR,BR003,ACTIVE,2021-02-14,2026-05-16 10:42:26.8595142,2026-05-16 10:42:26.8595142
20780,1882,Current,34459.25,INR,BR001,ACTIVE,2020-09-23,2026-05-16 10:42:26.8595142,2026-05-16 10:42:26.8595142
20781,3626,Current,152679.33,INR,BR003,ACTIVE,2024-06-06,2026-05-16 10:42:26.8595142,2026-05-16 10:42:26.8595142
20782,3679,Current,326579.53,INR,BR001,ACTIVE,2021-01-27,2026-05-16 10:42:26.8595142,2026-05-16 10:42:26.8595142
20783,1821,Savings,158411.05,INR,BR003,ACTIVE,2024-03-08,2026-05-16 10:42:26.8595142,2026-05-16 10:42:26.8595142
20784,1584,Savings,226061.78,INR,BR002,ACTIVE,2023-07-04,2026-05-16 10:42:26.8595142,2026-05-16 10:42:26.8595142
20785,1846,Current,11025.34,INR,BR004,ACTIVE,2021-09-11,2026-05-16 10:42:26.8595142,2026-05-16 10:42:26.8595142
20786,4234,Savings,347055.51,INR,BR004,ACTIVE,2020-05-01,2026-05-16 10:42:26.8595142,2026-05-16 10:42:26.8595142
20787,2997,Savings,441756.79,INR,BR004,ACTIVE,2020-10-22,2026-05-16 10:42:26.8595142,2026-05-16 10:42:26.8595142
20788,1842,Savings,492259.50,INR,BR002,ACTIVE,2023-11-23,2026-05-16 10:42:26.8595142,2026-05-16 10:42:26.8595142
20789,3376,Savings,415436.14,INR,BR003,ACTIVE,2023-03-25,2026-05-16 10:42:26.8595142,2026-05-16 10:42:26.8595142
20790,2805,Savings,16856.35,INR,BR003,ACTIVE,2020-01-24,2026-05-16 10:42:26.8595142,2026-05-16 10:42:26.8595142
20791,1730,Savings,369372.24,INR,BR001,ACTIVE,2024-01-01,2026-05-16 10:42:26.8595142,2026-05-16 10:42:26.8595142
20792,1254,Savings,248333.96,INR,BR001,ACTIVE,2022-04-24,2026-05-16 10:42:26.8595142,2026-05-16 10:42:26.8595142
20793,2464,Savings,469009.85,INR,BR003,ACTIVE,2020-10-22,2026-05-16 10:42:26.8595142,2026-05-16 10:42:26.8595142
20794,3619,Savings,451167.29,INR,BR002,ACTIVE,2021-09-24,2026-05-16 10:42:26.8595142,2026-05-16 10:42:26.8595142
20795,3592,Savings,494035.04,INR,BR002,ACTIVE,2023-03-17,2026-05-16 10:42:26.8595142,2026-05-16 10:42:26.8595142
20796,1851,Savings,431105.18,INR,BR004,ACTIVE,2021-12-14,2026-05-16 10:42:26.8595142,2026-05-16 10:42:26.8595142
20797,3168,Savings,307812.75,INR,BR004,ACTIVE,2024-05-21,2026-05-16 10:42:26.8595142,2026-05-16 10:42:26.8595142
20798,4023,Savings,357735.36,INR,BR004,ACTIVE,2023-11-25,2026-05-16 10:42:26.8595142,2026-05-16 10:42:26.8595142
20799,1822,Savings,524769.71,INR,BR003,ACTIVE,2021-11-13,2026-05-16 10:42:26.8595142,2026-05-16 10:42:26.8595142
20800,3562,Savings,289480.25,INR,BR001,ACTIVE,2023-06-09,2026-05-16 10:42:26.8595142,2026-05-16 10:42:26.8595142
20801,4702,Savings,420149.61,INR,BR003,ACTIVE,2022-02-25,2026-05-16 10:42:26.8595142,2026-05-16 10:42:26.8595142
20802,2573,Savings,503910.03,INR,BR003,ACTIVE,2023-12-15,2026-05-16 10:42:26.8595142,2026-05-16 10:42:26.8595142
20803,1979,Savings,285698.31,INR,BR002,ACTIVE,2022-11-28,2026-05-16 10:42:26.8595142,2026-05-16 10:42:26.8595142
20804,3145,Savings,80417.97,INR,BR002,ACTIVE,2021-05-10,2026-05-16 10:42:26.8595142,2026-05-16 10:42:26.8595142
20805,1871,Savings,78626.13,INR,BR001,ACTIVE,2023-07-16,2026-05-16 10:42:26.8595142,2026-05-16 10:42:26.8595142
20806,2394,Current,58543.27,INR,BR001,ACTIVE,2022-03-24,2026-05-16 10:42:26.8595142,2026-05-16 10:42:26.8595142
20807,4489,Current,238685.27,INR,BR003,ACTIVE,2020-12-07,2026-05-16 10:42:26.8595142,2026-05-16 10:42:26.8595142
20808,1257,Savings,266235.32,INR,BR003,ACTIVE,2020-03-03,2026-05-16 10:42:26.8595142,2026-05-16 10:42:26.8595142
20809,1128,Savings,309068.22,INR,BR003,ACTIVE,2023-12-23,2026-05-16 10:42:26.8595142,2026-05-16 10:42:26.8595142
20810,2383,Current,241953.53,INR,BR003,ACTIVE,2023-04-29,2026-05-16 10:42:26.8595142,2026-05-16 10:42:26.8595142
20811,2180,Savings,519312.65,INR,BR002,ACTIVE,2022-10-03,2026-05-16 10:42:26.8595142,2026-05-16 10:42:26.8595142
20812,4729,Savings,146364.10,INR,BR004,ACTIVE,2024-09-19,2026-05-16 10:42:26.8595142,2026-05-16 10:42:26.8595142
20813,3105,Savings,437034.50,INR,BR004,ACTIVE,2020-03-04,2026-05-16 10:42:26.8595142,2026-05-16 10:42:26.8595142
20814,3630,Current,51064.88,INR,BR004,ACTIVE,2024-04-18,2026-05-16 10:42:26.8595142,2026-05-16 10:42:26.8595142
20815,2972,Savings,301356.92,INR,BR001,ACTIVE,2024-06-16,2026-05-16 10:42:26.8595142,2026-05-16 10:42:26.8595142
20816,1556,Savings,324514.28,INR,BR001,ACTIVE,2020-05-01,2026-05-16 10:42:26.8595142,2026-05-16 10:42:26.8595142
20817,3772,Savings,386342.83,INR,BR001,ACTIVE,2020-03-25,2026-05-16 10:42:26.8595142,2026-05-16 10:42:26.8595142
20818,4759,Current,252008.08,INR,BR001,ACTIVE,2024-02-29,2026-05-16 10:42:26.8595142,2026-05-16 10:42:26.8595142
20819,3701,Savings,99415.92,INR,BR002,ACTIVE,2024-08-14,2026-05-16 10:42:26.8595142,2026-05-16 10:42:26.8595142
20820,4148,Savings,185129.81,INR,BR003,ACTIVE,2021-06-25,2026-05-16 10:42:26.8595142,2026-05-16 10:42:26.8595142
20821,3206,Savings,154904.89,INR,BR001,ACTIVE,2021-12-16,2026-05-16 10:42:26.8595142,2026-05-16 10:42:26.8595142
20822,1085,Savings,247954.39,INR,BR004,ACTIVE,2022-11-01,2026-05-16 10:42:26.8595142,2026-05-16 10:42:26.8595142
20823,1322,Savings,265454.19,INR,BR001,ACTIVE,2020-08-22,2026-05-16 10:42:26.8595142,2026-05-16 10:42:26.8595142
20824,3357,Savings,312910.08,INR,BR004,ACTIVE,2021-04-25,2026-05-16 10:42:26.8595142,2026-05-16 10:42:26.8595142
20825,2554,Savings,422715.85,INR,BR003,ACTIVE,2021-01-12,2026-05-16 10:42:26.8595142,2026-05-16 10:42:26.8595142
20826,1284,Savings,460297.58,INR,BR002,ACTIVE,2020-09-12,2026-05-16 10:42:26.8595142,2026-05-16 10:42:26.8595142
20827,4972,Savings,231828.06,INR,BR002,ACTIVE,2024-12-03,2026-05-16 10:42:26.8595142,2026-05-16 10:42:26.8595142
20828,4114,Current,66611.86,INR,BR001,ACTIVE,2020-09-20,2026-05-16 10:42:26.8595142,2026-05-16 10:42:26.8595142
20829,4051,Savings,398735.53,INR,BR001,ACTIVE,2021-07-24,2026-05-16 10:42:26.8595142,2026-05-16 10:42:26.8595142
20830,2918,Savings,239101.70,INR,BR004,ACTIVE,2022-06-05,2026-05-16 10:42:26.8595142,2026-05-16 10:42:26.8595142
20831,4957,Savings,299639.47,INR,BR001,ACTIVE,2023-05-07,2026-05-16 10:42:26.8595142,2026-05-16 10:42:26.8595142
20832,3182,Savings,298301.28,INR,BR002,ACTIVE,2023-06-16,2026-05-16 10:42:26.8595142,2026-05-16 10:42:26.8595142
20833,1614,Savings,338977.58,INR,BR001,ACTIVE,2023-03-18,2026-05-16 10:42:26.8595142,2026-05-16 10:42:26.8595142
20834,3697,Savings,445160.33,INR,BR004,ACTIVE,2020-10-16,2026-05-16 10:42:26.8595142,2026-05-16 10:42:26.8595142
20835,2428,Savings,476120.95,INR,BR003,ACTIVE,2023-10-16,2026-05-16 10:42:26.8595142,2026-05-16 10:42:26.8595142
20836,2517,Savings,470144.49,INR,BR002,ACTIVE,2024-09-22,2026-05-16 10:42:26.8595142,2026-05-16 10:42:26.8595142
20837,4294,Savings,404922.36,INR,BR002,ACTIVE,2022-03-29,2026-05-16 10:42:26.8595142,2026-05-16 10:42:26.8595142
20838,1229,Current,462446.79,INR,BR003,ACTIVE,2020-09-18,2026-05-16 10:42:26.8595142,2026-05-16 10:42:26.8595142
20839,2830,Savings,25777.73,INR,BR003,ACTIVE,2021-03-03,2026-05-16 10:42:26.8595142,2026-05-16 10:42:26.8595142
20840,4524,Savings,424707.22,INR,BR002,ACTIVE,2022-06-18,2026-05-16 10:42:26.8595142,2026-05-16 10:42:26.8595142
20841,4046,Savings,37060.35,INR,BR004,ACTIVE,2022-12-07,2026-05-16 10:42:26.8595142,2026-05-16 10:42:26.8595142
20842,2330,Savings,373350.76,INR,BR004,ACTIVE,2022-01-06,2026-05-16 10:42:26.8595142,2026-05-16 10:42:26.8595142
20843,4900,Savings,85512.45,INR,BR001,ACTIVE,2020-09-22,2026-05-16 10:42:26.8595142,2026-05-16 10:42:26.8595142
20844,2933,Savings,180695.11,INR,BR004,ACTIVE,2024-01-18,2026-05-16 10:42:26.8595142,2026-05-16 10:42:26.8595142
20845,1119,Current,92907.66,INR,BR002,ACTIVE,2025-01-03,2026-05-16 10:42:26.8595142,2026-05-16 10:42:26.8595142
20846,4683,Savings,222287.36,INR,BR001,ACTIVE,2024-11-13,2026-05-16 10:42:26.8595142,2026-05-16 10:42:26.8595142
20847,4934,Savings,206461.97,INR,BR004,ACTIVE,2021-12-20,2026-05-16 10:42:26.8595142,2026-05-16 10:42:26.8595142
20848,3986,Savings,24983.36,INR,BR003,ACTIVE,2022-02-01,2026-05-16 10:42:26.8595142,2026-05-16 10:42:26.8595142
20849,3372,Savings,415418.47,INR,BR004,ACTIVE,2023-02-11,2026-05-16 10:42:26.8595142,2026-05-16 10:42:26.8595142
20850,1921,Savings,427239.06,INR,BR001,ACTIVE,2020-06-23,2026-05-16 10:42:26.8595142,2026-05-16 10:42:26.8595142
20851,3207,Savings,393966.11,INR,BR003,ACTIVE,2022-04-27,2026-05-16 10:42:26.8595142,2026-05-16 10:42:26.8595142
20852,3287,Savings,434418.59,INR,BR001,ACTIVE,2023-07-14,2026-05-16 10:42:26.8595142,2026-05-16 10:42:26.8595142
20853,3444,Savings,375688.64,INR,BR001,ACTIVE,2020-05-22,2026-05-16 10:42:26.8595142,2026-05-16 10:42:26.8595142
20854,1320,Savings,468804.74,INR,BR003,ACTIVE,2022-01-22,2026-05-16 10:42:26.8595142,2026-05-16 10:42:26.8595142
20855,4919,Savings,288619.73,INR,BR001,ACTIVE,2022-10-20,2026-05-16 10:42:26.8595142,2026-05-16 10:42:26.8595142
20856,4261,Current,291738.63,INR,BR002,ACTIVE,2024-01-30,2026-05-16 10:42:26.8595142,2026-05-16 10:42:26.8595142
20857,3357,Savings,430095.04,INR,BR001,ACTIVE,2022-06-17,2026-05-16 10:42:26.8595142,2026-05-16 10:42:26.8595142
20858,3297,Savings,175358.36,INR,BR002,ACTIVE,2024-01-18,2026-05-16 10:42:26.8595142,2026-05-16 10:42:26.8595142
20859,3586,Savings,25991.09,INR,BR003,ACTIVE,2022-07-03,2026-05-16 10:42:26.8595142,2026-05-16 10:42:26.8595142
20860,1701,Savings,375177.84,INR,BR001,ACTIVE,2021-05-07,2026-05-16 10:42:26.8595142,2026-05-16 10:42:26.8595142
20861,4578,Savings,128040.00,INR,BR004,ACTIVE,2021-06-17,2026-05-16 10:42:26.8595142,2026-05-16 10:42:26.8595142
20862,3442,Savings,237643.67,INR,BR001,ACTIVE,2020-02-08,2026-05-16 10:42:26.8595142,2026-05-16 10:42:26.8595142
20863,3700,Savings,120979.48,INR,BR002,ACTIVE,2022-06-01,2026-05-16 10:42:26.8595142,2026-05-16 10:42:26.8595142
20864,2018,Savings,413718.34,INR,BR002,ACTIVE,2024-12-30,2026-05-16 10:42:26.8595142,2026-05-16 10:42:26.8595142
20865,1406,Savings,479188.19,INR,BR004,ACTIVE,2023-03-02,2026-05-16 10:42:26.8595142,2026-05-16 10:42:26.8595142
20866,4048,Savings,28456.53,INR,BR003,ACTIVE,2021-11-27,2026-05-16 10:42:26.8595142,2026-05-16 10:42:26.8595142
20867,2205,Savings,117452.44,INR,BR002,ACTIVE,2020-02-09,2026-05-16 10:42:26.8595142,2026-05-16 10:42:26.8595142
20868,3069,Savings,95591.50,INR,BR002,ACTIVE,2020-12-26,2026-05-16 10:42:26.8595142,2026-05-16 10:42:26.8595142
20869,2699,Current,336928.55,INR,BR002,ACTIVE,2022-06-10,2026-05-16 10:42:26.8595142,2026-05-16 10:42:26.8595142
20870,2607,Savings,214910.52,INR,BR001,ACTIVE,2024-08-22,2026-05-16 10:42:26.8595142,2026-05-16 10:42:26.8595142
20871,4666,Savings,228674.57,INR,BR001,ACTIVE,2021-09-30,2026-05-16 10:42:26.8595142,2026-05-16 10:42:26.8595142
20872,1155,Savings,79382.46,INR,BR001,ACTIVE,2024-05-05,2026-05-16 10:42:26.8595142,2026-05-16 10:42:26.8595142
20873,2852,Savings,207952.59,INR,BR001,ACTIVE,2023-02-17,2026-05-16 10:42:26.8595142,2026-05-16 10:42:26.8595142
20874,1867,Savings,152310.91,INR,BR001,ACTIVE,2022-06-26,2026-05-16 10:42:26.8595142,2026-05-16 10:42:26.8595142
20875,1559,Current,305984.27,INR,BR004,ACTIVE,2020-03-09,2026-05-16 10:42:26.8595142,2026-05-16 10:42:26.8595142
20876,1194,Savings,109401.88,INR,BR002,ACTIVE,2020-11-06,2026-05-16 10:42:26.8595142,2026-05-16 10:42:26.8595142
20877,4296,Current,307790.86,INR,BR004,ACTIVE,2023-05-02,2026-05-16 10:42:26.8595142,2026-05-16 10:42:26.8595142
20878,3447,Savings,189494.85,INR,BR002,ACTIVE,2020-07-14,2026-05-16 10:42:26.8595142,2026-05-16 10:42:26.8595142
20879,4821,Savings,173800.99,INR,BR001,ACTIVE,2022-07-23,2026-05-16 10:42:26.8595142,2026-05-16 10:42:26.8595142
20880,3328,Savings,197960.03,INR,BR001,ACTIVE,2020-01-29,2026-05-16 10:42:26.8595142,2026-05-16 10:42:26.8595142
20881,4028,Savings,337242.91,INR,BR003,ACTIVE,2020-08-17,2026-05-16 10:42:26.8595142,2026-05-16 10:42:26.8595142
20882,2034,Current,298311.54,INR,BR003,ACTIVE,2020-09-27,2026-05-16 10:42:26.8595142,2026-05-16 10:42:26.8595142
20883,2400,Savings,426009.13,INR,BR004,ACTIVE,2024-07-13,2026-05-16 10:42:26.8595142,2026-05-16 10:42:26.8595142
20884,3520,Current,121563.48,INR,BR002,ACTIVE,2022-11-22,2026-05-16 10:42:26.8595142,2026-05-16 10:42:26.8595142
20885,3200,Savings,21019.67,INR,BR004,ACTIVE,2022-11-23,2026-05-16 10:42:26.8595142,2026-05-16 10:42:26.8595142
20886,4928,Savings,91829.72,INR,BR003,ACTIVE,2020-06-05,2026-05-16 10:42:26.8595142,2026-05-16 10:42:26.8595142
20887,4688,Savings,172334.83,INR,BR002,ACTIVE,2021-07-25,2026-05-16 10:42:26.8595142,2026-05-16 10:42:26.8595142
20888,4196,Savings,90647.84,INR,BR004,ACTIVE,2022-01-04,2026-05-16 10:42:26.8595142,2026-05-16 10:42:26.8595142
20889,4769,Savings,56160.81,INR,BR003,ACTIVE,2020-09-28,2026-05-16 10:42:26.8595142,2026-05-16 10:42:26.8595142
20890,3032,Savings,223223.90,INR,BR001,ACTIVE,2024-08-22,2026-05-16 10:42:26.8595142,2026-05-16 10:42:26.8595142
20891,1802,Current,338789.90,INR,BR004,ACTIVE,2024-02-05,2026-05-16 10:42:26.8595142,2026-05-16 10:42:26.8595142
20892,1553,Savings,376033.81,INR,BR001,ACTIVE,2023-05-28,2026-05-16 10:42:26.8595142,2026-05-16 10:42:26.8595142
20893,2448,Savings,199964.94,INR,BR004,ACTIVE,2024-07-15,2026-05-16 10:42:26.8595142,2026-05-16 10:42:26.8595142
20894,2547,Savings,239544.25,INR,BR002,ACTIVE,2023-07-31,2026-05-16 10:42:26.8595142,2026-05-16 10:42:26.8595142
20895,1730,Savings,377979.78,INR,BR002,ACTIVE,2025-01-09,2026-05-16 10:42:26.8595142,2026-05-16 10:42:26.8595142
20896,3561,Savings,177001.21,INR,BR002,ACTIVE,2022-02-05,2026-05-16 10:42:26.8595142,2026-05-16 10:42:26.8595142
20897,4998,Current,392598.34,INR,BR002,ACTIVE,2023-03-27,2026-05-16 10:42:26.8595142,2026-05-16 10:42:26.8595142
20898,2013,Savings,483720.66,INR,BR003,ACTIVE,2022-05-02,2026-05-16 10:42:26.8595142,2026-05-16 10:42:26.8595142
20899,1171,Savings,440359.83,INR,BR001,ACTIVE,2023-11-22,2026-05-16 10:42:26.8595142,2026-05-16 10:42:26.8595142
20900,1850,Savings,227344.07,INR,BR003,ACTIVE,2024-12-22,2026-05-16 10:42:26.8595142,2026-05-16 10:42:26.8595142
20901,1794,Current,290179.73,INR,BR004,ACTIVE,2022-09-05,2026-05-16 10:42:26.8595142,2026-05-16 10:42:26.8595142
20902,2589,Savings,358496.77,INR,BR004,ACTIVE,2021-08-30,2026-05-16 10:42:26.8595142,2026-05-16 10:42:26.8595142
20903,1125,Current,175300.92,INR,BR001,ACTIVE,2020-11-30,2026-05-16 10:42:26.8595142,2026-05-16 10:42:26.8595142
20904,1175,Savings,399819.81,INR,BR001,ACTIVE,2023-07-17,2026-05-16 10:42:26.8595142,2026-05-16 10:42:26.8595142
20905,3552,Savings,219021.58,INR,BR003,ACTIVE,2025-01-02,2026-05-16 10:42:26.8595142,2026-05-16 10:42:26.8595142
20906,4849,Savings,423573.94,INR,BR002,ACTIVE,2020-08-05,2026-05-16 10:42:26.8595142,2026-05-16 10:42:26.8595142
20907,2801,Savings,128112.21,INR,BR003,ACTIVE,2023-04-16,2026-05-16 10:42:26.8595142,2026-05-16 10:42:26.8595142
20908,4457,Savings,6677.65,INR,BR003,ACTIVE,2020-01-04,2026-05-16 10:42:26.8595142,2026-05-16 10:42:26.8595142
20909,3759,Savings,316711.51,INR,BR004,ACTIVE,2022-03-22,2026-05-16 10:42:26.8595142,2026-05-16 10:42:26.8595142
20910,4840,Savings,226492.67,INR,BR003,ACTIVE,2020-03-02,2026-05-16 10:42:26.8595142,2026-05-16 10:42:26.8595142
20911,4756,Current,30851.74,INR,BR001,ACTIVE,2021-08-19,2026-05-16 10:42:26.8595142,2026-05-16 10:42:26.8595142
20912,4643,Savings,244318.56,INR,BR002,ACTIVE,2023-06-19,2026-05-16 10:42:26.8595142,2026-05-16 10:42:26.8595142
20913,1106,Current,85116.35,INR,BR004,ACTIVE,2024-12-17,2026-05-16 10:42:26.8595142,2026-05-16 10:42:26.8595142
20914,2971,Savings,315244.83,INR,BR001,ACTIVE,2021-11-08,2026-05-16 10:42:26.8595142,2026-05-16 10:42:26.8595142
20915,2661,Savings,223077.74,INR,BR004,ACTIVE,2023-02-11,2026-05-16 10:42:26.8595142,2026-05-16 10:42:26.8595142
20916,3576,Current,86391.25,INR,BR003,ACTIVE,2022-08-12,2026-05-16 10:42:26.8595142,2026-05-16 10:42:26.8595142
20917,1038,Savings,206557.53,INR,BR003,ACTIVE,2024-10-03,2026-05-16 10:42:26.8595142,2026-05-16 10:42:26.8595142
20918,1395,Savings,117121.70,INR,BR001,ACTIVE,2022-07-01,2026-05-16 10:42:26.8595142,2026-05-16 10:42:26.8595142
20919,4827,Savings,326895.29,INR,BR001,ACTIVE,2023-10-26,2026-05-16 10:42:26.8595142,2026-05-16 10:42:26.8595142
20920,1921,Current,151594.57,INR,BR004,ACTIVE,2021-06-22,2026-05-16 10:42:26.8595142,2026-05-16 10:42:26.8595142
20921,3525,Savings,459482.60,INR,BR002,ACTIVE,2024-08-19,2026-05-16 10:42:26.8595142,2026-05-16 10:42:26.8595142
20922,2491,Savings,8067.44,INR,BR004,ACTIVE,2024-10-08,2026-05-16 10:42:26.8595142,2026-05-16 10:42:26.8595142
20923,1722,Savings,202305.57,INR,BR003,ACTIVE,2022-02-22,2026-05-16 10:42:26.8595142,2026-05-16 10:42:26.8595142
20924,4577,Savings,308923.15,INR,BR001,ACTIVE,2021-08-19,2026-05-16 10:42:26.8595142,2026-05-16 10:42:26.8595142
20925,3031,Current,22590.38,INR,BR001,ACTIVE,2022-09-12,2026-05-16 10:42:26.8595142,2026-05-16 10:42:26.8595142
20926,3363,Savings,108705.11,INR,BR004,ACTIVE,2020-06-13,2026-05-16 10:42:26.8595142,2026-05-16 10:42:26.8595142
20927,2309,Savings,164382.56,INR,BR001,ACTIVE,2024-08-29,2026-05-16 10:42:26.8595142,2026-05-16 10:42:26.8595142
20928,4536,Savings,11900.43,INR,BR001,ACTIVE,2021-06-14,2026-05-16 10:42:26.8595142,2026-05-16 10:42:26.8595142
20929,3030,Savings,273798.66,INR,BR003,ACTIVE,2022-07-20,2026-05-16 10:42:26.8595142,2026-05-16 10:42:26.8595142
20930,2704,Savings,315803.33,INR,BR002,ACTIVE,2022-05-24,2026-05-16 10:42:26.8595142,2026-05-16 10:42:26.8595142
20931,4336,Savings,114533.60,INR,BR001,ACTIVE,2020-03-13,2026-05-16 10:42:26.8595142,2026-05-16 10:42:26.8595142
20932,2634,Savings,272197.88,INR,BR001,ACTIVE,2023-07-01,2026-05-16 10:42:26.8595142,2026-05-16 10:42:26.8595142
20933,4718,Savings,499564.32,INR,BR004,ACTIVE,2021-09-13,2026-05-16 10:42:26.8595142,2026-05-16 10:42:26.8595142
20934,2453,Savings,443572.72,INR,BR002,ACTIVE,2023-10-27,2026-05-16 10:42:26.8595142,2026-05-16 10:42:26.8595142
20935,1365,Savings,59133.08,INR,BR003,ACTIVE,2020-05-25,2026-05-16 10:42:26.8595142,2026-05-16 10:42:26.8595142
20936,3229,Savings,64813.35,INR,BR001,ACTIVE,2020-04-05,2026-05-16 10:42:26.8595142,2026-05-16 10:42:26.8595142
20937,1734,Savings,247707.26,INR,BR002,ACTIVE,2024-08-11,2026-05-16 10:42:26.8595142,2026-05-16 10:42:26.8595142
20938,3924,Savings,123355.36,INR,BR002,ACTIVE,2024-12-23,2026-05-16 10:42:26.8595142,2026-05-16 10:42:26.8595142
20939,4042,Savings,41403.65,INR,BR004,ACTIVE,2023-07-03,2026-05-16 10:42:26.8595142,2026-05-16 10:42:26.8595142
20940,3709,Current,128022.69,INR,BR003,ACTIVE,2020-06-01,2026-05-16 10:42:26.8595142,2026-05-16 10:42:26.8595142
20941,1244,Savings,31527.87,INR,BR002,ACTIVE,2021-04-04,2026-05-16 10:42:26.8595142,2026-05-16 10:42:26.8595142
20942,1313,Savings,311139.79,INR,BR003,ACTIVE,2023-01-24,2026-05-16 10:42:26.8595142,2026-05-16 10:42:26.8595142
20943,1076,Savings,245634.80,INR,BR002,ACTIVE,2023-09-25,2026-05-16 10:42:26.8595142,2026-05-16 10:42:26.8595142
20944,4953,Savings,4156.75,INR,BR001,ACTIVE,2022-05-24,2026-05-16 10:42:26.8595142,2026-05-16 10:42:26.8595142
20945,3310,Current,241775.68,INR,BR003,ACTIVE,2022-06-16,2026-05-16 10:42:26.8595142,2026-05-16 10:42:26.8595142
20946,1231,Savings,292424.29,INR,BR004,ACTIVE,2020-10-12,2026-05-16 10:42:26.8595142,2026-05-16 10:42:26.8595142
20947,3751,Savings,303246.17,INR,BR002,ACTIVE,2023-03-31,2026-05-16 10:42:26.8595142,2026-05-16 10:42:26.8595142
20948,4452,Savings,485079.76,INR,BR001,ACTIVE,2020-02-04,2026-05-16 10:42:26.8595142,2026-05-16 10:42:26.8595142
20949,3694,Savings,513339.47,INR,BR002,ACTIVE,2023-08-25,2026-05-16 10:42:26.8595142,2026-05-16 10:42:26.8595142
20950,4381,Savings,313050.57,INR,BR001,ACTIVE,2024-08-29,2026-05-16 10:42:26.8595142,2026-05-16 10:42:26.8595142
20951,4836,Savings,422748.16,INR,BR003,ACTIVE,2021-05-16,2026-05-16 10:42:26.8595142,2026-05-16 10:42:26.8595142
20952,2412,Savings,43497.72,INR,BR004,ACTIVE,2022-04-23,2026-05-16 10:42:26.8595142,2026-05-16 10:42:26.8595142
20953,3805,Savings,275280.58,INR,BR001,ACTIVE,2024-10-09,2026-05-16 10:42:26.8595142,2026-05-16 10:42:26.8595142
20954,4849,Savings,339771.13,INR,BR002,ACTIVE,2020-08-23,2026-05-16 10:42:26.8595142,2026-05-16 10:42:26.8595142
20955,2349,Savings,282799.68,INR,BR001,ACTIVE,2023-07-20,2026-05-16 10:42:26.8595142,2026-05-16 10:42:26.8595142
20956,1842,Savings,116129.78,INR,BR001,ACTIVE,2022-01-24,2026-05-16 10:42:26.8595142,2026-05-16 10:42:26.8595142
20957,3927,Savings,70301.79,INR,BR004,ACTIVE,2020-06-13,2026-05-16 10:42:26.8595142,2026-05-16 10:42:26.8595142
20958,2480,Savings,213208.87,INR,BR003,ACTIVE,2024-10-02,2026-05-16 10:42:26.8595142,2026-05-16 10:42:26.8595142
20959,4584,Current,324173.61,INR,BR001,ACTIVE,2024-11-16,2026-05-16 10:42:26.8595142,2026-05-16 10:42:26.8595142
20960,4415,Savings,512390.19,INR,BR001,ACTIVE,2021-09-01,2026-05-16 10:42:26.8595142,2026-05-16 10:42:26.8595142
20961,1516,Savings,119030.19,INR,BR002,ACTIVE,2024-07-23,2026-05-16 10:42:26.8595142,2026-05-16 10:42:26.8595142
20962,3490,Current,458977.16,INR,BR002,ACTIVE,2023-09-15,2026-05-16 10:42:26.8595142,2026-05-16 10:42:26.8595142
20963,2573,Current,35062.44,INR,BR003,ACTIVE,2020-08-04,2026-05-16 10:42:26.8595142,2026-05-16 10:42:26.8595142
20964,3631,Savings,465563.65,INR,BR003,ACTIVE,2023-02-04,2026-05-16 10:42:26.8595142,2026-05-16 10:42:26.8595142
20965,3310,Savings,416351.02,INR,BR003,ACTIVE,2023-08-23,2026-05-16 10:42:26.8595142,2026-05-16 10:42:26.8595142
20966,3797,Savings,11451.73,INR,BR002,ACTIVE,2020-10-07,2026-05-16 10:42:26.8595142,2026-05-16 10:42:26.8595142
20967,1819,Current,149794.50,INR,BR001,ACTIVE,2022-01-28,2026-05-16 10:42:26.8595142,2026-05-16 10:42:26.8595142
20968,4050,Savings,26427.37,INR,BR003,ACTIVE,2022-09-06,2026-05-16 10:42:26.8595142,2026-05-16 10:42:26.8595142
20969,4535,Savings,497757.43,INR,BR002,ACTIVE,2023-05-26,2026-05-16 10:42:26.8595142,2026-05-16 10:42:26.8595142
20970,3915,Current,214494.16,INR,BR002,ACTIVE,2021-01-21,2026-05-16 10:42:26.8595142,2026-05-16 10:42:26.8595142
20971,4762,Savings,331424.59,INR,BR003,ACTIVE,2020-01-12,2026-05-16 10:42:26.8595142,2026-05-16 10:42:26.8595142
20972,1608,Savings,117861.10,INR,BR002,ACTIVE,2021-05-05,2026-05-16 10:42:26.8595142,2026-05-16 10:42:26.8595142
20973,3958,Savings,466934.38,INR,BR001,ACTIVE,2024-04-14,2026-05-16 10:42:26.8595142,2026-05-16 10:42:26.8595142
20974,4299,Savings,137812.87,INR,BR004,ACTIVE,2023-02-10,2026-05-16 10:42:26.8595142,2026-05-16 10:42:26.8595142
20975,1523,Savings,130847.09,INR,BR002,ACTIVE,2020-07-17,2026-05-16 10:42:26.8595142,2026-05-16 10:42:26.8595142
20976,2802,Savings,157985.45,INR,BR002,ACTIVE,2024-07-30,2026-05-16 10:42:26.8595142,2026-05-16 10:42:26.8595142
20977,2213,Savings,231782.09,INR,BR004,ACTIVE,2024-10-29,2026-05-16 10:42:26.8595142,2026-05-16 10:42:26.8595142
20978,4281,Current,10247.83,INR,BR001,ACTIVE,2024-08-01,2026-05-16 10:42:26.8595142,2026-05-16 10:42:26.8595142
20979,2037,Savings,299320.91,INR,BR003,ACTIVE,2024-05-17,2026-05-16 10:42:26.8595142,2026-05-16 10:42:26.8595142
20980,4961,Savings,50278.98,INR,BR002,ACTIVE,2022-02-14,2026-05-16 10:42:26.8595142,2026-05-16 10:42:26.8595142
20981,1162,Savings,270062.04,INR,BR001,ACTIVE,2024-02-14,2026-05-16 10:42:26.8595142,2026-05-16 10:42:26.8595142
20982,4644,Savings,229484.57,INR,BR003,ACTIVE,2020-12-06,2026-05-16 10:42:26.8595142,2026-05-16 10:42:26.8595142
20983,2517,Savings,122030.98,INR,BR001,ACTIVE,2023-09-24,2026-05-16 10:42:26.8595142,2026-05-16 10:42:26.8595142
20984,4507,Savings,165554.24,INR,BR004,ACTIVE,2021-09-18,2026-05-16 10:42:26.8595142,2026-05-16 10:42:26.8595142
20985,3053,Savings,353124.25,INR,BR002,ACTIVE,2025-01-09,2026-05-16 10:42:26.8595142,2026-05-16 10:42:26.8595142
20986,3032,Savings,5789.16,INR,BR001,ACTIVE,2020-08-03,2026-05-16 10:42:26.8595142,2026-05-16 10:42:26.8595142
20987,1202,Savings,159006.92,INR,BR003,ACTIVE,2022-06-14,2026-05-16 10:42:26.8595142,2026-05-16 10:42:26.8595142
20988,3464,Current,340468.33,INR,BR003,ACTIVE,2023-08-24,2026-05-16 10:42:26.8595142,2026-05-16 10:42:26.8595142
20989,2036,Savings,76984.66,INR,BR003,ACTIVE,2020-04-12,2026-05-16 10:42:26.8595142,2026-05-16 10:42:26.8595142
20990,1948,Savings,280632.44,INR,BR004,ACTIVE,2021-01-15,2026-05-16 10:42:26.8595142,2026-05-16 10:42:26.8595142
20991,2421,Savings,85297.53,INR,BR001,ACTIVE,2020-01-29,2026-05-16 10:42:26.8595142,2026-05-16 10:42:26.8595142
20992,2365,Current,78226.18,INR,BR001,ACTIVE,2022-03-31,2026-05-16 10:42:26.8595142,2026-05-16 10:42:26.8595142
20993,1752,Savings,388521.30,INR,BR003,ACTIVE,2020-04-24,2026-05-16 10:42:26.8595142,2026-05-16 10:42:26.8595142
20994,1950,Savings,133996.15,INR,BR003,ACTIVE,2022-04-19,2026-05-16 10:42:26.8595142,2026-05-16 10:42:26.8595142
20995,3421,Current,188508.79,INR,BR003,ACTIVE,2021-08-27,2026-05-16 10:42:26.8595142,2026-05-16 10:42:26.8595142
20996,4450,Current,365279.01,INR,BR004,ACTIVE,2021-01-02,2026-05-16 10:42:26.8595142,2026-05-16 10:42:26.8595142
20997,2249,Current,118464.95,INR,BR004,ACTIVE,2023-09-17,2026-05-16 10:42:26.8595142,2026-05-16 10:42:26.8595142
20998,2206,Savings,266336.77,INR,BR002,ACTIVE,2024-07-12,2026-05-16 10:42:26.8595142,2026-05-16 10:42:26.8595142
20999,2321,Current,497470.96,INR,BR002,ACTIVE,2023-05-01,2026-05-16 10:42:26.8595142,2026-05-16 10:42:26.8595142
21000,4888,Savings,291304.87,INR,BR002,ACTIVE,2022-01-23,2026-05-16 10:42:26.8595142,2026-05-16 10:42:26.8595142
21001,2331,Savings,25374.04,INR,BR003,ACTIVE,2020-08-28,2026-05-16 10:42:26.8595142,2026-05-16 10:42:26.8595142
21002,1431,Savings,295258.94,INR,BR004,ACTIVE,2023-10-07,2026-05-16 10:42:26.8595142,2026-05-16 10:42:26.8595142
21003,3738,Savings,45986.55,INR,BR004,ACTIVE,2024-04-02,2026-05-16 10:42:26.8595142,2026-05-16 10:42:26.8595142
21004,3166,Savings,141780.15,INR,BR002,ACTIVE,2020-10-17,2026-05-16 10:42:26.8595142,2026-05-16 10:42:26.8595142
21005,4424,Savings,424987.88,INR,BR003,ACTIVE,2024-08-18,2026-05-16 10:42:26.8595142,2026-05-16 10:42:26.8595142
21006,1588,Savings,6523.49,INR,BR001,ACTIVE,2020-12-27,2026-05-16 10:42:26.8595142,2026-05-16 10:42:26.8595142
21007,4118,Savings,39429.64,INR,BR003,ACTIVE,2022-03-03,2026-05-16 10:42:26.8595142,2026-05-16 10:42:26.8595142
21008,3275,Savings,182318.70,INR,BR003,ACTIVE,2023-07-11,2026-05-16 10:42:26.8595142,2026-05-16 10:42:26.8595142
21009,4428,Savings,499698.54,INR,BR002,ACTIVE,2022-06-27,2026-05-16 10:42:26.8595142,2026-05-16 10:42:26.8595142
21010,4366,Savings,146640.09,INR,BR004,ACTIVE,2024-06-08,2026-05-16 10:42:26.8595142,2026-05-16 10:42:26.8595142
21011,2264,Savings,79480.03,INR,BR004,ACTIVE,2021-05-08,2026-05-16 10:42:26.8595142,2026-05-16 10:42:26.8595142
21012,3396,Savings,275161.64,INR,BR001,ACTIVE,2023-04-06,2026-05-16 10:42:26.8595142,2026-05-16 10:42:26.8595142
21013,1141,Savings,260108.26,INR,BR004,ACTIVE,2020-04-14,2026-05-16 10:42:26.8595142,2026-05-16 10:42:26.8595142
21014,1204,Savings,225360.17,INR,BR004,ACTIVE,2024-11-03,2026-05-16 10:42:26.8595142,2026-05-16 10:42:26.8595142
21015,4734,Savings,473380.22,INR,BR001,ACTIVE,2024-03-11,2026-05-16 10:42:26.8595142,2026-05-16 10:42:26.8595142
21016,2004,Savings,140794.54,INR,BR001,ACTIVE,2024-03-12,2026-05-16 10:42:26.8595142,2026-05-16 10:42:26.8595142
21017,2666,Savings,147368.79,INR,BR002,ACTIVE,2025-01-15,2026-05-16 10:42:26.8595142,2026-05-16 10:42:26.8595142
21018,1861,Savings,70988.23,INR,BR002,ACTIVE,2020-03-06,2026-05-16 10:42:26.8595142,2026-05-16 10:42:26.8595142
21019,1845,Savings,348946.72,INR,BR002,ACTIVE,2022-08-29,2026-05-16 10:42:26.8595142,2026-05-16 10:42:26.8595142
21020,4043,Current,161363.37,INR,BR002,ACTIVE,2021-12-09,2026-05-16 10:42:26.8595142,2026-05-16 10:42:26.8595142
21021,4341,Savings,401567.41,INR,BR004,ACTIVE,2021-02-19,2026-05-16 10:42:26.8595142,2026-05-16 10:42:26.8595142
21022,3361,Savings,516999.31,INR,BR002,ACTIVE,2021-11-09,2026-05-16 10:42:26.8595142,2026-05-16 10:42:26.8595142
21023,4490,Current,22798.94,INR,BR003,ACTIVE,2024-10-08,2026-05-16 10:42:26.8595142,2026-05-16 10:42:26.8595142
21024,2939,Current,496567.82,INR,BR001,ACTIVE,2020-11-06,2026-05-16 10:42:26.8595142,2026-05-16 10:42:26.8595142
21025,1137,Savings,127798.01,INR,BR002,ACTIVE,2021-11-27,2026-05-16 10:42:26.8595142,2026-05-16 10:42:26.8595142
21026,2652,Savings,210635.07,INR,BR001,ACTIVE,2024-10-13,2026-05-16 10:42:26.8595142,2026-05-16 10:42:26.8595142
21027,3399,Savings,389093.93,INR,BR004,ACTIVE,2021-12-29,2026-05-16 10:42:26.8595142,2026-05-16 10:42:26.8595142
21028,4233,Savings,333000.24,INR,BR002,ACTIVE,2021-08-30,2026-05-16 10:42:26.8595142,2026-05-16 10:42:26.8595142
21029,2691,Savings,389440.02,INR,BR003,ACTIVE,2024-07-29,2026-05-16 10:42:26.8595142,2026-05-16 10:42:26.8595142
21030,3221,Savings,233699.68,INR,BR001,ACTIVE,2024-04-30,2026-05-16 10:42:26.8595142,2026-05-16 10:42:26.8595142
21031,2154,Current,458117.47,INR,BR002,ACTIVE,2024-09-29,2026-05-16 10:42:26.8595142,2026-05-16 10:42:26.8595142
21032,1079,Current,395180.46,INR,BR003,ACTIVE,2024-02-02,2026-05-16 10:42:26.8595142,2026-05-16 10:42:26.8595142
21033,1979,Current,155304.76,INR,BR004,ACTIVE,2023-01-31,2026-05-16 10:42:26.8595142,2026-05-16 10:42:26.8595142
21034,1569,Savings,505218.31,INR,BR003,ACTIVE,2023-09-04,2026-05-16 10:42:26.8595142,2026-05-16 10:42:26.8595142
21035,3911,Savings,480566.04,INR,BR004,ACTIVE,2024-02-10,2026-05-16 10:42:26.8595142,2026-05-16 10:42:26.8595142
21036,3105,Savings,208111.72,INR,BR001,ACTIVE,2023-08-09,2026-05-16 10:42:26.8595142,2026-05-16 10:42:26.8595142
21037,4472,Savings,326328.28,INR,BR002,ACTIVE,2020-01-16,2026-05-16 10:42:26.8595142,2026-05-16 10:42:26.8595142
21038,3411,Savings,457292.37,INR,BR003,ACTIVE,2023-01-18,2026-05-16 10:42:26.8595142,2026-05-16 10:42:26.8595142
21039,4407,Savings,408833.06,INR,BR003,ACTIVE,2022-09-23,2026-05-16 10:42:26.8595142,2026-05-16 10:42:26.8595142
21040,1134,Current,8047.65,INR,BR003,ACTIVE,2022-04-13,2026-05-16 10:42:26.8595142,2026-05-16 10:42:26.8595142
21041,3062,Current,314877.80,INR,BR004,ACTIVE,2020-10-06,2026-05-16 10:42:26.8595142,2026-05-16 10:42:26.8595142
21042,1283,Savings,486875.95,INR,BR001,ACTIVE,2021-08-19,2026-05-16 10:42:26.8595142,2026-05-16 10:42:26.8595142
21043,3854,Savings,116442.23,INR,BR001,ACTIVE,2020-12-30,2026-05-16 10:42:26.8595142,2026-05-16 10:42:26.8595142
21044,4731,Savings,398008.82,INR,BR002,ACTIVE,2024-04-21,2026-05-16 10:42:26.8595142,2026-05-16 10:42:26.8595142
21045,4493,Current,267589.56,INR,BR002,ACTIVE,2022-08-15,2026-05-16 10:42:26.8595142,2026-05-16 10:42:26.8595142
21046,1127,Savings,111513.64,INR,BR001,ACTIVE,2024-05-26,2026-05-16 10:42:26.8595142,2026-05-16 10:42:26.8595142
21047,3027,Current,26467.95,INR,BR001,ACTIVE,2023-03-13,2026-05-16 10:42:26.8595142,2026-05-16 10:42:26.8595142
21048,2796,Savings,400226.45,INR,BR001,ACTIVE,2021-01-25,2026-05-16 10:42:26.8595142,2026-05-16 10:42:26.8595142
21049,2850,Current,158918.70,INR,BR003,ACTIVE,2021-05-02,2026-05-16 10:42:26.8595142,2026-05-16 10:42:26.8595142
21050,1218,Savings,188417.43,INR,BR004,ACTIVE,2020-08-20,2026-05-16 10:42:26.8595142,2026-05-16 10:42:26.8595142
21051,4977,Current,243130.30,INR,BR001,ACTIVE,2022-04-19,2026-05-16 10:42:26.8595142,2026-05-16 10:42:26.8595142
21052,1745,Current,254090.26,INR,BR002,ACTIVE,2024-12-25,2026-05-16 10:42:26.8595142,2026-05-16 10:42:26.8595142
21053,4953,Savings,103886.60,INR,BR004,ACTIVE,2024-07-06,2026-05-16 10:42:26.8595142,2026-05-16 10:42:26.8595142
21054,3728,Savings,335650.35,INR,BR003,ACTIVE,2024-06-01,2026-05-16 10:42:26.8595142,2026-05-16 10:42:26.8595142
21055,4727,Current,346577.45,INR,BR004,ACTIVE,2022-02-01,2026-05-16 10:42:26.8595142,2026-05-16 10:42:26.8595142
21056,4561,Savings,100549.31,INR,BR001,ACTIVE,2022-12-20,2026-05-16 10:42:26.8595142,2026-05-16 10:42:26.8595142
21057,4045,Savings,266921.86,INR,BR004,ACTIVE,2024-10-06,2026-05-16 10:42:26.8595142,2026-05-16 10:42:26.8595142
21058,1260,Current,305020.41,INR,BR002,ACTIVE,2021-11-11,2026-05-16 10:42:26.8595142,2026-05-16 10:42:26.8595142
21059,2242,Current,93939.52,INR,BR004,ACTIVE,2023-10-12,2026-05-16 10:42:26.8595142,2026-05-16 10:42:26.8595142
21060,2844,Savings,447336.60,INR,BR001,ACTIVE,2021-03-21,2026-05-16 10:42:26.8595142,2026-05-16 10:42:26.8595142
21061,2682,Savings,241930.10,INR,BR004,ACTIVE,2022-02-09,2026-05-16 10:42:26.8595142,2026-05-16 10:42:26.8595142
21062,2513,Savings,58399.15,INR,BR004,ACTIVE,2025-01-01,2026-05-16 10:42:26.8595142,2026-05-16 10:42:26.8595142
21063,2467,Savings,167863.69,INR,BR004,ACTIVE,2023-06-04,2026-05-16 10:42:26.8595142,2026-05-16 10:42:26.8595142
21064,1099,Current,239003.26,INR,BR002,ACTIVE,2023-09-14,2026-05-16 10:42:26.8595142,2026-05-16 10:42:26.8595142
21065,1182,Savings,6061.93,INR,BR004,ACTIVE,2020-07-18,2026-05-16 10:42:26.8595142,2026-05-16 10:42:26.8595142
21066,3217,Current,56413.77,INR,BR004,ACTIVE,2020-12-21,2026-05-16 10:42:26.8595142,2026-05-16 10:42:26.8595142
21067,3281,Savings,28704.78,INR,BR003,ACTIVE,2023-05-07,2026-05-16 10:42:26.8595142,2026-05-16 10:42:26.8595142
21068,1956,Savings,269529.48,INR,BR004,ACTIVE,2020-11-19,2026-05-16 10:42:26.8595142,2026-05-16 10:42:26.8595142
21069,2117,Current,168708.01,INR,BR004,ACTIVE,2022-11-20,2026-05-16 10:42:26.8595142,2026-05-16 10:42:26.8595142
21070,4701,Savings,446658.92,INR,BR003,ACTIVE,2021-06-05,2026-05-16 10:42:26.8595142,2026-05-16 10:42:26.8595142
21071,1472,Savings,280057.70,INR,BR002,ACTIVE,2023-12-03,2026-05-16 10:42:26.8595142,2026-05-16 10:42:26.8595142
21072,2540,Current,380188.27,INR,BR002,ACTIVE,2024-01-19,2026-05-16 10:42:26.8595142,2026-05-16 10:42:26.8595142
21073,2109,Current,343879.46,INR,BR003,ACTIVE,2021-01-10,2026-05-16 10:42:26.8595142,2026-05-16 10:42:26.8595142
21074,1679,Savings,260640.04,INR,BR003,ACTIVE,2023-02-28,2026-05-16 10:42:26.8595142,2026-05-16 10:42:26.8595142
21075,2543,Savings,372615.50,INR,BR004,ACTIVE,2023-01-08,2026-05-16 10:42:26.8595142,2026-05-16 10:42:26.8595142
21076,1381,Savings,301222.98,INR,BR002,ACTIVE,2024-05-10,2026-05-16 10:42:26.8595142,2026-05-16 10:42:26.8595142
21077,4479,Current,193342.70,INR,BR002,ACTIVE,2021-01-06,2026-05-16 10:42:26.8595142,2026-05-16 10:42:26.8595142
21078,2256,Current,218466.61,INR,BR004,ACTIVE,2021-05-12,2026-05-16 10:42:26.8595142,2026-05-16 10:42:26.8595142
21079,3299,Savings,419412.17,INR,BR001,ACTIVE,2022-10-31,2026-05-16 10:42:26.8595142,2026-05-16 10:42:26.8595142
21080,4157,Savings,310178.70,INR,BR004,ACTIVE,2024-03-29,2026-05-16 10:42:26.8595142,2026-05-16 10:42:26.8595142
21081,3367,Current,189270.78,INR,BR001,ACTIVE,2020-02-21,2026-05-16 10:42:26.8595142,2026-05-16 10:42:26.8595142
21082,3241,Savings,90691.83,INR,BR004,ACTIVE,2023-06-02,2026-05-16 10:42:26.8595142,2026-05-16 10:42:26.8595142
21083,2659,Current,248183.56,INR,BR003,ACTIVE,2023-07-05,2026-05-16 10:42:26.8595142,2026-05-16 10:42:26.8595142
21084,3985,Current,126949.65,INR,BR004,ACTIVE,2023-07-17,2026-05-16 10:42:26.8595142,2026-05-16 10:42:26.8595142
21085,3649,Current,477834.36,INR,BR003,ACTIVE,2023-10-01,2026-05-16 10:42:26.8595142,2026-05-16 10:42:26.8595142
21086,3655,Savings,246000.06,INR,BR001,ACTIVE,2022-01-24,2026-05-16 10:42:26.8595142,2026-05-16 10:42:26.8595142
21087,4959,Savings,5465.19,INR,BR001,ACTIVE,2023-06-13,2026-05-16 10:42:26.8595142,2026-05-16 10:42:26.8595142
21088,4372,Savings,47345.72,INR,BR003,ACTIVE,2025-01-09,2026-05-16 10:42:26.8595142,2026-05-16 10:42:26.8595142
21089,4430,Savings,168167.06,INR,BR003,ACTIVE,2020-01-26,2026-05-16 10:42:26.8595142,2026-05-16 10:42:26.8595142
21090,2581,Savings,46989.26,INR,BR002,ACTIVE,2020-06-16,2026-05-16 10:42:26.8595142,2026-05-16 10:42:26.8595142
21091,1765,Savings,447087.15,INR,BR002,ACTIVE,2023-05-14,2026-05-16 10:42:26.8595142,2026-05-16 10:42:26.8595142
21092,4525,Savings,427321.43,INR,BR004,ACTIVE,2020-01-12,2026-05-16 10:42:26.8595142,2026-05-16 10:42:26.8595142
21093,3933,Savings,485459.89,INR,BR003,ACTIVE,2020-06-30,2026-05-16 10:42:26.8595142,2026-05-16 10:42:26.8595142
21094,1991,Savings,353526.34,INR,BR001,ACTIVE,2023-01-23,2026-05-16 10:42:26.8595142,2026-05-16 10:42:26.8595142
21095,2587,Current,323086.81,INR,BR002,ACTIVE,2022-07-30,2026-05-16 10:42:26.8595142,2026-05-16 10:42:26.8595142
21096,3554,Savings,461824.82,INR,BR003,ACTIVE,2023-01-23,2026-05-16 10:42:26.8595142,2026-05-16 10:42:26.8595142
21097,3113,Savings,473250.18,INR,BR001,ACTIVE,2024-07-01,2026-05-16 10:42:26.8595142,2026-05-16 10:42:26.8595142
21098,4638,Savings,438866.43,INR,BR001,ACTIVE,2020-07-20,2026-05-16 10:42:26.8595142,2026-05-16 10:42:26.8595142
21099,3270,Savings,430874.95,INR,BR003,ACTIVE,2022-02-27,2026-05-16 10:42:26.8595142,2026-05-16 10:42:26.8595142
21100,1466,Current,336179.92,INR,BR004,ACTIVE,2022-10-22,2026-05-16 10:42:26.8595142,2026-05-16 10:42:26.8595142
21101,3120,Savings,1801.37,INR,BR002,ACTIVE,2022-09-15,2026-05-16 10:42:26.8595142,2026-05-16 10:42:26.8595142
21102,1888,Savings,215329.01,INR,BR002,ACTIVE,2021-05-24,2026-05-16 10:42:26.8595142,2026-05-16 10:42:26.8595142
21103,3522,Savings,333091.64,INR,BR003,ACTIVE,2024-08-02,2026-05-16 10:42:26.8595142,2026-05-16 10:42:26.8595142
21104,4752,Current,274016.56,INR,BR004,ACTIVE,2022-01-31,2026-05-16 10:42:26.8595142,2026-05-16 10:42:26.8595142
21105,4770,Savings,438116.77,INR,BR001,ACTIVE,2021-11-20,2026-05-16 10:42:26.8595142,2026-05-16 10:42:26.8595142
21106,3703,Savings,409632.24,INR,BR004,ACTIVE,2021-07-01,2026-05-16 10:42:26.8595142,2026-05-16 10:42:26.8595142
21107,1019,Savings,299742.32,INR,BR002,ACTIVE,2021-10-01,2026-05-16 10:42:26.8595142,2026-05-16 10:42:26.8595142
21108,3570,Savings,11975.03,INR,BR003,ACTIVE,2020-12-24,2026-05-16 10:42:26.8595142,2026-05-16 10:42:26.8595142
21109,1784,Savings,185295.65,INR,BR002,ACTIVE,2021-07-11,2026-05-16 10:42:26.8595142,2026-05-16 10:42:26.8595142
21110,2707,Current,115179.48,INR,BR003,ACTIVE,2024-06-09,2026-05-16 10:42:26.8595142,2026-05-16 10:42:26.8595142
21111,1415,Savings,170055.27,INR,BR004,ACTIVE,2022-05-25,2026-05-16 10:42:26.8595142,2026-05-16 10:42:26.8595142
21112,1364,Current,309029.03,INR,BR002,ACTIVE,2024-04-30,2026-05-16 10:42:26.8595142,2026-05-16 10:42:26.8595142
21113,3576,Savings,34164.49,INR,BR004,ACTIVE,2020-03-15,2026-05-16 10:42:26.8595142,2026-05-16 10:42:26.8595142
21114,2104,Savings,12098.78,INR,BR002,ACTIVE,2020-12-20,2026-05-16 10:42:26.8595142,2026-05-16 10:42:26.8595142
21115,1796,Current,218999.59,INR,BR004,ACTIVE,2023-03-29,2026-05-16 10:42:26.8595142,2026-05-16 10:42:26.8595142
21116,2214,Savings,396993.34,INR,BR002,ACTIVE,2024-08-15,2026-05-16 10:42:26.8595142,2026-05-16 10:42:26.8595142
21117,2172,Savings,16318.59,INR,BR003,ACTIVE,2022-11-17,2026-05-16 10:42:26.8595142,2026-05-16 10:42:26.8595142
21118,2699,Current,424675.24,INR,BR004,ACTIVE,2021-03-31,2026-05-16 10:42:26.8595142,2026-05-16 10:42:26.8595142
21119,1443,Current,241952.18,INR,BR004,ACTIVE,2022-06-18,2026-05-16 10:42:26.8595142,2026-05-16 10:42:26.8595142
21120,3313,Savings,59999.48,INR,BR003,ACTIVE,2023-07-21,2026-05-16 10:42:26.8595142,2026-05-16 10:42:26.8595142
21121,4944,Savings,319347.53,INR,BR001,ACTIVE,2022-12-20,2026-05-16 10:42:26.8595142,2026-05-16 10:42:26.8595142
21122,1650,Savings,476227.92,INR,BR002,ACTIVE,2021-05-25,2026-05-16 10:42:26.8595142,2026-05-16 10:42:26.8595142
21123,1509,Savings,271713.94,INR,BR002,ACTIVE,2020-10-06,2026-05-16 10:42:26.8595142,2026-05-16 10:42:26.8595142
21124,4373,Savings,343630.74,INR,BR003,ACTIVE,2022-02-06,2026-05-16 10:42:26.8595142,2026-05-16 10:42:26.8595142
21125,1466,Savings,408394.22,INR,BR002,ACTIVE,2022-12-14,2026-05-16 10:42:26.8595142,2026-05-16 10:42:26.8595142
21126,3413,Savings,399870.72,INR,BR004,ACTIVE,2020-09-23,2026-05-16 10:42:26.8595142,2026-05-16 10:42:26.8595142
21127,2423,Savings,37486.25,INR,BR004,ACTIVE,2021-07-06,2026-05-16 10:42:26.8595142,2026-05-16 10:42:26.8595142
21128,3541,Current,370756.71,INR,BR003,ACTIVE,2023-09-18,2026-05-16 10:42:26.8595142,2026-05-16 10:42:26.8595142
21129,3590,Savings,474775.33,INR,BR004,ACTIVE,2020-01-15,2026-05-16 10:42:26.8595142,2026-05-16 10:42:26.8595142
21130,2840,Savings,350625.46,INR,BR001,ACTIVE,2021-03-25,2026-05-16 10:42:26.8595142,2026-05-16 10:42:26.8595142
21131,2504,Current,418385.00,INR,BR002,ACTIVE,2024-08-03,2026-05-16 10:42:26.8595142,2026-05-16 10:42:26.8595142
21132,4240,Savings,243289.30,INR,BR003,ACTIVE,2024-12-02,2026-05-16 10:42:26.8595142,2026-05-16 10:42:26.8595142
21133,2627,Savings,160215.59,INR,BR003,ACTIVE,2020-08-16,2026-05-16 10:42:26.8595142,2026-05-16 10:42:26.8595142
21134,2115,Savings,358476.08,INR,BR002,ACTIVE,2021-12-22,2026-05-16 10:42:26.8595142,2026-05-16 10:42:26.8595142
21135,1723,Current,246607.79,INR,BR001,ACTIVE,2022-07-13,2026-05-16 10:42:26.8595142,2026-05-16 10:42:26.8595142
21136,1842,Savings,447749.14,INR,BR003,ACTIVE,2022-09-16,2026-05-16 10:42:26.8595142,2026-05-16 10:42:26.8595142
21137,3348,Savings,487216.60,INR,BR002,ACTIVE,2021-02-10,2026-05-16 10:42:26.8595142,2026-05-16 10:42:26.8595142
21138,3222,Current,410081.23,INR,BR001,ACTIVE,2021-07-27,2026-05-16 10:42:26.8595142,2026-05-16 10:42:26.8595142
21139,1646,Savings,496347.13,INR,BR003,ACTIVE,2024-05-01,2026-05-16 10:42:26.8595142,2026-05-16 10:42:26.8595142
21140,4445,Current,174836.93,INR,BR001,ACTIVE,2024-04-17,2026-05-16 10:42:26.8595142,2026-05-16 10:42:26.8595142
21141,1024,Savings,447981.93,INR,BR003,ACTIVE,2023-06-21,2026-05-16 10:42:26.8595142,2026-05-16 10:42:26.8595142
21142,4273,Current,165636.88,INR,BR002,ACTIVE,2022-12-10,2026-05-16 10:42:26.8595142,2026-05-16 10:42:26.8595142
21143,1731,Savings,59901.00,INR,BR002,ACTIVE,2024-08-11,2026-05-16 10:42:26.8595142,2026-05-16 10:42:26.8595142
21144,1007,Current,311065.47,INR,BR002,ACTIVE,2023-05-13,2026-05-16 10:42:26.8595142,2026-05-16 10:42:26.8595142
21145,4078,Current,228039.33,INR,BR001,ACTIVE,2021-03-20,2026-05-16 10:42:26.8595142,2026-05-16 10:42:26.8595142
21146,4702,Current,460927.92,INR,BR004,ACTIVE,2020-04-06,2026-05-16 10:42:26.8595142,2026-05-16 10:42:26.8595142
21147,4233,Savings,246604.75,INR,BR001,ACTIVE,2021-02-06,2026-05-16 10:42:26.8595142,2026-05-16 10:42:26.8595142
21148,2621,Current,463888.66,INR,BR002,ACTIVE,2021-03-05,2026-05-16 10:42:26.8595142,2026-05-16 10:42:26.8595142
21149,3926,Savings,40238.30,INR,BR003,ACTIVE,2023-08-27,2026-05-16 10:42:26.8595142,2026-05-16 10:42:26.8595142
21150,2272,Savings,415425.41,INR,BR004,ACTIVE,2021-10-24,2026-05-16 10:42:26.8595142,2026-05-16 10:42:26.8595142
21151,1166,Current,386649.47,INR,BR001,ACTIVE,2020-10-12,2026-05-16 10:42:26.8595142,2026-05-16 10:42:26.8595142
21152,1428,Savings,360269.16,INR,BR001,ACTIVE,2022-05-27,2026-05-16 10:42:26.8595142,2026-05-16 10:42:26.8595142
21153,3193,Savings,178212.79,INR,BR003,ACTIVE,2020-07-28,2026-05-16 10:42:26.8595142,2026-05-16 10:42:26.8595142
21154,2535,Savings,392096.06,INR,BR003,ACTIVE,2022-01-17,2026-05-16 10:42:26.8595142,2026-05-16 10:42:26.8595142
21155,4615,Savings,242164.99,INR,BR002,ACTIVE,2024-04-08,2026-05-16 10:42:26.8595142,2026-05-16 10:42:26.8595142
21156,1933,Savings,357886.55,INR,BR001,ACTIVE,2020-06-17,2026-05-16 10:42:26.8595142,2026-05-16 10:42:26.8595142
21157,3557,Savings,276561.35,INR,BR003,ACTIVE,2021-08-07,2026-05-16 10:42:26.8595142,2026-05-16 10:42:26.8595142
21158,3955,Savings,79562.41,INR,BR003,ACTIVE,2020-04-16,2026-05-16 10:42:26.8595142,2026-05-16 10:42:26.8595142
21159,4292,Savings,33214.74,INR,BR004,ACTIVE,2023-08-13,2026-05-16 10:42:26.8595142,2026-05-16 10:42:26.8595142
21160,3693,Current,183727.14,INR,BR002,ACTIVE,2023-12-29,2026-05-16 10:42:26.8595142,2026-05-16 10:42:26.8595142
21161,2600,Savings,466461.62,INR,BR002,ACTIVE,2021-11-18,2026-05-16 10:42:26.8595142,2026-05-16 10:42:26.8595142
21162,3124,Savings,265337.78,INR,BR001,ACTIVE,2021-04-02,2026-05-16 10:42:26.8595142,2026-05-16 10:42:26.8595142
21163,2667,Savings,401293.84,INR,BR003,ACTIVE,2024-06-26,2026-05-16 10:42:26.8595142,2026-05-16 10:42:26.8595142
21164,1824,Savings,288400.58,INR,BR002,ACTIVE,2021-03-31,2026-05-16 10:42:26.8595142,2026-05-16 10:42:26.8595142
21165,2343,Savings,478994.74,INR,BR001,ACTIVE,2023-04-18,2026-05-16 10:42:26.8595142,2026-05-16 10:42:26.8595142
21166,4945,Savings,191273.55,INR,BR002,ACTIVE,2020-08-05,2026-05-16 10:42:26.8595142,2026-05-16 10:42:26.8595142
21167,2062,Savings,29468.18,INR,BR001,ACTIVE,2021-02-27,2026-05-16 10:42:26.8595142,2026-05-16 10:42:26.8595142
21168,1566,Savings,390553.52,INR,BR003,ACTIVE,2021-03-18,2026-05-16 10:42:26.8595142,2026-05-16 10:42:26.8595142
21169,2666,Savings,370607.17,INR,BR002,ACTIVE,2020-03-11,2026-05-16 10:42:26.8595142,2026-05-16 10:42:26.8595142
21170,4802,Savings,297297.79,INR,BR001,ACTIVE,2020-12-26,2026-05-16 10:42:26.8595142,2026-05-16 10:42:26.8595142
21171,2538,Current,163869.23,INR,BR001,ACTIVE,2023-03-08,2026-05-16 10:42:26.8595142,2026-05-16 10:42:26.8595142
21172,4318,Savings,94944.31,INR,BR003,ACTIVE,2020-02-08,2026-05-16 10:42:26.8595142,2026-05-16 10:42:26.8595142
21173,2164,Savings,241655.75,INR,BR002,ACTIVE,2022-07-13,2026-05-16 10:42:26.8595142,2026-05-16 10:42:26.8595142
21174,4880,Current,333434.50,INR,BR001,ACTIVE,2021-11-10,2026-05-16 10:42:26.8595142,2026-05-16 10:42:26.8595142
21175,2282,Current,289864.33,INR,BR001,ACTIVE,2022-04-04,2026-05-16 10:42:26.8595142,2026-05-16 10:42:26.8595142
21176,3665,Savings,229762.54,INR,BR001,ACTIVE,2024-06-04,2026-05-16 10:42:26.8595142,2026-05-16 10:42:26.8595142
21177,3429,Savings,270307.53,INR,BR001,ACTIVE,2021-12-05,2026-05-16 10:42:26.8595142,2026-05-16 10:42:26.8595142
21178,3896,Savings,54869.51,INR,BR002,ACTIVE,2022-04-03,2026-05-16 10:42:26.8595142,2026-05-16 10:42:26.8595142
21179,4550,Savings,348224.21,INR,BR004,ACTIVE,2022-04-11,2026-05-16 10:42:26.8595142,2026-05-16 10:42:26.8595142
21180,2209,Savings,367393.77,INR,BR002,ACTIVE,2020-01-19,2026-05-16 10:42:26.8595142,2026-05-16 10:42:26.8595142
21181,1303,Savings,6714.85,INR,BR001,ACTIVE,2021-09-05,2026-05-16 10:42:26.8595142,2026-05-16 10:42:26.8595142
21182,2518,Current,135989.26,INR,BR002,ACTIVE,2020-06-27,2026-05-16 10:42:26.8595142,2026-05-16 10:42:26.8595142
21183,1756,Savings,46966.31,INR,BR002,ACTIVE,2022-02-13,2026-05-16 10:42:26.8595142,2026-05-16 10:42:26.8595142
21184,1164,Savings,499117.83,INR,BR003,ACTIVE,2020-11-30,2026-05-16 10:42:26.8595142,2026-05-16 10:42:26.8595142
21185,2668,Savings,297078.07,INR,BR003,ACTIVE,2020-09-20,2026-05-16 10:42:26.8595142,2026-05-16 10:42:26.8595142
21186,2227,Savings,233403.31,INR,BR001,ACTIVE,2020-05-15,2026-05-16 10:42:26.8595142,2026-05-16 10:42:26.8595142
21187,4480,Savings,232037.51,INR,BR004,ACTIVE,2021-07-09,2026-05-16 10:42:26.8595142,2026-05-16 10:42:26.8595142
21188,2234,Savings,482422.19,INR,BR003,ACTIVE,2023-03-23,2026-05-16 10:42:26.8595142,2026-05-16 10:42:26.8595142
21189,2883,Current,330267.96,INR,BR002,ACTIVE,2024-06-18,2026-05-16 10:42:26.8595142,2026-05-16 10:42:26.8595142
21190,3149,Current,85161.12,INR,BR001,ACTIVE,2023-06-18,2026-05-16 10:42:26.8595142,2026-05-16 10:42:26.8595142
21191,4518,Savings,224631.26,INR,BR004,ACTIVE,2022-11-10,2026-05-16 10:42:26.8595142,2026-05-16 10:42:26.8595142
21192,1898,Current,387324.22,INR,BR003,ACTIVE,2024-01-14,2026-05-16 10:42:26.8595142,2026-05-16 10:42:26.8595142
21193,1783,Savings,212251.68,INR,BR001,ACTIVE,2021-12-03,2026-05-16 10:42:26.8595142,2026-05-16 10:42:26.8595142
21194,2995,Savings,155457.18,INR,BR004,ACTIVE,2021-09-30,2026-05-16 10:42:26.8595142,2026-05-16 10:42:26.8595142
21195,2585,Savings,495616.82,INR,BR001,ACTIVE,2024-07-04,2026-05-16 10:42:26.8595142,2026-05-16 10:42:26.8595142
21196,3416,Savings,467882.93,INR,BR004,ACTIVE,2024-07-23,2026-05-16 10:42:26.8595142,2026-05-16 10:42:26.8595142
21197,4311,Savings,470838.62,INR,BR003,ACTIVE,2021-09-25,2026-05-16 10:42:26.8595142,2026-05-16 10:42:26.8595142
21198,1727,Savings,69588.88,INR,BR002,ACTIVE,2022-01-27,2026-05-16 10:42:26.8595142,2026-05-16 10:42:26.8595142
21199,4363,Current,117893.37,INR,BR002,ACTIVE,2022-04-13,2026-05-16 10:42:26.8595142,2026-05-16 10:42:26.8595142
21200,3420,Savings,221591.41,INR,BR003,ACTIVE,2021-04-12,2026-05-16 10:42:26.8595142,2026-05-16 10:42:26.8595142
21201,3910,Savings,416232.50,INR,BR003,ACTIVE,2022-08-04,2026-05-16 10:42:26.8595142,2026-05-16 10:42:26.8595142
21202,2455,Savings,368676.94,INR,BR003,ACTIVE,2022-03-25,2026-05-16 10:42:26.8595142,2026-05-16 10:42:26.8595142
21203,3328,Savings,424984.03,INR,BR004,ACTIVE,2022-06-21,2026-05-16 10:42:26.8595142,2026-05-16 10:42:26.8595142
21204,4539,Savings,460460.88,INR,BR004,ACTIVE,2024-11-07,2026-05-16 10:42:26.8595142,2026-05-16 10:42:26.8595142
21205,3364,Current,390602.65,INR,BR004,ACTIVE,2023-10-13,2026-05-16 10:42:26.8595142,2026-05-16 10:42:26.8595142
21206,3013,Savings,131623.24,INR,BR004,ACTIVE,2020-10-15,2026-05-16 10:42:26.8595142,2026-05-16 10:42:26.8595142
21207,2101,Savings,186879.36,INR,BR004,ACTIVE,2021-04-19,2026-05-16 10:42:26.8595142,2026-05-16 10:42:26.8595142
21208,1816,Savings,176891.35,INR,BR004,ACTIVE,2021-10-23,2026-05-16 10:42:26.8595142,2026-05-16 10:42:26.8595142
21209,1151,Savings,152234.61,INR,BR004,ACTIVE,2022-03-14,2026-05-16 10:42:26.8595142,2026-05-16 10:42:26.8595142
21210,4468,Savings,125300.38,INR,BR003,ACTIVE,2020-12-06,2026-05-16 10:42:26.8595142,2026-05-16 10:42:26.8595142
21211,2009,Savings,376490.54,INR,BR004,ACTIVE,2021-11-17,2026-05-16 10:42:26.8595142,2026-05-16 10:42:26.8595142
21212,2520,Savings,17961.53,INR,BR001,ACTIVE,2021-11-21,2026-05-16 10:42:26.8595142,2026-05-16 10:42:26.8595142
21213,2321,Savings,364468.48,INR,BR004,ACTIVE,2023-04-22,2026-05-16 10:42:26.8595142,2026-05-16 10:42:26.8595142
21214,1669,Savings,411958.32,INR,BR002,ACTIVE,2024-07-25,2026-05-16 10:42:26.8595142,2026-05-16 10:42:26.8595142
21215,4782,Savings,36605.48,INR,BR002,ACTIVE,2024-09-01,2026-05-16 10:42:26.8595142,2026-05-16 10:42:26.8595142
21216,4968,Savings,31861.71,INR,BR003,ACTIVE,2021-01-27,2026-05-16 10:42:26.8595142,2026-05-16 10:42:26.8595142
21217,1407,Savings,143446.44,INR,BR002,ACTIVE,2023-08-22,2026-05-16 10:42:26.8595142,2026-05-16 10:42:26.8595142
21218,3335,Savings,109911.45,INR,BR002,ACTIVE,2023-01-20,2026-05-16 10:42:26.8595142,2026-05-16 10:42:26.8595142
21219,4565,Current,290985.70,INR,BR002,ACTIVE,2024-09-01,2026-05-16 10:42:26.8595142,2026-05-16 10:42:26.8595142
21220,3965,Savings,338050.32,INR,BR003,ACTIVE,2023-08-13,2026-05-16 10:42:26.8595142,2026-05-16 10:42:26.8595142
21221,4608,Current,317436.86,INR,BR003,ACTIVE,2020-07-07,2026-05-16 10:42:26.8595142,2026-05-16 10:42:26.8595142
21222,4528,Current,179316.34,INR,BR004,ACTIVE,2021-02-07,2026-05-16 10:42:26.8595142,2026-05-16 10:42:26.8595142
21223,1492,Current,249700.52,INR,BR002,ACTIVE,2020-02-11,2026-05-16 10:42:26.8595142,2026-05-16 10:42:26.8595142
21224,2033,Current,357185.04,INR,BR004,ACTIVE,2022-03-10,2026-05-16 10:42:26.8595142,2026-05-16 10:42:26.8595142
21225,2942,Savings,60593.71,INR,BR003,ACTIVE,2021-06-04,2026-05-16 10:42:26.8595142,2026-05-16 10:42:26.8595142
21226,2156,Savings,115526.45,INR,BR004,ACTIVE,2024-05-18,2026-05-16 10:42:26.8595142,2026-05-16 10:42:26.8595142
21227,2101,Savings,454107.59,INR,BR004,ACTIVE,2020-03-07,2026-05-16 10:42:26.8595142,2026-05-16 10:42:26.8595142
21228,3786,Savings,171820.86,INR,BR002,ACTIVE,2023-03-30,2026-05-16 10:42:26.8595142,2026-05-16 10:42:26.8595142
21229,3179,Savings,400777.03,INR,BR003,ACTIVE,2021-05-04,2026-05-16 10:42:26.8595142,2026-05-16 10:42:26.8595142
21230,1997,Savings,126243.89,INR,BR002,ACTIVE,2022-02-21,2026-05-16 10:42:26.8595142,2026-05-16 10:42:26.8595142
21231,2912,Savings,21778.54,INR,BR004,ACTIVE,2022-05-21,2026-05-16 10:42:26.8595142,2026-05-16 10:42:26.8595142
21232,2436,Savings,250699.90,INR,BR003,ACTIVE,2021-08-07,2026-05-16 10:42:26.8595142,2026-05-16 10:42:26.8595142
21233,2114,Current,446348.54,INR,BR004,ACTIVE,2022-03-06,2026-05-16 10:42:26.8595142,2026-05-16 10:42:26.8595142
21234,3546,Current,409822.99,INR,BR004,ACTIVE,2021-02-02,2026-05-16 10:42:26.8595142,2026-05-16 10:42:26.8595142
21235,4701,Savings,127216.65,INR,BR002,ACTIVE,2021-01-05,2026-05-16 10:42:26.8595142,2026-05-16 10:42:26.8595142
21236,3670,Savings,455057.95,INR,BR003,ACTIVE,2023-11-07,2026-05-16 10:42:26.8595142,2026-05-16 10:42:26.8595142
21237,1889,Savings,240378.23,INR,BR003,ACTIVE,2024-04-18,2026-05-16 10:42:26.8595142,2026-05-16 10:42:26.8595142
21238,1354,Savings,25450.50,INR,BR002,ACTIVE,2024-10-27,2026-05-16 10:42:26.8595142,2026-05-16 10:42:26.8595142
21239,3319,Current,14934.39,INR,BR001,ACTIVE,2024-08-22,2026-05-16 10:42:26.8595142,2026-05-16 10:42:26.8595142
21240,2416,Savings,243071.75,INR,BR002,ACTIVE,2024-05-18,2026-05-16 10:42:26.8595142,2026-05-16 10:42:26.8595142
21241,1432,Savings,273615.11,INR,BR002,ACTIVE,2023-02-27,2026-05-16 10:42:26.8595142,2026-05-16 10:42:26.8595142
21242,1739,Savings,40876.55,INR,BR001,ACTIVE,2020-06-14,2026-05-16 10:42:26.8595142,2026-05-16 10:42:26.8595142
21243,3520,Savings,461198.09,INR,BR003,ACTIVE,2021-06-23,2026-05-16 10:42:26.8595142,2026-05-16 10:42:26.8595142
21244,2780,Savings,359390.20,INR,BR001,ACTIVE,2020-07-20,2026-05-16 10:42:26.8595142,2026-05-16 10:42:26.8595142
21245,2332,Savings,400839.90,INR,BR004,ACTIVE,2020-06-19,2026-05-16 10:42:26.8595142,2026-05-16 10:42:26.8595142
21246,1508,Current,292427.60,INR,BR004,ACTIVE,2023-09-22,2026-05-16 10:42:26.8595142,2026-05-16 10:42:26.8595142
21247,1055,Savings,332108.49,INR,BR002,ACTIVE,2022-04-28,2026-05-16 10:42:26.8595142,2026-05-16 10:42:26.8595142
21248,3085,Savings,194542.25,INR,BR004,ACTIVE,2020-03-09,2026-05-16 10:42:26.8595142,2026-05-16 10:42:26.8595142
21249,1900,Savings,339969.25,INR,BR001,ACTIVE,2023-04-15,2026-05-16 10:42:26.8595142,2026-05-16 10:42:26.8595142
21250,3103,Savings,489113.26,INR,BR004,ACTIVE,2021-04-07,2026-05-16 10:42:26.8595142,2026-05-16 10:42:26.8595142
21251,1524,Current,324210.24,INR,BR003,ACTIVE,2020-09-03,2026-05-16 10:42:26.8595142,2026-05-16 10:42:26.8595142
21252,3963,Savings,171475.23,INR,BR002,ACTIVE,2020-07-13,2026-05-16 10:42:26.8595142,2026-05-16 10:42:26.8595142
21253,1463,Current,143334.32,INR,BR002,ACTIVE,2021-11-26,2026-05-16 10:42:26.8595142,2026-05-16 10:42:26.8595142
21254,1697,Current,481709.62,INR,BR003,ACTIVE,2020-03-04,2026-05-16 10:42:26.8595142,2026-05-16 10:42:26.8595142
21255,2502,Current,93316.15,INR,BR003,ACTIVE,2023-12-24,2026-05-16 10:42:26.8595142,2026-05-16 10:42:26.8595142
21256,2773,Savings,403292.11,INR,BR002,ACTIVE,2023-06-13,2026-05-16 10:42:26.8595142,2026-05-16 10:42:26.8595142
21257,4877,Savings,233165.88,INR,BR003,ACTIVE,2024-07-09,2026-05-16 10:42:26.8595142,2026-05-16 10:42:26.8595142
21258,1716,Current,222436.12,INR,BR004,ACTIVE,2020-11-01,2026-05-16 10:42:26.8595142,2026-05-16 10:42:26.8595142
21259,2235,Current,374021.36,INR,BR004,ACTIVE,2021-06-12,2026-05-16 10:42:26.8595142,2026-05-16 10:42:26.8595142
21260,4298,Savings,74871.18,INR,BR004,ACTIVE,2024-11-06,2026-05-16 10:42:26.8595142,2026-05-16 10:42:26.8595142
21261,4079,Savings,233681.67,INR,BR004,ACTIVE,2023-01-29,2026-05-16 10:42:26.8595142,2026-05-16 10:42:26.8595142
21262,3780,Savings,18881.01,INR,BR001,ACTIVE,2021-02-02,2026-05-16 10:42:26.8595142,2026-05-16 10:42:26.8595142
21263,2847,Current,382160.96,INR,BR001,ACTIVE,2022-04-27,2026-05-16 10:42:26.8595142,2026-05-16 10:42:26.8595142
21264,4612,Savings,30130.26,INR,BR001,ACTIVE,2020-03-31,2026-05-16 10:42:26.8595142,2026-05-16 10:42:26.8595142
21265,1989,Savings,44557.11,INR,BR001,ACTIVE,2024-10-03,2026-05-16 10:42:26.8595142,2026-05-16 10:42:26.8595142
21266,2829,Savings,422568.36,INR,BR004,ACTIVE,2024-11-12,2026-05-16 10:42:26.8595142,2026-05-16 10:42:26.8595142
21267,1212,Savings,248269.72,INR,BR004,ACTIVE,2021-06-27,2026-05-16 10:42:26.8595142,2026-05-16 10:42:26.8595142
21268,4261,Savings,101286.87,INR,BR003,ACTIVE,2020-03-16,2026-05-16 10:42:26.8595142,2026-05-16 10:42:26.8595142
21269,4147,Savings,296699.70,INR,BR001,ACTIVE,2021-05-28,2026-05-16 10:42:26.8595142,2026-05-16 10:42:26.8595142
21270,1754,Savings,260122.35,INR,BR001,ACTIVE,2020-03-19,2026-05-16 10:42:26.8595142,2026-05-16 10:42:26.8595142
21271,4186,Savings,206043.26,INR,BR002,ACTIVE,2023-03-01,2026-05-16 10:42:26.8595142,2026-05-16 10:42:26.8595142
21272,4751,Savings,452803.12,INR,BR003,ACTIVE,2024-10-21,2026-05-16 10:42:26.8595142,2026-05-16 10:42:26.8595142
21273,4690,Savings,374979.54,INR,BR004,ACTIVE,2020-11-06,2026-05-16 10:42:26.8595142,2026-05-16 10:42:26.8595142
21274,4223,Savings,76644.84,INR,BR003,ACTIVE,2022-02-24,2026-05-16 10:42:26.8595142,2026-05-16 10:42:26.8595142
21275,1436,Savings,285816.55,INR,BR003,ACTIVE,2020-02-06,2026-05-16 10:42:26.8595142,2026-05-16 10:42:26.8595142
21276,2902,Savings,45283.21,INR,BR002,ACTIVE,2022-07-04,2026-05-16 10:42:26.8595142,2026-05-16 10:42:26.8595142
21277,1084,Savings,123082.33,INR,BR002,ACTIVE,2024-09-06,2026-05-16 10:42:26.8595142,2026-05-16 10:42:26.8595142
21278,2236,Current,455020.31,INR,BR003,ACTIVE,2024-12-10,2026-05-16 10:42:26.8595142,2026-05-16 10:42:26.8595142
21279,1779,Current,231577.88,INR,BR001,ACTIVE,2022-06-07,2026-05-16 10:42:26.8595142,2026-05-16 10:42:26.8595142
21280,1834,Savings,446160.94,INR,BR004,ACTIVE,2024-02-21,2026-05-16 10:42:26.8595142,2026-05-16 10:42:26.8595142
21281,4853,Savings,83833.48,INR,BR002,ACTIVE,2023-05-26,2026-05-16 10:42:26.8595142,2026-05-16 10:42:26.8595142
21282,3509,Savings,103465.53,INR,BR002,ACTIVE,2023-08-12,2026-05-16 10:42:26.8595142,2026-05-16 10:42:26.8595142
21283,2961,Current,203456.16,INR,BR004,ACTIVE,2022-05-07,2026-05-16 10:42:26.8595142,2026-05-16 10:42:26.8595142
21284,1177,Savings,183796.50,INR,BR002,ACTIVE,2020-07-01,2026-05-16 10:42:26.8595142,2026-05-16 10:42:26.8595142
21285,2807,Savings,372893.36,INR,BR003,ACTIVE,2024-01-15,2026-05-16 10:42:26.8595142,2026-05-16 10:42:26.8595142
21286,3360,Current,300105.87,INR,BR004,ACTIVE,2020-12-05,2026-05-16 10:42:26.8595142,2026-05-16 10:42:26.8595142
21287,2718,Savings,277071.46,INR,BR001,ACTIVE,2022-05-26,2026-05-16 10:42:26.8595142,2026-05-16 10:42:26.8595142
21288,4231,Savings,301585.38,INR,BR002,ACTIVE,2020-03-13,2026-05-16 10:42:26.8595142,2026-05-16 10:42:26.8595142
21289,2725,Savings,366363.49,INR,BR002,ACTIVE,2024-10-31,2026-05-16 10:42:26.8595142,2026-05-16 10:42:26.8595142
21290,1186,Savings,446515.50,INR,BR003,ACTIVE,2023-12-21,2026-05-16 10:42:26.8595142,2026-05-16 10:42:26.8595142
21291,2495,Current,207955.24,INR,BR001,ACTIVE,2021-02-15,2026-05-16 10:42:26.8595142,2026-05-16 10:42:26.8595142
21292,2980,Savings,401660.05,INR,BR002,ACTIVE,2022-11-01,2026-05-16 10:42:26.8595142,2026-05-16 10:42:26.8595142
21293,2333,Savings,248053.34,INR,BR004,ACTIVE,2020-09-03,2026-05-16 10:42:26.8595142,2026-05-16 10:42:26.8595142
21294,1246,Savings,361317.04,INR,BR004,ACTIVE,2024-05-05,2026-05-16 10:42:26.8595142,2026-05-16 10:42:26.8595142
21295,2853,Savings,437537.07,INR,BR003,ACTIVE,2022-10-16,2026-05-16 10:42:26.8595142,2026-05-16 10:42:26.8595142
21296,4065,Savings,17075.20,INR,BR003,ACTIVE,2024-05-08,2026-05-16 10:42:26.8595142,2026-05-16 10:42:26.8595142
21297,1384,Savings,273768.25,INR,BR002,ACTIVE,2021-07-25,2026-05-16 10:42:26.8595142,2026-05-16 10:42:26.8595142
21298,4114,Savings,494700.93,INR,BR003,ACTIVE,2022-12-27,2026-05-16 10:42:26.8595142,2026-05-16 10:42:26.8595142
21299,1285,Savings,248615.98,INR,BR004,ACTIVE,2024-02-09,2026-05-16 10:42:26.8595142,2026-05-16 10:42:26.8595142
21300,4028,Savings,432287.54,INR,BR003,ACTIVE,2022-09-02,2026-05-16 10:42:26.8595142,2026-05-16 10:42:26.8595142
21301,1988,Savings,93764.03,INR,BR004,ACTIVE,2022-06-22,2026-05-16 10:42:26.8595142,2026-05-16 10:42:26.8595142
21302,4995,Savings,302539.26,INR,BR002,ACTIVE,2020-09-27,2026-05-16 10:42:26.8595142,2026-05-16 10:42:26.8595142
21303,1300,Savings,435282.68,INR,BR004,ACTIVE,2024-01-01,2026-05-16 10:42:26.8595142,2026-05-16 10:42:26.8595142
21304,1901,Savings,216335.03,INR,BR003,ACTIVE,2022-08-21,2026-05-16 10:42:26.8595142,2026-05-16 10:42:26.8595142
21305,2460,Savings,243874.31,INR,BR004,ACTIVE,2020-01-08,2026-05-16 10:42:26.8595142,2026-05-16 10:42:26.8595142
21306,2393,Savings,65469.48,INR,BR004,ACTIVE,2022-12-17,2026-05-16 10:42:26.8595142,2026-05-16 10:42:26.8595142
21307,3922,Savings,22043.87,INR,BR001,ACTIVE,2020-02-15,2026-05-16 10:42:26.8595142,2026-05-16 10:42:26.8595142
21308,3534,Savings,234885.44,INR,BR001,ACTIVE,2020-04-05,2026-05-16 10:42:26.8595142,2026-05-16 10:42:26.8595142
21309,3484,Savings,421894.19,INR,BR002,ACTIVE,2023-02-05,2026-05-16 10:42:26.8595142,2026-05-16 10:42:26.8595142
21310,1806,Savings,465730.81,INR,BR004,ACTIVE,2022-06-20,2026-05-16 10:42:26.8595142,2026-05-16 10:42:26.8595142
21311,4500,Savings,329667.85,INR,BR004,ACTIVE,2021-04-16,2026-05-16 10:42:26.8595142,2026-05-16 10:42:26.8595142
21312,3229,Savings,413372.90,INR,BR004,ACTIVE,2023-08-14,2026-05-16 10:42:26.8595142,2026-05-16 10:42:26.8595142
21313,3931,Savings,367692.23,INR,BR001,ACTIVE,2020-04-19,2026-05-16 10:42:26.8595142,2026-05-16 10:42:26.8595142
21314,2922,Current,351041.43,INR,BR004,ACTIVE,2021-07-03,2026-05-16 10:42:26.8595142,2026-05-16 10:42:26.8595142
21315,1877,Current,384747.52,INR,BR001,ACTIVE,2021-05-11,2026-05-16 10:42:26.8595142,2026-05-16 10:42:26.8595142
21316,1694,Savings,253146.17,INR,BR002,ACTIVE,2023-02-12,2026-05-16 10:42:26.8595142,2026-05-16 10:42:26.8595142
21317,3388,Current,229511.11,INR,BR004,ACTIVE,2022-02-16,2026-05-16 10:42:26.8595142,2026-05-16 10:42:26.8595142
21318,3539,Savings,80412.62,INR,BR004,ACTIVE,2023-09-22,2026-05-16 10:42:26.8595142,2026-05-16 10:42:26.8595142
21319,3543,Savings,461721.90,INR,BR003,ACTIVE,2024-05-09,2026-05-16 10:42:26.8595142,2026-05-16 10:42:26.8595142
21320,2997,Savings,23262.33,INR,BR001,ACTIVE,2022-02-10,2026-05-16 10:42:26.8595142,2026-05-16 10:42:26.8595142
21321,1730,Current,134454.62,INR,BR003,ACTIVE,2021-11-18,2026-05-16 10:42:26.8595142,2026-05-16 10:42:26.8595142
21322,2187,Savings,260438.16,INR,BR002,ACTIVE,2020-10-15,2026-05-16 10:42:26.8595142,2026-05-16 10:42:26.8595142
21323,2582,Savings,485827.46,INR,BR001,ACTIVE,2023-10-22,2026-05-16 10:42:26.8595142,2026-05-16 10:42:26.8595142
21324,3504,Current,393200.50,INR,BR004,ACTIVE,2024-03-02,2026-05-16 10:42:26.8595142,2026-05-16 10:42:26.8595142
21325,4164,Current,184966.94,INR,BR004,ACTIVE,2022-05-18,2026-05-16 10:42:26.8595142,2026-05-16 10:42:26.8595142
21326,1105,Savings,357260.25,INR,BR004,ACTIVE,2022-05-22,2026-05-16 10:42:26.8595142,2026-05-16 10:42:26.8595142
21327,3767,Savings,465753.32,INR,BR004,ACTIVE,2024-12-20,2026-05-16 10:42:26.8595142,2026-05-16 10:42:26.8595142
21328,1439,Savings,269902.84,INR,BR002,ACTIVE,2023-03-26,2026-05-16 10:42:26.8595142,2026-05-16 10:42:26.8595142
21329,2522,Savings,231508.16,INR,BR004,ACTIVE,2024-12-25,2026-05-16 10:42:26.8595142,2026-05-16 10:42:26.8595142
21330,2352,Current,289857.18,INR,BR004,ACTIVE,2020-03-01,2026-05-16 10:42:26.8595142,2026-05-16 10:42:26.8595142
21331,3699,Savings,156453.49,INR,BR004,ACTIVE,2022-11-18,2026-05-16 10:42:26.8595142,2026-05-16 10:42:26.8595142
21332,4613,Current,453767.06,INR,BR003,ACTIVE,2022-01-21,2026-05-16 10:42:26.8595142,2026-05-16 10:42:26.8595142
21333,1509,Savings,398843.62,INR,BR002,ACTIVE,2020-05-15,2026-05-16 10:42:26.8595142,2026-05-16 10:42:26.8595142
21334,1251,Savings,353036.57,INR,BR001,ACTIVE,2020-02-23,2026-05-16 10:42:26.8595142,2026-05-16 10:42:26.8595142
21335,4013,Savings,294956.95,INR,BR002,ACTIVE,2021-06-29,2026-05-16 10:42:26.8595142,2026-05-16 10:42:26.8595142
21336,2215,Savings,484767.91,INR,BR002,ACTIVE,2023-02-21,2026-05-16 10:42:26.8595142,2026-05-16 10:42:26.8595142
21337,3095,Savings,149555.16,INR,BR002,ACTIVE,2024-04-04,2026-05-16 10:42:26.8595142,2026-05-16 10:42:26.8595142
21338,1879,Savings,142284.45,INR,BR004,ACTIVE,2021-08-03,2026-05-16 10:42:26.8595142,2026-05-16 10:42:26.8595142
21339,2275,Savings,121827.03,INR,BR003,ACTIVE,2021-12-03,2026-05-16 10:42:26.8595142,2026-05-16 10:42:26.8595142
21340,2018,Savings,373950.57,INR,BR003,ACTIVE,2022-11-28,2026-05-16 10:42:26.8595142,2026-05-16 10:42:26.8595142
21341,3823,Savings,398845.53,INR,BR003,ACTIVE,2021-12-28,2026-05-16 10:42:26.8595142,2026-05-16 10:42:26.8595142
21342,3933,Savings,298959.97,INR,BR003,ACTIVE,2023-09-24,2026-05-16 10:42:26.8595142,2026-05-16 10:42:26.8595142
21343,1064,Savings,326339.87,INR,BR001,ACTIVE,2020-06-26,2026-05-16 10:42:26.8595142,2026-05-16 10:42:26.8595142
21344,4922,Savings,175131.42,INR,BR003,ACTIVE,2022-02-26,2026-05-16 10:42:26.8595142,2026-05-16 10:42:26.8595142
21345,1320,Savings,20839.01,INR,BR004,ACTIVE,2021-06-19,2026-05-16 10:42:26.8595142,2026-05-16 10:42:26.8595142
21346,1860,Savings,127564.29,INR,BR004,ACTIVE,2023-03-17,2026-05-16 10:42:26.8595142,2026-05-16 10:42:26.8595142
21347,3828,Savings,292567.31,INR,BR003,ACTIVE,2021-11-28,2026-05-16 10:42:26.8595142,2026-05-16 10:42:26.8595142
21348,2548,Savings,406653.41,INR,BR001,ACTIVE,2021-05-16,2026-05-16 10:42:26.8595142,2026-05-16 10:42:26.8595142
21349,4364,Current,388820.29,INR,BR003,ACTIVE,2024-06-29,2026-05-16 10:42:26.8595142,2026-05-16 10:42:26.8595142
21350,3077,Savings,90564.19,INR,BR004,ACTIVE,2023-01-06,2026-05-16 10:42:26.8595142,2026-05-16 10:42:26.8595142
21351,2675,Savings,26671.66,INR,BR004,ACTIVE,2024-09-19,2026-05-16 10:42:26.8595142,2026-05-16 10:42:26.8595142
21352,1437,Savings,425429.46,INR,BR004,ACTIVE,2024-12-16,2026-05-16 10:42:26.8595142,2026-05-16 10:42:26.8595142
21353,2990,Savings,41059.87,INR,BR002,ACTIVE,2022-08-28,2026-05-16 10:42:26.8595142,2026-05-16 10:42:26.8595142
21354,2621,Savings,197262.32,INR,BR004,ACTIVE,2020-08-17,2026-05-16 10:42:26.8595142,2026-05-16 10:42:26.8595142
21355,4658,Savings,48018.60,INR,BR003,ACTIVE,2021-07-11,2026-05-16 10:42:26.8595142,2026-05-16 10:42:26.8595142
21356,1763,Savings,282460.31,INR,BR004,ACTIVE,2023-03-22,2026-05-16 10:42:26.8595142,2026-05-16 10:42:26.8595142
21357,1736,Savings,182304.88,INR,BR001,ACTIVE,2022-09-22,2026-05-16 10:42:26.8595142,2026-05-16 10:42:26.8595142
21358,4119,Savings,102044.32,INR,BR002,ACTIVE,2020-12-24,2026-05-16 10:42:26.8595142,2026-05-16 10:42:26.8595142
21359,4489,Savings,297988.67,INR,BR001,ACTIVE,2021-02-03,2026-05-16 10:42:26.8595142,2026-05-16 10:42:26.8595142
21360,4665,Savings,202452.90,INR,BR004,ACTIVE,2020-09-03,2026-05-16 10:42:26.8595142,2026-05-16 10:42:26.8595142
21361,3499,Current,84227.34,INR,BR002,ACTIVE,2020-01-22,2026-05-16 10:42:26.8595142,2026-05-16 10:42:26.8595142
21362,1633,Savings,350343.12,INR,BR002,ACTIVE,2022-07-27,2026-05-16 10:42:26.8595142,2026-05-16 10:42:26.8595142
21363,2579,Savings,418567.35,INR,BR002,ACTIVE,2022-07-19,2026-05-16 10:42:26.8595142,2026-05-16 10:42:26.8595142
21364,4730,Current,137597.54,INR,BR004,ACTIVE,2020-05-13,2026-05-16 10:42:26.8595142,2026-05-16 10:42:26.8595142
21365,4146,Savings,101827.63,INR,BR001,ACTIVE,2022-10-04,2026-05-16 10:42:26.8595142,2026-05-16 10:42:26.8595142
21366,2077,Savings,38550.68,INR,BR004,ACTIVE,2022-08-03,2026-05-16 10:42:26.8595142,2026-05-16 10:42:26.8595142
21367,3281,Savings,275665.02,INR,BR002,ACTIVE,2020-11-07,2026-05-16 10:42:26.8595142,2026-05-16 10:42:26.8595142
21368,2831,Current,415815.56,INR,BR004,ACTIVE,2023-09-22,2026-05-16 10:42:26.8595142,2026-05-16 10:42:26.8595142
21369,2899,Savings,126144.16,INR,BR002,ACTIVE,2021-02-05,2026-05-16 10:42:26.8595142,2026-05-16 10:42:26.8595142
21370,1200,Savings,230858.25,INR,BR002,ACTIVE,2022-10-15,2026-05-16 10:42:26.8595142,2026-05-16 10:42:26.8595142
21371,1674,Current,81240.92,INR,BR002,ACTIVE,2024-11-07,2026-05-16 10:42:26.8595142,2026-05-16 10:42:26.8595142
21372,1549,Savings,202696.21,INR,BR004,ACTIVE,2024-08-23,2026-05-16 10:42:26.8595142,2026-05-16 10:42:26.8595142
21373,1937,Savings,25372.33,INR,BR004,ACTIVE,2023-06-29,2026-05-16 10:42:26.8595142,2026-05-16 10:42:26.8595142
21374,3145,Savings,455453.80,INR,BR002,ACTIVE,2024-10-31,2026-05-16 10:42:26.8595142,2026-05-16 10:42:26.8595142
21375,1049,Savings,338609.38,INR,BR003,ACTIVE,2024-09-05,2026-05-16 10:42:26.8595142,2026-05-16 10:42:26.8595142
21376,1896,Current,167074.05,INR,BR001,ACTIVE,2021-08-13,2026-05-16 10:42:26.8595142,2026-05-16 10:42:26.8595142
21377,3570,Savings,440717.93,INR,BR002,ACTIVE,2024-07-09,2026-05-16 10:42:26.8595142,2026-05-16 10:42:26.8595142
21378,3088,Current,92281.89,INR,BR002,ACTIVE,2021-05-07,2026-05-16 10:42:26.8595142,2026-05-16 10:42:26.8595142
21379,1914,Current,40288.13,INR,BR002,ACTIVE,2020-03-21,2026-05-16 10:42:26.8595142,2026-05-16 10:42:26.8595142
21380,2177,Savings,471368.17,INR,BR002,ACTIVE,2024-12-02,2026-05-16 10:42:26.8595142,2026-05-16 10:42:26.8595142
21381,4178,Savings,155199.46,INR,BR002,ACTIVE,2021-09-16,2026-05-16 10:42:26.8595142,2026-05-16 10:42:26.8595142
21382,3601,Savings,513417.08,INR,BR003,ACTIVE,2023-04-09,2026-05-16 10:42:26.8595142,2026-05-16 10:42:26.8595142
21383,1676,Savings,319168.85,INR,BR004,ACTIVE,2022-01-13,2026-05-16 10:42:26.8595142,2026-05-16 10:42:26.8595142
21384,1770,Savings,490041.42,INR,BR003,ACTIVE,2023-03-01,2026-05-16 10:42:26.8595142,2026-05-16 10:42:26.8595142
21385,1211,Current,376961.18,INR,BR002,ACTIVE,2020-04-13,2026-05-16 10:42:26.8595142,2026-05-16 10:42:26.8595142
21386,4274,Savings,53636.45,INR,BR002,ACTIVE,2021-08-21,2026-05-16 10:42:26.8595142,2026-05-16 10:42:26.8595142
21387,3481,Current,457804.46,INR,BR002,ACTIVE,2022-09-20,2026-05-16 10:42:26.8595142,2026-05-16 10:42:26.8595142
21388,3755,Current,74791.38,INR,BR004,ACTIVE,2022-06-27,2026-05-16 10:42:26.8595142,2026-05-16 10:42:26.8595142
21389,3613,Current,346406.61,INR,BR001,ACTIVE,2022-01-17,2026-05-16 10:42:26.8595142,2026-05-16 10:42:26.8595142
21390,1147,Current,250703.32,INR,BR001,ACTIVE,2020-03-28,2026-05-16 10:42:26.8595142,2026-05-16 10:42:26.8595142
21391,2523,Savings,354154.78,INR,BR003,ACTIVE,2024-04-04,2026-05-16 10:42:26.8595142,2026-05-16 10:42:26.8595142
21392,3330,Current,382729.78,INR,BR003,ACTIVE,2022-09-20,2026-05-16 10:42:26.8595142,2026-05-16 10:42:26.8595142
21393,4382,Savings,402028.94,INR,BR001,ACTIVE,2021-09-15,2026-05-16 10:42:26.8595142,2026-05-16 10:42:26.8595142
21394,3803,Savings,417655.09,INR,BR002,ACTIVE,2020-03-22,2026-05-16 10:42:26.8595142,2026-05-16 10:42:26.8595142
21395,4123,Savings,423765.04,INR,BR004,ACTIVE,2024-04-03,2026-05-16 10:42:26.8595142,2026-05-16 10:42:26.8595142
21396,1495,Savings,206874.64,INR,BR003,ACTIVE,2021-03-09,2026-05-16 10:42:26.8595142,2026-05-16 10:42:26.8595142
21397,3457,Savings,444724.81,INR,BR004,ACTIVE,2023-10-24,2026-05-16 10:42:26.8595142,2026-05-16 10:42:26.8595142
21398,2650,Savings,360070.55,INR,BR002,ACTIVE,2020-01-02,2026-05-16 10:42:26.8595142,2026-05-16 10:42:26.8595142
21399,3321,Savings,419646.49,INR,BR002,ACTIVE,2024-04-10,2026-05-16 10:42:26.8595142,2026-05-16 10:42:26.8595142
21400,3506,Savings,494606.49,INR,BR003,ACTIVE,2020-07-04,2026-05-16 10:42:26.8595142,2026-05-16 10:42:26.8595142
21401,2144,Savings,59090.96,INR,BR001,ACTIVE,2024-10-06,2026-05-16 10:42:26.8595142,2026-05-16 10:42:26.8595142
21402,4773,Current,185919.27,INR,BR001,ACTIVE,2020-11-03,2026-05-16 10:42:26.8595142,2026-05-16 10:42:26.8595142
21403,1046,Savings,403466.96,INR,BR001,ACTIVE,2024-01-08,2026-05-16 10:42:26.8595142,2026-05-16 10:42:26.8595142
21404,4315,Savings,44065.43,INR,BR002,ACTIVE,2023-12-18,2026-05-16 10:42:26.8595142,2026-05-16 10:42:26.8595142
21405,1311,Current,270849.75,INR,BR002,ACTIVE,2024-04-17,2026-05-16 10:42:26.8595142,2026-05-16 10:42:26.8595142
21406,3610,Current,429340.58,INR,BR004,ACTIVE,2023-12-11,2026-05-16 10:42:26.8595142,2026-05-16 10:42:26.8595142
21407,1331,Current,10476.64,INR,BR004,ACTIVE,2024-01-03,2026-05-16 10:42:26.8595142,2026-05-16 10:42:26.8595142
21408,1011,Savings,469819.93,INR,BR004,ACTIVE,2020-01-19,2026-05-16 10:42:26.8595142,2026-05-16 10:42:26.8595142
21409,1908,Savings,489094.27,INR,BR002,ACTIVE,2021-08-07,2026-05-16 10:42:26.8595142,2026-05-16 10:42:26.8595142
21410,4496,Savings,161818.18,INR,BR001,ACTIVE,2022-01-01,2026-05-16 10:42:26.8595142,2026-05-16 10:42:26.8595142
21411,4120,Savings,383628.80,INR,BR002,ACTIVE,2024-07-02,2026-05-16 10:42:26.8595142,2026-05-16 10:42:26.8595142
21412,2401,Savings,64460.88,INR,BR004,ACTIVE,2024-08-21,2026-05-16 10:42:26.8595142,2026-05-16 10:42:26.8595142
21413,2592,Savings,386659.27,INR,BR004,ACTIVE,2020-05-09,2026-05-16 10:42:26.8595142,2026-05-16 10:42:26.8595142
21414,1008,Current,241279.32,INR,BR004,ACTIVE,2022-07-05,2026-05-16 10:42:26.8595142,2026-05-16 10:42:26.8595142
21415,1984,Savings,430276.27,INR,BR004,ACTIVE,2021-02-07,2026-05-16 10:42:26.8595142,2026-05-16 10:42:26.8595142
21416,4598,Savings,107090.61,INR,BR003,ACTIVE,2024-03-21,2026-05-16 10:42:26.8595142,2026-05-16 10:42:26.8595142
21417,2751,Savings,336656.32,INR,BR004,ACTIVE,2020-01-15,2026-05-16 10:42:26.8595142,2026-05-16 10:42:26.8595142
21418,2394,Savings,393273.47,INR,BR002,ACTIVE,2022-03-18,2026-05-16 10:42:26.8595142,2026-05-16 10:42:26.8595142
21419,4512,Savings,102043.64,INR,BR003,ACTIVE,2020-11-27,2026-05-16 10:42:26.8595142,2026-05-16 10:42:26.8595142
21420,4829,Savings,409325.35,INR,BR001,ACTIVE,2024-02-11,2026-05-16 10:42:26.8595142,2026-05-16 10:42:26.8595142
21421,1566,Savings,479034.76,INR,BR002,ACTIVE,2023-11-20,2026-05-16 10:42:26.8595142,2026-05-16 10:42:26.8595142
21422,4556,Current,314917.58,INR,BR002,ACTIVE,2025-01-22,2026-05-16 10:42:26.8595142,2026-05-16 10:42:26.8595142
21423,3321,Current,392640.36,INR,BR001,ACTIVE,2024-07-19,2026-05-16 10:42:26.8595142,2026-05-16 10:42:26.8595142
21424,3989,Savings,266759.35,INR,BR002,ACTIVE,2023-11-14,2026-05-16 10:42:26.8595142,2026-05-16 10:42:26.8595142
21425,1901,Savings,333976.92,INR,BR003,ACTIVE,2022-06-07,2026-05-16 10:42:26.8595142,2026-05-16 10:42:26.8595142
21426,3179,Savings,7662.86,INR,BR001,ACTIVE,2020-09-10,2026-05-16 10:42:26.8595142,2026-05-16 10:42:26.8595142
21427,4593,Savings,262619.35,INR,BR003,ACTIVE,2022-11-25,2026-05-16 10:42:26.8595142,2026-05-16 10:42:26.8595142
21428,3772,Savings,303059.17,INR,BR004,ACTIVE,2022-07-10,2026-05-16 10:42:26.8595142,2026-05-16 10:42:26.8595142
21429,3682,Savings,335353.73,INR,BR001,ACTIVE,2024-03-15,2026-05-16 10:42:26.8595142,2026-05-16 10:42:26.8595142
21430,1114,Savings,85525.91,INR,BR003,ACTIVE,2023-04-08,2026-05-16 10:42:26.8595142,2026-05-16 10:42:26.8595142
21431,1532,Savings,121445.76,INR,BR004,ACTIVE,2021-03-15,2026-05-16 10:42:26.8595142,2026-05-16 10:42:26.8595142
21432,2523,Savings,378246.31,INR,BR003,ACTIVE,2023-01-19,2026-05-16 10:42:26.8595142,2026-05-16 10:42:26.8595142
21433,4411,Savings,84651.77,INR,BR003,ACTIVE,2023-05-26,2026-05-16 10:42:26.8595142,2026-05-16 10:42:26.8595142
21434,2045,Savings,208597.01,INR,BR002,ACTIVE,2022-05-17,2026-05-16 10:42:26.8595142,2026-05-16 10:42:26.8595142
21435,2744,Savings,125994.62,INR,BR004,ACTIVE,2020-10-21,2026-05-16 10:42:26.8595142,2026-05-16 10:42:26.8595142
21436,1033,Savings,273046.87,INR,BR002,ACTIVE,2021-08-07,2026-05-16 10:42:26.8595142,2026-05-16 10:42:26.8595142
21437,1133,Savings,493448.57,INR,BR004,ACTIVE,2023-06-09,2026-05-16 10:42:26.8595142,2026-05-16 10:42:26.8595142
21438,3968,Current,426166.91,INR,BR004,ACTIVE,2021-10-17,2026-05-16 10:42:26.8595142,2026-05-16 10:42:26.8595142
21439,2727,Savings,135467.70,INR,BR002,ACTIVE,2022-09-18,2026-05-16 10:42:26.8595142,2026-05-16 10:42:26.8595142
21440,1975,Savings,184937.29,INR,BR002,ACTIVE,2020-03-26,2026-05-16 10:42:26.8595142,2026-05-16 10:42:26.8595142
21441,1026,Savings,459398.16,INR,BR002,ACTIVE,2024-10-26,2026-05-16 10:42:26.8595142,2026-05-16 10:42:26.8595142
21442,4436,Savings,449249.19,INR,BR004,ACTIVE,2022-03-08,2026-05-16 10:42:26.8595142,2026-05-16 10:42:26.8595142
21443,3649,Savings,81103.49,INR,BR004,ACTIVE,2020-01-16,2026-05-16 10:42:26.8595142,2026-05-16 10:42:26.8595142
21444,4164,Savings,414806.29,INR,BR004,ACTIVE,2023-10-25,2026-05-16 10:42:26.8595142,2026-05-16 10:42:26.8595142
21445,1545,Current,149506.34,INR,BR004,ACTIVE,2022-03-13,2026-05-16 10:42:26.8595142,2026-05-16 10:42:26.8595142
21446,2262,Savings,272357.78,INR,BR004,ACTIVE,2020-04-05,2026-05-16 10:42:26.8595142,2026-05-16 10:42:26.8595142
21447,3066,Savings,3544.10,INR,BR004,ACTIVE,2024-07-30,2026-05-16 10:42:26.8595142,2026-05-16 10:42:26.8595142
21448,4346,Savings,499296.51,INR,BR003,ACTIVE,2023-01-01,2026-05-16 10:42:26.8595142,2026-05-16 10:42:26.8595142
21449,1934,Current,399127.70,INR,BR002,ACTIVE,2024-10-19,2026-05-16 10:42:26.8595142,2026-05-16 10:42:26.8595142
21450,3337,Savings,121624.80,INR,BR004,ACTIVE,2024-10-30,2026-05-16 10:42:26.8595142,2026-05-16 10:42:26.8595142
21451,2051,Savings,342213.65,INR,BR003,ACTIVE,2022-05-09,2026-05-16 10:42:26.8595142,2026-05-16 10:42:26.8595142
21452,1817,Savings,147360.37,INR,BR001,ACTIVE,2023-05-08,2026-05-16 10:42:26.8595142,2026-05-16 10:42:26.8595142
21453,4506,Savings,45638.45,INR,BR003,ACTIVE,2023-07-08,2026-05-16 10:42:26.8595142,2026-05-16 10:42:26.8595142
21454,2935,Savings,213229.67,INR,BR002,ACTIVE,2022-06-03,2026-05-16 10:42:26.8595142,2026-05-16 10:42:26.8595142
21455,1108,Savings,307245.71,INR,BR001,ACTIVE,2023-01-18,2026-05-16 10:42:26.8595142,2026-05-16 10:42:26.8595142
21456,4021,Savings,45798.95,INR,BR004,ACTIVE,2024-09-30,2026-05-16 10:42:26.8595142,2026-05-16 10:42:26.8595142
21457,1948,Savings,259684.74,INR,BR002,ACTIVE,2022-01-25,2026-05-16 10:42:26.8595142,2026-05-16 10:42:26.8595142
21458,1738,Current,257917.25,INR,BR001,ACTIVE,2021-12-09,2026-05-16 10:42:26.8595142,2026-05-16 10:42:26.8595142
21459,3372,Current,314693.98,INR,BR003,ACTIVE,2020-01-17,2026-05-16 10:42:26.8595142,2026-05-16 10:42:26.8595142
21460,3915,Savings,123078.17,INR,BR001,ACTIVE,2024-01-19,2026-05-16 10:42:26.8595142,2026-05-16 10:42:26.8595142
21461,4603,Savings,11300.10,INR,BR002,ACTIVE,2021-05-07,2026-05-16 10:42:26.8595142,2026-05-16 10:42:26.8595142
21462,3783,Savings,163103.90,INR,BR001,ACTIVE,2022-02-24,2026-05-16 10:42:26.8595142,2026-05-16 10:42:26.8595142
21463,1793,Savings,205660.30,INR,BR003,ACTIVE,2023-07-07,2026-05-16 10:42:26.8595142,2026-05-16 10:42:26.8595142
21464,4176,Savings,318234.79,INR,BR001,ACTIVE,2020-03-02,2026-05-16 10:42:26.8595142,2026-05-16 10:42:26.8595142
21465,2868,Savings,465155.76,INR,BR003,ACTIVE,2023-02-02,2026-05-16 10:42:26.8595142,2026-05-16 10:42:26.8595142
21466,2356,Savings,102489.38,INR,BR001,ACTIVE,2020-08-25,2026-05-16 10:42:26.8595142,2026-05-16 10:42:26.8595142
21467,2386,Savings,343979.48,INR,BR003,ACTIVE,2020-04-15,2026-05-16 10:42:26.8595142,2026-05-16 10:42:26.8595142
21468,4993,Savings,49603.05,INR,BR003,ACTIVE,2021-10-12,2026-05-16 10:42:26.8595142,2026-05-16 10:42:26.8595142
21469,1289,Savings,96120.26,INR,BR003,ACTIVE,2023-08-12,2026-05-16 10:42:26.8595142,2026-05-16 10:42:26.8595142
21470,2468,Current,255058.12,INR,BR004,ACTIVE,2020-09-30,2026-05-16 10:42:26.8595142,2026-05-16 10:42:26.8595142
21471,2061,Savings,354480.41,INR,BR003,ACTIVE,2021-06-09,2026-05-16 10:42:26.8595142,2026-05-16 10:42:26.8595142
21472,2372,Current,429425.70,INR,BR002,ACTIVE,2022-04-01,2026-05-16 10:42:26.8595142,2026-05-16 10:42:26.8595142
21473,3940,Savings,372207.81,INR,BR003,ACTIVE,2021-01-21,2026-05-16 10:42:26.8595142,2026-05-16 10:42:26.8595142
21474,4828,Savings,8661.04,INR,BR004,ACTIVE,2024-02-11,2026-05-16 10:42:26.8595142,2026-05-16 10:42:26.8595142
21475,1043,Savings,342281.73,INR,BR004,ACTIVE,2025-01-28,2026-05-16 10:42:26.8595142,2026-05-16 10:42:26.8595142
21476,2150,Savings,412504.19,INR,BR002,ACTIVE,2023-09-21,2026-05-16 10:42:26.8595142,2026-05-16 10:42:26.8595142
21477,3057,Savings,263241.21,INR,BR003,ACTIVE,2022-04-17,2026-05-16 10:42:26.8595142,2026-05-16 10:42:26.8595142
21478,4598,Savings,482833.75,INR,BR004,ACTIVE,2020-08-14,2026-05-16 10:42:26.8595142,2026-05-16 10:42:26.8595142
21479,4203,Savings,3151.90,INR,BR004,ACTIVE,2023-08-07,2026-05-16 10:42:26.8595142,2026-05-16 10:42:26.8595142
21480,4397,Current,409510.32,INR,BR001,ACTIVE,2021-11-10,2026-05-16 10:42:26.8595142,2026-05-16 10:42:26.8595142
21481,3232,Current,168075.05,INR,BR001,ACTIVE,2021-02-16,2026-05-16 10:42:26.8595142,2026-05-16 10:42:26.8595142
21482,4354,Savings,325574.44,INR,BR002,ACTIVE,2022-08-01,2026-05-16 10:42:26.8595142,2026-05-16 10:42:26.8595142
21483,3943,Savings,347047.47,INR,BR001,ACTIVE,2022-03-29,2026-05-16 10:42:26.8595142,2026-05-16 10:42:26.8595142
21484,2077,Current,153818.26,INR,BR003,ACTIVE,2024-10-16,2026-05-16 10:42:26.8595142,2026-05-16 10:42:26.8595142
21485,4625,Savings,497716.83,INR,BR001,ACTIVE,2023-01-03,2026-05-16 10:42:26.8595142,2026-05-16 10:42:26.8595142
21486,2874,Savings,52521.76,INR,BR004,ACTIVE,2023-06-13,2026-05-16 10:42:26.8595142,2026-05-16 10:42:26.8595142
21487,3918,Savings,79357.51,INR,BR002,ACTIVE,2022-11-01,2026-05-16 10:42:26.8595142,2026-05-16 10:42:26.8595142
21488,1533,Savings,446203.66,INR,BR001,ACTIVE,2022-03-01,2026-05-16 10:42:26.8595142,2026-05-16 10:42:26.8595142
21489,4449,Savings,60470.76,INR,BR002,ACTIVE,2024-12-02,2026-05-16 10:42:26.8595142,2026-05-16 10:42:26.8595142
21490,2319,Savings,191261.85,INR,BR003,ACTIVE,2022-07-28,2026-05-16 10:42:26.8595142,2026-05-16 10:42:26.8595142
21491,2232,Savings,366837.96,INR,BR003,ACTIVE,2020-04-28,2026-05-16 10:42:26.8595142,2026-05-16 10:42:26.8595142
21492,4048,Savings,395954.44,INR,BR001,ACTIVE,2024-08-10,2026-05-16 10:42:26.8595142,2026-05-16 10:42:26.8595142
21493,3711,Savings,477379.92,INR,BR001,ACTIVE,2020-12-16,2026-05-16 10:42:26.8595142,2026-05-16 10:42:26.8595142
21494,2501,Savings,394997.34,INR,BR001,ACTIVE,2020-06-20,2026-05-16 10:42:26.8595142,2026-05-16 10:42:26.8595142
21495,2994,Savings,422421.66,INR,BR004,ACTIVE,2020-04-11,2026-05-16 10:42:26.8595142,2026-05-16 10:42:26.8595142
21496,1954,Savings,474738.63,INR,BR003,ACTIVE,2024-07-09,2026-05-16 10:42:26.8595142,2026-05-16 10:42:26.8595142
21497,1069,Savings,277290.16,INR,BR004,ACTIVE,2020-01-26,2026-05-16 10:42:26.8595142,2026-05-16 10:42:26.8595142
21498,2867,Savings,180294.94,INR,BR001,ACTIVE,2024-12-16,2026-05-16 10:42:26.8595142,2026-05-16 10:42:26.8595142
21499,2949,Savings,381044.96,INR,BR003,ACTIVE,2020-10-24,2026-05-16 10:42:26.8595142,2026-05-16 10:42:26.8595142
21500,4902,Savings,82607.25,INR,BR004,ACTIVE,2024-10-06,2026-05-16 10:42:26.8595142,2026-05-16 10:42:26.8595142
21501,4509,Savings,35047.60,INR,BR004,ACTIVE,2021-01-09,2026-05-16 10:42:26.8595142,2026-05-16 10:42:26.8595142
21502,1301,Savings,392880.10,INR,BR002,ACTIVE,2021-04-22,2026-05-16 10:42:26.8595142,2026-05-16 10:42:26.8595142
21503,1027,Savings,475385.01,INR,BR004,ACTIVE,2021-03-11,2026-05-16 10:42:26.8595142,2026-05-16 10:42:26.8595142
21504,4700,Savings,221781.03,INR,BR001,ACTIVE,2021-03-03,2026-05-16 10:42:26.8595142,2026-05-16 10:42:26.8595142
21505,3978,Savings,106268.17,INR,BR001,ACTIVE,2022-09-28,2026-05-16 10:42:26.8595142,2026-05-16 10:42:26.8595142
21506,3702,Savings,279419.71,INR,BR004,ACTIVE,2020-12-14,2026-05-16 10:42:26.8595142,2026-05-16 10:42:26.8595142
21507,3601,Savings,197265.61,INR,BR002,ACTIVE,2021-12-25,2026-05-16 10:42:26.8595142,2026-05-16 10:42:26.8595142
21508,3154,Savings,186864.50,INR,BR002,ACTIVE,2022-04-10,2026-05-16 10:42:26.8595142,2026-05-16 10:42:26.8595142
21509,1586,Current,314412.34,INR,BR002,ACTIVE,2024-10-14,2026-05-16 10:42:26.8595142,2026-05-16 10:42:26.8595142
21510,3620,Savings,88193.12,INR,BR004,ACTIVE,2022-12-03,2026-05-16 10:42:26.8595142,2026-05-16 10:42:26.8595142
21511,1810,Savings,190860.29,INR,BR004,ACTIVE,2022-11-15,2026-05-16 10:42:26.8595142,2026-05-16 10:42:26.8595142
21512,1634,Savings,434469.74,INR,BR002,ACTIVE,2023-03-17,2026-05-16 10:42:26.8595142,2026-05-16 10:42:26.8595142
21513,2739,Savings,365102.88,INR,BR004,ACTIVE,2022-04-29,2026-05-16 10:42:26.8595142,2026-05-16 10:42:26.8595142
21514,4083,Savings,28738.64,INR,BR003,ACTIVE,2025-01-27,2026-05-16 10:42:26.8595142,2026-05-16 10:42:26.8595142
21515,3979,Savings,301808.89,INR,BR001,ACTIVE,2021-02-13,2026-05-16 10:42:26.8595142,2026-05-16 10:42:26.8595142
21516,1659,Savings,46556.36,INR,BR004,ACTIVE,2023-03-11,2026-05-16 10:42:26.8595142,2026-05-16 10:42:26.8595142
21517,2240,Current,478790.72,INR,BR003,ACTIVE,2020-05-27,2026-05-16 10:42:26.8595142,2026-05-16 10:42:26.8595142
21518,3934,Savings,123075.68,INR,BR004,ACTIVE,2023-12-03,2026-05-16 10:42:26.8595142,2026-05-16 10:42:26.8595142
21519,3369,Savings,466377.89,INR,BR003,ACTIVE,2024-01-02,2026-05-16 10:42:26.8595142,2026-05-16 10:42:26.8595142
21520,1460,Savings,417170.20,INR,BR002,ACTIVE,2020-06-13,2026-05-16 10:42:26.8595142,2026-05-16 10:42:26.8595142
21521,4887,Savings,276130.85,INR,BR001,ACTIVE,2022-07-25,2026-05-16 10:42:26.8595142,2026-05-16 10:42:26.8595142
21522,4598,Savings,168815.98,INR,BR004,ACTIVE,2022-12-01,2026-05-16 10:42:26.8595142,2026-05-16 10:42:26.8595142
21523,3627,Savings,429115.39,INR,BR003,ACTIVE,2020-09-05,2026-05-16 10:42:26.8595142,2026-05-16 10:42:26.8595142
21524,4764,Savings,77239.07,INR,BR003,ACTIVE,2020-04-21,2026-05-16 10:42:26.8595142,2026-05-16 10:42:26.8595142
21525,3925,Savings,118231.06,INR,BR002,ACTIVE,2022-12-04,2026-05-16 10:42:26.8595142,2026-05-16 10:42:26.8595142
21526,3802,Savings,113136.62,INR,BR001,ACTIVE,2023-02-26,2026-05-16 10:42:26.8595142,2026-05-16 10:42:26.8595142
21527,1160,Savings,299250.75,INR,BR001,ACTIVE,2020-12-31,2026-05-16 10:42:26.8595142,2026-05-16 10:42:26.8595142
21528,1464,Savings,157848.29,INR,BR001,ACTIVE,2024-02-19,2026-05-16 10:42:26.8595142,2026-05-16 10:42:26.8595142
21529,1998,Current,494601.54,INR,BR003,ACTIVE,2023-03-07,2026-05-16 10:42:26.8595142,2026-05-16 10:42:26.8595142
21530,2546,Savings,98361.40,INR,BR004,ACTIVE,2025-01-23,2026-05-16 10:42:26.8595142,2026-05-16 10:42:26.8595142
21531,4708,Savings,402999.44,INR,BR004,ACTIVE,2021-01-19,2026-05-16 10:42:26.8595142,2026-05-16 10:42:26.8595142
21532,4345,Savings,48822.27,INR,BR002,ACTIVE,2021-03-27,2026-05-16 10:42:26.8595142,2026-05-16 10:42:26.8595142
21533,3289,Savings,177369.83,INR,BR001,ACTIVE,2021-10-12,2026-05-16 10:42:26.8595142,2026-05-16 10:42:26.8595142
21534,1936,Current,122637.49,INR,BR004,ACTIVE,2024-06-08,2026-05-16 10:42:26.8595142,2026-05-16 10:42:26.8595142
21535,4012,Savings,488441.14,INR,BR003,ACTIVE,2025-01-04,2026-05-16 10:42:26.8595142,2026-05-16 10:42:26.8595142
21536,4007,Savings,13839.56,INR,BR003,ACTIVE,2022-09-24,2026-05-16 10:42:26.8595142,2026-05-16 10:42:26.8595142
21537,2679,Savings,406606.97,INR,BR001,ACTIVE,2023-12-28,2026-05-16 10:42:26.8595142,2026-05-16 10:42:26.8595142
21538,1865,Savings,131564.77,INR,BR002,ACTIVE,2022-01-27,2026-05-16 10:42:26.8595142,2026-05-16 10:42:26.8595142
21539,2191,Savings,405813.08,INR,BR002,ACTIVE,2024-07-16,2026-05-16 10:42:26.8595142,2026-05-16 10:42:26.8595142
21540,4641,Savings,156300.98,INR,BR001,ACTIVE,2022-12-07,2026-05-16 10:42:26.8595142,2026-05-16 10:42:26.8595142
21541,3698,Savings,94454.84,INR,BR003,ACTIVE,2024-09-22,2026-05-16 10:42:26.8595142,2026-05-16 10:42:26.8595142
21542,3375,Savings,346826.89,INR,BR002,ACTIVE,2020-10-13,2026-05-16 10:42:26.8595142,2026-05-16 10:42:26.8595142
21543,1865,Savings,129530.69,INR,BR003,ACTIVE,2021-09-17,2026-05-16 10:42:26.8595142,2026-05-16 10:42:26.8595142
21544,3577,Savings,243287.89,INR,BR003,ACTIVE,2023-12-17,2026-05-16 10:42:26.8595142,2026-05-16 10:42:26.8595142
21545,4916,Savings,66635.18,INR,BR004,ACTIVE,2020-06-16,2026-05-16 10:42:26.8595142,2026-05-16 10:42:26.8595142
21546,2297,Current,362574.41,INR,BR002,ACTIVE,2024-08-24,2026-05-16 10:42:26.8595142,2026-05-16 10:42:26.8595142
21547,3927,Savings,204011.27,INR,BR003,ACTIVE,2021-12-21,2026-05-16 10:42:26.8595142,2026-05-16 10:42:26.8595142
21548,4448,Current,71149.30,INR,BR004,ACTIVE,2022-08-23,2026-05-16 10:42:26.8595142,2026-05-16 10:42:26.8595142
21549,2936,Savings,371055.93,INR,BR003,ACTIVE,2023-09-04,2026-05-16 10:42:26.8595142,2026-05-16 10:42:26.8595142
21550,4447,Savings,52577.73,INR,BR001,ACTIVE,2022-05-03,2026-05-16 10:42:26.8595142,2026-05-16 10:42:26.8595142
21551,1334,Savings,287835.39,INR,BR002,ACTIVE,2023-10-20,2026-05-16 10:42:26.8595142,2026-05-16 10:42:26.8595142
21552,4075,Savings,304135.10,INR,BR003,ACTIVE,2024-03-20,2026-05-16 10:42:26.8595142,2026-05-16 10:42:26.8595142
21553,4315,Savings,482760.64,INR,BR002,ACTIVE,2024-05-03,2026-05-16 10:42:26.8595142,2026-05-16 10:42:26.8595142
21554,2644,Current,76339.27,INR,BR004,ACTIVE,2023-01-14,2026-05-16 10:42:26.8595142,2026-05-16 10:42:26.8595142
21555,4123,Savings,327019.83,INR,BR002,ACTIVE,2020-03-08,2026-05-16 10:42:26.8595142,2026-05-16 10:42:26.8595142
21556,3930,Savings,191003.52,INR,BR003,ACTIVE,2021-06-01,2026-05-16 10:42:26.8595142,2026-05-16 10:42:26.8595142
21557,3398,Current,226994.67,INR,BR002,ACTIVE,2020-03-23,2026-05-16 10:42:26.8595142,2026-05-16 10:42:26.8595142
21558,3222,Savings,251410.77,INR,BR001,ACTIVE,2022-05-07,2026-05-16 10:42:26.8595142,2026-05-16 10:42:26.8595142
21559,3164,Savings,117658.52,INR,BR001,ACTIVE,2023-04-29,2026-05-16 10:42:26.8595142,2026-05-16 10:42:26.8595142
21560,2719,Savings,231130.44,INR,BR004,ACTIVE,2022-03-30,2026-05-16 10:42:26.8595142,2026-05-16 10:42:26.8595142
21561,3409,Savings,343736.24,INR,BR003,ACTIVE,2022-11-02,2026-05-16 10:42:26.8595142,2026-05-16 10:42:26.8595142
21562,4427,Savings,229099.41,INR,BR002,ACTIVE,2021-08-19,2026-05-16 10:42:26.8595142,2026-05-16 10:42:26.8595142
21563,2690,Current,22211.71,INR,BR004,ACTIVE,2020-01-29,2026-05-16 10:42:26.8595142,2026-05-16 10:42:26.8595142
21564,2783,Savings,129655.30,INR,BR004,ACTIVE,2020-07-10,2026-05-16 10:42:26.8595142,2026-05-16 10:42:26.8595142
21565,3124,Savings,176378.65,INR,BR003,ACTIVE,2020-07-28,2026-05-16 10:42:26.8595142,2026-05-16 10:42:26.8595142
21566,4999,Current,178005.85,INR,BR002,ACTIVE,2021-01-30,2026-05-16 10:42:26.8595142,2026-05-16 10:42:26.8595142
21567,3804,Savings,41422.44,INR,BR004,ACTIVE,2024-04-22,2026-05-16 10:42:26.8595142,2026-05-16 10:42:26.8595142
21568,2105,Savings,225335.71,INR,BR004,ACTIVE,2024-04-28,2026-05-16 10:42:26.8595142,2026-05-16 10:42:26.8595142
21569,4301,Savings,346282.56,INR,BR003,ACTIVE,2021-05-19,2026-05-16 10:42:26.8595142,2026-05-16 10:42:26.8595142
21570,1072,Savings,25287.34,INR,BR003,ACTIVE,2021-02-27,2026-05-16 10:42:26.8595142,2026-05-16 10:42:26.8595142
21571,4475,Savings,375711.16,INR,BR004,ACTIVE,2024-12-01,2026-05-16 10:42:26.8595142,2026-05-16 10:42:26.8595142
21572,4290,Current,518249.49,INR,BR002,ACTIVE,2020-09-09,2026-05-16 10:42:26.8595142,2026-05-16 10:42:26.8595142
21573,1452,Savings,5659.74,INR,BR004,ACTIVE,2021-01-22,2026-05-16 10:42:26.8595142,2026-05-16 10:42:26.8595142
21574,3959,Savings,97652.47,INR,BR001,ACTIVE,2020-12-25,2026-05-16 10:42:26.8595142,2026-05-16 10:42:26.8595142
21575,2779,Savings,272200.40,INR,BR003,ACTIVE,2020-12-30,2026-05-16 10:42:26.8595142,2026-05-16 10:42:26.8595142
21576,3415,Savings,109806.69,INR,BR001,ACTIVE,2021-09-06,2026-05-16 10:42:26.8595142,2026-05-16 10:42:26.8595142
21577,1826,Savings,382548.39,INR,BR002,ACTIVE,2023-07-18,2026-05-16 10:42:26.8595142,2026-05-16 10:42:26.8595142
21578,4662,Savings,156755.02,INR,BR003,ACTIVE,2022-11-24,2026-05-16 10:42:26.8595142,2026-05-16 10:42:26.8595142
21579,3718,Savings,147519.02,INR,BR002,ACTIVE,2023-05-05,2026-05-16 10:42:26.8595142,2026-05-16 10:42:26.8595142
21580,4632,Savings,1461.01,INR,BR001,ACTIVE,2021-05-07,2026-05-16 10:42:26.8595142,2026-05-16 10:42:26.8595142
21581,2336,Savings,135792.97,INR,BR002,ACTIVE,2024-05-24,2026-05-16 10:42:26.8595142,2026-05-16 10:42:26.8595142
21582,4370,Savings,117065.84,INR,BR003,ACTIVE,2022-04-23,2026-05-16 10:42:26.8595142,2026-05-16 10:42:26.8595142
21583,4096,Savings,172277.24,INR,BR001,ACTIVE,2024-01-01,2026-05-16 10:42:26.8595142,2026-05-16 10:42:26.8595142
21584,3158,Savings,74680.67,INR,BR003,ACTIVE,2021-05-15,2026-05-16 10:42:26.8595142,2026-05-16 10:42:26.8595142
21585,1052,Savings,297729.68,INR,BR001,ACTIVE,2024-08-09,2026-05-16 10:42:26.8595142,2026-05-16 10:42:26.8595142
21586,2963,Savings,120132.03,INR,BR004,ACTIVE,2020-09-29,2026-05-16 10:42:26.8595142,2026-05-16 10:42:26.8595142
21587,4362,Savings,416043.68,INR,BR002,ACTIVE,2021-08-31,2026-05-16 10:42:26.8595142,2026-05-16 10:42:26.8595142
21588,4516,Savings,142994.42,INR,BR002,ACTIVE,2025-01-14,2026-05-16 10:42:26.8595142,2026-05-16 10:42:26.8595142
21589,1467,Savings,106223.93,INR,BR003,ACTIVE,2023-08-02,2026-05-16 10:42:26.8595142,2026-05-16 10:42:26.8595142
21590,4331,Savings,29318.93,INR,BR004,ACTIVE,2020-11-21,2026-05-16 10:42:26.8595142,2026-05-16 10:42:26.8595142
21591,4396,Savings,375499.33,INR,BR003,ACTIVE,2021-09-12,2026-05-16 10:42:26.8595142,2026-05-16 10:42:26.8595142
21592,2675,Savings,254595.88,INR,BR003,ACTIVE,2023-07-31,2026-05-16 10:42:26.8595142,2026-05-16 10:42:26.8595142
21593,2933,Savings,57777.72,INR,BR001,ACTIVE,2020-12-15,2026-05-16 10:42:26.8595142,2026-05-16 10:42:26.8595142
21594,3866,Savings,111446.06,INR,BR004,ACTIVE,2022-01-05,2026-05-16 10:42:26.8595142,2026-05-16 10:42:26.8595142
21595,2362,Savings,499360.82,INR,BR001,ACTIVE,2024-07-22,2026-05-16 10:42:26.8595142,2026-05-16 10:42:26.8595142
21596,1787,Savings,403208.33,INR,BR003,ACTIVE,2024-02-14,2026-05-16 10:42:26.8595142,2026-05-16 10:42:26.8595142
21597,1556,Savings,175584.87,INR,BR001,ACTIVE,2023-09-05,2026-05-16 10:42:26.8595142,2026-05-16 10:42:26.8595142
21598,3977,Savings,271734.86,INR,BR001,ACTIVE,2023-02-12,2026-05-16 10:42:26.8595142,2026-05-16 10:42:26.8595142
21599,3040,Savings,212664.20,INR,BR002,ACTIVE,2024-01-15,2026-05-16 10:42:26.8595142,2026-05-16 10:42:26.8595142
21600,4494,Savings,19158.39,INR,BR004,ACTIVE,2021-02-17,2026-05-16 10:42:26.8595142,2026-05-16 10:42:26.8595142
21601,3307,Savings,389559.83,INR,BR002,ACTIVE,2023-07-28,2026-05-16 10:42:26.8595142,2026-05-16 10:42:26.8595142
21602,4697,Savings,358776.07,INR,BR004,ACTIVE,2020-10-11,2026-05-16 10:42:26.8595142,2026-05-16 10:42:26.8595142
21603,2763,Savings,204992.35,INR,BR002,ACTIVE,2020-05-25,2026-05-16 10:42:26.8595142,2026-05-16 10:42:26.8595142
21604,3113,Current,441295.28,INR,BR003,ACTIVE,2023-11-06,2026-05-16 10:42:26.8595142,2026-05-16 10:42:26.8595142
21605,3211,Savings,301527.20,INR,BR002,ACTIVE,2020-07-31,2026-05-16 10:42:26.8595142,2026-05-16 10:42:26.8595142
21606,4236,Savings,33539.01,INR,BR004,ACTIVE,2024-01-18,2026-05-16 10:42:26.8595142,2026-05-16 10:42:26.8595142
21607,2702,Savings,130443.74,INR,BR004,ACTIVE,2025-01-25,2026-05-16 10:42:26.8595142,2026-05-16 10:42:26.8595142
21608,3087,Savings,231424.65,INR,BR004,ACTIVE,2022-08-19,2026-05-16 10:42:26.8595142,2026-05-16 10:42:26.8595142
21609,3713,Savings,52621.17,INR,BR002,ACTIVE,2021-03-29,2026-05-16 10:42:26.8595142,2026-05-16 10:42:26.8595142
21610,3368,Savings,285969.52,INR,BR001,ACTIVE,2024-07-02,2026-05-16 10:42:26.8595142,2026-05-16 10:42:26.8595142
21611,3408,Savings,61163.51,INR,BR002,ACTIVE,2024-07-03,2026-05-16 10:42:26.8595142,2026-05-16 10:42:26.8595142
21612,3317,Savings,101053.58,INR,BR001,ACTIVE,2021-10-18,2026-05-16 10:42:26.8595142,2026-05-16 10:42:26.8595142
21613,3372,Savings,447097.85,INR,BR002,ACTIVE,2025-01-07,2026-05-16 10:42:26.8595142,2026-05-16 10:42:26.8595142
21614,3374,Savings,499906.38,INR,BR003,ACTIVE,2023-10-02,2026-05-16 10:42:26.8595142,2026-05-16 10:42:26.8595142
21615,2611,Current,275576.42,INR,BR003,ACTIVE,2020-10-20,2026-05-16 10:42:26.8595142,2026-05-16 10:42:26.8595142
21616,1257,Savings,310204.66,INR,BR002,ACTIVE,2022-06-11,2026-05-16 10:42:26.8595142,2026-05-16 10:42:26.8595142
21617,3248,Savings,419066.73,INR,BR002,ACTIVE,2021-06-04,2026-05-16 10:42:26.8595142,2026-05-16 10:42:26.8595142
21618,4510,Current,348373.61,INR,BR002,ACTIVE,2024-08-28,2026-05-16 10:42:26.8595142,2026-05-16 10:42:26.8595142
21619,1610,Current,92050.81,INR,BR003,ACTIVE,2024-11-03,2026-05-16 10:42:26.8595142,2026-05-16 10:42:26.8595142
21620,2128,Savings,206424.09,INR,BR001,ACTIVE,2024-11-21,2026-05-16 10:42:26.8595142,2026-05-16 10:42:26.8595142
21621,2396,Savings,268023.14,INR,BR004,ACTIVE,2023-03-28,2026-05-16 10:42:26.8595142,2026-05-16 10:42:26.8595142
21622,1905,Savings,180496.28,INR,BR001,ACTIVE,2024-11-05,2026-05-16 10:42:26.8595142,2026-05-16 10:42:26.8595142
21623,1164,Savings,88876.98,INR,BR002,ACTIVE,2024-11-08,2026-05-16 10:42:26.8595142,2026-05-16 10:42:26.8595142
21624,2137,Savings,368320.56,INR,BR003,ACTIVE,2021-07-14,2026-05-16 10:42:26.8595142,2026-05-16 10:42:26.8595142
21625,1615,Savings,100224.36,INR,BR004,ACTIVE,2023-09-20,2026-05-16 10:42:26.8595142,2026-05-16 10:42:26.8595142
21626,3026,Savings,130982.48,INR,BR001,ACTIVE,2025-01-25,2026-05-16 10:42:26.8595142,2026-05-16 10:42:26.8595142
21627,4621,Savings,143973.29,INR,BR002,ACTIVE,2021-06-14,2026-05-16 10:42:26.8595142,2026-05-16 10:42:26.8595142
21628,1106,Savings,81727.84,INR,BR003,ACTIVE,2023-02-01,2026-05-16 10:42:26.8595142,2026-05-16 10:42:26.8595142
21629,1699,Savings,424926.26,INR,BR003,ACTIVE,2023-08-29,2026-05-16 10:42:26.8595142,2026-05-16 10:42:26.8595142
21630,1364,Savings,305697.54,INR,BR004,ACTIVE,2023-06-17,2026-05-16 10:42:26.8595142,2026-05-16 10:42:26.8595142
21631,4093,Savings,417539.32,INR,BR001,ACTIVE,2020-10-02,2026-05-16 10:42:26.8595142,2026-05-16 10:42:26.8595142
21632,3708,Savings,290482.28,INR,BR003,ACTIVE,2022-06-23,2026-05-16 10:42:26.8595142,2026-05-16 10:42:26.8595142
21633,3022,Savings,260261.96,INR,BR002,ACTIVE,2024-08-14,2026-05-16 10:42:26.8595142,2026-05-16 10:42:26.8595142
21634,2153,Current,308456.17,INR,BR002,ACTIVE,2020-09-03,2026-05-16 10:42:26.8595142,2026-05-16 10:42:26.8595142
21635,4555,Savings,186088.85,INR,BR004,ACTIVE,2020-01-15,2026-05-16 10:42:26.8595142,2026-05-16 10:42:26.8595142
21636,1699,Current,248795.46,INR,BR001,ACTIVE,2021-07-10,2026-05-16 10:42:26.8595142,2026-05-16 10:42:26.8595142
21637,4868,Savings,273910.65,INR,BR003,ACTIVE,2022-06-11,2026-05-16 10:42:26.8595142,2026-05-16 10:42:26.8595142
21638,4271,Current,506673.30,INR,BR004,ACTIVE,2020-05-21,2026-05-16 10:42:26.8595142,2026-05-16 10:42:26.8595142
21639,1747,Savings,441571.16,INR,BR001,ACTIVE,2020-10-07,2026-05-16 10:42:26.8595142,2026-05-16 10:42:26.8595142
21640,2976,Savings,65493.68,INR,BR001,ACTIVE,2021-05-17,2026-05-16 10:42:26.8595142,2026-05-16 10:42:26.8595142
21641,2644,Savings,21599.95,INR,BR003,ACTIVE,2020-11-07,2026-05-16 10:42:26.8595142,2026-05-16 10:42:26.8595142
21642,4593,Savings,340486.64,INR,BR004,ACTIVE,2021-04-07,2026-05-16 10:42:26.8595142,2026-05-16 10:42:26.8595142
21643,1961,Savings,25550.13,INR,BR004,ACTIVE,2024-03-29,2026-05-16 10:42:26.8595142,2026-05-16 10:42:26.8595142
21644,4492,Savings,31115.18,INR,BR004,ACTIVE,2022-01-10,2026-05-16 10:42:26.8595142,2026-05-16 10:42:26.8595142
21645,4298,Savings,80472.44,INR,BR004,ACTIVE,2023-06-22,2026-05-16 10:42:26.8595142,2026-05-16 10:42:26.8595142
21646,3978,Current,176501.84,INR,BR001,ACTIVE,2022-09-12,2026-05-16 10:42:26.8595142,2026-05-16 10:42:26.8595142
21647,1209,Savings,218063.06,INR,BR004,ACTIVE,2020-09-08,2026-05-16 10:42:26.8595142,2026-05-16 10:42:26.8595142
21648,4317,Savings,260169.64,INR,BR004,ACTIVE,2024-02-15,2026-05-16 10:42:26.8595142,2026-05-16 10:42:26.8595142
21649,2312,Savings,496151.81,INR,BR003,ACTIVE,2020-04-08,2026-05-16 10:42:26.8595142,2026-05-16 10:42:26.8595142
21650,4138,Savings,193231.14,INR,BR002,ACTIVE,2021-10-08,2026-05-16 10:42:26.8595142,2026-05-16 10:42:26.8595142
21651,2892,Savings,122133.80,INR,BR001,ACTIVE,2022-01-20,2026-05-16 10:42:26.8595142,2026-05-16 10:42:26.8595142
21652,2177,Current,288050.95,INR,BR003,ACTIVE,2020-10-19,2026-05-16 10:42:26.8595142,2026-05-16 10:42:26.8595142
21653,3539,Savings,108360.33,INR,BR003,ACTIVE,2022-10-17,2026-05-16 10:42:26.8595142,2026-05-16 10:42:26.8595142
21654,4507,Savings,470331.17,INR,BR003,ACTIVE,2021-01-25,2026-05-16 10:42:26.8595142,2026-05-16 10:42:26.8595142
21655,3751,Savings,130367.90,INR,BR001,ACTIVE,2023-09-11,2026-05-16 10:42:26.8595142,2026-05-16 10:42:26.8595142
21656,3040,Savings,494977.13,INR,BR002,ACTIVE,2023-08-03,2026-05-16 10:42:26.8595142,2026-05-16 10:42:26.8595142
21657,4290,Savings,209915.43,INR,BR001,ACTIVE,2024-06-21,2026-05-16 10:42:26.8595142,2026-05-16 10:42:26.8595142
21658,2453,Savings,406530.32,INR,BR004,ACTIVE,2021-01-11,2026-05-16 10:42:26.8595142,2026-05-16 10:42:26.8595142
21659,3550,Savings,324491.88,INR,BR002,ACTIVE,2021-04-21,2026-05-16 10:42:26.8595142,2026-05-16 10:42:26.8595142
21660,1666,Current,466813.59,INR,BR001,ACTIVE,2020-09-12,2026-05-16 10:42:26.8595142,2026-05-16 10:42:26.8595142
21661,4861,Savings,313088.05,INR,BR001,ACTIVE,2022-04-14,2026-05-16 10:42:26.8595142,2026-05-16 10:42:26.8595142
21662,2618,Savings,291027.77,INR,BR004,ACTIVE,2020-10-15,2026-05-16 10:42:26.8595142,2026-05-16 10:42:26.8595142
21663,3269,Savings,326773.37,INR,BR001,ACTIVE,2020-05-27,2026-05-16 10:42:26.8595142,2026-05-16 10:42:26.8595142
21664,1435,Savings,393446.30,INR,BR002,ACTIVE,2023-11-22,2026-05-16 10:42:26.8595142,2026-05-16 10:42:26.8595142
21665,3328,Savings,449521.97,INR,BR003,ACTIVE,2024-02-23,2026-05-16 10:42:26.8595142,2026-05-16 10:42:26.8595142
21666,2647,Savings,134140.64,INR,BR001,ACTIVE,2021-10-22,2026-05-16 10:42:26.8595142,2026-05-16 10:42:26.8595142
21667,4164,Savings,101242.66,INR,BR001,ACTIVE,2023-10-05,2026-05-16 10:42:26.8595142,2026-05-16 10:42:26.8595142
21668,3572,Savings,18140.50,INR,BR002,ACTIVE,2020-10-05,2026-05-16 10:42:26.8595142,2026-05-16 10:42:26.8595142
21669,3041,Current,185669.52,INR,BR001,ACTIVE,2022-08-13,2026-05-16 10:42:26.8595142,2026-05-16 10:42:26.8595142
21670,2163,Savings,423246.33,INR,BR003,ACTIVE,2021-08-14,2026-05-16 10:42:26.8595142,2026-05-16 10:42:26.8595142
21671,1667,Savings,35858.86,INR,BR004,ACTIVE,2024-02-22,2026-05-16 10:42:26.8595142,2026-05-16 10:42:26.8595142
21672,4095,Savings,269721.52,INR,BR004,ACTIVE,2024-05-31,2026-05-16 10:42:26.8595142,2026-05-16 10:42:26.8595142
21673,2441,Savings,347699.53,INR,BR004,ACTIVE,2021-01-17,2026-05-16 10:42:26.8595142,2026-05-16 10:42:26.8595142
21674,3000,Savings,418589.66,INR,BR003,ACTIVE,2023-11-13,2026-05-16 10:42:26.8595142,2026-05-16 10:42:26.8595142
21675,3780,Savings,292131.73,INR,BR004,ACTIVE,2023-06-07,2026-05-16 10:42:26.8595142,2026-05-16 10:42:26.8595142
21676,1348,Savings,93973.69,INR,BR002,ACTIVE,2021-04-16,2026-05-16 10:42:26.8595142,2026-05-16 10:42:26.8595142
21677,4309,Savings,482303.59,INR,BR002,ACTIVE,2021-02-03,2026-05-16 10:42:26.8595142,2026-05-16 10:42:26.8595142
21678,1765,Savings,48231.10,INR,BR003,ACTIVE,2024-05-09,2026-05-16 10:42:26.8595142,2026-05-16 10:42:26.8595142
21679,1934,Savings,384730.81,INR,BR003,ACTIVE,2024-07-06,2026-05-16 10:42:26.8595142,2026-05-16 10:42:26.8595142
21680,1183,Savings,90942.35,INR,BR003,ACTIVE,2021-01-27,2026-05-16 10:42:26.8595142,2026-05-16 10:42:26.8595142
21681,3556,Savings,72566.13,INR,BR002,ACTIVE,2024-03-12,2026-05-16 10:42:26.8595142,2026-05-16 10:42:26.8595142
21682,3246,Savings,449209.58,INR,BR003,ACTIVE,2020-12-04,2026-05-16 10:42:26.8595142,2026-05-16 10:42:26.8595142
21683,2706,Savings,376784.25,INR,BR003,ACTIVE,2024-06-27,2026-05-16 10:42:26.8595142,2026-05-16 10:42:26.8595142
21684,2147,Current,183388.63,INR,BR004,ACTIVE,2023-06-08,2026-05-16 10:42:26.8595142,2026-05-16 10:42:26.8595142
21685,4997,Savings,319723.45,INR,BR003,ACTIVE,2023-03-07,2026-05-16 10:42:26.8595142,2026-05-16 10:42:26.8595142
21686,4618,Savings,229166.36,INR,BR001,ACTIVE,2021-06-26,2026-05-16 10:42:26.8595142,2026-05-16 10:42:26.8595142
21687,1381,Savings,34202.34,INR,BR004,ACTIVE,2023-12-27,2026-05-16 10:42:26.8595142,2026-05-16 10:42:26.8595142
21688,1825,Savings,360842.68,INR,BR002,ACTIVE,2023-11-24,2026-05-16 10:42:26.8595142,2026-05-16 10:42:26.8595142
21689,2539,Savings,381864.61,INR,BR002,ACTIVE,2022-05-04,2026-05-16 10:42:26.8595142,2026-05-16 10:42:26.8595142
21690,4078,Savings,441288.35,INR,BR002,ACTIVE,2021-12-21,2026-05-16 10:42:26.8595142,2026-05-16 10:42:26.8595142
21691,4376,Savings,270778.04,INR,BR004,ACTIVE,2025-01-07,2026-05-16 10:42:26.8595142,2026-05-16 10:42:26.8595142
21692,2638,Savings,336895.84,INR,BR002,ACTIVE,2023-10-29,2026-05-16 10:42:26.8595142,2026-05-16 10:42:26.8595142
21693,1192,Savings,219587.16,INR,BR004,ACTIVE,2020-07-22,2026-05-16 10:42:26.8595142,2026-05-16 10:42:26.8595142
21694,4448,Current,160135.72,INR,BR004,ACTIVE,2023-07-23,2026-05-16 10:42:26.8595142,2026-05-16 10:42:26.8595142
21695,1525,Current,206438.30,INR,BR001,ACTIVE,2022-06-05,2026-05-16 10:42:26.8595142,2026-05-16 10:42:26.8595142
21696,4108,Savings,455964.43,INR,BR001,ACTIVE,2023-09-28,2026-05-16 10:42:26.8595142,2026-05-16 10:42:26.8595142
21697,2094,Savings,104347.25,INR,BR001,ACTIVE,2022-06-29,2026-05-16 10:42:26.8595142,2026-05-16 10:42:26.8595142
21698,3337,Current,125001.41,INR,BR001,ACTIVE,2020-06-13,2026-05-16 10:42:26.8595142,2026-05-16 10:42:26.8595142
21699,1105,Savings,303489.20,INR,BR001,ACTIVE,2025-01-12,2026-05-16 10:42:26.8595142,2026-05-16 10:42:26.8595142
21700,2740,Current,59024.38,INR,BR002,ACTIVE,2024-03-09,2026-05-16 10:42:26.8595142,2026-05-16 10:42:26.8595142
21701,3361,Savings,446040.39,INR,BR002,ACTIVE,2023-07-16,2026-05-16 10:42:26.8595142,2026-05-16 10:42:26.8595142
21702,4127,Savings,24570.95,INR,BR002,ACTIVE,2020-11-29,2026-05-16 10:42:26.8595142,2026-05-16 10:42:26.8595142
21703,4179,Savings,377900.83,INR,BR001,ACTIVE,2023-03-22,2026-05-16 10:42:26.8595142,2026-05-16 10:42:26.8595142
21704,2677,Savings,187490.30,INR,BR003,ACTIVE,2023-11-09,2026-05-16 10:42:26.8595142,2026-05-16 10:42:26.8595142
21705,4809,Savings,26531.62,INR,BR002,ACTIVE,2024-04-25,2026-05-16 10:42:26.8595142,2026-05-16 10:42:26.8595142
21706,3355,Savings,421621.02,INR,BR002,ACTIVE,2025-01-27,2026-05-16 10:42:26.8595142,2026-05-16 10:42:26.8595142
21707,4932,Savings,320589.66,INR,BR003,ACTIVE,2024-06-11,2026-05-16 10:42:26.8595142,2026-05-16 10:42:26.8595142
21708,1821,Savings,5420.50,INR,BR001,ACTIVE,2024-04-01,2026-05-16 10:42:26.8595142,2026-05-16 10:42:26.8595142
21709,1036,Savings,134498.89,INR,BR004,ACTIVE,2020-02-14,2026-05-16 10:42:26.8595142,2026-05-16 10:42:26.8595142
21710,4205,Savings,176670.76,INR,BR003,ACTIVE,2023-10-11,2026-05-16 10:42:26.8595142,2026-05-16 10:42:26.8595142
21711,3935,Savings,161966.50,INR,BR003,ACTIVE,2022-06-05,2026-05-16 10:42:26.8595142,2026-05-16 10:42:26.8595142
21712,2049,Savings,249672.67,INR,BR002,ACTIVE,2023-09-24,2026-05-16 10:42:26.8595142,2026-05-16 10:42:26.8595142
21713,2873,Current,263874.68,INR,BR002,ACTIVE,2021-05-08,2026-05-16 10:42:26.8595142,2026-05-16 10:42:26.8595142
21714,2061,Savings,200489.52,INR,BR001,ACTIVE,2023-07-04,2026-05-16 10:42:26.8595142,2026-05-16 10:42:26.8595142
21715,2043,Savings,166553.40,INR,BR004,ACTIVE,2024-10-27,2026-05-16 10:42:26.8595142,2026-05-16 10:42:26.8595142
21716,3083,Savings,252700.25,INR,BR004,ACTIVE,2024-11-08,2026-05-16 10:42:26.8595142,2026-05-16 10:42:26.8595142
21717,4435,Savings,17774.09,INR,BR003,ACTIVE,2024-03-10,2026-05-16 10:42:26.8595142,2026-05-16 10:42:26.8595142
21718,2442,Current,322955.68,INR,BR001,ACTIVE,2022-08-03,2026-05-16 10:42:26.8595142,2026-05-16 10:42:26.8595142
21719,2846,Savings,303385.28,INR,BR004,ACTIVE,2022-03-04,2026-05-16 10:42:26.8595142,2026-05-16 10:42:26.8595142
21720,4502,Savings,140330.68,INR,BR003,ACTIVE,2021-08-20,2026-05-16 10:42:26.8595142,2026-05-16 10:42:26.8595142
21721,2542,Savings,90578.21,INR,BR002,ACTIVE,2023-12-17,2026-05-16 10:42:26.8595142,2026-05-16 10:42:26.8595142
21722,1467,Savings,37419.50,INR,BR004,ACTIVE,2022-08-30,2026-05-16 10:42:26.8595142,2026-05-16 10:42:26.8595142
21723,3945,Savings,294084.53,INR,BR003,ACTIVE,2023-09-14,2026-05-16 10:42:26.8595142,2026-05-16 10:42:26.8595142
21724,1199,Savings,284881.24,INR,BR004,ACTIVE,2023-01-02,2026-05-16 10:42:26.8595142,2026-05-16 10:42:26.8595142
21725,4618,Savings,313848.00,INR,BR001,ACTIVE,2020-06-08,2026-05-16 10:42:26.8595142,2026-05-16 10:42:26.8595142
21726,2592,Savings,492823.52,INR,BR003,ACTIVE,2023-05-07,2026-05-16 10:42:26.8595142,2026-05-16 10:42:26.8595142
21727,3816,Savings,266240.51,INR,BR001,ACTIVE,2020-05-25,2026-05-16 10:42:26.8595142,2026-05-16 10:42:26.8595142
21728,2235,Savings,361173.57,INR,BR003,ACTIVE,2025-01-22,2026-05-16 10:42:26.8595142,2026-05-16 10:42:26.8595142
21729,4681,Savings,65004.42,INR,BR002,ACTIVE,2024-11-20,2026-05-16 10:42:26.8595142,2026-05-16 10:42:26.8595142
21730,4866,Savings,150186.42,INR,BR004,ACTIVE,2023-04-19,2026-05-16 10:42:26.8595142,2026-05-16 10:42:26.8595142
21731,4573,Savings,138447.86,INR,BR002,ACTIVE,2021-10-22,2026-05-16 10:42:26.8595142,2026-05-16 10:42:26.8595142
21732,1241,Savings,307385.37,INR,BR001,ACTIVE,2021-06-30,2026-05-16 10:42:26.8595142,2026-05-16 10:42:26.8595142
21733,2194,Current,166075.80,INR,BR004,ACTIVE,2020-12-26,2026-05-16 10:42:26.8595142,2026-05-16 10:42:26.8595142
21734,2883,Savings,320892.15,INR,BR002,ACTIVE,2024-02-02,2026-05-16 10:42:26.8595142,2026-05-16 10:42:26.8595142
21735,1294,Savings,345354.78,INR,BR003,ACTIVE,2021-09-14,2026-05-16 10:42:26.8595142,2026-05-16 10:42:26.8595142
21736,1922,Savings,17811.23,INR,BR003,ACTIVE,2021-04-08,2026-05-16 10:42:26.8595142,2026-05-16 10:42:26.8595142
21737,2763,Current,320239.10,INR,BR002,ACTIVE,2024-03-29,2026-05-16 10:42:26.8595142,2026-05-16 10:42:26.8595142
21738,2339,Savings,59276.89,INR,BR004,ACTIVE,2021-11-05,2026-05-16 10:42:26.8595142,2026-05-16 10:42:26.8595142
21739,4199,Savings,233102.52,INR,BR001,ACTIVE,2023-12-02,2026-05-16 10:42:26.8595142,2026-05-16 10:42:26.8595142
21740,1468,Current,363561.71,INR,BR003,ACTIVE,2020-03-14,2026-05-16 10:42:26.8595142,2026-05-16 10:42:26.8595142
21741,4864,Savings,351969.15,INR,BR001,ACTIVE,2020-10-29,2026-05-16 10:42:26.8595142,2026-05-16 10:42:26.8595142
21742,3415,Savings,150611.45,INR,BR004,ACTIVE,2023-04-29,2026-05-16 10:42:26.8595142,2026-05-16 10:42:26.8595142
21743,4093,Savings,136910.56,INR,BR004,ACTIVE,2020-08-18,2026-05-16 10:42:26.8595142,2026-05-16 10:42:26.8595142
21744,3364,Savings,220673.03,INR,BR003,ACTIVE,2021-07-20,2026-05-16 10:42:26.8595142,2026-05-16 10:42:26.8595142
21745,1758,Savings,95144.87,INR,BR001,ACTIVE,2020-05-13,2026-05-16 10:42:26.8595142,2026-05-16 10:42:26.8595142
21746,2114,Savings,487374.81,INR,BR004,ACTIVE,2020-05-18,2026-05-16 10:42:26.8595142,2026-05-16 10:42:26.8595142
21747,4476,Savings,173113.62,INR,BR001,ACTIVE,2021-05-06,2026-05-16 10:42:26.8595142,2026-05-16 10:42:26.8595142
21748,2542,Current,461573.64,INR,BR003,ACTIVE,2023-09-20,2026-05-16 10:42:26.8595142,2026-05-16 10:42:26.8595142
21749,3499,Savings,454224.22,INR,BR003,ACTIVE,2021-07-07,2026-05-16 10:42:26.8595142,2026-05-16 10:42:26.8595142
21750,3826,Savings,183059.64,INR,BR004,ACTIVE,2023-12-28,2026-05-16 10:42:26.8595142,2026-05-16 10:42:26.8595142
21751,1908,Savings,127788.23,INR,BR004,ACTIVE,2024-11-18,2026-05-16 10:42:26.8595142,2026-05-16 10:42:26.8595142
21752,2633,Savings,385646.98,INR,BR001,ACTIVE,2024-12-23,2026-05-16 10:42:26.8595142,2026-05-16 10:42:26.8595142
21753,4222,Savings,115459.55,INR,BR004,ACTIVE,2023-03-08,2026-05-16 10:42:26.8595142,2026-05-16 10:42:26.8595142
21754,3494,Savings,283289.56,INR,BR003,ACTIVE,2020-03-11,2026-05-16 10:42:26.8595142,2026-05-16 10:42:26.8595142
21755,1957,Savings,56234.00,INR,BR004,ACTIVE,2024-08-28,2026-05-16 10:42:26.8595142,2026-05-16 10:42:26.8595142
21756,3128,Savings,193580.15,INR,BR002,ACTIVE,2024-04-01,2026-05-16 10:42:26.8595142,2026-05-16 10:42:26.8595142
21757,4089,Current,39999.31,INR,BR003,ACTIVE,2021-11-22,2026-05-16 10:42:26.8595142,2026-05-16 10:42:26.8595142
21758,3186,Savings,142436.36,INR,BR001,ACTIVE,2023-05-23,2026-05-16 10:42:26.8595142,2026-05-16 10:42:26.8595142
21759,3700,Savings,332981.58,INR,BR004,ACTIVE,2023-04-02,2026-05-16 10:42:26.8595142,2026-05-16 10:42:26.8595142
21760,3899,Savings,495662.27,INR,BR004,ACTIVE,2023-02-03,2026-05-16 10:42:26.8595142,2026-05-16 10:42:26.8595142
21761,2532,Current,128148.99,INR,BR003,ACTIVE,2021-04-06,2026-05-16 10:42:26.8595142,2026-05-16 10:42:26.8595142
21762,1552,Savings,237187.32,INR,BR003,ACTIVE,2021-09-04,2026-05-16 10:42:26.8595142,2026-05-16 10:42:26.8595142
21763,4991,Current,224575.01,INR,BR001,ACTIVE,2023-10-31,2026-05-16 10:42:26.8595142,2026-05-16 10:42:26.8595142
21764,4752,Savings,92892.66,INR,BR003,ACTIVE,2023-07-19,2026-05-16 10:42:26.8595142,2026-05-16 10:42:26.8595142
21765,3122,Current,305424.45,INR,BR001,ACTIVE,2024-10-08,2026-05-16 10:42:26.8595142,2026-05-16 10:42:26.8595142
21766,4146,Savings,362627.77,INR,BR004,ACTIVE,2024-02-01,2026-05-16 10:42:26.8595142,2026-05-16 10:42:26.8595142
21767,3098,Savings,98098.89,INR,BR001,ACTIVE,2023-06-14,2026-05-16 10:42:26.8595142,2026-05-16 10:42:26.8595142
21768,4082,Current,378805.16,INR,BR001,ACTIVE,2022-12-11,2026-05-16 10:42:26.8595142,2026-05-16 10:42:26.8595142
21769,4175,Savings,350380.66,INR,BR001,ACTIVE,2023-12-12,2026-05-16 10:42:26.8595142,2026-05-16 10:42:26.8595142
21770,4934,Current,99474.10,INR,BR004,ACTIVE,2023-03-21,2026-05-16 10:42:26.8595142,2026-05-16 10:42:26.8595142
21771,1388,Savings,324824.86,INR,BR002,ACTIVE,2024-11-28,2026-05-16 10:42:26.8595142,2026-05-16 10:42:26.8595142
21772,3433,Savings,197442.17,INR,BR002,ACTIVE,2022-10-16,2026-05-16 10:42:26.8595142,2026-05-16 10:42:26.8595142
21773,1299,Savings,384915.48,INR,BR001,ACTIVE,2023-12-07,2026-05-16 10:42:26.8595142,2026-05-16 10:42:26.8595142
21774,1339,Savings,248552.33,INR,BR003,ACTIVE,2022-09-17,2026-05-16 10:42:26.8595142,2026-05-16 10:42:26.8595142
21775,4461,Savings,25020.70,INR,BR002,ACTIVE,2024-11-11,2026-05-16 10:42:26.8595142,2026-05-16 10:42:26.8595142
21776,1474,Savings,393696.53,INR,BR004,ACTIVE,2021-10-04,2026-05-16 10:42:26.8595142,2026-05-16 10:42:26.8595142
21777,1616,Current,278244.36,INR,BR001,ACTIVE,2023-02-07,2026-05-16 10:42:26.8595142,2026-05-16 10:42:26.8595142
21778,4874,Current,362672.52,INR,BR002,ACTIVE,2024-10-09,2026-05-16 10:42:26.8595142,2026-05-16 10:42:26.8595142
21779,1962,Savings,74141.22,INR,BR004,ACTIVE,2021-08-10,2026-05-16 10:42:26.8595142,2026-05-16 10:42:26.8595142
21780,1792,Savings,360914.96,INR,BR001,ACTIVE,2023-01-19,2026-05-16 10:42:26.8595142,2026-05-16 10:42:26.8595142
21781,4214,Savings,207419.43,INR,BR002,ACTIVE,2022-03-16,2026-05-16 10:42:26.8595142,2026-05-16 10:42:26.8595142
21782,4881,Savings,399834.25,INR,BR001,ACTIVE,2021-10-24,2026-05-16 10:42:26.8595142,2026-05-16 10:42:26.8595142
21783,2194,Savings,315527.02,INR,BR002,ACTIVE,2020-08-21,2026-05-16 10:42:26.8595142,2026-05-16 10:42:26.8595142
21784,1013,Savings,178096.16,INR,BR002,ACTIVE,2023-02-06,2026-05-16 10:42:26.8595142,2026-05-16 10:42:26.8595142
21785,4741,Savings,101756.56,INR,BR003,ACTIVE,2024-11-22,2026-05-16 10:42:26.8595142,2026-05-16 10:42:26.8595142
21786,1449,Savings,408146.16,INR,BR002,ACTIVE,2021-02-05,2026-05-16 10:42:26.8595142,2026-05-16 10:42:26.8595142
21787,3222,Savings,280536.14,INR,BR003,ACTIVE,2022-03-06,2026-05-16 10:42:26.8595142,2026-05-16 10:42:26.8595142
21788,2698,Savings,493746.57,INR,BR004,ACTIVE,2021-12-05,2026-05-16 10:42:26.8595142,2026-05-16 10:42:26.8595142
21789,2983,Savings,187370.85,INR,BR002,ACTIVE,2022-12-10,2026-05-16 10:42:26.8595142,2026-05-16 10:42:26.8595142
21790,2156,Savings,343173.89,INR,BR001,ACTIVE,2022-04-16,2026-05-16 10:42:26.8595142,2026-05-16 10:42:26.8595142
21791,4612,Savings,311787.62,INR,BR003,ACTIVE,2020-12-24,2026-05-16 10:42:26.8595142,2026-05-16 10:42:26.8595142
21792,3643,Savings,319153.27,INR,BR002,ACTIVE,2023-10-29,2026-05-16 10:42:26.8595142,2026-05-16 10:42:26.8595142
21793,2921,Savings,368753.00,INR,BR003,ACTIVE,2020-12-14,2026-05-16 10:42:26.8595142,2026-05-16 10:42:26.8595142
21794,3980,Savings,80006.64,INR,BR001,ACTIVE,2024-09-20,2026-05-16 10:42:26.8595142,2026-05-16 10:42:26.8595142
21795,2899,Savings,275272.38,INR,BR001,ACTIVE,2021-05-22,2026-05-16 10:42:26.8595142,2026-05-16 10:42:26.8595142
21796,3317,Savings,255055.71,INR,BR001,ACTIVE,2021-06-29,2026-05-16 10:42:26.8595142,2026-05-16 10:42:26.8595142
21797,2275,Savings,171922.36,INR,BR004,ACTIVE,2020-04-05,2026-05-16 10:42:26.8595142,2026-05-16 10:42:26.8595142
21798,2394,Savings,218638.98,INR,BR004,ACTIVE,2023-09-28,2026-05-16 10:42:26.8595142,2026-05-16 10:42:26.8595142
21799,3666,Savings,259887.23,INR,BR001,ACTIVE,2024-04-01,2026-05-16 10:42:26.8595142,2026-05-16 10:42:26.8595142
21800,1773,Savings,161140.24,INR,BR004,ACTIVE,2020-01-13,2026-05-16 10:42:26.8595142,2026-05-16 10:42:26.8595142
21801,3913,Savings,147286.26,INR,BR004,ACTIVE,2023-10-02,2026-05-16 10:42:26.8751385,2026-05-16 10:42:26.8751385
21802,3574,Savings,369398.01,INR,BR004,ACTIVE,2023-02-27,2026-05-16 10:42:26.8751385,2026-05-16 10:42:26.8751385
21803,2616,Savings,34392.15,INR,BR004,ACTIVE,2020-04-20,2026-05-16 10:42:26.8751385,2026-05-16 10:42:26.8751385
21804,1888,Savings,157168.58,INR,BR004,ACTIVE,2022-12-05,2026-05-16 10:42:26.8751385,2026-05-16 10:42:26.8751385
21805,4578,Savings,370613.35,INR,BR004,ACTIVE,2023-08-18,2026-05-16 10:42:26.8751385,2026-05-16 10:42:26.8751385
21806,3720,Savings,105177.71,INR,BR001,ACTIVE,2022-11-06,2026-05-16 10:42:26.8751385,2026-05-16 10:42:26.8751385
21807,3226,Savings,286564.05,INR,BR004,ACTIVE,2023-06-16,2026-05-16 10:42:26.8751385,2026-05-16 10:42:26.8751385
21808,4739,Savings,151779.91,INR,BR004,ACTIVE,2022-02-23,2026-05-16 10:42:26.8751385,2026-05-16 10:42:26.8751385
21809,4619,Savings,421807.34,INR,BR003,ACTIVE,2024-07-17,2026-05-16 10:42:26.8751385,2026-05-16 10:42:26.8751385
21810,3307,Savings,175644.68,INR,BR003,ACTIVE,2020-04-24,2026-05-16 10:42:26.8751385,2026-05-16 10:42:26.8751385
21811,1260,Savings,115528.76,INR,BR004,ACTIVE,2020-10-10,2026-05-16 10:42:26.8751385,2026-05-16 10:42:26.8751385
21812,4207,Savings,309372.54,INR,BR002,ACTIVE,2021-06-10,2026-05-16 10:42:26.8751385,2026-05-16 10:42:26.8751385
21813,4533,Savings,68694.60,INR,BR002,ACTIVE,2023-07-09,2026-05-16 10:42:26.8751385,2026-05-16 10:42:26.8751385
21814,2513,Savings,441784.86,INR,BR004,ACTIVE,2022-06-08,2026-05-16 10:42:26.8751385,2026-05-16 10:42:26.8751385
21815,1643,Savings,340334.10,INR,BR001,ACTIVE,2021-06-17,2026-05-16 10:42:26.8751385,2026-05-16 10:42:26.8751385
21816,3129,Savings,411762.79,INR,BR001,ACTIVE,2024-09-30,2026-05-16 10:42:26.8751385,2026-05-16 10:42:26.8751385
21817,4439,Savings,200040.22,INR,BR003,ACTIVE,2022-07-13,2026-05-16 10:42:26.8751385,2026-05-16 10:42:26.8751385
21818,2083,Current,417666.70,INR,BR001,ACTIVE,2021-10-25,2026-05-16 10:42:26.8751385,2026-05-16 10:42:26.8751385
21819,4146,Savings,247280.52,INR,BR001,ACTIVE,2022-01-31,2026-05-16 10:42:26.8751385,2026-05-16 10:42:26.8751385
21820,2263,Savings,48254.82,INR,BR001,ACTIVE,2022-07-04,2026-05-16 10:42:26.8751385,2026-05-16 10:42:26.8751385
21821,3177,Current,112790.60,INR,BR004,ACTIVE,2024-09-14,2026-05-16 10:42:26.8751385,2026-05-16 10:42:26.8751385
21822,1412,Savings,357571.79,INR,BR004,ACTIVE,2021-10-16,2026-05-16 10:42:26.8751385,2026-05-16 10:42:26.8751385
21823,3363,Savings,448314.73,INR,BR002,ACTIVE,2022-02-16,2026-05-16 10:42:26.8751385,2026-05-16 10:42:26.8751385
21824,4446,Current,48497.61,INR,BR003,ACTIVE,2023-02-17,2026-05-16 10:42:26.8751385,2026-05-16 10:42:26.8751385
21825,4509,Current,454385.23,INR,BR002,ACTIVE,2022-04-23,2026-05-16 10:42:26.8751385,2026-05-16 10:42:26.8751385
21826,4210,Savings,399735.84,INR,BR001,ACTIVE,2020-08-29,2026-05-16 10:42:26.8751385,2026-05-16 10:42:26.8751385
21827,3503,Savings,178923.97,INR,BR001,ACTIVE,2023-05-16,2026-05-16 10:42:26.8751385,2026-05-16 10:42:26.8751385
21828,1615,Savings,344949.13,INR,BR002,ACTIVE,2023-10-10,2026-05-16 10:42:26.8751385,2026-05-16 10:42:26.8751385
21829,1899,Savings,94288.72,INR,BR002,ACTIVE,2024-10-17,2026-05-16 10:42:26.8751385,2026-05-16 10:42:26.8751385
21830,3951,Savings,406883.26,INR,BR004,ACTIVE,2023-01-20,2026-05-16 10:42:26.8751385,2026-05-16 10:42:26.8751385
21831,4081,Savings,361068.13,INR,BR004,ACTIVE,2023-12-03,2026-05-16 10:42:26.8751385,2026-05-16 10:42:26.8751385
21832,1232,Savings,219975.86,INR,BR003,ACTIVE,2022-03-15,2026-05-16 10:42:26.8751385,2026-05-16 10:42:26.8751385
21833,3659,Savings,432394.14,INR,BR004,ACTIVE,2023-12-30,2026-05-16 10:42:26.8751385,2026-05-16 10:42:26.8751385
21834,1730,Savings,70478.02,INR,BR001,ACTIVE,2022-04-20,2026-05-16 10:42:26.8751385,2026-05-16 10:42:26.8751385
21835,4013,Savings,423047.03,INR,BR001,ACTIVE,2020-02-08,2026-05-16 10:42:26.8751385,2026-05-16 10:42:26.8751385
21836,2421,Savings,12919.32,INR,BR002,ACTIVE,2023-12-12,2026-05-16 10:42:26.8751385,2026-05-16 10:42:26.8751385
21837,2773,Current,376847.00,INR,BR003,ACTIVE,2021-10-20,2026-05-16 10:42:26.8751385,2026-05-16 10:42:26.8751385
21838,4806,Savings,287108.67,INR,BR004,ACTIVE,2021-01-30,2026-05-16 10:42:26.8751385,2026-05-16 10:42:26.8751385
21839,2704,Savings,348664.91,INR,BR003,ACTIVE,2021-02-19,2026-05-16 10:42:26.8751385,2026-05-16 10:42:26.8751385
21840,3930,Savings,206759.92,INR,BR001,ACTIVE,2022-01-24,2026-05-16 10:42:26.8751385,2026-05-16 10:42:26.8751385
21841,2598,Savings,432356.12,INR,BR001,ACTIVE,2021-12-21,2026-05-16 10:42:26.8751385,2026-05-16 10:42:26.8751385
21842,1318,Savings,157261.36,INR,BR004,ACTIVE,2023-02-18,2026-05-16 10:42:26.8751385,2026-05-16 10:42:26.8751385
21843,2531,Savings,187488.39,INR,BR004,ACTIVE,2022-10-28,2026-05-16 10:42:26.8751385,2026-05-16 10:42:26.8751385
21844,3570,Savings,177968.14,INR,BR004,ACTIVE,2021-06-03,2026-05-16 10:42:26.8751385,2026-05-16 10:42:26.8751385
21845,4818,Savings,413389.82,INR,BR002,ACTIVE,2024-04-02,2026-05-16 10:42:26.8751385,2026-05-16 10:42:26.8751385
21846,2111,Savings,248150.57,INR,BR001,ACTIVE,2024-09-25,2026-05-16 10:42:26.8751385,2026-05-16 10:42:26.8751385
21847,4851,Savings,269005.58,INR,BR002,ACTIVE,2023-06-26,2026-05-16 10:42:26.8751385,2026-05-16 10:42:26.8751385
21848,1716,Current,415996.05,INR,BR001,ACTIVE,2022-12-10,2026-05-16 10:42:26.8751385,2026-05-16 10:42:26.8751385
21849,2342,Current,416849.41,INR,BR004,ACTIVE,2022-08-02,2026-05-16 10:42:26.8751385,2026-05-16 10:42:26.8751385
21850,4405,Current,81707.31,INR,BR001,ACTIVE,2022-09-28,2026-05-16 10:42:26.8751385,2026-05-16 10:42:26.8751385
21851,4432,Savings,275334.07,INR,BR001,ACTIVE,2021-01-25,2026-05-16 10:42:26.8751385,2026-05-16 10:42:26.8751385
21852,4313,Savings,63883.09,INR,BR003,ACTIVE,2021-09-18,2026-05-16 10:42:26.8751385,2026-05-16 10:42:26.8751385
21853,4128,Current,434395.71,INR,BR001,ACTIVE,2023-02-07,2026-05-16 10:42:26.8751385,2026-05-16 10:42:26.8751385
21854,2134,Savings,418665.85,INR,BR001,ACTIVE,2023-08-09,2026-05-16 10:42:26.8751385,2026-05-16 10:42:26.8751385
21855,4121,Savings,424825.08,INR,BR003,ACTIVE,2021-05-01,2026-05-16 10:42:26.8751385,2026-05-16 10:42:26.8751385
21856,2779,Savings,370587.67,INR,BR004,ACTIVE,2022-07-06,2026-05-16 10:42:26.8751385,2026-05-16 10:42:26.8751385
21857,4088,Savings,234997.61,INR,BR003,ACTIVE,2023-07-30,2026-05-16 10:42:26.8751385,2026-05-16 10:42:26.8751385
21858,2097,Savings,202955.89,INR,BR004,ACTIVE,2024-12-10,2026-05-16 10:42:26.8751385,2026-05-16 10:42:26.8751385
21859,3932,Current,198217.06,INR,BR004,ACTIVE,2024-02-24,2026-05-16 10:42:26.8751385,2026-05-16 10:42:26.8751385
21860,1202,Savings,34040.18,INR,BR004,ACTIVE,2024-12-10,2026-05-16 10:42:26.8751385,2026-05-16 10:42:26.8751385
21861,3141,Savings,474486.27,INR,BR001,ACTIVE,2024-03-13,2026-05-16 10:42:26.8751385,2026-05-16 10:42:26.8751385
21862,2673,Savings,225687.55,INR,BR003,ACTIVE,2024-11-05,2026-05-16 10:42:26.8751385,2026-05-16 10:42:26.8751385
21863,2057,Current,465127.33,INR,BR003,ACTIVE,2023-09-22,2026-05-16 10:42:26.8751385,2026-05-16 10:42:26.8751385
21864,4672,Savings,439749.51,INR,BR003,ACTIVE,2023-07-13,2026-05-16 10:42:26.8751385,2026-05-16 10:42:26.8751385
21865,1419,Savings,414476.58,INR,BR003,ACTIVE,2021-12-10,2026-05-16 10:42:26.8751385,2026-05-16 10:42:26.8751385
21866,4275,Savings,294566.13,INR,BR002,ACTIVE,2023-05-10,2026-05-16 10:42:26.8751385,2026-05-16 10:42:26.8751385
21867,3599,Savings,51676.39,INR,BR001,ACTIVE,2020-02-10,2026-05-16 10:42:26.8751385,2026-05-16 10:42:26.8751385
21868,1626,Savings,162631.81,INR,BR002,ACTIVE,2021-08-28,2026-05-16 10:42:26.8751385,2026-05-16 10:42:26.8751385
21869,1845,Savings,339977.24,INR,BR001,ACTIVE,2022-11-12,2026-05-16 10:42:26.8751385,2026-05-16 10:42:26.8751385
21870,4831,Current,7714.45,INR,BR003,ACTIVE,2023-06-03,2026-05-16 10:42:26.8751385,2026-05-16 10:42:26.8751385
21871,2879,Savings,22272.83,INR,BR002,ACTIVE,2023-01-17,2026-05-16 10:42:26.8751385,2026-05-16 10:42:26.8751385
21872,2945,Savings,339154.03,INR,BR004,ACTIVE,2021-08-06,2026-05-16 10:42:26.8751385,2026-05-16 10:42:26.8751385
21873,3930,Savings,462371.70,INR,BR003,ACTIVE,2020-10-29,2026-05-16 10:42:26.8751385,2026-05-16 10:42:26.8751385
21874,3768,Savings,427726.40,INR,BR003,ACTIVE,2023-09-22,2026-05-16 10:42:26.8751385,2026-05-16 10:42:26.8751385
21875,4384,Savings,84904.49,INR,BR004,ACTIVE,2022-10-08,2026-05-16 10:42:26.8751385,2026-05-16 10:42:26.8751385
21876,3992,Current,455705.49,INR,BR003,ACTIVE,2021-08-28,2026-05-16 10:42:26.8751385,2026-05-16 10:42:26.8751385
21877,4541,Savings,361912.82,INR,BR001,ACTIVE,2022-12-29,2026-05-16 10:42:26.8751385,2026-05-16 10:42:26.8751385
21878,1394,Savings,358446.65,INR,BR003,ACTIVE,2021-02-08,2026-05-16 10:42:26.8751385,2026-05-16 10:42:26.8751385
21879,3857,Savings,152716.56,INR,BR001,ACTIVE,2023-03-03,2026-05-16 10:42:26.8751385,2026-05-16 10:42:26.8751385
21880,3920,Current,358282.39,INR,BR001,ACTIVE,2023-02-25,2026-05-16 10:42:26.8751385,2026-05-16 10:42:26.8751385
21881,4283,Savings,355176.37,INR,BR003,ACTIVE,2020-09-21,2026-05-16 10:42:26.8751385,2026-05-16 10:42:26.8751385
21882,3915,Savings,297738.10,INR,BR004,ACTIVE,2022-05-12,2026-05-16 10:42:26.8751385,2026-05-16 10:42:26.8751385
21883,3619,Savings,179286.91,INR,BR001,ACTIVE,2020-02-14,2026-05-16 10:42:26.8751385,2026-05-16 10:42:26.8751385
21884,4228,Savings,405696.20,INR,BR002,ACTIVE,2020-12-07,2026-05-16 10:42:26.8751385,2026-05-16 10:42:26.8751385
21885,3682,Savings,468821.45,INR,BR001,ACTIVE,2020-11-04,2026-05-16 10:42:26.8751385,2026-05-16 10:42:26.8751385
21886,1632,Savings,474635.73,INR,BR004,ACTIVE,2023-03-08,2026-05-16 10:42:26.8751385,2026-05-16 10:42:26.8751385
21887,3857,Savings,122246.62,INR,BR003,ACTIVE,2024-11-08,2026-05-16 10:42:26.8751385,2026-05-16 10:42:26.8751385
21888,1322,Current,223391.24,INR,BR004,ACTIVE,2020-01-18,2026-05-16 10:42:26.8751385,2026-05-16 10:42:26.8751385
21889,4507,Current,171864.76,INR,BR004,ACTIVE,2024-05-07,2026-05-16 10:42:26.8751385,2026-05-16 10:42:26.8751385
21890,1574,Savings,354032.30,INR,BR003,ACTIVE,2021-02-20,2026-05-16 10:42:26.8751385,2026-05-16 10:42:26.8751385
21891,2694,Current,415913.68,INR,BR002,ACTIVE,2024-07-21,2026-05-16 10:42:26.8751385,2026-05-16 10:42:26.8751385
21892,2064,Savings,108682.27,INR,BR002,ACTIVE,2021-09-26,2026-05-16 10:42:26.8751385,2026-05-16 10:42:26.8751385
21893,4826,Savings,473690.49,INR,BR001,ACTIVE,2023-04-30,2026-05-16 10:42:26.8751385,2026-05-16 10:42:26.8751385
21894,4112,Savings,338987.24,INR,BR001,ACTIVE,2024-05-23,2026-05-16 10:42:26.8751385,2026-05-16 10:42:26.8751385
21895,2477,Savings,110005.49,INR,BR002,ACTIVE,2021-06-24,2026-05-16 10:42:26.8751385,2026-05-16 10:42:26.8751385
21896,3918,Savings,186176.21,INR,BR003,ACTIVE,2022-11-25,2026-05-16 10:42:26.8751385,2026-05-16 10:42:26.8751385
21897,4262,Savings,53198.82,INR,BR004,ACTIVE,2020-01-12,2026-05-16 10:42:26.8751385,2026-05-16 10:42:26.8751385
21898,3794,Savings,298937.42,INR,BR003,ACTIVE,2024-06-17,2026-05-16 10:42:26.8751385,2026-05-16 10:42:26.8751385
21899,4087,Savings,85426.57,INR,BR004,ACTIVE,2020-10-05,2026-05-16 10:42:26.8751385,2026-05-16 10:42:26.8751385
21900,2148,Savings,346851.88,INR,BR004,ACTIVE,2021-10-10,2026-05-16 10:42:26.8751385,2026-05-16 10:42:26.8751385
21901,4812,Savings,368886.12,INR,BR002,ACTIVE,2021-04-18,2026-05-16 10:42:26.8751385,2026-05-16 10:42:26.8751385
21902,4971,Savings,240188.07,INR,BR002,ACTIVE,2023-02-17,2026-05-16 10:42:26.8751385,2026-05-16 10:42:26.8751385
21903,4352,Savings,47814.57,INR,BR003,ACTIVE,2022-12-26,2026-05-16 10:42:26.8751385,2026-05-16 10:42:26.8751385
21904,3985,Savings,305825.72,INR,BR004,ACTIVE,2023-04-08,2026-05-16 10:42:26.8751385,2026-05-16 10:42:26.8751385
21905,1959,Savings,186730.42,INR,BR003,ACTIVE,2023-02-05,2026-05-16 10:42:26.8751385,2026-05-16 10:42:26.8751385
21906,1048,Savings,474874.09,INR,BR001,ACTIVE,2022-10-11,2026-05-16 10:42:26.8751385,2026-05-16 10:42:26.8751385
21907,3237,Savings,257089.65,INR,BR002,ACTIVE,2022-12-03,2026-05-16 10:42:26.8751385,2026-05-16 10:42:26.8751385
21908,3352,Current,37060.77,INR,BR002,ACTIVE,2023-10-14,2026-05-16 10:42:26.8751385,2026-05-16 10:42:26.8751385
21909,2583,Savings,318388.49,INR,BR004,ACTIVE,2023-07-12,2026-05-16 10:42:26.8751385,2026-05-16 10:42:26.8751385
21910,4768,Savings,389897.50,INR,BR002,ACTIVE,2023-05-09,2026-05-16 10:42:26.8751385,2026-05-16 10:42:26.8751385
21911,4177,Current,81090.90,INR,BR003,ACTIVE,2024-03-01,2026-05-16 10:42:26.8751385,2026-05-16 10:42:26.8751385
21912,3417,Current,225079.62,INR,BR004,ACTIVE,2023-07-30,2026-05-16 10:42:26.8751385,2026-05-16 10:42:26.8751385
21913,4573,Savings,371855.28,INR,BR004,ACTIVE,2024-08-29,2026-05-16 10:42:26.8751385,2026-05-16 10:42:26.8751385
21914,1460,Savings,11226.31,INR,BR001,ACTIVE,2020-08-21,2026-05-16 10:42:26.8751385,2026-05-16 10:42:26.8751385
21915,3295,Current,15455.93,INR,BR003,ACTIVE,2020-06-21,2026-05-16 10:42:26.8751385,2026-05-16 10:42:26.8751385
21916,3312,Current,338779.12,INR,BR004,ACTIVE,2022-12-05,2026-05-16 10:42:26.8751385,2026-05-16 10:42:26.8751385
21917,2230,Savings,362838.12,INR,BR002,ACTIVE,2024-11-26,2026-05-16 10:42:26.8751385,2026-05-16 10:42:26.8751385
21918,2531,Savings,423088.85,INR,BR002,ACTIVE,2022-05-12,2026-05-16 10:42:26.8751385,2026-05-16 10:42:26.8751385
21919,1530,Savings,200400.31,INR,BR004,ACTIVE,2024-05-16,2026-05-16 10:42:26.8751385,2026-05-16 10:42:26.8751385
21920,2388,Savings,195498.56,INR,BR002,ACTIVE,2022-08-02,2026-05-16 10:42:26.8751385,2026-05-16 10:42:26.8751385
21921,4835,Current,276631.62,INR,BR004,ACTIVE,2020-08-17,2026-05-16 10:42:26.8751385,2026-05-16 10:42:26.8751385
21922,3798,Savings,378906.15,INR,BR004,ACTIVE,2020-10-06,2026-05-16 10:42:26.8751385,2026-05-16 10:42:26.8751385
21923,2364,Savings,320855.11,INR,BR004,ACTIVE,2023-12-18,2026-05-16 10:42:26.8751385,2026-05-16 10:42:26.8751385
21924,1407,Savings,164334.33,INR,BR002,ACTIVE,2021-04-23,2026-05-16 10:42:26.8751385,2026-05-16 10:42:26.8751385
21925,1453,Current,173927.08,INR,BR002,ACTIVE,2020-12-22,2026-05-16 10:42:26.8751385,2026-05-16 10:42:26.8751385
21926,4905,Savings,381739.46,INR,BR003,ACTIVE,2021-06-17,2026-05-16 10:42:26.8751385,2026-05-16 10:42:26.8751385
21927,2901,Savings,267788.68,INR,BR001,ACTIVE,2024-03-06,2026-05-16 10:42:26.8751385,2026-05-16 10:42:26.8751385
21928,1814,Savings,49890.11,INR,BR002,ACTIVE,2022-10-03,2026-05-16 10:42:26.8751385,2026-05-16 10:42:26.8751385
21929,1578,Savings,77344.48,INR,BR004,ACTIVE,2020-04-27,2026-05-16 10:42:26.8751385,2026-05-16 10:42:26.8751385
21930,4920,Savings,425744.00,INR,BR002,ACTIVE,2023-05-28,2026-05-16 10:42:26.8751385,2026-05-16 10:42:26.8751385
21931,4013,Savings,499402.91,INR,BR002,ACTIVE,2022-04-22,2026-05-16 10:42:26.8751385,2026-05-16 10:42:26.8751385
21932,4222,Savings,168505.77,INR,BR004,ACTIVE,2024-06-08,2026-05-16 10:42:26.8751385,2026-05-16 10:42:26.8751385
21933,4265,Savings,211376.80,INR,BR003,ACTIVE,2024-02-16,2026-05-16 10:42:26.8751385,2026-05-16 10:42:26.8751385
21934,2932,Current,78089.52,INR,BR004,ACTIVE,2022-05-27,2026-05-16 10:42:26.8751385,2026-05-16 10:42:26.8751385
21935,1147,Savings,118620.83,INR,BR003,ACTIVE,2023-08-12,2026-05-16 10:42:26.8751385,2026-05-16 10:42:26.8751385
21936,1406,Savings,212890.29,INR,BR002,ACTIVE,2021-01-02,2026-05-16 10:42:26.8751385,2026-05-16 10:42:26.8751385
21937,1183,Savings,142910.43,INR,BR004,ACTIVE,2022-10-24,2026-05-16 10:42:26.8751385,2026-05-16 10:42:26.8751385
21938,4178,Savings,351011.00,INR,BR002,ACTIVE,2023-05-05,2026-05-16 10:42:26.8751385,2026-05-16 10:42:26.8751385
21939,1236,Savings,269386.87,INR,BR004,ACTIVE,2024-09-28,2026-05-16 10:42:26.8751385,2026-05-16 10:42:26.8751385
21940,1638,Savings,411326.27,INR,BR002,ACTIVE,2023-05-22,2026-05-16 10:42:26.8751385,2026-05-16 10:42:26.8751385
21941,4006,Savings,397719.97,INR,BR002,ACTIVE,2023-03-12,2026-05-16 10:42:26.8751385,2026-05-16 10:42:26.8751385
21942,1179,Current,64922.21,INR,BR002,ACTIVE,2020-01-05,2026-05-16 10:42:26.8751385,2026-05-16 10:42:26.8751385
21943,3480,Savings,62571.09,INR,BR004,ACTIVE,2020-02-12,2026-05-16 10:42:26.8751385,2026-05-16 10:42:26.8751385
21944,4473,Savings,447928.67,INR,BR003,ACTIVE,2020-05-11,2026-05-16 10:42:26.8751385,2026-05-16 10:42:26.8751385
21945,1525,Current,409936.11,INR,BR002,ACTIVE,2020-10-28,2026-05-16 10:42:26.8751385,2026-05-16 10:42:26.8751385
21946,3791,Savings,234490.74,INR,BR004,ACTIVE,2025-01-01,2026-05-16 10:42:26.8751385,2026-05-16 10:42:26.8751385
21947,2564,Savings,66051.70,INR,BR004,ACTIVE,2024-06-18,2026-05-16 10:42:26.8751385,2026-05-16 10:42:26.8751385
21948,2915,Savings,449389.57,INR,BR002,ACTIVE,2022-07-28,2026-05-16 10:42:26.8751385,2026-05-16 10:42:26.8751385
21949,3371,Savings,116119.58,INR,BR002,ACTIVE,2020-01-02,2026-05-16 10:42:26.8751385,2026-05-16 10:42:26.8751385
21950,2285,Savings,18731.85,INR,BR003,ACTIVE,2022-12-19,2026-05-16 10:42:26.8751385,2026-05-16 10:42:26.8751385
21951,2636,Savings,462195.52,INR,BR002,ACTIVE,2022-10-07,2026-05-16 10:42:26.8751385,2026-05-16 10:42:26.8751385
21952,2724,Savings,404658.87,INR,BR003,ACTIVE,2021-11-18,2026-05-16 10:42:26.8751385,2026-05-16 10:42:26.8751385
21953,3447,Savings,347047.36,INR,BR001,ACTIVE,2020-09-07,2026-05-16 10:42:26.8751385,2026-05-16 10:42:26.8751385
21954,1337,Savings,17981.15,INR,BR004,ACTIVE,2023-02-02,2026-05-16 10:42:26.8751385,2026-05-16 10:42:26.8751385
21955,4372,Current,264687.16,INR,BR003,ACTIVE,2023-04-18,2026-05-16 10:42:26.8751385,2026-05-16 10:42:26.8751385
21956,1119,Savings,343730.42,INR,BR002,ACTIVE,2024-07-09,2026-05-16 10:42:26.8751385,2026-05-16 10:42:26.8751385
21957,2582,Savings,379914.27,INR,BR003,ACTIVE,2021-05-12,2026-05-16 10:42:26.8751385,2026-05-16 10:42:26.8751385
21958,3461,Current,236065.87,INR,BR002,ACTIVE,2020-11-21,2026-05-16 10:42:26.8751385,2026-05-16 10:42:26.8751385
21959,1580,Savings,485894.93,INR,BR003,ACTIVE,2020-01-24,2026-05-16 10:42:26.8751385,2026-05-16 10:42:26.8751385
21960,4456,Savings,123145.75,INR,BR004,ACTIVE,2024-08-23,2026-05-16 10:42:26.8751385,2026-05-16 10:42:26.8751385
21961,4552,Savings,35797.72,INR,BR003,ACTIVE,2022-12-01,2026-05-16 10:42:26.8751385,2026-05-16 10:42:26.8751385
21962,3353,Savings,167050.36,INR,BR001,ACTIVE,2023-09-20,2026-05-16 10:42:26.8751385,2026-05-16 10:42:26.8751385
21963,4755,Savings,331240.63,INR,BR004,ACTIVE,2022-02-19,2026-05-16 10:42:26.8751385,2026-05-16 10:42:26.8751385
21964,4942,Current,368841.44,INR,BR003,ACTIVE,2023-01-29,2026-05-16 10:42:26.8751385,2026-05-16 10:42:26.8751385
21965,1196,Savings,369509.95,INR,BR001,ACTIVE,2021-09-18,2026-05-16 10:42:26.8751385,2026-05-16 10:42:26.8751385
21966,1333,Savings,56226.24,INR,BR001,ACTIVE,2023-05-27,2026-05-16 10:42:26.8751385,2026-05-16 10:42:26.8751385
21967,4092,Savings,442659.64,INR,BR003,ACTIVE,2023-03-31,2026-05-16 10:42:26.8751385,2026-05-16 10:42:26.8751385
21968,1623,Savings,141136.02,INR,BR004,ACTIVE,2023-01-06,2026-05-16 10:42:26.8751385,2026-05-16 10:42:26.8751385
21969,1658,Savings,105745.64,INR,BR003,ACTIVE,2023-04-02,2026-05-16 10:42:26.8751385,2026-05-16 10:42:26.8751385
21970,1704,Current,307614.28,INR,BR004,ACTIVE,2022-03-05,2026-05-16 10:42:26.8751385,2026-05-16 10:42:26.8751385
21971,2457,Savings,106712.69,INR,BR004,ACTIVE,2023-12-30,2026-05-16 10:42:26.8751385,2026-05-16 10:42:26.8751385
21972,1883,Savings,254511.21,INR,BR003,ACTIVE,2020-04-14,2026-05-16 10:42:26.8751385,2026-05-16 10:42:26.8751385
21973,2450,Current,204107.82,INR,BR001,ACTIVE,2023-07-14,2026-05-16 10:42:26.8751385,2026-05-16 10:42:26.8751385
21974,2253,Savings,116785.10,INR,BR004,ACTIVE,2020-08-29,2026-05-16 10:42:26.8751385,2026-05-16 10:42:26.8751385
21975,1524,Current,146737.76,INR,BR002,ACTIVE,2021-09-10,2026-05-16 10:42:26.8751385,2026-05-16 10:42:26.8751385
21976,3265,Savings,214276.21,INR,BR002,ACTIVE,2023-05-24,2026-05-16 10:42:26.8751385,2026-05-16 10:42:26.8751385
21977,1990,Savings,210681.58,INR,BR001,ACTIVE,2022-07-02,2026-05-16 10:42:26.8751385,2026-05-16 10:42:26.8751385
21978,4663,Savings,191406.32,INR,BR001,ACTIVE,2024-07-07,2026-05-16 10:42:26.8751385,2026-05-16 10:42:26.8751385
21979,3423,Current,415755.97,INR,BR003,ACTIVE,2023-12-03,2026-05-16 10:42:26.8751385,2026-05-16 10:42:26.8751385
21980,1036,Savings,85021.58,INR,BR004,ACTIVE,2024-08-10,2026-05-16 10:42:26.8751385,2026-05-16 10:42:26.8751385
21981,1776,Savings,314181.68,INR,BR003,ACTIVE,2020-01-19,2026-05-16 10:42:26.8751385,2026-05-16 10:42:26.8751385
21982,1028,Savings,339400.73,INR,BR002,ACTIVE,2023-02-27,2026-05-16 10:42:26.8751385,2026-05-16 10:42:26.8751385
21983,4444,Savings,401241.44,INR,BR002,ACTIVE,2021-02-25,2026-05-16 10:42:26.8751385,2026-05-16 10:42:26.8751385
21984,1086,Current,423816.26,INR,BR004,ACTIVE,2022-01-21,2026-05-16 10:42:26.8751385,2026-05-16 10:42:26.8751385
21985,3236,Savings,80174.11,INR,BR004,ACTIVE,2024-10-07,2026-05-16 10:42:26.8751385,2026-05-16 10:42:26.8751385
21986,3353,Current,69992.12,INR,BR002,ACTIVE,2021-01-26,2026-05-16 10:42:26.8751385,2026-05-16 10:42:26.8751385
21987,3814,Savings,307770.74,INR,BR003,ACTIVE,2022-09-12,2026-05-16 10:42:26.8751385,2026-05-16 10:42:26.8751385
21988,4494,Savings,378701.36,INR,BR004,ACTIVE,2020-02-25,2026-05-16 10:42:26.8751385,2026-05-16 10:42:26.8751385
21989,3128,Savings,136890.89,INR,BR003,ACTIVE,2023-02-02,2026-05-16 10:42:26.8751385,2026-05-16 10:42:26.8751385
21990,1186,Savings,263397.76,INR,BR004,ACTIVE,2023-03-15,2026-05-16 10:42:26.8751385,2026-05-16 10:42:26.8751385
21991,2029,Current,398324.49,INR,BR001,ACTIVE,2021-12-28,2026-05-16 10:42:26.8751385,2026-05-16 10:42:26.8751385
21992,1558,Savings,383984.05,INR,BR003,ACTIVE,2021-04-08,2026-05-16 10:42:26.8751385,2026-05-16 10:42:26.8751385
21993,4938,Savings,327256.26,INR,BR002,ACTIVE,2022-09-12,2026-05-16 10:42:26.8751385,2026-05-16 10:42:26.8751385
21994,4569,Savings,40315.06,INR,BR001,ACTIVE,2022-02-11,2026-05-16 10:42:26.8751385,2026-05-16 10:42:26.8751385
21995,3557,Current,26271.29,INR,BR003,ACTIVE,2022-11-25,2026-05-16 10:42:26.8751385,2026-05-16 10:42:26.8751385
21996,2638,Savings,194834.21,INR,BR004,ACTIVE,2020-05-31,2026-05-16 10:42:26.8751385,2026-05-16 10:42:26.8751385
21997,1971,Savings,14317.03,INR,BR002,ACTIVE,2021-04-27,2026-05-16 10:42:26.8751385,2026-05-16 10:42:26.8751385
21998,2026,Savings,452168.02,INR,BR004,ACTIVE,2020-06-23,2026-05-16 10:42:26.8751385,2026-05-16 10:42:26.8751385
21999,1217,Savings,42054.36,INR,BR003,ACTIVE,2021-05-26,2026-05-16 10:42:26.8751385,2026-05-16 10:42:26.8751385
22000,4609,Savings,15776.82,INR,BR001,ACTIVE,2022-04-02,2026-05-16 10:42:26.8751385,2026-05-16 10:42:26.8751385
22001,1257,Savings,83498.36,INR,BR003,ACTIVE,2022-09-15,2026-05-16 10:42:26.8751385,2026-05-16 10:42:26.8751385
22002,4807,Savings,350233.52,INR,BR002,ACTIVE,2021-01-13,2026-05-16 10:42:26.8751385,2026-05-16 10:42:26.8751385
22003,2477,Savings,271235.52,INR,BR001,ACTIVE,2022-06-22,2026-05-16 10:42:26.8751385,2026-05-16 10:42:26.8751385
22004,2448,Savings,330084.08,INR,BR002,ACTIVE,2024-09-20,2026-05-16 10:42:26.8751385,2026-05-16 10:42:26.8751385
22005,1324,Current,446884.02,INR,BR004,ACTIVE,2022-08-01,2026-05-16 10:42:26.8751385,2026-05-16 10:42:26.8751385
22006,4571,Savings,228017.88,INR,BR001,ACTIVE,2023-01-31,2026-05-16 10:42:26.8751385,2026-05-16 10:42:26.8751385
22007,2605,Savings,22894.11,INR,BR003,ACTIVE,2022-07-18,2026-05-16 10:42:26.8751385,2026-05-16 10:42:26.8751385
22008,3245,Savings,381984.82,INR,BR004,ACTIVE,2021-06-12,2026-05-16 10:42:26.8751385,2026-05-16 10:42:26.8751385
22009,1504,Savings,406170.27,INR,BR004,ACTIVE,2020-04-28,2026-05-16 10:42:26.8751385,2026-05-16 10:42:26.8751385
22010,4344,Current,25894.29,INR,BR003,ACTIVE,2024-07-24,2026-05-16 10:42:26.8751385,2026-05-16 10:42:26.8751385
22011,1694,Savings,122181.80,INR,BR004,ACTIVE,2022-09-28,2026-05-16 10:42:26.8751385,2026-05-16 10:42:26.8751385
22012,1959,Savings,385527.80,INR,BR002,ACTIVE,2024-12-01,2026-05-16 10:42:26.8751385,2026-05-16 10:42:26.8751385
22013,3066,Savings,188701.46,INR,BR003,ACTIVE,2024-03-06,2026-05-16 10:42:26.8751385,2026-05-16 10:42:26.8751385
22014,3155,Savings,236853.05,INR,BR004,ACTIVE,2021-04-04,2026-05-16 10:42:26.8751385,2026-05-16 10:42:26.8751385
22015,4601,Savings,411764.70,INR,BR001,ACTIVE,2022-09-08,2026-05-16 10:42:26.8751385,2026-05-16 10:42:26.8751385
22016,1125,Savings,48215.15,INR,BR003,ACTIVE,2023-05-24,2026-05-16 10:42:26.8751385,2026-05-16 10:42:26.8751385
22017,1483,Savings,338964.88,INR,BR003,ACTIVE,2020-03-17,2026-05-16 10:42:26.8751385,2026-05-16 10:42:26.8751385
22018,4666,Savings,141203.69,INR,BR004,ACTIVE,2025-01-17,2026-05-16 10:42:26.8751385,2026-05-16 10:42:26.8751385
22019,4076,Savings,32263.06,INR,BR003,ACTIVE,2023-08-15,2026-05-16 10:42:26.8751385,2026-05-16 10:42:26.8751385
22020,3675,Savings,380789.37,INR,BR003,ACTIVE,2020-08-28,2026-05-16 10:42:26.8751385,2026-05-16 10:42:26.8751385
22021,3399,Current,61584.71,INR,BR003,ACTIVE,2024-10-16,2026-05-16 10:42:26.8751385,2026-05-16 10:42:26.8751385
22022,1351,Savings,373756.62,INR,BR003,ACTIVE,2024-07-17,2026-05-16 10:42:26.8751385,2026-05-16 10:42:26.8751385
22023,1649,Savings,102149.99,INR,BR003,ACTIVE,2024-12-23,2026-05-16 10:42:26.8751385,2026-05-16 10:42:26.8751385
22024,4871,Savings,25207.50,INR,BR003,ACTIVE,2025-01-02,2026-05-16 10:42:26.8751385,2026-05-16 10:42:26.8751385
22025,3949,Savings,50549.44,INR,BR002,ACTIVE,2022-05-27,2026-05-16 10:42:26.8751385,2026-05-16 10:42:26.8751385
22026,1228,Savings,420793.85,INR,BR004,ACTIVE,2020-10-16,2026-05-16 10:42:26.8751385,2026-05-16 10:42:26.8751385
22027,3064,Savings,186113.14,INR,BR002,ACTIVE,2020-10-30,2026-05-16 10:42:26.8751385,2026-05-16 10:42:26.8751385
22028,2834,Savings,182233.84,INR,BR004,ACTIVE,2023-11-27,2026-05-16 10:42:26.8751385,2026-05-16 10:42:26.8751385
22029,1425,Savings,246108.21,INR,BR003,ACTIVE,2024-02-08,2026-05-16 10:42:26.8751385,2026-05-16 10:42:26.8751385
22030,3512,Savings,316833.35,INR,BR004,ACTIVE,2022-07-17,2026-05-16 10:42:26.8751385,2026-05-16 10:42:26.8751385
22031,1724,Current,19514.02,INR,BR002,ACTIVE,2024-04-11,2026-05-16 10:42:26.8751385,2026-05-16 10:42:26.8751385
22032,4318,Savings,449196.07,INR,BR004,ACTIVE,2023-09-18,2026-05-16 10:42:26.8751385,2026-05-16 10:42:26.8751385
22033,2822,Current,479282.20,INR,BR003,ACTIVE,2023-08-23,2026-05-16 10:42:26.8751385,2026-05-16 10:42:26.8751385
22034,1794,Savings,209236.10,INR,BR003,ACTIVE,2022-04-27,2026-05-16 10:42:26.8751385,2026-05-16 10:42:26.8751385
22035,1177,Savings,206901.82,INR,BR003,ACTIVE,2020-06-16,2026-05-16 10:42:26.8751385,2026-05-16 10:42:26.8751385
22036,3591,Savings,439401.40,INR,BR002,ACTIVE,2023-09-22,2026-05-16 10:42:26.8751385,2026-05-16 10:42:26.8751385
22037,3557,Current,215226.59,INR,BR001,ACTIVE,2024-02-11,2026-05-16 10:42:26.8751385,2026-05-16 10:42:26.8751385
22038,2586,Savings,428238.78,INR,BR003,ACTIVE,2021-02-21,2026-05-16 10:42:26.8751385,2026-05-16 10:42:26.8751385
22039,2679,Current,15140.14,INR,BR003,ACTIVE,2020-06-10,2026-05-16 10:42:26.8751385,2026-05-16 10:42:26.8751385
22040,1564,Savings,245335.65,INR,BR004,ACTIVE,2023-03-04,2026-05-16 10:42:26.8751385,2026-05-16 10:42:26.8751385
22041,3281,Savings,476262.09,INR,BR001,ACTIVE,2023-03-05,2026-05-16 10:42:26.8751385,2026-05-16 10:42:26.8751385
22042,4750,Current,168753.46,INR,BR004,ACTIVE,2021-01-31,2026-05-16 10:42:26.8751385,2026-05-16 10:42:26.8751385
22043,4110,Current,133811.26,INR,BR002,ACTIVE,2022-01-19,2026-05-16 10:42:26.8751385,2026-05-16 10:42:26.8751385
22044,3539,Savings,315431.37,INR,BR001,ACTIVE,2022-10-16,2026-05-16 10:42:26.8751385,2026-05-16 10:42:26.8751385
22045,2017,Current,477762.99,INR,BR003,ACTIVE,2024-03-29,2026-05-16 10:42:26.8751385,2026-05-16 10:42:26.8751385
22046,1444,Savings,100172.38,INR,BR001,ACTIVE,2024-11-07,2026-05-16 10:42:26.8751385,2026-05-16 10:42:26.8751385
22047,3068,Current,460903.86,INR,BR003,ACTIVE,2022-07-10,2026-05-16 10:42:26.8751385,2026-05-16 10:42:26.8751385
22048,4683,Current,370392.67,INR,BR002,ACTIVE,2024-05-29,2026-05-16 10:42:26.8751385,2026-05-16 10:42:26.8751385
22049,4799,Current,496530.61,INR,BR004,ACTIVE,2020-11-19,2026-05-16 10:42:26.8751385,2026-05-16 10:42:26.8751385
22050,4628,Current,400046.49,INR,BR002,ACTIVE,2024-03-07,2026-05-16 10:42:26.8751385,2026-05-16 10:42:26.8751385
22051,1111,Savings,334232.47,INR,BR002,ACTIVE,2024-05-14,2026-05-16 10:42:26.8751385,2026-05-16 10:42:26.8751385
22052,3535,Savings,407636.68,INR,BR003,ACTIVE,2020-06-28,2026-05-16 10:42:26.8751385,2026-05-16 10:42:26.8751385
22053,1089,Savings,88395.02,INR,BR004,ACTIVE,2021-11-03,2026-05-16 10:42:26.8751385,2026-05-16 10:42:26.8751385
22054,4391,Savings,473046.82,INR,BR002,ACTIVE,2022-06-08,2026-05-16 10:42:26.8751385,2026-05-16 10:42:26.8751385
22055,2142,Savings,83632.16,INR,BR001,ACTIVE,2022-05-27,2026-05-16 10:42:26.8751385,2026-05-16 10:42:26.8751385
22056,3482,Savings,13809.51,INR,BR002,ACTIVE,2020-09-23,2026-05-16 10:42:26.8751385,2026-05-16 10:42:26.8751385
22057,2942,Savings,349230.56,INR,BR003,ACTIVE,2021-11-10,2026-05-16 10:42:26.8751385,2026-05-16 10:42:26.8751385
22058,4311,Savings,93113.12,INR,BR001,ACTIVE,2024-06-13,2026-05-16 10:42:26.8751385,2026-05-16 10:42:26.8751385
22059,1072,Current,379617.84,INR,BR001,ACTIVE,2021-08-15,2026-05-16 10:42:26.8751385,2026-05-16 10:42:26.8751385
22060,1822,Savings,397724.45,INR,BR004,ACTIVE,2020-03-25,2026-05-16 10:42:26.8751385,2026-05-16 10:42:26.8751385
22061,4977,Savings,119112.92,INR,BR001,ACTIVE,2022-09-17,2026-05-16 10:42:26.8751385,2026-05-16 10:42:26.8751385
22062,4471,Savings,44273.44,INR,BR001,ACTIVE,2021-09-01,2026-05-16 10:42:26.8751385,2026-05-16 10:42:26.8751385
22063,1816,Savings,250909.66,INR,BR003,ACTIVE,2023-11-08,2026-05-16 10:42:26.8751385,2026-05-16 10:42:26.8751385
22064,1404,Savings,445219.04,INR,BR004,ACTIVE,2024-11-03,2026-05-16 10:42:26.8751385,2026-05-16 10:42:26.8751385
22065,2699,Savings,423798.26,INR,BR002,ACTIVE,2024-11-03,2026-05-16 10:42:26.8751385,2026-05-16 10:42:26.8751385
22066,1251,Savings,59424.15,INR,BR001,ACTIVE,2021-07-07,2026-05-16 10:42:26.8751385,2026-05-16 10:42:26.8751385
22067,3917,Savings,482426.85,INR,BR002,ACTIVE,2022-06-07,2026-05-16 10:42:26.8751385,2026-05-16 10:42:26.8751385
22068,4267,Savings,132710.65,INR,BR002,ACTIVE,2022-12-09,2026-05-16 10:42:26.8751385,2026-05-16 10:42:26.8751385
22069,3043,Savings,175346.20,INR,BR002,ACTIVE,2021-07-06,2026-05-16 10:42:26.8751385,2026-05-16 10:42:26.8751385
22070,2596,Savings,75376.07,INR,BR004,ACTIVE,2022-04-03,2026-05-16 10:42:26.8751385,2026-05-16 10:42:26.8751385
22071,2634,Savings,189523.68,INR,BR002,ACTIVE,2022-05-18,2026-05-16 10:42:26.8751385,2026-05-16 10:42:26.8751385
22072,2954,Savings,318184.91,INR,BR003,ACTIVE,2024-04-15,2026-05-16 10:42:26.8751385,2026-05-16 10:42:26.8751385
22073,1868,Current,253533.05,INR,BR004,ACTIVE,2021-03-16,2026-05-16 10:42:26.8751385,2026-05-16 10:42:26.8751385
22074,2891,Savings,413942.20,INR,BR004,ACTIVE,2022-01-01,2026-05-16 10:42:26.8751385,2026-05-16 10:42:26.8751385
22075,4657,Savings,321009.10,INR,BR004,ACTIVE,2024-06-30,2026-05-16 10:42:26.8751385,2026-05-16 10:42:26.8751385
22076,4294,Savings,132508.69,INR,BR004,ACTIVE,2020-05-20,2026-05-16 10:42:26.8751385,2026-05-16 10:42:26.8751385
22077,4703,Savings,279161.58,INR,BR001,ACTIVE,2023-03-10,2026-05-16 10:42:26.8751385,2026-05-16 10:42:26.8751385
22078,4254,Savings,36222.08,INR,BR001,ACTIVE,2020-09-25,2026-05-16 10:42:26.8751385,2026-05-16 10:42:26.8751385
22079,1896,Current,290814.49,INR,BR002,ACTIVE,2021-10-18,2026-05-16 10:42:26.8751385,2026-05-16 10:42:26.8751385
22080,4802,Savings,195442.25,INR,BR001,ACTIVE,2020-12-19,2026-05-16 10:42:26.8751385,2026-05-16 10:42:26.8751385
22081,1256,Savings,50100.85,INR,BR004,ACTIVE,2022-06-05,2026-05-16 10:42:26.8751385,2026-05-16 10:42:26.8751385
22082,2932,Savings,154424.51,INR,BR002,ACTIVE,2020-10-18,2026-05-16 10:42:26.8751385,2026-05-16 10:42:26.8751385
22083,2112,Savings,449145.41,INR,BR003,ACTIVE,2023-07-31,2026-05-16 10:42:26.8751385,2026-05-16 10:42:26.8751385
22084,1873,Savings,293432.94,INR,BR001,ACTIVE,2024-09-24,2026-05-16 10:42:26.8751385,2026-05-16 10:42:26.8751385
22085,4859,Savings,451729.16,INR,BR004,ACTIVE,2021-01-03,2026-05-16 10:42:26.8751385,2026-05-16 10:42:26.8751385
22086,1492,Savings,205991.19,INR,BR002,ACTIVE,2023-11-01,2026-05-16 10:42:26.8751385,2026-05-16 10:42:26.8751385
22087,3384,Savings,489475.39,INR,BR001,ACTIVE,2023-03-08,2026-05-16 10:42:26.8751385,2026-05-16 10:42:26.8751385
22088,2562,Current,180649.51,INR,BR004,ACTIVE,2020-02-23,2026-05-16 10:42:26.8751385,2026-05-16 10:42:26.8751385
22089,2431,Savings,378645.50,INR,BR002,ACTIVE,2020-04-25,2026-05-16 10:42:26.8751385,2026-05-16 10:42:26.8751385
22090,1633,Current,153396.14,INR,BR001,ACTIVE,2022-08-16,2026-05-16 10:42:26.8751385,2026-05-16 10:42:26.8751385
22091,2313,Current,63291.36,INR,BR003,ACTIVE,2020-11-27,2026-05-16 10:42:26.8751385,2026-05-16 10:42:26.8751385
22092,1362,Savings,416695.24,INR,BR001,ACTIVE,2022-10-23,2026-05-16 10:42:26.8751385,2026-05-16 10:42:26.8751385
22093,2465,Savings,381528.18,INR,BR004,ACTIVE,2024-06-15,2026-05-16 10:42:26.8751385,2026-05-16 10:42:26.8751385
22094,4102,Savings,427861.58,INR,BR004,ACTIVE,2023-12-18,2026-05-16 10:42:26.8751385,2026-05-16 10:42:26.8751385
22095,1919,Current,150547.57,INR,BR003,ACTIVE,2024-09-07,2026-05-16 10:42:26.8751385,2026-05-16 10:42:26.8751385
22096,4786,Savings,352127.15,INR,BR003,ACTIVE,2024-02-08,2026-05-16 10:42:26.8751385,2026-05-16 10:42:26.8751385
22097,1894,Current,110741.50,INR,BR002,ACTIVE,2024-12-15,2026-05-16 10:42:26.8751385,2026-05-16 10:42:26.8751385
22098,4620,Savings,6644.46,INR,BR002,ACTIVE,2020-11-14,2026-05-16 10:42:26.8751385,2026-05-16 10:42:26.8751385
22099,3685,Current,433377.90,INR,BR004,ACTIVE,2024-05-05,2026-05-16 10:42:26.8751385,2026-05-16 10:42:26.8751385
22100,2247,Savings,262239.22,INR,BR001,ACTIVE,2024-01-23,2026-05-16 10:42:26.8751385,2026-05-16 10:42:26.8751385
22101,1747,Current,491843.02,INR,BR003,ACTIVE,2023-04-20,2026-05-16 10:42:26.8751385,2026-05-16 10:42:26.8751385
22102,2148,Savings,193132.81,INR,BR002,ACTIVE,2024-06-06,2026-05-16 10:42:26.8751385,2026-05-16 10:42:26.8751385
22103,3731,Savings,528398.62,INR,BR004,ACTIVE,2024-03-23,2026-05-16 10:42:26.8751385,2026-05-16 10:42:26.8751385
22104,2003,Savings,307913.57,INR,BR004,ACTIVE,2023-09-25,2026-05-16 10:42:26.8751385,2026-05-16 10:42:26.8751385
22105,3022,Savings,256590.33,INR,BR004,ACTIVE,2023-09-24,2026-05-16 10:42:26.8751385,2026-05-16 10:42:26.8751385
22106,2007,Savings,152101.99,INR,BR003,ACTIVE,2020-06-05,2026-05-16 10:42:26.8751385,2026-05-16 10:42:26.8751385
22107,3741,Savings,412812.89,INR,BR003,ACTIVE,2022-10-09,2026-05-16 10:42:26.8751385,2026-05-16 10:42:26.8751385
22108,1215,Savings,414568.58,INR,BR003,ACTIVE,2024-06-02,2026-05-16 10:42:26.8751385,2026-05-16 10:42:26.8751385
22109,3166,Savings,209047.84,INR,BR001,ACTIVE,2023-04-14,2026-05-16 10:42:26.8751385,2026-05-16 10:42:26.8751385
22110,1227,Savings,363919.28,INR,BR003,ACTIVE,2024-03-22,2026-05-16 10:42:26.8751385,2026-05-16 10:42:26.8751385
22111,1891,Savings,224171.73,INR,BR004,ACTIVE,2022-09-13,2026-05-16 10:42:26.8751385,2026-05-16 10:42:26.8751385
22112,3492,Savings,370089.99,INR,BR003,ACTIVE,2022-07-18,2026-05-16 10:42:26.8751385,2026-05-16 10:42:26.8751385
22113,3597,Savings,497100.89,INR,BR001,ACTIVE,2021-04-23,2026-05-16 10:42:26.8751385,2026-05-16 10:42:26.8751385
22114,3877,Savings,131985.66,INR,BR001,ACTIVE,2022-11-16,2026-05-16 10:42:26.8751385,2026-05-16 10:42:26.8751385
22115,2632,Savings,317392.18,INR,BR004,ACTIVE,2021-11-30,2026-05-16 10:42:26.8751385,2026-05-16 10:42:26.8751385
22116,4704,Current,207498.62,INR,BR002,ACTIVE,2022-02-20,2026-05-16 10:42:26.8751385,2026-05-16 10:42:26.8751385
22117,3027,Savings,274637.41,INR,BR003,ACTIVE,2020-03-05,2026-05-16 10:42:26.8751385,2026-05-16 10:42:26.8751385
22118,2461,Current,437199.49,INR,BR003,ACTIVE,2021-04-13,2026-05-16 10:42:26.8751385,2026-05-16 10:42:26.8751385
22119,1012,Savings,174440.36,INR,BR001,ACTIVE,2021-08-24,2026-05-16 10:42:26.8751385,2026-05-16 10:42:26.8751385
22120,2146,Savings,37121.76,INR,BR001,ACTIVE,2023-01-11,2026-05-16 10:42:26.8751385,2026-05-16 10:42:26.8751385
22121,4619,Savings,399669.66,INR,BR002,ACTIVE,2023-05-01,2026-05-16 10:42:26.8751385,2026-05-16 10:42:26.8751385
22122,3537,Current,277957.40,INR,BR001,ACTIVE,2024-05-16,2026-05-16 10:42:26.8751385,2026-05-16 10:42:26.8751385
22123,4323,Savings,225251.07,INR,BR001,ACTIVE,2023-02-06,2026-05-16 10:42:26.8751385,2026-05-16 10:42:26.8751385
22124,3627,Savings,92483.19,INR,BR001,ACTIVE,2023-08-17,2026-05-16 10:42:26.8751385,2026-05-16 10:42:26.8751385
22125,4554,Savings,47333.51,INR,BR001,ACTIVE,2022-09-23,2026-05-16 10:42:26.8751385,2026-05-16 10:42:26.8751385
22126,2574,Current,140089.04,INR,BR002,ACTIVE,2024-07-16,2026-05-16 10:42:26.8751385,2026-05-16 10:42:26.8751385
22127,2304,Savings,397230.27,INR,BR003,ACTIVE,2021-09-30,2026-05-16 10:42:26.8751385,2026-05-16 10:42:26.8751385
22128,1742,Current,206473.69,INR,BR003,ACTIVE,2024-07-07,2026-05-16 10:42:26.8751385,2026-05-16 10:42:26.8751385
22129,2361,Savings,285543.57,INR,BR003,ACTIVE,2023-07-11,2026-05-16 10:42:26.8751385,2026-05-16 10:42:26.8751385
22130,3216,Savings,41940.73,INR,BR003,ACTIVE,2024-10-09,2026-05-16 10:42:26.8751385,2026-05-16 10:42:26.8751385
22131,4009,Savings,62498.28,INR,BR003,ACTIVE,2020-06-19,2026-05-16 10:42:26.8751385,2026-05-16 10:42:26.8751385
22132,2977,Savings,6641.61,INR,BR004,ACTIVE,2024-10-04,2026-05-16 10:42:26.8751385,2026-05-16 10:42:26.8751385
22133,4400,Current,336968.94,INR,BR004,ACTIVE,2023-10-18,2026-05-16 10:42:26.8751385,2026-05-16 10:42:26.8751385
22134,4318,Savings,132962.81,INR,BR001,ACTIVE,2020-11-24,2026-05-16 10:42:26.8751385,2026-05-16 10:42:26.8751385
22135,4663,Savings,483496.37,INR,BR004,ACTIVE,2020-11-27,2026-05-16 10:42:26.8751385,2026-05-16 10:42:26.8751385
22136,4698,Savings,154919.45,INR,BR003,ACTIVE,2021-11-27,2026-05-16 10:42:26.8751385,2026-05-16 10:42:26.8751385
22137,2325,Savings,182445.40,INR,BR001,ACTIVE,2021-07-23,2026-05-16 10:42:26.8751385,2026-05-16 10:42:26.8751385
22138,4801,Savings,235275.43,INR,BR003,ACTIVE,2021-06-12,2026-05-16 10:42:26.8751385,2026-05-16 10:42:26.8751385
22139,3248,Current,160251.23,INR,BR003,ACTIVE,2020-10-18,2026-05-16 10:42:26.8751385,2026-05-16 10:42:26.8751385
22140,2917,Savings,408904.17,INR,BR001,ACTIVE,2023-05-22,2026-05-16 10:42:26.8751385,2026-05-16 10:42:26.8751385
22141,4572,Savings,484221.48,INR,BR003,ACTIVE,2023-03-11,2026-05-16 10:42:26.8751385,2026-05-16 10:42:26.8751385
22142,3912,Savings,6507.00,INR,BR004,ACTIVE,2024-04-03,2026-05-16 10:42:26.8751385,2026-05-16 10:42:26.8751385
22143,3802,Savings,327676.15,INR,BR001,ACTIVE,2022-06-21,2026-05-16 10:42:26.8751385,2026-05-16 10:42:26.8751385
22144,4085,Savings,343358.05,INR,BR002,ACTIVE,2024-04-07,2026-05-16 10:42:26.8751385,2026-05-16 10:42:26.8751385
22145,2390,Savings,480751.01,INR,BR002,ACTIVE,2020-07-18,2026-05-16 10:42:26.8751385,2026-05-16 10:42:26.8751385
22146,2743,Savings,189520.55,INR,BR002,ACTIVE,2024-06-30,2026-05-16 10:42:26.8751385,2026-05-16 10:42:26.8751385
22147,1774,Savings,98444.70,INR,BR003,ACTIVE,2024-05-01,2026-05-16 10:42:26.8751385,2026-05-16 10:42:26.8751385
22148,3145,Savings,260769.95,INR,BR003,ACTIVE,2024-10-09,2026-05-16 10:42:26.8751385,2026-05-16 10:42:26.8751385
22149,3119,Current,224330.29,INR,BR003,ACTIVE,2021-09-10,2026-05-16 10:42:26.8751385,2026-05-16 10:42:26.8751385
22150,1993,Savings,396074.00,INR,BR003,ACTIVE,2021-04-12,2026-05-16 10:42:26.8751385,2026-05-16 10:42:26.8751385
22151,2839,Savings,452083.75,INR,BR001,ACTIVE,2021-01-05,2026-05-16 10:42:26.8751385,2026-05-16 10:42:26.8751385
22152,2885,Savings,44267.31,INR,BR002,ACTIVE,2024-03-03,2026-05-16 10:42:26.8751385,2026-05-16 10:42:26.8751385
22153,4814,Savings,423443.16,INR,BR004,ACTIVE,2021-09-06,2026-05-16 10:42:26.8751385,2026-05-16 10:42:26.8751385
22154,3405,Savings,454576.47,INR,BR001,ACTIVE,2024-10-09,2026-05-16 10:42:26.8751385,2026-05-16 10:42:26.8751385
22155,1812,Current,462143.80,INR,BR002,ACTIVE,2023-03-05,2026-05-16 10:42:26.8751385,2026-05-16 10:42:26.8751385
22156,3592,Current,382390.62,INR,BR002,ACTIVE,2024-11-09,2026-05-16 10:42:26.8751385,2026-05-16 10:42:26.8751385
22157,4322,Savings,371299.20,INR,BR001,ACTIVE,2021-01-22,2026-05-16 10:42:26.8751385,2026-05-16 10:42:26.8751385
22158,3302,Savings,8433.49,INR,BR001,ACTIVE,2023-07-23,2026-05-16 10:42:26.8751385,2026-05-16 10:42:26.8751385
22159,4843,Savings,460175.62,INR,BR001,ACTIVE,2021-07-04,2026-05-16 10:42:26.8751385,2026-05-16 10:42:26.8751385
22160,4254,Savings,176401.10,INR,BR004,ACTIVE,2024-04-08,2026-05-16 10:42:26.8751385,2026-05-16 10:42:26.8751385
22161,2876,Current,21519.83,INR,BR002,ACTIVE,2022-02-02,2026-05-16 10:42:26.8751385,2026-05-16 10:42:26.8751385
22162,4036,Savings,207076.68,INR,BR004,ACTIVE,2023-09-22,2026-05-16 10:42:26.8751385,2026-05-16 10:42:26.8751385
22163,4238,Savings,395792.93,INR,BR004,ACTIVE,2020-01-23,2026-05-16 10:42:26.8751385,2026-05-16 10:42:26.8751385
22164,1004,Savings,221535.65,INR,BR004,ACTIVE,2022-06-20,2026-05-16 10:42:26.8751385,2026-05-16 10:42:26.8751385
22165,2487,Savings,379247.53,INR,BR004,ACTIVE,2020-11-07,2026-05-16 10:42:26.8751385,2026-05-16 10:42:26.8751385
22166,3193,Current,255195.30,INR,BR004,ACTIVE,2022-02-19,2026-05-16 10:42:26.8751385,2026-05-16 10:42:26.8751385
22167,1165,Savings,150414.15,INR,BR001,ACTIVE,2020-09-29,2026-05-16 10:42:26.8751385,2026-05-16 10:42:26.8751385
22168,1344,Current,114431.34,INR,BR004,ACTIVE,2022-08-21,2026-05-16 10:42:26.8751385,2026-05-16 10:42:26.8751385
22169,2898,Savings,211130.54,INR,BR003,ACTIVE,2022-11-12,2026-05-16 10:42:26.8751385,2026-05-16 10:42:26.8751385
22170,2129,Savings,18865.92,INR,BR001,ACTIVE,2024-10-15,2026-05-16 10:42:26.8751385,2026-05-16 10:42:26.8751385
22171,4620,Savings,211849.41,INR,BR002,ACTIVE,2022-03-30,2026-05-16 10:42:26.8751385,2026-05-16 10:42:26.8751385
22172,2338,Savings,35241.43,INR,BR002,ACTIVE,2023-10-20,2026-05-16 10:42:26.8751385,2026-05-16 10:42:26.8751385
22173,4241,Savings,438625.35,INR,BR001,ACTIVE,2021-03-23,2026-05-16 10:42:26.8751385,2026-05-16 10:42:26.8751385
22174,3568,Savings,288165.03,INR,BR004,ACTIVE,2020-04-19,2026-05-16 10:42:26.8751385,2026-05-16 10:42:26.8751385
22175,3974,Current,332664.37,INR,BR001,ACTIVE,2022-04-14,2026-05-16 10:42:26.8751385,2026-05-16 10:42:26.8751385
22176,2622,Savings,145143.13,INR,BR002,ACTIVE,2021-04-18,2026-05-16 10:42:26.8751385,2026-05-16 10:42:26.8751385
22177,4508,Current,113684.72,INR,BR002,ACTIVE,2024-05-15,2026-05-16 10:42:26.8751385,2026-05-16 10:42:26.8751385
22178,3657,Current,354244.72,INR,BR001,ACTIVE,2021-10-07,2026-05-16 10:42:26.8751385,2026-05-16 10:42:26.8751385
22179,3560,Savings,336111.18,INR,BR003,ACTIVE,2022-01-19,2026-05-16 10:42:26.8751385,2026-05-16 10:42:26.8751385
22180,3457,Savings,62216.55,INR,BR003,ACTIVE,2023-02-01,2026-05-16 10:42:26.8751385,2026-05-16 10:42:26.8751385
22181,3484,Savings,120082.05,INR,BR003,ACTIVE,2020-02-26,2026-05-16 10:42:26.8751385,2026-05-16 10:42:26.8751385
22182,2339,Savings,507258.61,INR,BR002,ACTIVE,2023-03-23,2026-05-16 10:42:26.8751385,2026-05-16 10:42:26.8751385
22183,1542,Savings,152784.54,INR,BR003,ACTIVE,2023-11-25,2026-05-16 10:42:26.8751385,2026-05-16 10:42:26.8751385
22184,1613,Savings,13889.92,INR,BR003,ACTIVE,2024-02-22,2026-05-16 10:42:26.8751385,2026-05-16 10:42:26.8751385
22185,4651,Savings,46815.09,INR,BR001,ACTIVE,2021-11-06,2026-05-16 10:42:26.8751385,2026-05-16 10:42:26.8751385
22186,1900,Current,387971.90,INR,BR004,ACTIVE,2022-05-25,2026-05-16 10:42:26.8751385,2026-05-16 10:42:26.8751385
22187,2885,Savings,417342.98,INR,BR004,ACTIVE,2023-04-27,2026-05-16 10:42:26.8751385,2026-05-16 10:42:26.8751385
22188,4135,Current,191531.81,INR,BR001,ACTIVE,2020-11-03,2026-05-16 10:42:26.8751385,2026-05-16 10:42:26.8751385
22189,2056,Savings,77447.19,INR,BR004,ACTIVE,2022-11-30,2026-05-16 10:42:26.8751385,2026-05-16 10:42:26.8751385
22190,2623,Savings,249554.50,INR,BR003,ACTIVE,2020-12-02,2026-05-16 10:42:26.8751385,2026-05-16 10:42:26.8751385
22191,4283,Savings,166612.44,INR,BR002,ACTIVE,2022-03-07,2026-05-16 10:42:26.8751385,2026-05-16 10:42:26.8751385
22192,2487,Savings,187610.21,INR,BR003,ACTIVE,2022-10-06,2026-05-16 10:42:26.8751385,2026-05-16 10:42:26.8751385
22193,3611,Savings,131231.69,INR,BR001,ACTIVE,2021-05-20,2026-05-16 10:42:26.8751385,2026-05-16 10:42:26.8751385
22194,3623,Savings,32366.10,INR,BR004,ACTIVE,2024-04-10,2026-05-16 10:42:26.8751385,2026-05-16 10:42:26.8751385
22195,4152,Savings,395788.48,INR,BR001,ACTIVE,2024-03-28,2026-05-16 10:42:26.8751385,2026-05-16 10:42:26.8751385
22196,4070,Current,309492.19,INR,BR001,ACTIVE,2023-12-12,2026-05-16 10:42:26.8751385,2026-05-16 10:42:26.8751385
22197,3391,Savings,417482.93,INR,BR003,ACTIVE,2023-05-07,2026-05-16 10:42:26.8751385,2026-05-16 10:42:26.8751385
22198,2256,Savings,252097.79,INR,BR004,ACTIVE,2020-10-07,2026-05-16 10:42:26.8751385,2026-05-16 10:42:26.8751385
22199,4950,Savings,508123.94,INR,BR002,ACTIVE,2023-12-05,2026-05-16 10:42:26.8751385,2026-05-16 10:42:26.8751385
22200,3661,Savings,481299.93,INR,BR003,ACTIVE,2023-10-01,2026-05-16 10:42:26.8751385,2026-05-16 10:42:26.8751385
22201,1129,Savings,136619.96,INR,BR001,ACTIVE,2023-01-27,2026-05-16 10:42:26.8751385,2026-05-16 10:42:26.8751385
22202,2043,Current,194101.48,INR,BR001,ACTIVE,2020-11-26,2026-05-16 10:42:26.8751385,2026-05-16 10:42:26.8751385
22203,1357,Savings,376602.00,INR,BR004,ACTIVE,2021-09-22,2026-05-16 10:42:26.8751385,2026-05-16 10:42:26.8751385
22204,2443,Savings,388525.13,INR,BR001,ACTIVE,2023-08-04,2026-05-16 10:42:26.8751385,2026-05-16 10:42:26.8751385
22205,4007,Savings,455438.87,INR,BR001,ACTIVE,2024-06-13,2026-05-16 10:42:26.8751385,2026-05-16 10:42:26.8751385
22206,4678,Savings,361947.64,INR,BR003,ACTIVE,2023-04-07,2026-05-16 10:42:26.8751385,2026-05-16 10:42:26.8751385
22207,1081,Savings,238085.37,INR,BR004,ACTIVE,2024-11-17,2026-05-16 10:42:26.8751385,2026-05-16 10:42:26.8751385
22208,4687,Savings,189448.12,INR,BR003,ACTIVE,2022-05-31,2026-05-16 10:42:26.8751385,2026-05-16 10:42:26.8751385
22209,2905,Savings,210170.10,INR,BR002,ACTIVE,2022-08-16,2026-05-16 10:42:26.8751385,2026-05-16 10:42:26.8751385
22210,3714,Savings,425352.17,INR,BR001,ACTIVE,2021-07-29,2026-05-16 10:42:26.8751385,2026-05-16 10:42:26.8751385
22211,3829,Savings,490024.41,INR,BR003,ACTIVE,2021-11-23,2026-05-16 10:42:26.8751385,2026-05-16 10:42:26.8751385
22212,2142,Savings,26902.68,INR,BR003,ACTIVE,2021-12-27,2026-05-16 10:42:26.8751385,2026-05-16 10:42:26.8751385
22213,2878,Savings,299638.35,INR,BR004,ACTIVE,2021-12-29,2026-05-16 10:42:26.8751385,2026-05-16 10:42:26.8751385
22214,4566,Current,260506.93,INR,BR001,ACTIVE,2024-05-28,2026-05-16 10:42:26.8751385,2026-05-16 10:42:26.8751385
22215,1791,Savings,199288.17,INR,BR003,ACTIVE,2022-02-10,2026-05-16 10:42:26.8751385,2026-05-16 10:42:26.8751385
22216,3540,Savings,425936.65,INR,BR001,ACTIVE,2020-10-19,2026-05-16 10:42:26.8751385,2026-05-16 10:42:26.8751385
22217,2899,Savings,288295.77,INR,BR002,ACTIVE,2025-01-04,2026-05-16 10:42:26.8751385,2026-05-16 10:42:26.8751385
22218,1225,Savings,157244.92,INR,BR001,ACTIVE,2024-03-29,2026-05-16 10:42:26.8751385,2026-05-16 10:42:26.8751385
22219,4035,Savings,222607.92,INR,BR001,ACTIVE,2021-04-05,2026-05-16 10:42:26.8751385,2026-05-16 10:42:26.8751385
22220,3467,Savings,179044.98,INR,BR003,ACTIVE,2021-04-17,2026-05-16 10:42:26.8751385,2026-05-16 10:42:26.8751385
22221,1780,Savings,215612.72,INR,BR004,ACTIVE,2020-05-20,2026-05-16 10:42:26.8751385,2026-05-16 10:42:26.8751385
22222,1137,Savings,36561.63,INR,BR004,ACTIVE,2022-09-26,2026-05-16 10:42:26.8751385,2026-05-16 10:42:26.8751385
22223,1226,Savings,56845.99,INR,BR004,ACTIVE,2020-01-08,2026-05-16 10:42:26.8751385,2026-05-16 10:42:26.8751385
22224,4406,Current,312222.15,INR,BR002,ACTIVE,2024-09-28,2026-05-16 10:42:26.8751385,2026-05-16 10:42:26.8751385
22225,2253,Current,342350.12,INR,BR002,ACTIVE,2021-03-08,2026-05-16 10:42:26.8751385,2026-05-16 10:42:26.8751385
22226,3371,Savings,318673.59,INR,BR003,ACTIVE,2023-10-05,2026-05-16 10:42:26.8751385,2026-05-16 10:42:26.8751385
22227,4180,Current,381774.62,INR,BR004,ACTIVE,2022-10-06,2026-05-16 10:42:26.8751385,2026-05-16 10:42:26.8751385
22228,1812,Current,471823.48,INR,BR002,ACTIVE,2024-01-31,2026-05-16 10:42:26.8751385,2026-05-16 10:42:26.8751385
22229,3493,Savings,430448.54,INR,BR004,ACTIVE,2024-08-05,2026-05-16 10:42:26.8751385,2026-05-16 10:42:26.8751385
22230,2941,Savings,209836.28,INR,BR004,ACTIVE,2022-06-29,2026-05-16 10:42:26.8751385,2026-05-16 10:42:26.8751385
22231,1007,Savings,109554.03,INR,BR002,ACTIVE,2023-01-12,2026-05-16 10:42:26.8751385,2026-05-16 10:42:26.8751385
22232,1128,Current,156614.25,INR,BR004,ACTIVE,2023-01-01,2026-05-16 10:42:26.8751385,2026-05-16 10:42:26.8751385
22233,4425,Savings,294283.00,INR,BR001,ACTIVE,2020-11-05,2026-05-16 10:42:26.8751385,2026-05-16 10:42:26.8751385
22234,1267,Current,428247.96,INR,BR003,ACTIVE,2024-02-18,2026-05-16 10:42:26.8751385,2026-05-16 10:42:26.8751385
22235,3733,Savings,351160.34,INR,BR002,ACTIVE,2023-02-26,2026-05-16 10:42:26.8751385,2026-05-16 10:42:26.8751385
22236,1928,Savings,271963.54,INR,BR002,ACTIVE,2024-06-23,2026-05-16 10:42:26.8751385,2026-05-16 10:42:26.8751385
22237,1214,Savings,301337.30,INR,BR004,ACTIVE,2023-05-28,2026-05-16 10:42:26.8751385,2026-05-16 10:42:26.8751385
22238,1247,Savings,306571.58,INR,BR002,ACTIVE,2023-08-03,2026-05-16 10:42:26.8751385,2026-05-16 10:42:26.8751385
22239,2642,Current,503304.66,INR,BR001,ACTIVE,2024-01-04,2026-05-16 10:42:26.8751385,2026-05-16 10:42:26.8751385
22240,2619,Savings,408229.63,INR,BR004,ACTIVE,2022-05-17,2026-05-16 10:42:26.8751385,2026-05-16 10:42:26.8751385
22241,2828,Savings,390857.33,INR,BR001,ACTIVE,2020-08-24,2026-05-16 10:42:26.8751385,2026-05-16 10:42:26.8751385
22242,4446,Savings,259147.16,INR,BR003,ACTIVE,2021-11-02,2026-05-16 10:42:26.8751385,2026-05-16 10:42:26.8751385
22243,1421,Savings,166572.92,INR,BR003,ACTIVE,2020-09-11,2026-05-16 10:42:26.8751385,2026-05-16 10:42:26.8751385
22244,2739,Savings,10737.53,INR,BR001,ACTIVE,2021-05-07,2026-05-16 10:42:26.8751385,2026-05-16 10:42:26.8751385
22245,2065,Current,22671.58,INR,BR004,ACTIVE,2020-10-24,2026-05-16 10:42:26.8751385,2026-05-16 10:42:26.8751385
22246,3765,Savings,16088.72,INR,BR003,ACTIVE,2023-03-14,2026-05-16 10:42:26.8751385,2026-05-16 10:42:26.8751385
22247,2372,Savings,490257.91,INR,BR004,ACTIVE,2020-10-20,2026-05-16 10:42:26.8751385,2026-05-16 10:42:26.8751385
22248,4633,Current,58126.69,INR,BR004,ACTIVE,2023-07-27,2026-05-16 10:42:26.8751385,2026-05-16 10:42:26.8751385
22249,1143,Current,71917.31,INR,BR003,ACTIVE,2020-02-19,2026-05-16 10:42:26.8751385,2026-05-16 10:42:26.8751385
22250,3189,Savings,242590.84,INR,BR003,ACTIVE,2024-08-06,2026-05-16 10:42:26.8751385,2026-05-16 10:42:26.8751385
22251,3613,Savings,241219.18,INR,BR001,ACTIVE,2020-05-28,2026-05-16 10:42:26.8751385,2026-05-16 10:42:26.8751385
22252,3155,Savings,460066.91,INR,BR004,ACTIVE,2021-01-05,2026-05-16 10:42:26.8751385,2026-05-16 10:42:26.8751385
22253,3081,Savings,84052.81,INR,BR001,ACTIVE,2024-09-04,2026-05-16 10:42:26.8751385,2026-05-16 10:42:26.8751385
22254,4272,Savings,478662.34,INR,BR002,ACTIVE,2020-03-17,2026-05-16 10:42:26.8751385,2026-05-16 10:42:26.8751385
22255,3167,Savings,108978.73,INR,BR002,ACTIVE,2020-12-30,2026-05-16 10:42:26.8751385,2026-05-16 10:42:26.8751385
22256,2824,Savings,485106.75,INR,BR002,ACTIVE,2024-10-02,2026-05-16 10:42:26.8751385,2026-05-16 10:42:26.8751385
22257,1229,Current,271120.73,INR,BR002,ACTIVE,2024-09-09,2026-05-16 10:42:26.8751385,2026-05-16 10:42:26.8751385
22258,4702,Current,326354.36,INR,BR003,ACTIVE,2023-09-09,2026-05-16 10:42:26.8751385,2026-05-16 10:42:26.8751385
22259,3736,Savings,158548.66,INR,BR003,ACTIVE,2023-03-09,2026-05-16 10:42:26.8751385,2026-05-16 10:42:26.8751385
22260,2988,Current,348444.37,INR,BR001,ACTIVE,2020-03-10,2026-05-16 10:42:26.8751385,2026-05-16 10:42:26.8751385
22261,4257,Savings,355704.06,INR,BR003,ACTIVE,2022-04-27,2026-05-16 10:42:26.8751385,2026-05-16 10:42:26.8751385
22262,1830,Savings,6174.71,INR,BR003,ACTIVE,2021-06-28,2026-05-16 10:42:26.8751385,2026-05-16 10:42:26.8751385
22263,4059,Savings,18079.98,INR,BR003,ACTIVE,2022-07-26,2026-05-16 10:42:26.8751385,2026-05-16 10:42:26.8751385
22264,1850,Savings,523153.76,INR,BR002,ACTIVE,2024-08-06,2026-05-16 10:42:26.8751385,2026-05-16 10:42:26.8751385
22265,2239,Savings,229321.00,INR,BR001,ACTIVE,2020-03-22,2026-05-16 10:42:26.8751385,2026-05-16 10:42:26.8751385
22266,3781,Savings,511846.89,INR,BR004,ACTIVE,2022-10-11,2026-05-16 10:42:26.8751385,2026-05-16 10:42:26.8751385
22267,2154,Savings,365218.91,INR,BR004,ACTIVE,2023-05-27,2026-05-16 10:42:26.8751385,2026-05-16 10:42:26.8751385
22268,1845,Savings,187111.19,INR,BR004,ACTIVE,2023-11-23,2026-05-16 10:42:26.8751385,2026-05-16 10:42:26.8751385
22269,3320,Savings,76270.16,INR,BR002,ACTIVE,2024-10-05,2026-05-16 10:42:26.8751385,2026-05-16 10:42:26.8751385
22270,4830,Current,489097.71,INR,BR003,ACTIVE,2020-02-09,2026-05-16 10:42:26.8751385,2026-05-16 10:42:26.8751385
22271,3683,Savings,292663.63,INR,BR003,ACTIVE,2022-08-08,2026-05-16 10:42:26.8751385,2026-05-16 10:42:26.8751385
22272,4080,Savings,130916.16,INR,BR004,ACTIVE,2020-08-05,2026-05-16 10:42:26.8751385,2026-05-16 10:42:26.8751385
22273,1403,Savings,341144.84,INR,BR004,ACTIVE,2024-03-26,2026-05-16 10:42:26.8751385,2026-05-16 10:42:26.8751385
22274,3976,Savings,46932.21,INR,BR001,ACTIVE,2023-04-14,2026-05-16 10:42:26.8751385,2026-05-16 10:42:26.8751385
22275,2603,Savings,434150.60,INR,BR002,ACTIVE,2022-07-26,2026-05-16 10:42:26.8751385,2026-05-16 10:42:26.8751385
22276,1627,Current,45978.54,INR,BR003,ACTIVE,2023-10-23,2026-05-16 10:42:26.8751385,2026-05-16 10:42:26.8751385
22277,4441,Current,118860.98,INR,BR004,ACTIVE,2021-08-05,2026-05-16 10:42:26.8751385,2026-05-16 10:42:26.8751385
22278,2824,Savings,46623.97,INR,BR004,ACTIVE,2021-10-18,2026-05-16 10:42:26.8751385,2026-05-16 10:42:26.8751385
22279,3665,Savings,52789.82,INR,BR001,ACTIVE,2020-05-29,2026-05-16 10:42:26.8751385,2026-05-16 10:42:26.8751385
22280,1981,Savings,262393.24,INR,BR003,ACTIVE,2024-05-20,2026-05-16 10:42:26.8751385,2026-05-16 10:42:26.8751385
22281,3585,Savings,343807.91,INR,BR003,ACTIVE,2023-11-03,2026-05-16 10:42:26.8751385,2026-05-16 10:42:26.8751385
22282,2077,Savings,394452.41,INR,BR001,ACTIVE,2021-09-15,2026-05-16 10:42:26.8751385,2026-05-16 10:42:26.8751385
22283,3295,Savings,347832.59,INR,BR001,ACTIVE,2020-07-20,2026-05-16 10:42:26.8751385,2026-05-16 10:42:26.8751385
22284,3385,Current,182381.42,INR,BR003,ACTIVE,2021-09-11,2026-05-16 10:42:26.8751385,2026-05-16 10:42:26.8751385
22285,4353,Savings,279086.61,INR,BR001,ACTIVE,2020-12-16,2026-05-16 10:42:26.8751385,2026-05-16 10:42:26.8751385
22286,1033,Savings,463904.37,INR,BR004,ACTIVE,2024-02-25,2026-05-16 10:42:26.8751385,2026-05-16 10:42:26.8751385
22287,1799,Savings,194400.73,INR,BR003,ACTIVE,2020-08-12,2026-05-16 10:42:26.8751385,2026-05-16 10:42:26.8751385
22288,3596,Savings,126949.78,INR,BR002,ACTIVE,2021-05-11,2026-05-16 10:42:26.8751385,2026-05-16 10:42:26.8751385
22289,2367,Current,260140.36,INR,BR003,ACTIVE,2021-03-10,2026-05-16 10:42:26.8751385,2026-05-16 10:42:26.8751385
22290,3939,Savings,193097.00,INR,BR001,ACTIVE,2023-11-03,2026-05-16 10:42:26.8751385,2026-05-16 10:42:26.8751385
22291,2263,Savings,131646.71,INR,BR002,ACTIVE,2023-01-21,2026-05-16 10:42:26.8751385,2026-05-16 10:42:26.8751385
22292,4564,Savings,398094.87,INR,BR004,ACTIVE,2024-12-24,2026-05-16 10:42:26.8751385,2026-05-16 10:42:26.8751385
22293,3777,Savings,445527.09,INR,BR004,ACTIVE,2021-08-11,2026-05-16 10:42:26.8751385,2026-05-16 10:42:26.8751385
22294,4249,Savings,251656.02,INR,BR004,ACTIVE,2024-06-30,2026-05-16 10:42:26.8751385,2026-05-16 10:42:26.8751385
22295,3092,Savings,390111.66,INR,BR001,ACTIVE,2024-04-07,2026-05-16 10:42:26.8751385,2026-05-16 10:42:26.8751385
22296,1304,Savings,94357.62,INR,BR003,ACTIVE,2024-09-01,2026-05-16 10:42:26.8751385,2026-05-16 10:42:26.8751385
22297,2694,Savings,274273.86,INR,BR001,ACTIVE,2024-07-28,2026-05-16 10:42:26.8751385,2026-05-16 10:42:26.8751385
22298,3317,Savings,318463.77,INR,BR003,ACTIVE,2020-09-18,2026-05-16 10:42:26.8751385,2026-05-16 10:42:26.8751385
22299,3731,Current,245841.42,INR,BR001,ACTIVE,2021-05-15,2026-05-16 10:42:26.8751385,2026-05-16 10:42:26.8751385
22300,3031,Savings,59323.23,INR,BR004,ACTIVE,2020-01-07,2026-05-16 10:42:26.8751385,2026-05-16 10:42:26.8751385
22301,2757,Savings,367316.02,INR,BR001,ACTIVE,2022-01-17,2026-05-16 10:42:26.8751385,2026-05-16 10:42:26.8751385
22302,1400,Current,419700.01,INR,BR003,ACTIVE,2023-01-29,2026-05-16 10:42:26.8751385,2026-05-16 10:42:26.8751385
22303,4814,Current,317977.90,INR,BR004,ACTIVE,2021-07-05,2026-05-16 10:42:26.8751385,2026-05-16 10:42:26.8751385
22304,3651,Savings,85411.34,INR,BR004,ACTIVE,2024-03-01,2026-05-16 10:42:26.8751385,2026-05-16 10:42:26.8751385
22305,1922,Savings,38201.67,INR,BR002,ACTIVE,2022-12-01,2026-05-16 10:42:26.8751385,2026-05-16 10:42:26.8751385
22306,4019,Current,151500.35,INR,BR003,ACTIVE,2022-01-22,2026-05-16 10:42:26.8751385,2026-05-16 10:42:26.8751385
22307,3479,Current,19458.07,INR,BR002,ACTIVE,2024-01-10,2026-05-16 10:42:26.8751385,2026-05-16 10:42:26.8751385
22308,1421,Savings,419770.29,INR,BR002,ACTIVE,2024-03-29,2026-05-16 10:42:26.8751385,2026-05-16 10:42:26.8751385
22309,3179,Current,351827.16,INR,BR002,ACTIVE,2020-11-17,2026-05-16 10:42:26.8751385,2026-05-16 10:42:26.8751385
22310,2434,Savings,282280.64,INR,BR004,ACTIVE,2021-05-13,2026-05-16 10:42:26.8751385,2026-05-16 10:42:26.8751385
22311,4810,Savings,444926.62,INR,BR002,ACTIVE,2024-04-23,2026-05-16 10:42:26.8751385,2026-05-16 10:42:26.8751385
22312,2249,Savings,71542.56,INR,BR003,ACTIVE,2022-03-16,2026-05-16 10:42:26.8751385,2026-05-16 10:42:26.8751385
22313,2167,Current,357515.42,INR,BR003,ACTIVE,2023-01-23,2026-05-16 10:42:26.8751385,2026-05-16 10:42:26.8751385
22314,1578,Savings,74169.47,INR,BR002,ACTIVE,2020-12-24,2026-05-16 10:42:26.8751385,2026-05-16 10:42:26.8751385
22315,1540,Savings,53902.30,INR,BR002,ACTIVE,2023-05-14,2026-05-16 10:42:26.8751385,2026-05-16 10:42:26.8751385
22316,3173,Savings,67319.35,INR,BR002,ACTIVE,2023-06-18,2026-05-16 10:42:26.8751385,2026-05-16 10:42:26.8751385
22317,2236,Savings,475519.11,INR,BR002,ACTIVE,2021-01-29,2026-05-16 10:42:26.8751385,2026-05-16 10:42:26.8751385
22318,1934,Current,220776.26,INR,BR002,ACTIVE,2021-01-22,2026-05-16 10:42:26.8751385,2026-05-16 10:42:26.8751385
22319,4500,Savings,25448.85,INR,BR002,ACTIVE,2021-10-04,2026-05-16 10:42:26.8751385,2026-05-16 10:42:26.8751385
22320,2461,Savings,292233.69,INR,BR001,ACTIVE,2024-03-13,2026-05-16 10:42:26.8751385,2026-05-16 10:42:26.8751385
22321,1592,Savings,138629.85,INR,BR004,ACTIVE,2021-06-19,2026-05-16 10:42:26.8751385,2026-05-16 10:42:26.8751385
22322,2262,Savings,4411.37,INR,BR004,ACTIVE,2024-01-10,2026-05-16 10:42:26.8751385,2026-05-16 10:42:26.8751385
22323,1644,Current,379434.51,INR,BR004,ACTIVE,2020-10-20,2026-05-16 10:42:26.8751385,2026-05-16 10:42:26.8751385
22324,1328,Savings,78276.68,INR,BR002,ACTIVE,2022-06-18,2026-05-16 10:42:26.8751385,2026-05-16 10:42:26.8751385
22325,3860,Savings,471300.75,INR,BR001,ACTIVE,2021-03-28,2026-05-16 10:42:26.8751385,2026-05-16 10:42:26.8751385
22326,2143,Savings,296807.13,INR,BR004,ACTIVE,2020-01-29,2026-05-16 10:42:26.8751385,2026-05-16 10:42:26.8751385
22327,3094,Savings,44410.92,INR,BR003,ACTIVE,2023-05-30,2026-05-16 10:42:26.8751385,2026-05-16 10:42:26.8751385
22328,3132,Savings,109694.39,INR,BR004,ACTIVE,2022-06-09,2026-05-16 10:42:26.8751385,2026-05-16 10:42:26.8751385
22329,3842,Savings,305811.47,INR,BR004,ACTIVE,2023-10-21,2026-05-16 10:42:26.8751385,2026-05-16 10:42:26.8751385
22330,1352,Current,169718.25,INR,BR004,ACTIVE,2023-07-09,2026-05-16 10:42:26.8751385,2026-05-16 10:42:26.8751385
22331,2037,Savings,266539.38,INR,BR004,ACTIVE,2020-05-30,2026-05-16 10:42:26.8751385,2026-05-16 10:42:26.8751385
22332,1637,Savings,399956.51,INR,BR003,ACTIVE,2025-01-10,2026-05-16 10:42:26.8751385,2026-05-16 10:42:26.8751385
22333,4909,Savings,396508.15,INR,BR002,ACTIVE,2023-01-21,2026-05-16 10:42:26.8751385,2026-05-16 10:42:26.8751385
22334,2196,Savings,349295.42,INR,BR003,ACTIVE,2022-09-20,2026-05-16 10:42:26.8751385,2026-05-16 10:42:26.8751385
22335,1234,Savings,443141.10,INR,BR003,ACTIVE,2022-07-31,2026-05-16 10:42:26.8751385,2026-05-16 10:42:26.8751385
22336,4253,Current,100480.99,INR,BR002,ACTIVE,2020-03-06,2026-05-16 10:42:26.8751385,2026-05-16 10:42:26.8751385
22337,4123,Savings,89443.50,INR,BR003,ACTIVE,2024-04-12,2026-05-16 10:42:26.8751385,2026-05-16 10:42:26.8751385
22338,1781,Savings,399875.41,INR,BR003,ACTIVE,2024-07-29,2026-05-16 10:42:26.8751385,2026-05-16 10:42:26.8751385
22339,3729,Savings,206838.17,INR,BR004,ACTIVE,2020-07-07,2026-05-16 10:42:26.8751385,2026-05-16 10:42:26.8751385
22340,2419,Savings,256579.02,INR,BR004,ACTIVE,2021-10-21,2026-05-16 10:42:26.8751385,2026-05-16 10:42:26.8751385
22341,1933,Savings,372232.12,INR,BR002,ACTIVE,2023-04-30,2026-05-16 10:42:26.8751385,2026-05-16 10:42:26.8751385
22342,4900,Savings,198570.25,INR,BR004,ACTIVE,2022-12-01,2026-05-16 10:42:26.8751385,2026-05-16 10:42:26.8751385
22343,2824,Savings,65950.99,INR,BR002,ACTIVE,2022-08-20,2026-05-16 10:42:26.8751385,2026-05-16 10:42:26.8751385
22344,4501,Savings,345038.82,INR,BR002,ACTIVE,2020-11-26,2026-05-16 10:42:26.8751385,2026-05-16 10:42:26.8751385
22345,4346,Savings,408762.53,INR,BR001,ACTIVE,2024-08-07,2026-05-16 10:42:26.8751385,2026-05-16 10:42:26.8751385
22346,1861,Savings,7385.84,INR,BR002,ACTIVE,2020-07-09,2026-05-16 10:42:26.8751385,2026-05-16 10:42:26.8751385
22347,2231,Current,281713.51,INR,BR003,ACTIVE,2024-05-24,2026-05-16 10:42:26.8751385,2026-05-16 10:42:26.8751385
22348,3196,Savings,276464.64,INR,BR002,ACTIVE,2024-12-09,2026-05-16 10:42:26.8751385,2026-05-16 10:42:26.8751385
22349,1300,Savings,130538.41,INR,BR001,ACTIVE,2023-01-20,2026-05-16 10:42:26.8751385,2026-05-16 10:42:26.8751385
22350,2956,Savings,81353.25,INR,BR003,ACTIVE,2024-11-13,2026-05-16 10:42:26.8751385,2026-05-16 10:42:26.8751385
22351,2477,Savings,126736.26,INR,BR001,ACTIVE,2023-12-03,2026-05-16 10:42:26.8751385,2026-05-16 10:42:26.8751385
22352,3024,Savings,362761.62,INR,BR004,ACTIVE,2023-03-17,2026-05-16 10:42:26.8751385,2026-05-16 10:42:26.8751385
22353,3597,Savings,268561.37,INR,BR003,ACTIVE,2021-08-31,2026-05-16 10:42:26.8751385,2026-05-16 10:42:26.8751385
22354,4745,Savings,490596.04,INR,BR002,ACTIVE,2022-08-02,2026-05-16 10:42:26.8751385,2026-05-16 10:42:26.8751385
22355,4026,Savings,122372.17,INR,BR001,ACTIVE,2021-06-06,2026-05-16 10:42:26.8751385,2026-05-16 10:42:26.8751385
22356,3431,Savings,478495.18,INR,BR002,ACTIVE,2023-08-04,2026-05-16 10:42:26.8751385,2026-05-16 10:42:26.8751385
22357,4859,Savings,258039.67,INR,BR004,ACTIVE,2021-07-18,2026-05-16 10:42:26.8751385,2026-05-16 10:42:26.8751385
22358,2971,Current,73867.16,INR,BR003,ACTIVE,2020-08-18,2026-05-16 10:42:26.8751385,2026-05-16 10:42:26.8751385
22359,3848,Savings,74941.34,INR,BR002,ACTIVE,2024-12-10,2026-05-16 10:42:26.8751385,2026-05-16 10:42:26.8751385
22360,4690,Savings,304675.43,INR,BR004,ACTIVE,2021-02-20,2026-05-16 10:42:26.8751385,2026-05-16 10:42:26.8751385
22361,1534,Savings,415879.95,INR,BR002,ACTIVE,2023-01-03,2026-05-16 10:42:26.8751385,2026-05-16 10:42:26.8751385
22362,2257,Savings,374108.05,INR,BR003,ACTIVE,2020-06-07,2026-05-16 10:42:26.8751385,2026-05-16 10:42:26.8751385
22363,2658,Savings,328158.04,INR,BR004,ACTIVE,2020-04-03,2026-05-16 10:42:26.8751385,2026-05-16 10:42:26.8751385
22364,2153,Savings,86881.92,INR,BR004,ACTIVE,2023-09-11,2026-05-16 10:42:26.8751385,2026-05-16 10:42:26.8751385
22365,4894,Savings,55061.66,INR,BR001,ACTIVE,2021-10-04,2026-05-16 10:42:26.8751385,2026-05-16 10:42:26.8751385
22366,2753,Savings,1123.76,INR,BR003,ACTIVE,2020-04-01,2026-05-16 10:42:26.8751385,2026-05-16 10:42:26.8751385
22367,2684,Savings,51795.14,INR,BR004,ACTIVE,2021-12-31,2026-05-16 10:42:26.8751385,2026-05-16 10:42:26.8751385
22368,3618,Savings,383416.94,INR,BR003,ACTIVE,2023-01-08,2026-05-16 10:42:26.8751385,2026-05-16 10:42:26.8751385
22369,3979,Savings,447728.96,INR,BR002,ACTIVE,2024-12-21,2026-05-16 10:42:26.8751385,2026-05-16 10:42:26.8751385
22370,1237,Savings,120934.88,INR,BR003,ACTIVE,2024-08-31,2026-05-16 10:42:26.8751385,2026-05-16 10:42:26.8751385
22371,4654,Savings,397652.23,INR,BR001,ACTIVE,2021-10-09,2026-05-16 10:42:26.8751385,2026-05-16 10:42:26.8751385
22372,4014,Savings,100225.53,INR,BR003,ACTIVE,2023-11-08,2026-05-16 10:42:26.8751385,2026-05-16 10:42:26.8751385
22373,1701,Savings,125386.57,INR,BR003,ACTIVE,2022-04-30,2026-05-16 10:42:26.8751385,2026-05-16 10:42:26.8751385
22374,3802,Current,112854.89,INR,BR002,ACTIVE,2022-12-09,2026-05-16 10:42:26.8751385,2026-05-16 10:42:26.8751385
22375,1575,Savings,26813.22,INR,BR001,ACTIVE,2022-08-22,2026-05-16 10:42:26.8751385,2026-05-16 10:42:26.8751385
22376,4557,Savings,119224.30,INR,BR002,ACTIVE,2024-09-07,2026-05-16 10:42:26.8751385,2026-05-16 10:42:26.8751385
22377,4313,Savings,187398.13,INR,BR004,ACTIVE,2024-11-15,2026-05-16 10:42:26.8751385,2026-05-16 10:42:26.8751385
22378,4005,Savings,203329.39,INR,BR002,ACTIVE,2021-02-20,2026-05-16 10:42:26.8751385,2026-05-16 10:42:26.8751385
22379,4065,Savings,168594.68,INR,BR001,ACTIVE,2020-04-08,2026-05-16 10:42:26.8751385,2026-05-16 10:42:26.8751385
22380,2721,Savings,257847.92,INR,BR001,ACTIVE,2023-04-12,2026-05-16 10:42:26.8751385,2026-05-16 10:42:26.8751385
22381,1771,Savings,189621.12,INR,BR003,ACTIVE,2021-03-16,2026-05-16 10:42:26.8751385,2026-05-16 10:42:26.8751385
22382,2765,Savings,485211.96,INR,BR001,ACTIVE,2023-01-26,2026-05-16 10:42:26.8751385,2026-05-16 10:42:26.8751385
22383,1223,Savings,403867.88,INR,BR002,ACTIVE,2024-12-24,2026-05-16 10:42:26.8751385,2026-05-16 10:42:26.8751385
22384,2123,Savings,465557.70,INR,BR001,ACTIVE,2022-04-09,2026-05-16 10:42:26.8751385,2026-05-16 10:42:26.8751385
22385,4831,Savings,279156.05,INR,BR004,ACTIVE,2024-03-20,2026-05-16 10:42:26.8751385,2026-05-16 10:42:26.8751385
22386,3605,Savings,339491.47,INR,BR001,ACTIVE,2021-06-28,2026-05-16 10:42:26.8751385,2026-05-16 10:42:26.8751385
22387,3959,Savings,84171.51,INR,BR001,ACTIVE,2024-03-25,2026-05-16 10:42:26.8751385,2026-05-16 10:42:26.8751385
22388,3321,Savings,376640.09,INR,BR002,ACTIVE,2021-02-19,2026-05-16 10:42:26.8751385,2026-05-16 10:42:26.8751385
22389,2423,Savings,118749.58,INR,BR003,ACTIVE,2020-04-26,2026-05-16 10:42:26.8751385,2026-05-16 10:42:26.8751385
22390,2541,Savings,73770.63,INR,BR003,ACTIVE,2022-05-23,2026-05-16 10:42:26.8751385,2026-05-16 10:42:26.8751385
22391,3006,Savings,21887.82,INR,BR002,ACTIVE,2024-11-03,2026-05-16 10:42:26.8751385,2026-05-16 10:42:26.8751385
22392,1430,Savings,236642.89,INR,BR003,ACTIVE,2023-08-22,2026-05-16 10:42:26.8751385,2026-05-16 10:42:26.8751385
22393,1523,Savings,190548.76,INR,BR004,ACTIVE,2023-06-26,2026-05-16 10:42:26.8751385,2026-05-16 10:42:26.8751385
22394,4008,Savings,493376.86,INR,BR004,ACTIVE,2024-07-02,2026-05-16 10:42:26.8751385,2026-05-16 10:42:26.8751385
22395,2372,Savings,125667.32,INR,BR003,ACTIVE,2020-04-15,2026-05-16 10:42:26.8751385,2026-05-16 10:42:26.8751385
22396,3958,Current,433405.10,INR,BR002,ACTIVE,2024-05-30,2026-05-16 10:42:26.8751385,2026-05-16 10:42:26.8751385
22397,2575,Savings,158902.95,INR,BR002,ACTIVE,2023-03-28,2026-05-16 10:42:26.8751385,2026-05-16 10:42:26.8751385
22398,3499,Savings,374814.30,INR,BR003,ACTIVE,2024-03-20,2026-05-16 10:42:26.8751385,2026-05-16 10:42:26.8751385
22399,2975,Savings,330260.81,INR,BR001,ACTIVE,2022-03-04,2026-05-16 10:42:26.8751385,2026-05-16 10:42:26.8751385
22400,4060,Savings,328080.24,INR,BR003,ACTIVE,2023-11-01,2026-05-16 10:42:26.8751385,2026-05-16 10:42:26.8751385
22401,3090,Savings,208995.65,INR,BR004,ACTIVE,2022-10-22,2026-05-16 10:42:26.8751385,2026-05-16 10:42:26.8751385
22402,2739,Savings,335881.40,INR,BR004,ACTIVE,2020-04-13,2026-05-16 10:42:26.8751385,2026-05-16 10:42:26.8751385
22403,1094,Savings,204231.90,INR,BR001,ACTIVE,2021-05-31,2026-05-16 10:42:26.8751385,2026-05-16 10:42:26.8751385
22404,3534,Savings,274502.02,INR,BR004,ACTIVE,2021-10-12,2026-05-16 10:42:26.8751385,2026-05-16 10:42:26.8751385
22405,3565,Savings,295311.07,INR,BR002,ACTIVE,2024-02-01,2026-05-16 10:42:26.8751385,2026-05-16 10:42:26.8751385
22406,4636,Savings,134410.25,INR,BR001,ACTIVE,2020-10-18,2026-05-16 10:42:26.8751385,2026-05-16 10:42:26.8751385
22407,2174,Savings,170528.50,INR,BR001,ACTIVE,2022-03-11,2026-05-16 10:42:26.8751385,2026-05-16 10:42:26.8751385
22408,3765,Savings,45158.37,INR,BR001,ACTIVE,2021-09-25,2026-05-16 10:42:26.8751385,2026-05-16 10:42:26.8751385
22409,4884,Savings,426227.34,INR,BR002,ACTIVE,2023-07-01,2026-05-16 10:42:26.8751385,2026-05-16 10:42:26.8751385
22410,1499,Savings,378235.59,INR,BR004,ACTIVE,2020-07-30,2026-05-16 10:42:26.8751385,2026-05-16 10:42:26.8751385
22411,3419,Current,92581.70,INR,BR003,ACTIVE,2024-06-07,2026-05-16 10:42:26.8751385,2026-05-16 10:42:26.8751385
22412,1981,Savings,181662.18,INR,BR004,ACTIVE,2021-01-27,2026-05-16 10:42:26.8751385,2026-05-16 10:42:26.8751385
22413,3747,Savings,211113.67,INR,BR003,ACTIVE,2021-03-19,2026-05-16 10:42:26.8751385,2026-05-16 10:42:26.8751385
22414,1485,Savings,167854.97,INR,BR001,ACTIVE,2021-08-05,2026-05-16 10:42:26.8751385,2026-05-16 10:42:26.8751385
22415,1665,Savings,399323.16,INR,BR003,ACTIVE,2024-09-27,2026-05-16 10:42:26.8751385,2026-05-16 10:42:26.8751385
22416,4455,Savings,362984.93,INR,BR004,ACTIVE,2022-06-04,2026-05-16 10:42:26.8751385,2026-05-16 10:42:26.8751385
22417,1628,Savings,383812.21,INR,BR002,ACTIVE,2020-11-18,2026-05-16 10:42:26.8751385,2026-05-16 10:42:26.8751385
22418,2685,Savings,452160.90,INR,BR004,ACTIVE,2021-05-19,2026-05-16 10:42:26.8751385,2026-05-16 10:42:26.8751385
22419,1732,Savings,297980.48,INR,BR002,ACTIVE,2024-09-21,2026-05-16 10:42:26.8751385,2026-05-16 10:42:26.8751385
22420,1192,Current,307652.63,INR,BR002,ACTIVE,2021-01-31,2026-05-16 10:42:26.8751385,2026-05-16 10:42:26.8751385
22421,2769,Savings,361245.13,INR,BR002,ACTIVE,2023-02-09,2026-05-16 10:42:26.8751385,2026-05-16 10:42:26.8751385
22422,3884,Current,340935.06,INR,BR003,ACTIVE,2022-11-05,2026-05-16 10:42:26.8751385,2026-05-16 10:42:26.8751385
22423,2245,Savings,446940.52,INR,BR001,ACTIVE,2024-10-15,2026-05-16 10:42:26.8751385,2026-05-16 10:42:26.8751385
22424,2071,Current,385328.90,INR,BR001,ACTIVE,2021-06-06,2026-05-16 10:42:26.8751385,2026-05-16 10:42:26.8751385
22425,3175,Savings,61108.85,INR,BR001,ACTIVE,2020-07-23,2026-05-16 10:42:26.8751385,2026-05-16 10:42:26.8751385
22426,4875,Savings,464250.95,INR,BR002,ACTIVE,2023-09-28,2026-05-16 10:42:26.8751385,2026-05-16 10:42:26.8751385
22427,3775,Savings,341866.55,INR,BR003,ACTIVE,2021-02-13,2026-05-16 10:42:26.8751385,2026-05-16 10:42:26.8751385
22428,4079,Savings,64445.82,INR,BR003,ACTIVE,2020-12-23,2026-05-16 10:42:26.8751385,2026-05-16 10:42:26.8751385
22429,1696,Current,386214.89,INR,BR003,ACTIVE,2020-10-31,2026-05-16 10:42:26.8751385,2026-05-16 10:42:26.8751385
22430,2140,Savings,179847.85,INR,BR004,ACTIVE,2022-11-09,2026-05-16 10:42:26.8751385,2026-05-16 10:42:26.8751385
22431,1564,Savings,403182.98,INR,BR003,ACTIVE,2024-08-23,2026-05-16 10:42:26.8751385,2026-05-16 10:42:26.8751385
22432,3414,Current,477747.57,INR,BR003,ACTIVE,2020-03-05,2026-05-16 10:42:26.8751385,2026-05-16 10:42:26.8751385
22433,4118,Current,128365.78,INR,BR003,ACTIVE,2020-02-21,2026-05-16 10:42:26.8751385,2026-05-16 10:42:26.8751385
22434,3441,Savings,428848.11,INR,BR001,ACTIVE,2023-09-12,2026-05-16 10:42:26.8751385,2026-05-16 10:42:26.8751385
22435,4002,Savings,387007.12,INR,BR002,ACTIVE,2020-04-21,2026-05-16 10:42:26.8751385,2026-05-16 10:42:26.8751385
22436,1023,Savings,341350.43,INR,BR004,ACTIVE,2022-10-27,2026-05-16 10:42:26.8751385,2026-05-16 10:42:26.8751385
22437,4203,Savings,193075.35,INR,BR001,ACTIVE,2024-12-29,2026-05-16 10:42:26.8751385,2026-05-16 10:42:26.8751385
22438,4199,Current,55821.19,INR,BR003,ACTIVE,2021-01-12,2026-05-16 10:42:26.8751385,2026-05-16 10:42:26.8751385
22439,1445,Savings,242464.52,INR,BR002,ACTIVE,2020-05-20,2026-05-16 10:42:26.8751385,2026-05-16 10:42:26.8751385
22440,1777,Savings,53727.65,INR,BR002,ACTIVE,2022-10-22,2026-05-16 10:42:26.8751385,2026-05-16 10:42:26.8751385
22441,3045,Current,250573.47,INR,BR002,ACTIVE,2025-01-22,2026-05-16 10:42:26.8751385,2026-05-16 10:42:26.8751385
22442,4381,Savings,410326.34,INR,BR002,ACTIVE,2022-03-28,2026-05-16 10:42:26.8751385,2026-05-16 10:42:26.8751385
22443,1708,Current,498821.43,INR,BR003,ACTIVE,2025-01-22,2026-05-16 10:42:26.8751385,2026-05-16 10:42:26.8751385
22444,1433,Savings,99806.35,INR,BR004,ACTIVE,2022-06-29,2026-05-16 10:42:26.8751385,2026-05-16 10:42:26.8751385
22445,1473,Current,104721.16,INR,BR003,ACTIVE,2024-01-19,2026-05-16 10:42:26.8751385,2026-05-16 10:42:26.8751385
22446,1048,Savings,405630.78,INR,BR002,ACTIVE,2024-10-26,2026-05-16 10:42:26.8751385,2026-05-16 10:42:26.8751385
22447,2915,Savings,252613.81,INR,BR003,ACTIVE,2022-08-24,2026-05-16 10:42:26.8751385,2026-05-16 10:42:26.8751385
22448,2106,Savings,457986.49,INR,BR002,ACTIVE,2025-01-21,2026-05-16 10:42:26.8751385,2026-05-16 10:42:26.8751385
22449,4181,Savings,384729.12,INR,BR003,ACTIVE,2025-01-15,2026-05-16 10:42:26.8751385,2026-05-16 10:42:26.8751385
22450,3311,Savings,368477.45,INR,BR004,ACTIVE,2020-11-10,2026-05-16 10:42:26.8751385,2026-05-16 10:42:26.8751385
22451,2891,Savings,51874.90,INR,BR002,ACTIVE,2021-01-30,2026-05-16 10:42:26.8751385,2026-05-16 10:42:26.8751385
22452,4103,Savings,18901.91,INR,BR003,ACTIVE,2021-07-07,2026-05-16 10:42:26.8751385,2026-05-16 10:42:26.8751385
22453,1358,Savings,159064.65,INR,BR001,ACTIVE,2022-07-29,2026-05-16 10:42:26.8751385,2026-05-16 10:42:26.8751385
22454,1568,Savings,109431.88,INR,BR004,ACTIVE,2023-11-28,2026-05-16 10:42:26.8751385,2026-05-16 10:42:26.8751385
22455,1480,Savings,356442.13,INR,BR001,ACTIVE,2023-12-30,2026-05-16 10:42:26.8751385,2026-05-16 10:42:26.8751385
22456,1867,Savings,225916.13,INR,BR003,ACTIVE,2022-07-15,2026-05-16 10:42:26.8751385,2026-05-16 10:42:26.8751385
22457,4261,Current,262050.04,INR,BR004,ACTIVE,2023-02-28,2026-05-16 10:42:26.8751385,2026-05-16 10:42:26.8751385
22458,2029,Savings,420728.75,INR,BR004,ACTIVE,2022-11-17,2026-05-16 10:42:26.8751385,2026-05-16 10:42:26.8751385
22459,4358,Current,239773.84,INR,BR004,ACTIVE,2024-09-08,2026-05-16 10:42:26.8751385,2026-05-16 10:42:26.8751385
22460,2814,Savings,272918.23,INR,BR003,ACTIVE,2021-10-26,2026-05-16 10:42:26.8751385,2026-05-16 10:42:26.8751385
22461,4729,Savings,421317.81,INR,BR004,ACTIVE,2020-05-04,2026-05-16 10:42:26.8751385,2026-05-16 10:42:26.8751385
22462,2418,Savings,216236.57,INR,BR004,ACTIVE,2021-12-02,2026-05-16 10:42:26.8751385,2026-05-16 10:42:26.8751385
22463,4527,Savings,42480.23,INR,BR001,ACTIVE,2020-06-27,2026-05-16 10:42:26.8751385,2026-05-16 10:42:26.8751385
22464,1708,Savings,261330.90,INR,BR003,ACTIVE,2023-09-15,2026-05-16 10:42:26.8751385,2026-05-16 10:42:26.8751385
22465,3474,Savings,290101.48,INR,BR002,ACTIVE,2023-07-26,2026-05-16 10:42:26.8751385,2026-05-16 10:42:26.8751385
22466,2051,Savings,256386.61,INR,BR003,ACTIVE,2024-06-06,2026-05-16 10:42:26.8751385,2026-05-16 10:42:26.8751385
22467,1127,Savings,162049.78,INR,BR003,ACTIVE,2022-09-11,2026-05-16 10:42:26.8751385,2026-05-16 10:42:26.8751385
22468,3183,Savings,112621.34,INR,BR004,ACTIVE,2023-01-15,2026-05-16 10:42:26.8751385,2026-05-16 10:42:26.8751385
22469,4607,Savings,185508.43,INR,BR001,ACTIVE,2020-11-15,2026-05-16 10:42:26.8751385,2026-05-16 10:42:26.8751385
22470,3379,Savings,83948.14,INR,BR001,ACTIVE,2024-10-31,2026-05-16 10:42:26.8751385,2026-05-16 10:42:26.8751385
22471,2653,Savings,333345.82,INR,BR003,ACTIVE,2024-10-10,2026-05-16 10:42:26.8751385,2026-05-16 10:42:26.8751385
22472,3440,Current,307722.78,INR,BR002,ACTIVE,2020-02-11,2026-05-16 10:42:26.8751385,2026-05-16 10:42:26.8751385
22473,1008,Savings,316565.41,INR,BR003,ACTIVE,2023-05-29,2026-05-16 10:42:26.8751385,2026-05-16 10:42:26.8751385
22474,1613,Current,113173.95,INR,BR002,ACTIVE,2020-09-19,2026-05-16 10:42:26.8751385,2026-05-16 10:42:26.8751385
22475,2285,Savings,124017.98,INR,BR002,ACTIVE,2024-06-07,2026-05-16 10:42:26.8751385,2026-05-16 10:42:26.8751385
22476,2223,Current,393907.74,INR,BR003,ACTIVE,2021-03-04,2026-05-16 10:42:26.8751385,2026-05-16 10:42:26.8751385
22477,1598,Savings,349823.51,INR,BR004,ACTIVE,2024-12-23,2026-05-16 10:42:26.8751385,2026-05-16 10:42:26.8751385
22478,2764,Savings,437714.74,INR,BR004,ACTIVE,2020-11-05,2026-05-16 10:42:26.8751385,2026-05-16 10:42:26.8751385
22479,1386,Savings,202349.35,INR,BR002,ACTIVE,2020-04-13,2026-05-16 10:42:26.8751385,2026-05-16 10:42:26.8751385
22480,3520,Savings,274116.59,INR,BR001,ACTIVE,2020-05-11,2026-05-16 10:42:26.8751385,2026-05-16 10:42:26.8751385
22481,1179,Savings,369650.08,INR,BR004,ACTIVE,2021-03-24,2026-05-16 10:42:26.8751385,2026-05-16 10:42:26.8751385
22482,3498,Current,505366.83,INR,BR004,ACTIVE,2024-05-09,2026-05-16 10:42:26.8751385,2026-05-16 10:42:26.8751385
22483,4312,Savings,494826.27,INR,BR002,ACTIVE,2024-02-25,2026-05-16 10:42:26.8751385,2026-05-16 10:42:26.8751385
22484,4596,Savings,499588.53,INR,BR002,ACTIVE,2022-11-01,2026-05-16 10:42:26.8751385,2026-05-16 10:42:26.8751385
22485,1815,Current,445372.72,INR,BR002,ACTIVE,2024-03-15,2026-05-16 10:42:26.8751385,2026-05-16 10:42:26.8751385
22486,4818,Current,320185.76,INR,BR004,ACTIVE,2024-05-25,2026-05-16 10:42:26.8751385,2026-05-16 10:42:26.8751385
22487,4255,Savings,16189.87,INR,BR004,ACTIVE,2020-06-29,2026-05-16 10:42:26.8751385,2026-05-16 10:42:26.8751385
22488,2818,Current,350072.34,INR,BR001,ACTIVE,2022-04-01,2026-05-16 10:42:26.8751385,2026-05-16 10:42:26.8751385
22489,1358,Savings,120061.16,INR,BR001,ACTIVE,2020-10-19,2026-05-16 10:42:26.8751385,2026-05-16 10:42:26.8751385
22490,3424,Savings,29526.41,INR,BR003,ACTIVE,2022-04-20,2026-05-16 10:42:26.8751385,2026-05-16 10:42:26.8751385
22491,1702,Savings,348895.03,INR,BR002,ACTIVE,2020-06-12,2026-05-16 10:42:26.8751385,2026-05-16 10:42:26.8751385
22492,3886,Savings,378249.45,INR,BR004,ACTIVE,2021-09-29,2026-05-16 10:42:26.8751385,2026-05-16 10:42:26.8751385
22493,2751,Savings,330057.13,INR,BR001,ACTIVE,2022-02-27,2026-05-16 10:42:26.8751385,2026-05-16 10:42:26.8751385
22494,4842,Savings,183219.72,INR,BR002,ACTIVE,2020-12-15,2026-05-16 10:42:26.8751385,2026-05-16 10:42:26.8751385
22495,3586,Savings,255991.06,INR,BR002,ACTIVE,2023-07-03,2026-05-16 10:42:26.8751385,2026-05-16 10:42:26.8751385
22496,1782,Savings,467538.87,INR,BR003,ACTIVE,2024-06-12,2026-05-16 10:42:26.8751385,2026-05-16 10:42:26.8751385
22497,1082,Savings,365075.87,INR,BR002,ACTIVE,2023-09-15,2026-05-16 10:42:26.8751385,2026-05-16 10:42:26.8751385
22498,4430,Savings,252837.43,INR,BR001,ACTIVE,2023-05-22,2026-05-16 10:42:26.8751385,2026-05-16 10:42:26.8751385
22499,1185,Savings,297131.13,INR,BR003,ACTIVE,2021-05-07,2026-05-16 10:42:26.8751385,2026-05-16 10:42:26.8751385
22500,3336,Savings,499044.86,INR,BR004,ACTIVE,2024-07-26,2026-05-16 10:42:26.8751385,2026-05-16 10:42:26.8751385
22501,4134,Savings,197497.48,INR,BR003,ACTIVE,2022-10-15,2026-05-16 10:42:26.8751385,2026-05-16 10:42:26.8751385
22502,1883,Current,90920.54,INR,BR002,ACTIVE,2024-09-11,2026-05-16 10:42:26.8751385,2026-05-16 10:42:26.8751385
22503,1507,Current,163587.29,INR,BR002,ACTIVE,2020-11-20,2026-05-16 10:42:26.8751385,2026-05-16 10:42:26.8751385
22504,3042,Savings,208184.91,INR,BR001,ACTIVE,2022-01-01,2026-05-16 10:42:26.8751385,2026-05-16 10:42:26.8751385
22505,2486,Savings,137208.97,INR,BR002,ACTIVE,2021-02-21,2026-05-16 10:42:26.8751385,2026-05-16 10:42:26.8751385
22506,1030,Current,264957.23,INR,BR004,ACTIVE,2020-01-18,2026-05-16 10:42:26.8751385,2026-05-16 10:42:26.8751385
22507,2933,Savings,153124.08,INR,BR001,ACTIVE,2024-09-13,2026-05-16 10:42:26.8751385,2026-05-16 10:42:26.8751385
22508,3984,Savings,52486.61,INR,BR002,ACTIVE,2020-03-29,2026-05-16 10:42:26.8751385,2026-05-16 10:42:26.8751385
22509,3079,Savings,94846.19,INR,BR004,ACTIVE,2020-11-20,2026-05-16 10:42:26.8751385,2026-05-16 10:42:26.8751385
22510,2317,Savings,496275.99,INR,BR001,ACTIVE,2020-11-19,2026-05-16 10:42:26.8751385,2026-05-16 10:42:26.8751385
22511,2197,Savings,315168.22,INR,BR002,ACTIVE,2024-08-12,2026-05-16 10:42:26.8751385,2026-05-16 10:42:26.8751385
22512,4686,Savings,157840.05,INR,BR004,ACTIVE,2021-01-21,2026-05-16 10:42:26.8751385,2026-05-16 10:42:26.8751385
22513,2152,Savings,184092.04,INR,BR004,ACTIVE,2022-07-24,2026-05-16 10:42:26.8751385,2026-05-16 10:42:26.8751385
22514,1086,Savings,247198.20,INR,BR003,ACTIVE,2023-10-21,2026-05-16 10:42:26.8751385,2026-05-16 10:42:26.8751385
22515,2339,Current,336891.89,INR,BR001,ACTIVE,2021-10-06,2026-05-16 10:42:26.8751385,2026-05-16 10:42:26.8751385
22516,3076,Savings,291507.77,INR,BR003,ACTIVE,2022-02-20,2026-05-16 10:42:26.8751385,2026-05-16 10:42:26.8751385
22517,3170,Savings,466416.36,INR,BR004,ACTIVE,2021-09-13,2026-05-16 10:42:26.8751385,2026-05-16 10:42:26.8751385
22518,2275,Savings,313248.66,INR,BR003,ACTIVE,2023-02-17,2026-05-16 10:42:26.8751385,2026-05-16 10:42:26.8751385
22519,3621,Savings,455485.20,INR,BR003,ACTIVE,2024-01-04,2026-05-16 10:42:26.8751385,2026-05-16 10:42:26.8751385
22520,3451,Savings,12074.05,INR,BR003,ACTIVE,2021-06-12,2026-05-16 10:42:26.8751385,2026-05-16 10:42:26.8751385
22521,1683,Savings,445389.18,INR,BR001,ACTIVE,2024-10-22,2026-05-16 10:42:26.8751385,2026-05-16 10:42:26.8751385
22522,4515,Savings,361007.84,INR,BR002,ACTIVE,2024-03-23,2026-05-16 10:42:26.8751385,2026-05-16 10:42:26.8751385
22523,1272,Savings,129269.43,INR,BR003,ACTIVE,2020-09-02,2026-05-16 10:42:26.8751385,2026-05-16 10:42:26.8751385
22524,3885,Savings,132255.97,INR,BR002,ACTIVE,2020-12-06,2026-05-16 10:42:26.8751385,2026-05-16 10:42:26.8751385
22525,2836,Current,271862.19,INR,BR001,ACTIVE,2024-05-10,2026-05-16 10:42:26.8751385,2026-05-16 10:42:26.8751385
22526,3161,Current,63344.14,INR,BR002,ACTIVE,2023-02-27,2026-05-16 10:42:26.8751385,2026-05-16 10:42:26.8751385
22527,2730,Savings,392898.77,INR,BR001,ACTIVE,2020-08-17,2026-05-16 10:42:26.8751385,2026-05-16 10:42:26.8751385
22528,2418,Current,395795.76,INR,BR002,ACTIVE,2021-07-24,2026-05-16 10:42:26.8751385,2026-05-16 10:42:26.8751385
22529,1019,Savings,151173.55,INR,BR001,ACTIVE,2024-12-25,2026-05-16 10:42:26.8751385,2026-05-16 10:42:26.8751385
22530,2876,Current,35838.69,INR,BR004,ACTIVE,2024-01-30,2026-05-16 10:42:26.8751385,2026-05-16 10:42:26.8751385
22531,3653,Savings,494434.88,INR,BR001,ACTIVE,2021-01-12,2026-05-16 10:42:26.8751385,2026-05-16 10:42:26.8751385
22532,4801,Savings,126113.71,INR,BR002,ACTIVE,2023-07-06,2026-05-16 10:42:26.8751385,2026-05-16 10:42:26.8751385
22533,1465,Savings,34711.77,INR,BR003,ACTIVE,2021-06-20,2026-05-16 10:42:26.8751385,2026-05-16 10:42:26.8751385
22534,1691,Current,165652.51,INR,BR004,ACTIVE,2023-12-07,2026-05-16 10:42:26.8751385,2026-05-16 10:42:26.8751385
22535,2011,Savings,516907.03,INR,BR003,ACTIVE,2020-03-09,2026-05-16 10:42:26.8751385,2026-05-16 10:42:26.8751385
22536,4981,Savings,396670.88,INR,BR002,ACTIVE,2020-11-03,2026-05-16 10:42:26.8751385,2026-05-16 10:42:26.8751385
22537,2215,Current,240686.21,INR,BR003,ACTIVE,2024-03-20,2026-05-16 10:42:26.8751385,2026-05-16 10:42:26.8751385
22538,2517,Savings,153359.88,INR,BR003,ACTIVE,2022-04-07,2026-05-16 10:42:26.8751385,2026-05-16 10:42:26.8751385
22539,4984,Savings,212229.74,INR,BR001,ACTIVE,2022-02-08,2026-05-16 10:42:26.8751385,2026-05-16 10:42:26.8751385
22540,4062,Savings,18549.31,INR,BR002,ACTIVE,2023-08-09,2026-05-16 10:42:26.8751385,2026-05-16 10:42:26.8751385
22541,1163,Current,359466.87,INR,BR003,ACTIVE,2021-06-23,2026-05-16 10:42:26.8751385,2026-05-16 10:42:26.8751385
22542,2636,Current,50722.49,INR,BR003,ACTIVE,2020-08-24,2026-05-16 10:42:26.8751385,2026-05-16 10:42:26.8751385
22543,3747,Current,259999.75,INR,BR003,ACTIVE,2022-01-25,2026-05-16 10:42:26.8751385,2026-05-16 10:42:26.8751385
22544,1295,Savings,283356.68,INR,BR002,ACTIVE,2024-08-22,2026-05-16 10:42:26.8751385,2026-05-16 10:42:26.8751385
22545,1579,Savings,1843.20,INR,BR004,ACTIVE,2024-11-25,2026-05-16 10:42:26.8751385,2026-05-16 10:42:26.8751385
22546,4145,Savings,489959.43,INR,BR003,ACTIVE,2024-01-12,2026-05-16 10:42:26.8751385,2026-05-16 10:42:26.8751385
22547,2768,Savings,151767.38,INR,BR003,ACTIVE,2022-05-12,2026-05-16 10:42:26.8751385,2026-05-16 10:42:26.8751385
22548,3749,Savings,39534.90,INR,BR004,ACTIVE,2022-01-24,2026-05-16 10:42:26.8751385,2026-05-16 10:42:26.8751385
22549,2586,Savings,427339.89,INR,BR004,ACTIVE,2022-03-15,2026-05-16 10:42:26.8751385,2026-05-16 10:42:26.8751385
22550,4381,Current,76824.35,INR,BR004,ACTIVE,2021-12-21,2026-05-16 10:42:26.8751385,2026-05-16 10:42:26.8751385
22551,3350,Current,13452.61,INR,BR003,ACTIVE,2022-12-26,2026-05-16 10:42:26.8751385,2026-05-16 10:42:26.8751385
22552,2332,Savings,247850.65,INR,BR001,ACTIVE,2022-11-29,2026-05-16 10:42:26.8751385,2026-05-16 10:42:26.8751385
22553,3172,Savings,65828.58,INR,BR002,ACTIVE,2023-01-17,2026-05-16 10:42:26.8751385,2026-05-16 10:42:26.8751385
22554,3717,Savings,491229.11,INR,BR003,ACTIVE,2023-05-25,2026-05-16 10:42:26.8751385,2026-05-16 10:42:26.8751385
22555,4333,Savings,6195.08,INR,BR004,ACTIVE,2022-03-18,2026-05-16 10:42:26.8751385,2026-05-16 10:42:26.8751385
22556,1195,Savings,26547.47,INR,BR004,ACTIVE,2021-10-31,2026-05-16 10:42:26.8751385,2026-05-16 10:42:26.8751385
22557,1842,Savings,460227.41,INR,BR004,ACTIVE,2021-02-14,2026-05-16 10:42:26.8751385,2026-05-16 10:42:26.8751385
22558,3399,Current,120636.10,INR,BR004,ACTIVE,2020-06-05,2026-05-16 10:42:26.8751385,2026-05-16 10:42:26.8751385
22559,2867,Savings,495618.64,INR,BR001,ACTIVE,2023-10-12,2026-05-16 10:42:26.8751385,2026-05-16 10:42:26.8751385
22560,2792,Savings,156257.39,INR,BR002,ACTIVE,2024-12-03,2026-05-16 10:42:26.8751385,2026-05-16 10:42:26.8751385
22561,1489,Savings,35821.54,INR,BR001,ACTIVE,2024-03-30,2026-05-16 10:42:26.8751385,2026-05-16 10:42:26.8751385
22562,3248,Savings,6285.31,INR,BR001,ACTIVE,2021-10-28,2026-05-16 10:42:26.8751385,2026-05-16 10:42:26.8751385
22563,3932,Savings,142001.07,INR,BR002,ACTIVE,2024-03-24,2026-05-16 10:42:26.8751385,2026-05-16 10:42:26.8751385
22564,3556,Current,237391.56,INR,BR003,ACTIVE,2024-01-17,2026-05-16 10:42:26.8751385,2026-05-16 10:42:26.8751385
22565,3946,Savings,1507.04,INR,BR003,ACTIVE,2021-07-31,2026-05-16 10:42:26.8751385,2026-05-16 10:42:26.8751385
22566,2604,Current,290972.49,INR,BR001,ACTIVE,2021-07-02,2026-05-16 10:42:26.8751385,2026-05-16 10:42:26.8751385
22567,1446,Savings,167497.12,INR,BR002,ACTIVE,2021-06-11,2026-05-16 10:42:26.8751385,2026-05-16 10:42:26.8751385
22568,1080,Savings,195686.61,INR,BR004,ACTIVE,2020-11-02,2026-05-16 10:42:26.8751385,2026-05-16 10:42:26.8751385
22569,1745,Current,131444.06,INR,BR002,ACTIVE,2024-03-31,2026-05-16 10:42:26.8751385,2026-05-16 10:42:26.8751385
22570,3746,Savings,264993.56,INR,BR003,ACTIVE,2020-01-27,2026-05-16 10:42:26.8751385,2026-05-16 10:42:26.8751385
22571,4689,Savings,115831.19,INR,BR001,ACTIVE,2020-02-11,2026-05-16 10:42:26.8751385,2026-05-16 10:42:26.8751385
22572,4541,Savings,68276.22,INR,BR004,ACTIVE,2024-05-18,2026-05-16 10:42:26.8751385,2026-05-16 10:42:26.8751385
22573,2861,Savings,445432.89,INR,BR003,ACTIVE,2022-08-27,2026-05-16 10:42:26.8751385,2026-05-16 10:42:26.8751385
22574,2466,Savings,195886.94,INR,BR004,ACTIVE,2023-04-03,2026-05-16 10:42:26.8751385,2026-05-16 10:42:26.8751385
22575,1931,Current,39388.24,INR,BR002,ACTIVE,2025-01-20,2026-05-16 10:42:26.8751385,2026-05-16 10:42:26.8751385
22576,3702,Current,115931.05,INR,BR002,ACTIVE,2021-11-01,2026-05-16 10:42:26.8751385,2026-05-16 10:42:26.8751385
22577,2935,Savings,155661.53,INR,BR003,ACTIVE,2020-02-12,2026-05-16 10:42:26.8751385,2026-05-16 10:42:26.8751385
22578,3950,Savings,385053.51,INR,BR003,ACTIVE,2024-12-15,2026-05-16 10:42:26.8751385,2026-05-16 10:42:26.8751385
22579,1272,Current,12105.49,INR,BR004,ACTIVE,2022-02-07,2026-05-16 10:42:26.8751385,2026-05-16 10:42:26.8751385
22580,2367,Savings,239646.49,INR,BR004,ACTIVE,2024-04-27,2026-05-16 10:42:26.8751385,2026-05-16 10:42:26.8751385
22581,3172,Savings,204438.55,INR,BR002,ACTIVE,2022-06-24,2026-05-16 10:42:26.8751385,2026-05-16 10:42:26.8751385
22582,4295,Savings,531020.76,INR,BR001,ACTIVE,2022-10-15,2026-05-16 10:42:26.8751385,2026-05-16 10:42:26.8751385
22583,2514,Savings,90857.43,INR,BR004,ACTIVE,2022-08-11,2026-05-16 10:42:26.8751385,2026-05-16 10:42:26.8751385
22584,1686,Savings,314307.50,INR,BR002,ACTIVE,2024-01-14,2026-05-16 10:42:26.8751385,2026-05-16 10:42:26.8751385
22585,2727,Savings,101896.25,INR,BR001,ACTIVE,2021-05-04,2026-05-16 10:42:26.8751385,2026-05-16 10:42:26.8751385
22586,1652,Current,274662.61,INR,BR003,ACTIVE,2024-09-23,2026-05-16 10:42:26.8751385,2026-05-16 10:42:26.8751385
22587,1297,Savings,277976.55,INR,BR003,ACTIVE,2020-11-07,2026-05-16 10:42:26.8751385,2026-05-16 10:42:26.8751385
22588,2143,Current,38598.02,INR,BR004,ACTIVE,2020-11-26,2026-05-16 10:42:26.8751385,2026-05-16 10:42:26.8751385
22589,3835,Savings,252353.07,INR,BR001,ACTIVE,2024-11-16,2026-05-16 10:42:26.8751385,2026-05-16 10:42:26.8751385
22590,4148,Savings,275519.75,INR,BR002,ACTIVE,2023-07-20,2026-05-16 10:42:26.8751385,2026-05-16 10:42:26.8751385
22591,1621,Savings,160249.20,INR,BR004,ACTIVE,2024-06-27,2026-05-16 10:42:26.8751385,2026-05-16 10:42:26.8751385
22592,2655,Current,139302.12,INR,BR002,ACTIVE,2023-12-14,2026-05-16 10:42:26.8751385,2026-05-16 10:42:26.8751385
22593,4021,Savings,112924.69,INR,BR001,ACTIVE,2021-02-01,2026-05-16 10:42:26.8751385,2026-05-16 10:42:26.8751385
22594,3929,Savings,3964.59,INR,BR004,ACTIVE,2021-06-23,2026-05-16 10:42:26.8751385,2026-05-16 10:42:26.8751385
22595,4330,Savings,11474.72,INR,BR001,ACTIVE,2023-01-18,2026-05-16 10:42:26.8751385,2026-05-16 10:42:26.8751385
22596,4604,Savings,295303.82,INR,BR001,ACTIVE,2021-08-27,2026-05-16 10:42:26.8751385,2026-05-16 10:42:26.8751385
22597,2655,Savings,146440.49,INR,BR001,ACTIVE,2023-02-08,2026-05-16 10:42:26.8751385,2026-05-16 10:42:26.8751385
22598,3399,Savings,84776.44,INR,BR002,ACTIVE,2022-02-03,2026-05-16 10:42:26.8751385,2026-05-16 10:42:26.8751385
22599,2673,Current,342682.87,INR,BR003,ACTIVE,2021-10-19,2026-05-16 10:42:26.8751385,2026-05-16 10:42:26.8751385
22600,4349,Savings,264923.38,INR,BR004,ACTIVE,2023-12-31,2026-05-16 10:42:26.8751385,2026-05-16 10:42:26.8751385
22601,1255,Savings,457564.18,INR,BR002,ACTIVE,2021-06-25,2026-05-16 10:42:26.8751385,2026-05-16 10:42:26.8751385
22602,2288,Current,415677.45,INR,BR001,ACTIVE,2022-04-09,2026-05-16 10:42:26.8751385,2026-05-16 10:42:26.8751385
22603,3727,Savings,408477.53,INR,BR002,ACTIVE,2023-12-04,2026-05-16 10:42:26.8751385,2026-05-16 10:42:26.8751385
22604,4749,Current,64164.40,INR,BR001,ACTIVE,2020-10-03,2026-05-16 10:42:26.8751385,2026-05-16 10:42:26.8751385
22605,1029,Savings,333378.28,INR,BR001,ACTIVE,2023-09-30,2026-05-16 10:42:26.8751385,2026-05-16 10:42:26.8751385
22606,3515,Current,347269.30,INR,BR001,ACTIVE,2023-07-31,2026-05-16 10:42:26.8751385,2026-05-16 10:42:26.8751385
22607,2059,Savings,381902.96,INR,BR001,ACTIVE,2021-12-24,2026-05-16 10:42:26.8751385,2026-05-16 10:42:26.8751385
22608,1749,Savings,132303.23,INR,BR002,ACTIVE,2020-01-06,2026-05-16 10:42:26.8751385,2026-05-16 10:42:26.8751385
22609,2318,Savings,320508.45,INR,BR001,ACTIVE,2023-11-06,2026-05-16 10:42:26.8751385,2026-05-16 10:42:26.8751385
22610,1602,Savings,309520.95,INR,BR002,ACTIVE,2024-01-28,2026-05-16 10:42:26.8751385,2026-05-16 10:42:26.8751385
22611,4275,Savings,205210.55,INR,BR002,ACTIVE,2023-09-04,2026-05-16 10:42:26.8751385,2026-05-16 10:42:26.8751385
22612,3788,Current,332089.98,INR,BR003,ACTIVE,2022-09-12,2026-05-16 10:42:26.8751385,2026-05-16 10:42:26.8751385
22613,3979,Savings,44261.09,INR,BR002,ACTIVE,2024-04-16,2026-05-16 10:42:26.8751385,2026-05-16 10:42:26.8751385
22614,2092,Current,322109.01,INR,BR003,ACTIVE,2023-03-21,2026-05-16 10:42:26.8751385,2026-05-16 10:42:26.8751385
22615,1131,Savings,303401.78,INR,BR003,ACTIVE,2021-04-04,2026-05-16 10:42:26.8751385,2026-05-16 10:42:26.8751385
22616,4949,Savings,106101.58,INR,BR003,ACTIVE,2023-12-08,2026-05-16 10:42:26.8751385,2026-05-16 10:42:26.8751385
22617,1111,Savings,409288.60,INR,BR002,ACTIVE,2021-02-21,2026-05-16 10:42:26.8751385,2026-05-16 10:42:26.8751385
22618,3572,Savings,472797.25,INR,BR003,ACTIVE,2020-02-26,2026-05-16 10:42:26.8751385,2026-05-16 10:42:26.8751385
22619,4360,Savings,120768.24,INR,BR004,ACTIVE,2023-08-30,2026-05-16 10:42:26.8751385,2026-05-16 10:42:26.8751385
22620,3735,Current,38904.58,INR,BR001,ACTIVE,2020-04-07,2026-05-16 10:42:26.8751385,2026-05-16 10:42:26.8751385
22621,1831,Savings,302184.16,INR,BR002,ACTIVE,2023-06-04,2026-05-16 10:42:26.8751385,2026-05-16 10:42:26.8751385
22622,1666,Savings,285769.53,INR,BR001,ACTIVE,2025-01-11,2026-05-16 10:42:26.8751385,2026-05-16 10:42:26.8751385
22623,2067,Savings,214369.52,INR,BR002,ACTIVE,2024-04-03,2026-05-16 10:42:26.8751385,2026-05-16 10:42:26.8751385
22624,1875,Savings,380743.16,INR,BR003,ACTIVE,2022-02-07,2026-05-16 10:42:26.8751385,2026-05-16 10:42:26.8751385
22625,4789,Current,484861.66,INR,BR004,ACTIVE,2024-07-13,2026-05-16 10:42:26.8751385,2026-05-16 10:42:26.8751385
22626,4756,Savings,239354.20,INR,BR003,ACTIVE,2022-07-28,2026-05-16 10:42:26.8751385,2026-05-16 10:42:26.8751385
22627,2318,Savings,4071.38,INR,BR002,ACTIVE,2022-10-20,2026-05-16 10:42:26.8751385,2026-05-16 10:42:26.8751385
22628,1285,Savings,298537.30,INR,BR003,ACTIVE,2021-02-11,2026-05-16 10:42:26.8751385,2026-05-16 10:42:26.8751385
22629,3871,Savings,327328.97,INR,BR004,ACTIVE,2021-01-30,2026-05-16 10:42:26.8751385,2026-05-16 10:42:26.8751385
22630,1564,Savings,414181.13,INR,BR001,ACTIVE,2023-12-30,2026-05-16 10:42:26.8751385,2026-05-16 10:42:26.8751385
22631,4699,Savings,100504.08,INR,BR001,ACTIVE,2022-11-29,2026-05-16 10:42:26.8751385,2026-05-16 10:42:26.8751385
22632,1019,Current,262639.49,INR,BR003,ACTIVE,2022-06-02,2026-05-16 10:42:26.8751385,2026-05-16 10:42:26.8751385
22633,4579,Savings,224118.62,INR,BR002,ACTIVE,2021-01-25,2026-05-16 10:42:26.8751385,2026-05-16 10:42:26.8751385
22634,1547,Savings,332555.79,INR,BR002,ACTIVE,2022-03-24,2026-05-16 10:42:26.8751385,2026-05-16 10:42:26.8751385
22635,1048,Savings,32907.59,INR,BR001,ACTIVE,2020-02-29,2026-05-16 10:42:26.8751385,2026-05-16 10:42:26.8751385
22636,2769,Savings,466453.31,INR,BR004,ACTIVE,2024-12-25,2026-05-16 10:42:26.8751385,2026-05-16 10:42:26.8751385
22637,3043,Current,256067.54,INR,BR003,ACTIVE,2020-12-27,2026-05-16 10:42:26.8751385,2026-05-16 10:42:26.8751385
22638,1219,Savings,488509.15,INR,BR003,ACTIVE,2022-02-11,2026-05-16 10:42:26.8751385,2026-05-16 10:42:26.8751385
22639,4694,Savings,170778.33,INR,BR001,ACTIVE,2020-09-18,2026-05-16 10:42:26.8751385,2026-05-16 10:42:26.8751385
22640,1766,Savings,327107.59,INR,BR002,ACTIVE,2022-10-04,2026-05-16 10:42:26.8751385,2026-05-16 10:42:26.8751385
22641,4260,Savings,478405.85,INR,BR003,ACTIVE,2022-08-12,2026-05-16 10:42:26.8751385,2026-05-16 10:42:26.8751385
22642,3079,Current,471746.22,INR,BR002,ACTIVE,2023-05-17,2026-05-16 10:42:26.8751385,2026-05-16 10:42:26.8751385
22643,3307,Savings,472107.27,INR,BR002,ACTIVE,2021-09-17,2026-05-16 10:42:26.8751385,2026-05-16 10:42:26.8751385
22644,4747,Current,23823.25,INR,BR001,ACTIVE,2022-08-12,2026-05-16 10:42:26.8751385,2026-05-16 10:42:26.8751385
22645,4416,Savings,202104.98,INR,BR002,ACTIVE,2023-09-06,2026-05-16 10:42:26.8751385,2026-05-16 10:42:26.8751385
22646,1308,Savings,31329.85,INR,BR004,ACTIVE,2025-01-19,2026-05-16 10:42:26.8751385,2026-05-16 10:42:26.8751385
22647,4143,Current,155429.03,INR,BR004,ACTIVE,2024-08-16,2026-05-16 10:42:26.8751385,2026-05-16 10:42:26.8751385
22648,3355,Savings,88114.47,INR,BR001,ACTIVE,2021-01-30,2026-05-16 10:42:26.8751385,2026-05-16 10:42:26.8751385
22649,1568,Savings,310448.57,INR,BR003,ACTIVE,2022-07-31,2026-05-16 10:42:26.8751385,2026-05-16 10:42:26.8751385
22650,2123,Savings,390592.33,INR,BR002,ACTIVE,2024-06-14,2026-05-16 10:42:26.8751385,2026-05-16 10:42:26.8751385
22651,3069,Savings,257160.14,INR,BR004,ACTIVE,2022-03-08,2026-05-16 10:42:26.8751385,2026-05-16 10:42:26.8751385
22652,4969,Current,397941.06,INR,BR001,ACTIVE,2022-09-11,2026-05-16 10:42:26.8751385,2026-05-16 10:42:26.8751385
22653,4692,Current,7393.84,INR,BR001,ACTIVE,2023-02-24,2026-05-16 10:42:26.8751385,2026-05-16 10:42:26.8751385
22654,4637,Current,410417.71,INR,BR002,ACTIVE,2022-03-19,2026-05-16 10:42:26.8751385,2026-05-16 10:42:26.8751385
22655,4078,Current,90001.75,INR,BR001,ACTIVE,2020-07-31,2026-05-16 10:42:26.8751385,2026-05-16 10:42:26.8751385
22656,1231,Savings,231007.01,INR,BR003,ACTIVE,2022-06-15,2026-05-16 10:42:26.8751385,2026-05-16 10:42:26.8751385
22657,1082,Savings,221850.22,INR,BR002,ACTIVE,2021-03-31,2026-05-16 10:42:26.8751385,2026-05-16 10:42:26.8751385
22658,4006,Savings,436704.61,INR,BR003,ACTIVE,2021-07-02,2026-05-16 10:42:26.8751385,2026-05-16 10:42:26.8751385
22659,1217,Savings,483023.59,INR,BR004,ACTIVE,2021-07-15,2026-05-16 10:42:26.8751385,2026-05-16 10:42:26.8751385
22660,1335,Savings,128305.36,INR,BR004,ACTIVE,2022-09-15,2026-05-16 10:42:26.8751385,2026-05-16 10:42:26.8751385
22661,1559,Current,34639.17,INR,BR004,ACTIVE,2024-07-26,2026-05-16 10:42:26.8751385,2026-05-16 10:42:26.8751385
22662,3912,Current,325610.37,INR,BR004,ACTIVE,2023-09-10,2026-05-16 10:42:26.8751385,2026-05-16 10:42:26.8751385
22663,1874,Savings,251917.45,INR,BR001,ACTIVE,2023-10-01,2026-05-16 10:42:26.8751385,2026-05-16 10:42:26.8751385
22664,1753,Savings,301921.30,INR,BR003,ACTIVE,2023-11-09,2026-05-16 10:42:26.8751385,2026-05-16 10:42:26.8751385
22665,4762,Savings,24088.84,INR,BR001,ACTIVE,2024-06-23,2026-05-16 10:42:26.8751385,2026-05-16 10:42:26.8751385
22666,1594,Savings,387879.60,INR,BR001,ACTIVE,2024-07-03,2026-05-16 10:42:26.8751385,2026-05-16 10:42:26.8751385
22667,2823,Savings,116944.35,INR,BR004,ACTIVE,2022-10-27,2026-05-16 10:42:26.8751385,2026-05-16 10:42:26.8751385
22668,3752,Savings,168133.45,INR,BR003,ACTIVE,2023-11-15,2026-05-16 10:42:26.8751385,2026-05-16 10:42:26.8751385
22669,3973,Current,114948.50,INR,BR002,ACTIVE,2022-06-12,2026-05-16 10:42:26.8751385,2026-05-16 10:42:26.8751385
22670,2679,Savings,473026.34,INR,BR002,ACTIVE,2024-09-09,2026-05-16 10:42:26.8751385,2026-05-16 10:42:26.8751385
22671,4898,Savings,85192.19,INR,BR002,ACTIVE,2023-05-07,2026-05-16 10:42:26.8751385,2026-05-16 10:42:26.8751385
22672,4863,Savings,366427.18,INR,BR003,ACTIVE,2023-06-12,2026-05-16 10:42:26.8751385,2026-05-16 10:42:26.8751385
22673,1553,Savings,123627.90,INR,BR004,ACTIVE,2020-04-18,2026-05-16 10:42:26.8751385,2026-05-16 10:42:26.8751385
22674,2483,Savings,213034.89,INR,BR004,ACTIVE,2021-04-28,2026-05-16 10:42:26.8751385,2026-05-16 10:42:26.8751385
22675,1783,Current,498034.88,INR,BR003,ACTIVE,2021-10-30,2026-05-16 10:42:26.8751385,2026-05-16 10:42:26.8751385
22676,3135,Current,51187.80,INR,BR004,ACTIVE,2022-04-01,2026-05-16 10:42:26.8751385,2026-05-16 10:42:26.8751385
22677,4587,Savings,440798.26,INR,BR003,ACTIVE,2021-12-06,2026-05-16 10:42:26.8751385,2026-05-16 10:42:26.8751385
22678,4795,Current,473078.90,INR,BR003,ACTIVE,2023-02-25,2026-05-16 10:42:26.8751385,2026-05-16 10:42:26.8751385
22679,1513,Savings,349415.42,INR,BR002,ACTIVE,2025-01-23,2026-05-16 10:42:26.8751385,2026-05-16 10:42:26.8751385
22680,1984,Current,5971.13,INR,BR002,ACTIVE,2020-08-11,2026-05-16 10:42:26.8751385,2026-05-16 10:42:26.8751385
22681,4057,Savings,410578.49,INR,BR001,ACTIVE,2023-10-24,2026-05-16 10:42:26.8751385,2026-05-16 10:42:26.8751385
22682,1587,Savings,441253.69,INR,BR003,ACTIVE,2024-05-02,2026-05-16 10:42:26.8751385,2026-05-16 10:42:26.8751385
22683,2502,Savings,528446.12,INR,BR002,ACTIVE,2020-11-21,2026-05-16 10:42:26.8751385,2026-05-16 10:42:26.8751385
22684,3546,Current,419818.56,INR,BR002,ACTIVE,2023-10-15,2026-05-16 10:42:26.8751385,2026-05-16 10:42:26.8751385
22685,3955,Savings,223347.90,INR,BR002,ACTIVE,2020-02-27,2026-05-16 10:42:26.8751385,2026-05-16 10:42:26.8751385
22686,1956,Savings,347559.16,INR,BR004,ACTIVE,2023-09-02,2026-05-16 10:42:26.8751385,2026-05-16 10:42:26.8751385
22687,1743,Savings,243079.13,INR,BR002,ACTIVE,2024-08-24,2026-05-16 10:42:26.8751385,2026-05-16 10:42:26.8751385
22688,1449,Savings,177156.16,INR,BR004,ACTIVE,2024-06-09,2026-05-16 10:42:26.8751385,2026-05-16 10:42:26.8751385
22689,1588,Savings,313586.82,INR,BR002,ACTIVE,2022-09-14,2026-05-16 10:42:26.8751385,2026-05-16 10:42:26.8751385
22690,1260,Savings,385146.39,INR,BR004,ACTIVE,2022-02-13,2026-05-16 10:42:26.8751385,2026-05-16 10:42:26.8751385
22691,4609,Savings,318314.49,INR,BR004,ACTIVE,2024-07-19,2026-05-16 10:42:26.8751385,2026-05-16 10:42:26.8751385
22692,4272,Savings,413462.61,INR,BR002,ACTIVE,2022-07-21,2026-05-16 10:42:26.8751385,2026-05-16 10:42:26.8751385
22693,3511,Savings,89011.11,INR,BR003,ACTIVE,2023-03-21,2026-05-16 10:42:26.8751385,2026-05-16 10:42:26.8751385
22694,1094,Savings,187473.58,INR,BR001,ACTIVE,2022-05-17,2026-05-16 10:42:26.8751385,2026-05-16 10:42:26.8751385
22695,2021,Savings,156980.32,INR,BR001,ACTIVE,2020-06-10,2026-05-16 10:42:26.8751385,2026-05-16 10:42:26.8751385
22696,2960,Savings,97869.44,INR,BR003,ACTIVE,2024-11-24,2026-05-16 10:42:26.8751385,2026-05-16 10:42:26.8751385
22697,2376,Savings,222143.99,INR,BR002,ACTIVE,2024-03-13,2026-05-16 10:42:26.8751385,2026-05-16 10:42:26.8751385
22698,2132,Savings,473988.56,INR,BR003,ACTIVE,2023-11-25,2026-05-16 10:42:26.8751385,2026-05-16 10:42:26.8751385
22699,3403,Savings,288292.90,INR,BR002,ACTIVE,2023-04-29,2026-05-16 10:42:26.8751385,2026-05-16 10:42:26.8751385
22700,3517,Savings,143916.03,INR,BR002,ACTIVE,2024-09-16,2026-05-16 10:42:26.8751385,2026-05-16 10:42:26.8751385
22701,3143,Savings,177676.25,INR,BR002,ACTIVE,2024-05-03,2026-05-16 10:42:26.8751385,2026-05-16 10:42:26.8751385
22702,1868,Savings,306924.78,INR,BR002,ACTIVE,2023-12-21,2026-05-16 10:42:26.8751385,2026-05-16 10:42:26.8751385
22703,1091,Savings,177020.62,INR,BR002,ACTIVE,2022-04-23,2026-05-16 10:42:26.8751385,2026-05-16 10:42:26.8751385
22704,4116,Savings,269635.01,INR,BR003,ACTIVE,2023-08-29,2026-05-16 10:42:26.8751385,2026-05-16 10:42:26.8751385
22705,2480,Savings,152753.51,INR,BR003,ACTIVE,2023-02-23,2026-05-16 10:42:26.8751385,2026-05-16 10:42:26.8751385
22706,1955,Savings,173619.70,INR,BR001,ACTIVE,2022-04-17,2026-05-16 10:42:26.8751385,2026-05-16 10:42:26.8751385
22707,3432,Savings,353158.20,INR,BR002,ACTIVE,2023-09-13,2026-05-16 10:42:26.8751385,2026-05-16 10:42:26.8751385
22708,1023,Savings,292724.56,INR,BR003,ACTIVE,2020-05-19,2026-05-16 10:42:26.8751385,2026-05-16 10:42:26.8751385
22709,2726,Current,47649.94,INR,BR003,ACTIVE,2022-02-07,2026-05-16 10:42:26.8751385,2026-05-16 10:42:26.8751385
22710,1023,Savings,486618.08,INR,BR002,ACTIVE,2020-03-21,2026-05-16 10:42:26.8751385,2026-05-16 10:42:26.8751385
22711,4306,Savings,25619.12,INR,BR002,ACTIVE,2022-06-15,2026-05-16 10:42:26.8751385,2026-05-16 10:42:26.8751385
22712,2722,Savings,51126.08,INR,BR003,ACTIVE,2020-03-06,2026-05-16 10:42:26.8751385,2026-05-16 10:42:26.8751385
22713,3359,Savings,350991.64,INR,BR002,ACTIVE,2024-04-08,2026-05-16 10:42:26.8751385,2026-05-16 10:42:26.8751385
22714,2441,Savings,354301.05,INR,BR004,ACTIVE,2021-01-10,2026-05-16 10:42:26.8751385,2026-05-16 10:42:26.8751385
22715,2357,Savings,10448.83,INR,BR003,ACTIVE,2022-02-24,2026-05-16 10:42:26.8751385,2026-05-16 10:42:26.8751385
22716,1575,Savings,321734.20,INR,BR001,ACTIVE,2023-01-22,2026-05-16 10:42:26.8751385,2026-05-16 10:42:26.8751385
22717,3151,Current,17596.75,INR,BR002,ACTIVE,2021-05-25,2026-05-16 10:42:26.8751385,2026-05-16 10:42:26.8751385
22718,3548,Savings,480424.23,INR,BR004,ACTIVE,2024-07-03,2026-05-16 10:42:26.8751385,2026-05-16 10:42:26.8751385
22719,1828,Savings,348375.15,INR,BR001,ACTIVE,2021-01-22,2026-05-16 10:42:26.8751385,2026-05-16 10:42:26.8751385
22720,4555,Savings,94102.47,INR,BR001,ACTIVE,2020-01-26,2026-05-16 10:42:26.8751385,2026-05-16 10:42:26.8751385
22721,1189,Savings,79894.29,INR,BR001,ACTIVE,2024-11-27,2026-05-16 10:42:26.8751385,2026-05-16 10:42:26.8751385
22722,4920,Savings,285261.49,INR,BR002,ACTIVE,2021-09-14,2026-05-16 10:42:26.8751385,2026-05-16 10:42:26.8751385
22723,1460,Savings,317125.84,INR,BR001,ACTIVE,2024-02-13,2026-05-16 10:42:26.8751385,2026-05-16 10:42:26.8751385
22724,3237,Savings,415787.58,INR,BR003,ACTIVE,2024-02-10,2026-05-16 10:42:26.8751385,2026-05-16 10:42:26.8751385
22725,1351,Savings,451757.25,INR,BR003,ACTIVE,2021-08-19,2026-05-16 10:42:26.8751385,2026-05-16 10:42:26.8751385
22726,1581,Savings,196874.19,INR,BR002,ACTIVE,2023-11-02,2026-05-16 10:42:26.8751385,2026-05-16 10:42:26.8751385
22727,3162,Savings,422198.34,INR,BR002,ACTIVE,2020-06-28,2026-05-16 10:42:26.8751385,2026-05-16 10:42:26.8751385
22728,3152,Savings,271647.64,INR,BR001,ACTIVE,2021-05-20,2026-05-16 10:42:26.8751385,2026-05-16 10:42:26.8751385
22729,1620,Current,235820.49,INR,BR002,ACTIVE,2020-02-29,2026-05-16 10:42:26.8751385,2026-05-16 10:42:26.8751385
22730,2532,Current,349786.35,INR,BR003,ACTIVE,2020-11-18,2026-05-16 10:42:26.8751385,2026-05-16 10:42:26.8751385
22731,2369,Savings,52494.29,INR,BR003,ACTIVE,2024-04-19,2026-05-16 10:42:26.8751385,2026-05-16 10:42:26.8751385
22732,4093,Savings,133427.87,INR,BR003,ACTIVE,2021-04-06,2026-05-16 10:42:26.8751385,2026-05-16 10:42:26.8751385
22733,3435,Savings,408564.58,INR,BR002,ACTIVE,2022-01-19,2026-05-16 10:42:26.8751385,2026-05-16 10:42:26.8751385
22734,3992,Savings,252535.34,INR,BR003,ACTIVE,2024-06-27,2026-05-16 10:42:26.8751385,2026-05-16 10:42:26.8751385
22735,2802,Savings,454113.67,INR,BR002,ACTIVE,2021-05-17,2026-05-16 10:42:26.8751385,2026-05-16 10:42:26.8751385
22736,3903,Savings,45263.16,INR,BR004,ACTIVE,2024-11-10,2026-05-16 10:42:26.8751385,2026-05-16 10:42:26.8751385
22737,2233,Savings,157392.99,INR,BR001,ACTIVE,2021-01-02,2026-05-16 10:42:26.8751385,2026-05-16 10:42:26.8751385
22738,4754,Savings,178419.40,INR,BR004,ACTIVE,2023-01-15,2026-05-16 10:42:26.8751385,2026-05-16 10:42:26.8751385
22739,3531,Savings,211937.44,INR,BR003,ACTIVE,2022-12-15,2026-05-16 10:42:26.8751385,2026-05-16 10:42:26.8751385
22740,1473,Savings,493423.21,INR,BR001,ACTIVE,2024-06-19,2026-05-16 10:42:26.8751385,2026-05-16 10:42:26.8751385
22741,4778,Savings,156020.69,INR,BR003,ACTIVE,2020-04-16,2026-05-16 10:42:26.8751385,2026-05-16 10:42:26.8751385
22742,1859,Savings,259822.54,INR,BR003,ACTIVE,2021-06-12,2026-05-16 10:42:26.8751385,2026-05-16 10:42:26.8751385
22743,3990,Savings,268499.59,INR,BR004,ACTIVE,2022-07-16,2026-05-16 10:42:26.8751385,2026-05-16 10:42:26.8751385
22744,3441,Savings,385628.17,INR,BR003,ACTIVE,2023-10-25,2026-05-16 10:42:26.8751385,2026-05-16 10:42:26.8751385
22745,4707,Savings,259416.63,INR,BR001,ACTIVE,2021-05-06,2026-05-16 10:42:26.8751385,2026-05-16 10:42:26.8751385
22746,2713,Current,339721.55,INR,BR003,ACTIVE,2022-06-08,2026-05-16 10:42:26.8751385,2026-05-16 10:42:26.8751385
22747,1516,Savings,420389.27,INR,BR001,ACTIVE,2024-09-24,2026-05-16 10:42:26.8751385,2026-05-16 10:42:26.8751385
22748,4260,Savings,51464.87,INR,BR004,ACTIVE,2021-08-22,2026-05-16 10:42:26.8751385,2026-05-16 10:42:26.8751385
22749,3394,Savings,481772.59,INR,BR002,ACTIVE,2020-06-24,2026-05-16 10:42:26.8751385,2026-05-16 10:42:26.8751385
22750,2376,Current,423305.78,INR,BR003,ACTIVE,2024-08-20,2026-05-16 10:42:26.8751385,2026-05-16 10:42:26.8751385
22751,3589,Savings,243000.46,INR,BR004,ACTIVE,2024-04-09,2026-05-16 10:42:26.8751385,2026-05-16 10:42:26.8751385
22752,4670,Savings,411992.50,INR,BR003,ACTIVE,2023-08-20,2026-05-16 10:42:26.8751385,2026-05-16 10:42:26.8751385
22753,3095,Savings,381400.23,INR,BR001,ACTIVE,2024-11-03,2026-05-16 10:42:26.8751385,2026-05-16 10:42:26.8751385
22754,4149,Current,425272.98,INR,BR003,ACTIVE,2021-12-18,2026-05-16 10:42:26.8751385,2026-05-16 10:42:26.8751385
22755,3391,Savings,94970.10,INR,BR002,ACTIVE,2023-07-23,2026-05-16 10:42:26.8751385,2026-05-16 10:42:26.8751385
22756,4263,Savings,352147.67,INR,BR003,ACTIVE,2021-05-31,2026-05-16 10:42:26.8751385,2026-05-16 10:42:26.8751385
22757,1543,Savings,17636.92,INR,BR002,ACTIVE,2022-12-22,2026-05-16 10:42:26.8751385,2026-05-16 10:42:26.8751385
22758,3867,Savings,58673.98,INR,BR002,ACTIVE,2022-06-22,2026-05-16 10:42:26.8751385,2026-05-16 10:42:26.8751385
22759,4753,Savings,388257.41,INR,BR003,ACTIVE,2021-06-18,2026-05-16 10:42:26.8751385,2026-05-16 10:42:26.8751385
22760,2060,Savings,406688.50,INR,BR004,ACTIVE,2025-01-11,2026-05-16 10:42:26.8751385,2026-05-16 10:42:26.8751385
22761,1757,Savings,296625.79,INR,BR003,ACTIVE,2021-11-27,2026-05-16 10:42:26.8751385,2026-05-16 10:42:26.8751385
22762,4496,Savings,291261.30,INR,BR002,ACTIVE,2020-01-30,2026-05-16 10:42:26.8751385,2026-05-16 10:42:26.8751385
22763,3399,Savings,375006.20,INR,BR004,ACTIVE,2021-06-15,2026-05-16 10:42:26.8751385,2026-05-16 10:42:26.8751385
22764,1188,Savings,453136.33,INR,BR002,ACTIVE,2023-07-23,2026-05-16 10:42:26.8751385,2026-05-16 10:42:26.8751385
22765,4599,Savings,211136.47,INR,BR002,ACTIVE,2020-06-19,2026-05-16 10:42:26.8751385,2026-05-16 10:42:26.8751385
22766,3382,Savings,58295.74,INR,BR003,ACTIVE,2021-10-11,2026-05-16 10:42:26.8751385,2026-05-16 10:42:26.8751385
22767,1483,Savings,419660.69,INR,BR001,ACTIVE,2021-03-20,2026-05-16 10:42:26.8751385,2026-05-16 10:42:26.8751385
22768,2240,Savings,171480.43,INR,BR003,ACTIVE,2021-05-23,2026-05-16 10:42:26.8751385,2026-05-16 10:42:26.8751385
22769,2182,Savings,67759.10,INR,BR001,ACTIVE,2021-11-23,2026-05-16 10:42:26.8751385,2026-05-16 10:42:26.8751385
22770,4998,Current,307693.58,INR,BR001,ACTIVE,2021-01-11,2026-05-16 10:42:26.8751385,2026-05-16 10:42:26.8751385
22771,3715,Current,289463.88,INR,BR003,ACTIVE,2023-01-19,2026-05-16 10:42:26.8751385,2026-05-16 10:42:26.8751385
22772,4313,Savings,237648.86,INR,BR001,ACTIVE,2020-01-22,2026-05-16 10:42:26.8751385,2026-05-16 10:42:26.8751385
22773,1296,Savings,430038.82,INR,BR002,ACTIVE,2021-04-21,2026-05-16 10:42:26.8751385,2026-05-16 10:42:26.8751385
22774,4534,Current,136840.69,INR,BR004,ACTIVE,2020-06-06,2026-05-16 10:42:26.8751385,2026-05-16 10:42:26.8751385
22775,1045,Savings,7604.40,INR,BR003,ACTIVE,2024-05-01,2026-05-16 10:42:26.8751385,2026-05-16 10:42:26.8751385
22776,3543,Savings,162410.89,INR,BR001,ACTIVE,2023-06-27,2026-05-16 10:42:26.8751385,2026-05-16 10:42:26.8751385
22777,3043,Savings,5843.27,INR,BR002,ACTIVE,2024-09-05,2026-05-16 10:42:26.8751385,2026-05-16 10:42:26.8751385
22778,1175,Savings,272252.01,INR,BR004,ACTIVE,2022-12-30,2026-05-16 10:42:26.8751385,2026-05-16 10:42:26.8751385
22779,4052,Current,189745.90,INR,BR001,ACTIVE,2023-04-21,2026-05-16 10:42:26.8751385,2026-05-16 10:42:26.8751385
22780,2370,Current,437571.21,INR,BR001,ACTIVE,2021-04-03,2026-05-16 10:42:26.8751385,2026-05-16 10:42:26.8751385
22781,3104,Savings,439834.81,INR,BR002,ACTIVE,2023-12-25,2026-05-16 10:42:26.8751385,2026-05-16 10:42:26.8751385
22782,4638,Savings,233285.54,INR,BR004,ACTIVE,2022-01-16,2026-05-16 10:42:26.8751385,2026-05-16 10:42:26.8751385
22783,3389,Savings,109026.15,INR,BR004,ACTIVE,2023-10-08,2026-05-16 10:42:26.8751385,2026-05-16 10:42:26.8751385
22784,2801,Savings,211792.50,INR,BR002,ACTIVE,2023-06-22,2026-05-16 10:42:26.8751385,2026-05-16 10:42:26.8751385
22785,2910,Savings,321017.55,INR,BR004,ACTIVE,2020-01-15,2026-05-16 10:42:26.8751385,2026-05-16 10:42:26.8751385
22786,2775,Current,95912.78,INR,BR003,ACTIVE,2023-07-13,2026-05-16 10:42:26.8751385,2026-05-16 10:42:26.8751385
22787,4905,Savings,386750.26,INR,BR004,ACTIVE,2021-04-26,2026-05-16 10:42:26.8751385,2026-05-16 10:42:26.8751385
22788,4180,Savings,165949.55,INR,BR001,ACTIVE,2021-01-01,2026-05-16 10:42:26.8751385,2026-05-16 10:42:26.8751385
22789,4782,Savings,466156.32,INR,BR004,ACTIVE,2021-05-06,2026-05-16 10:42:26.8751385,2026-05-16 10:42:26.8751385
22790,2921,Current,256423.39,INR,BR003,ACTIVE,2024-11-23,2026-05-16 10:42:26.8751385,2026-05-16 10:42:26.8751385
22791,3262,Savings,457771.71,INR,BR003,ACTIVE,2022-04-24,2026-05-16 10:42:26.8751385,2026-05-16 10:42:26.8751385
22792,2523,Savings,308330.40,INR,BR001,ACTIVE,2021-02-14,2026-05-16 10:42:26.8751385,2026-05-16 10:42:26.8751385
22793,1758,Savings,277746.32,INR,BR001,ACTIVE,2020-04-19,2026-05-16 10:42:26.8751385,2026-05-16 10:42:26.8751385
22794,2421,Savings,341382.94,INR,BR003,ACTIVE,2022-01-09,2026-05-16 10:42:26.8751385,2026-05-16 10:42:26.8751385
22795,3598,Savings,405934.07,INR,BR002,ACTIVE,2022-06-25,2026-05-16 10:42:26.8751385,2026-05-16 10:42:26.8751385
22796,1497,Current,322609.24,INR,BR003,ACTIVE,2020-11-10,2026-05-16 10:42:26.8751385,2026-05-16 10:42:26.8751385
22797,3221,Savings,398823.10,INR,BR004,ACTIVE,2020-04-11,2026-05-16 10:42:26.8751385,2026-05-16 10:42:26.8751385
22798,1105,Savings,96042.12,INR,BR001,ACTIVE,2020-01-21,2026-05-16 10:42:26.8751385,2026-05-16 10:42:26.8751385
22799,4624,Current,139480.75,INR,BR002,ACTIVE,2020-09-22,2026-05-16 10:42:26.8751385,2026-05-16 10:42:26.8751385
22800,1479,Savings,115631.69,INR,BR003,ACTIVE,2022-08-21,2026-05-16 10:42:26.8751385,2026-05-16 10:42:26.8751385
22801,2423,Savings,399353.29,INR,BR001,ACTIVE,2024-05-18,2026-05-16 10:42:26.8751385,2026-05-16 10:42:26.8751385
22802,3482,Savings,43978.15,INR,BR004,ACTIVE,2023-07-25,2026-05-16 10:42:26.8751385,2026-05-16 10:42:26.8751385
22803,3690,Current,398135.74,INR,BR002,ACTIVE,2021-11-21,2026-05-16 10:42:26.8751385,2026-05-16 10:42:26.8751385
22804,1693,Savings,195132.11,INR,BR002,ACTIVE,2021-05-16,2026-05-16 10:42:26.8751385,2026-05-16 10:42:26.8751385
22805,4039,Savings,40674.07,INR,BR002,ACTIVE,2022-08-15,2026-05-16 10:42:26.8751385,2026-05-16 10:42:26.8751385
22806,3970,Savings,212788.70,INR,BR004,ACTIVE,2023-09-30,2026-05-16 10:42:26.8751385,2026-05-16 10:42:26.8751385
22807,1194,Savings,150950.65,INR,BR001,ACTIVE,2023-05-24,2026-05-16 10:42:26.8751385,2026-05-16 10:42:26.8751385
22808,3891,Savings,296384.14,INR,BR003,ACTIVE,2024-07-03,2026-05-16 10:42:26.8751385,2026-05-16 10:42:26.8751385
22809,3849,Savings,236790.79,INR,BR001,ACTIVE,2023-08-26,2026-05-16 10:42:26.8751385,2026-05-16 10:42:26.8751385
22810,2490,Savings,149091.92,INR,BR004,ACTIVE,2021-04-01,2026-05-16 10:42:26.8751385,2026-05-16 10:42:26.8751385
22811,4413,Savings,431270.71,INR,BR001,ACTIVE,2023-09-22,2026-05-16 10:42:26.8751385,2026-05-16 10:42:26.8751385
22812,1059,Current,205207.84,INR,BR002,ACTIVE,2024-11-15,2026-05-16 10:42:26.8751385,2026-05-16 10:42:26.8751385
22813,2887,Current,235874.31,INR,BR003,ACTIVE,2025-01-30,2026-05-16 10:42:26.8751385,2026-05-16 10:42:26.8751385
22814,4610,Savings,423467.63,INR,BR004,ACTIVE,2023-08-30,2026-05-16 10:42:26.8751385,2026-05-16 10:42:26.8751385
22815,1478,Savings,45439.25,INR,BR002,ACTIVE,2024-10-15,2026-05-16 10:42:26.8751385,2026-05-16 10:42:26.8751385
22816,2127,Savings,195556.68,INR,BR001,ACTIVE,2023-10-16,2026-05-16 10:42:26.8751385,2026-05-16 10:42:26.8751385
22817,3581,Current,202025.49,INR,BR002,ACTIVE,2020-05-18,2026-05-16 10:42:26.8751385,2026-05-16 10:42:26.8751385
22818,2969,Savings,248417.00,INR,BR001,ACTIVE,2022-12-10,2026-05-16 10:42:26.8751385,2026-05-16 10:42:26.8751385
22819,1592,Current,53954.18,INR,BR001,ACTIVE,2022-11-15,2026-05-16 10:42:26.8751385,2026-05-16 10:42:26.8751385
22820,1839,Savings,52227.40,INR,BR004,ACTIVE,2024-03-08,2026-05-16 10:42:26.8751385,2026-05-16 10:42:26.8751385
22821,4783,Savings,208791.56,INR,BR001,ACTIVE,2020-01-01,2026-05-16 10:42:26.8751385,2026-05-16 10:42:26.8751385
22822,2346,Savings,17481.48,INR,BR002,ACTIVE,2024-11-09,2026-05-16 10:42:26.8751385,2026-05-16 10:42:26.8751385
22823,1549,Savings,128237.20,INR,BR004,ACTIVE,2022-12-12,2026-05-16 10:42:26.8751385,2026-05-16 10:42:26.8751385
22824,4086,Savings,101387.20,INR,BR003,ACTIVE,2022-07-14,2026-05-16 10:42:26.8751385,2026-05-16 10:42:26.8751385
22825,4528,Savings,245203.74,INR,BR004,ACTIVE,2020-04-18,2026-05-16 10:42:26.8751385,2026-05-16 10:42:26.8751385
22826,1221,Savings,6568.62,INR,BR002,ACTIVE,2024-06-30,2026-05-16 10:42:26.8751385,2026-05-16 10:42:26.8751385
22827,1876,Savings,338190.99,INR,BR001,ACTIVE,2022-12-05,2026-05-16 10:42:26.8751385,2026-05-16 10:42:26.8751385
22828,4463,Savings,427938.07,INR,BR004,ACTIVE,2022-10-07,2026-05-16 10:42:26.8751385,2026-05-16 10:42:26.8751385
22829,3726,Savings,353664.02,INR,BR004,ACTIVE,2022-10-15,2026-05-16 10:42:26.8751385,2026-05-16 10:42:26.8751385
22830,2197,Savings,409221.01,INR,BR004,ACTIVE,2020-07-25,2026-05-16 10:42:26.8751385,2026-05-16 10:42:26.8751385
22831,3710,Current,322014.89,INR,BR002,ACTIVE,2024-07-01,2026-05-16 10:42:26.8751385,2026-05-16 10:42:26.8751385
22832,3732,Savings,254176.15,INR,BR001,ACTIVE,2020-04-24,2026-05-16 10:42:26.8751385,2026-05-16 10:42:26.8751385
22833,4153,Savings,110291.78,INR,BR003,ACTIVE,2024-10-10,2026-05-16 10:42:26.8751385,2026-05-16 10:42:26.8751385
22834,1336,Savings,140533.55,INR,BR003,ACTIVE,2023-06-20,2026-05-16 10:42:26.8751385,2026-05-16 10:42:26.8751385
22835,1225,Savings,159536.29,INR,BR001,ACTIVE,2022-10-17,2026-05-16 10:42:26.8751385,2026-05-16 10:42:26.8751385
22836,3919,Savings,19970.82,INR,BR003,ACTIVE,2023-12-02,2026-05-16 10:42:26.8751385,2026-05-16 10:42:26.8751385
22837,3083,Current,456631.30,INR,BR001,ACTIVE,2020-08-31,2026-05-16 10:42:26.8751385,2026-05-16 10:42:26.8751385
22838,4942,Savings,450251.05,INR,BR004,ACTIVE,2020-07-30,2026-05-16 10:42:26.8751385,2026-05-16 10:42:26.8751385
22839,1188,Savings,54781.15,INR,BR004,ACTIVE,2020-06-14,2026-05-16 10:42:26.8751385,2026-05-16 10:42:26.8751385
22840,2248,Savings,278790.09,INR,BR002,ACTIVE,2020-07-08,2026-05-16 10:42:26.8751385,2026-05-16 10:42:26.8751385
22841,3691,Savings,251249.11,INR,BR004,ACTIVE,2022-04-03,2026-05-16 10:42:26.8751385,2026-05-16 10:42:26.8751385
22842,4958,Current,342023.58,INR,BR002,ACTIVE,2025-01-14,2026-05-16 10:42:26.8751385,2026-05-16 10:42:26.8751385
22843,1963,Savings,346589.63,INR,BR003,ACTIVE,2022-07-29,2026-05-16 10:42:26.8751385,2026-05-16 10:42:26.8751385
22844,4016,Savings,63036.58,INR,BR003,ACTIVE,2020-12-16,2026-05-16 10:42:26.8751385,2026-05-16 10:42:26.8751385
22845,1494,Savings,330378.74,INR,BR004,ACTIVE,2020-06-16,2026-05-16 10:42:26.8751385,2026-05-16 10:42:26.8751385
22846,2887,Savings,304827.28,INR,BR001,ACTIVE,2021-11-11,2026-05-16 10:42:26.8751385,2026-05-16 10:42:26.8751385
22847,1311,Savings,266080.60,INR,BR003,ACTIVE,2024-02-18,2026-05-16 10:42:26.8751385,2026-05-16 10:42:26.8751385
22848,3569,Savings,215441.46,INR,BR003,ACTIVE,2021-05-04,2026-05-16 10:42:26.8751385,2026-05-16 10:42:26.8751385
22849,2605,Savings,477505.58,INR,BR003,ACTIVE,2021-12-22,2026-05-16 10:42:26.8751385,2026-05-16 10:42:26.8751385
22850,2564,Savings,424870.34,INR,BR001,ACTIVE,2021-03-02,2026-05-16 10:42:26.8751385,2026-05-16 10:42:26.8751385
22851,4983,Current,292957.40,INR,BR004,ACTIVE,2022-04-02,2026-05-16 10:42:26.8751385,2026-05-16 10:42:26.8751385
22852,1369,Savings,4182.53,INR,BR002,ACTIVE,2020-05-23,2026-05-16 10:42:26.8751385,2026-05-16 10:42:26.8751385
22853,4547,Savings,216629.50,INR,BR001,ACTIVE,2024-01-18,2026-05-16 10:42:26.8751385,2026-05-16 10:42:26.8751385
22854,1746,Savings,350469.52,INR,BR001,ACTIVE,2024-08-04,2026-05-16 10:42:26.8751385,2026-05-16 10:42:26.8751385
22855,3079,Savings,59529.82,INR,BR003,ACTIVE,2022-12-29,2026-05-16 10:42:26.8751385,2026-05-16 10:42:26.8751385
22856,4899,Savings,203868.26,INR,BR002,ACTIVE,2021-01-12,2026-05-16 10:42:26.8751385,2026-05-16 10:42:26.8751385
22857,2256,Savings,96670.89,INR,BR001,ACTIVE,2023-07-18,2026-05-16 10:42:26.8751385,2026-05-16 10:42:26.8751385
22858,4922,Current,184823.98,INR,BR003,ACTIVE,2020-07-23,2026-05-16 10:42:26.8751385,2026-05-16 10:42:26.8751385
22859,1998,Current,14307.93,INR,BR001,ACTIVE,2020-10-12,2026-05-16 10:42:26.8751385,2026-05-16 10:42:26.8751385
22860,1497,Current,64239.46,INR,BR003,ACTIVE,2020-10-07,2026-05-16 10:42:26.8751385,2026-05-16 10:42:26.8751385
22861,2590,Savings,227923.67,INR,BR002,ACTIVE,2022-04-02,2026-05-16 10:42:26.8751385,2026-05-16 10:42:26.8751385
22862,1964,Savings,449196.77,INR,BR002,ACTIVE,2021-01-14,2026-05-16 10:42:26.8751385,2026-05-16 10:42:26.8751385
22863,3005,Current,245800.23,INR,BR003,ACTIVE,2021-01-02,2026-05-16 10:42:26.8751385,2026-05-16 10:42:26.8751385
22864,2199,Savings,232855.65,INR,BR004,ACTIVE,2020-11-18,2026-05-16 10:42:26.8751385,2026-05-16 10:42:26.8751385
22865,3346,Savings,393997.13,INR,BR001,ACTIVE,2023-06-24,2026-05-16 10:42:26.8751385,2026-05-16 10:42:26.8751385
22866,2815,Savings,134647.21,INR,BR004,ACTIVE,2023-09-09,2026-05-16 10:42:26.8751385,2026-05-16 10:42:26.8751385
22867,2389,Savings,48439.31,INR,BR001,ACTIVE,2023-04-17,2026-05-16 10:42:26.8751385,2026-05-16 10:42:26.8751385
22868,2110,Savings,105576.74,INR,BR002,ACTIVE,2023-11-30,2026-05-16 10:42:26.8751385,2026-05-16 10:42:26.8751385
22869,1577,Current,395859.12,INR,BR001,ACTIVE,2024-05-15,2026-05-16 10:42:26.8751385,2026-05-16 10:42:26.8751385
22870,4161,Savings,338846.91,INR,BR003,ACTIVE,2022-06-14,2026-05-16 10:42:26.8751385,2026-05-16 10:42:26.8751385
22871,1054,Savings,46675.06,INR,BR003,ACTIVE,2023-12-07,2026-05-16 10:42:26.8751385,2026-05-16 10:42:26.8751385
22872,4702,Savings,333879.49,INR,BR003,ACTIVE,2021-12-20,2026-05-16 10:42:26.8751385,2026-05-16 10:42:26.8751385
22873,4433,Savings,465844.19,INR,BR004,ACTIVE,2021-12-11,2026-05-16 10:42:26.8751385,2026-05-16 10:42:26.8751385
22874,4548,Savings,23432.52,INR,BR002,ACTIVE,2024-11-30,2026-05-16 10:42:26.8751385,2026-05-16 10:42:26.8751385
22875,1229,Savings,308592.63,INR,BR002,ACTIVE,2020-12-13,2026-05-16 10:42:26.8751385,2026-05-16 10:42:26.8751385
22876,1779,Savings,190203.12,INR,BR002,ACTIVE,2024-04-17,2026-05-16 10:42:26.8751385,2026-05-16 10:42:26.8751385
22877,4903,Savings,251014.70,INR,BR003,ACTIVE,2023-11-29,2026-05-16 10:42:26.8751385,2026-05-16 10:42:26.8751385
22878,2558,Savings,270345.29,INR,BR002,ACTIVE,2024-06-28,2026-05-16 10:42:26.8751385,2026-05-16 10:42:26.8751385
22879,4831,Savings,385752.00,INR,BR004,ACTIVE,2021-06-24,2026-05-16 10:42:26.8751385,2026-05-16 10:42:26.8751385
22880,1985,Savings,278949.25,INR,BR004,ACTIVE,2020-08-06,2026-05-16 10:42:26.8751385,2026-05-16 10:42:26.8751385
22881,1373,Savings,296949.73,INR,BR004,ACTIVE,2023-07-13,2026-05-16 10:42:26.8751385,2026-05-16 10:42:26.8751385
22882,1469,Savings,167123.01,INR,BR003,ACTIVE,2022-04-19,2026-05-16 10:42:26.8751385,2026-05-16 10:42:26.8751385
22883,3468,Savings,75252.62,INR,BR001,ACTIVE,2022-10-08,2026-05-16 10:42:26.8751385,2026-05-16 10:42:26.8751385
22884,2850,Savings,378437.57,INR,BR002,ACTIVE,2021-03-28,2026-05-16 10:42:26.8751385,2026-05-16 10:42:26.8751385
22885,1532,Savings,1240.59,INR,BR004,ACTIVE,2020-11-09,2026-05-16 10:42:26.8751385,2026-05-16 10:42:26.8751385
22886,2424,Savings,206933.45,INR,BR001,ACTIVE,2024-09-08,2026-05-16 10:42:26.8751385,2026-05-16 10:42:26.8751385
22887,4036,Savings,109803.93,INR,BR001,ACTIVE,2020-03-05,2026-05-16 10:42:26.8751385,2026-05-16 10:42:26.8751385
22888,2208,Savings,194878.19,INR,BR004,ACTIVE,2021-03-14,2026-05-16 10:42:26.8751385,2026-05-16 10:42:26.8751385
22889,4933,Savings,156322.75,INR,BR004,ACTIVE,2022-12-17,2026-05-16 10:42:26.8751385,2026-05-16 10:42:26.8751385
22890,1562,Current,352404.32,INR,BR002,ACTIVE,2022-01-31,2026-05-16 10:42:26.8751385,2026-05-16 10:42:26.8751385
22891,1090,Savings,130842.82,INR,BR002,ACTIVE,2023-08-20,2026-05-16 10:42:26.8751385,2026-05-16 10:42:26.8751385
22892,2640,Savings,280814.42,INR,BR001,ACTIVE,2021-05-05,2026-05-16 10:42:26.8751385,2026-05-16 10:42:26.8751385
22893,4778,Savings,228429.44,INR,BR001,ACTIVE,2021-03-06,2026-05-16 10:42:26.8751385,2026-05-16 10:42:26.8751385
22894,2407,Savings,400727.70,INR,BR001,ACTIVE,2021-03-13,2026-05-16 10:42:26.8751385,2026-05-16 10:42:26.8751385
22895,1369,Savings,214618.15,INR,BR003,ACTIVE,2022-10-04,2026-05-16 10:42:26.8751385,2026-05-16 10:42:26.8751385
22896,4146,Savings,432074.16,INR,BR001,ACTIVE,2023-01-02,2026-05-16 10:42:26.8751385,2026-05-16 10:42:26.8751385
22897,2293,Savings,1072.74,INR,BR003,ACTIVE,2020-11-18,2026-05-16 10:42:26.8751385,2026-05-16 10:42:26.8751385
22898,1015,Savings,302813.34,INR,BR002,ACTIVE,2022-09-04,2026-05-16 10:42:26.8751385,2026-05-16 10:42:26.8751385
22899,4401,Savings,5893.69,INR,BR001,ACTIVE,2020-11-14,2026-05-16 10:42:26.8751385,2026-05-16 10:42:26.8751385
22900,4867,Savings,357253.23,INR,BR002,ACTIVE,2022-04-14,2026-05-16 10:42:26.8751385,2026-05-16 10:42:26.8751385
22901,4464,Savings,118226.28,INR,BR001,ACTIVE,2023-12-03,2026-05-16 10:42:26.8751385,2026-05-16 10:42:26.8751385
22902,4782,Savings,190610.64,INR,BR002,ACTIVE,2021-08-22,2026-05-16 10:42:26.8751385,2026-05-16 10:42:26.8751385
22903,4506,Savings,190838.32,INR,BR001,ACTIVE,2025-01-13,2026-05-16 10:42:26.8751385,2026-05-16 10:42:26.8751385
22904,3392,Savings,423364.79,INR,BR003,ACTIVE,2021-09-03,2026-05-16 10:42:26.8751385,2026-05-16 10:42:26.8751385
22905,2219,Savings,51944.29,INR,BR004,ACTIVE,2024-08-30,2026-05-16 10:42:26.8751385,2026-05-16 10:42:26.8751385
22906,2946,Savings,333781.58,INR,BR002,ACTIVE,2024-02-13,2026-05-16 10:42:26.8751385,2026-05-16 10:42:26.8751385
22907,2060,Savings,490647.16,INR,BR002,ACTIVE,2022-11-25,2026-05-16 10:42:26.8751385,2026-05-16 10:42:26.8751385
22908,1917,Savings,12169.83,INR,BR004,ACTIVE,2020-06-12,2026-05-16 10:42:26.8751385,2026-05-16 10:42:26.8751385
22909,3253,Savings,482981.21,INR,BR001,ACTIVE,2020-12-05,2026-05-16 10:42:26.8751385,2026-05-16 10:42:26.8751385
22910,4892,Current,10183.96,INR,BR003,ACTIVE,2022-09-07,2026-05-16 10:42:26.8751385,2026-05-16 10:42:26.8751385
22911,2675,Current,420733.58,INR,BR003,ACTIVE,2024-09-21,2026-05-16 10:42:26.8751385,2026-05-16 10:42:26.8751385
22912,1776,Current,480660.97,INR,BR003,ACTIVE,2021-09-30,2026-05-16 10:42:26.8751385,2026-05-16 10:42:26.8751385
22913,2081,Savings,536573.13,INR,BR001,ACTIVE,2024-11-22,2026-05-16 10:42:26.8751385,2026-05-16 10:42:26.8751385
22914,2134,Current,230101.55,INR,BR002,ACTIVE,2023-04-11,2026-05-16 10:42:26.8751385,2026-05-16 10:42:26.8751385
22915,1686,Savings,433611.80,INR,BR001,ACTIVE,2020-08-12,2026-05-16 10:42:26.8751385,2026-05-16 10:42:26.8751385
22916,4568,Savings,62047.43,INR,BR003,ACTIVE,2020-04-13,2026-05-16 10:42:26.8751385,2026-05-16 10:42:26.8751385
22917,3766,Current,213266.78,INR,BR004,ACTIVE,2020-09-24,2026-05-16 10:42:26.8751385,2026-05-16 10:42:26.8751385
22918,1225,Current,154679.51,INR,BR003,ACTIVE,2024-03-25,2026-05-16 10:42:26.8751385,2026-05-16 10:42:26.8751385
22919,4458,Savings,198193.35,INR,BR002,ACTIVE,2021-10-04,2026-05-16 10:42:26.8751385,2026-05-16 10:42:26.8751385
22920,1064,Current,386496.29,INR,BR001,ACTIVE,2023-08-01,2026-05-16 10:42:26.8751385,2026-05-16 10:42:26.8751385
22921,2788,Savings,44652.62,INR,BR001,ACTIVE,2024-03-24,2026-05-16 10:42:26.8751385,2026-05-16 10:42:26.8751385
22922,3996,Savings,499083.82,INR,BR003,ACTIVE,2020-05-16,2026-05-16 10:42:26.8751385,2026-05-16 10:42:26.8751385
22923,1961,Savings,317898.51,INR,BR002,ACTIVE,2020-10-08,2026-05-16 10:42:26.8751385,2026-05-16 10:42:26.8751385
22924,4851,Current,436885.28,INR,BR002,ACTIVE,2024-07-30,2026-05-16 10:42:26.8751385,2026-05-16 10:42:26.8751385
22925,4974,Savings,415018.09,INR,BR004,ACTIVE,2023-08-30,2026-05-16 10:42:26.8751385,2026-05-16 10:42:26.8751385
22926,2376,Current,383232.77,INR,BR003,ACTIVE,2022-05-27,2026-05-16 10:42:26.8751385,2026-05-16 10:42:26.8751385
22927,4535,Savings,20572.54,INR,BR004,ACTIVE,2022-04-17,2026-05-16 10:42:26.8751385,2026-05-16 10:42:26.8751385
22928,4916,Savings,258717.07,INR,BR001,ACTIVE,2024-01-24,2026-05-16 10:42:26.8751385,2026-05-16 10:42:26.8751385
22929,3368,Savings,164746.04,INR,BR001,ACTIVE,2020-02-13,2026-05-16 10:42:26.8751385,2026-05-16 10:42:26.8751385
22930,1357,Savings,57356.62,INR,BR002,ACTIVE,2021-11-04,2026-05-16 10:42:26.8751385,2026-05-16 10:42:26.8751385
22931,1093,Savings,172152.11,INR,BR004,ACTIVE,2022-01-18,2026-05-16 10:42:26.8751385,2026-05-16 10:42:26.8751385
22932,3743,Savings,322756.72,INR,BR002,ACTIVE,2023-09-16,2026-05-16 10:42:26.8751385,2026-05-16 10:42:26.8751385
22933,2324,Savings,135873.69,INR,BR003,ACTIVE,2021-02-14,2026-05-16 10:42:26.8751385,2026-05-16 10:42:26.8751385
22934,4798,Savings,222853.12,INR,BR002,ACTIVE,2022-01-06,2026-05-16 10:42:26.8751385,2026-05-16 10:42:26.8751385
22935,2518,Savings,202842.63,INR,BR001,ACTIVE,2024-11-25,2026-05-16 10:42:26.8751385,2026-05-16 10:42:26.8751385
22936,2678,Savings,27179.02,INR,BR001,ACTIVE,2021-02-28,2026-05-16 10:42:26.8751385,2026-05-16 10:42:26.8751385
22937,4667,Savings,314413.18,INR,BR002,ACTIVE,2020-04-21,2026-05-16 10:42:26.8751385,2026-05-16 10:42:26.8751385
22938,2413,Savings,309804.60,INR,BR003,ACTIVE,2023-02-17,2026-05-16 10:42:26.8751385,2026-05-16 10:42:26.8751385
22939,2635,Current,483240.84,INR,BR004,ACTIVE,2022-02-24,2026-05-16 10:42:26.8751385,2026-05-16 10:42:26.8751385
22940,4865,Current,149704.60,INR,BR001,ACTIVE,2021-10-17,2026-05-16 10:42:26.8751385,2026-05-16 10:42:26.8751385
22941,3482,Savings,210056.56,INR,BR001,ACTIVE,2022-11-24,2026-05-16 10:42:26.8751385,2026-05-16 10:42:26.8751385
22942,2126,Savings,202415.17,INR,BR003,ACTIVE,2024-09-04,2026-05-16 10:42:26.8751385,2026-05-16 10:42:26.8751385
22943,1841,Savings,459952.21,INR,BR002,ACTIVE,2023-03-07,2026-05-16 10:42:26.8751385,2026-05-16 10:42:26.8751385
22944,2402,Savings,204916.01,INR,BR001,ACTIVE,2020-12-26,2026-05-16 10:42:26.8751385,2026-05-16 10:42:26.8751385
22945,2607,Savings,221939.31,INR,BR001,ACTIVE,2020-06-20,2026-05-16 10:42:26.8751385,2026-05-16 10:42:26.8751385
22946,4957,Savings,126919.92,INR,BR003,ACTIVE,2020-11-07,2026-05-16 10:42:26.8751385,2026-05-16 10:42:26.8751385
22947,4410,Savings,1582.91,INR,BR002,ACTIVE,2022-02-07,2026-05-16 10:42:26.8751385,2026-05-16 10:42:26.8751385
22948,4072,Savings,56114.89,INR,BR003,ACTIVE,2022-04-08,2026-05-16 10:42:26.8751385,2026-05-16 10:42:26.8751385
22949,1898,Savings,352240.69,INR,BR003,ACTIVE,2023-07-07,2026-05-16 10:42:26.8751385,2026-05-16 10:42:26.8751385
22950,3932,Current,341565.30,INR,BR002,ACTIVE,2021-07-15,2026-05-16 10:42:26.8751385,2026-05-16 10:42:26.8751385
22951,3826,Savings,161942.76,INR,BR001,ACTIVE,2025-01-28,2026-05-16 10:42:26.8751385,2026-05-16 10:42:26.8751385
22952,1492,Savings,237030.11,INR,BR004,ACTIVE,2021-09-06,2026-05-16 10:42:26.8751385,2026-05-16 10:42:26.8751385
22953,4714,Savings,149391.82,INR,BR004,ACTIVE,2023-07-14,2026-05-16 10:42:26.8751385,2026-05-16 10:42:26.8751385
22954,4132,Savings,365727.28,INR,BR004,ACTIVE,2020-06-07,2026-05-16 10:42:26.8751385,2026-05-16 10:42:26.8751385
22955,3861,Savings,421407.18,INR,BR003,ACTIVE,2021-09-08,2026-05-16 10:42:26.8751385,2026-05-16 10:42:26.8751385
22956,2533,Savings,449653.54,INR,BR001,ACTIVE,2021-10-03,2026-05-16 10:42:26.8751385,2026-05-16 10:42:26.8751385
22957,3440,Savings,87761.79,INR,BR001,ACTIVE,2020-09-27,2026-05-16 10:42:26.8751385,2026-05-16 10:42:26.8751385
22958,2978,Savings,347813.35,INR,BR001,ACTIVE,2022-11-29,2026-05-16 10:42:26.8751385,2026-05-16 10:42:26.8751385
22959,4191,Savings,481539.33,INR,BR001,ACTIVE,2024-01-28,2026-05-16 10:42:26.8751385,2026-05-16 10:42:26.8751385
22960,2799,Savings,355698.95,INR,BR003,ACTIVE,2021-09-08,2026-05-16 10:42:26.8751385,2026-05-16 10:42:26.8751385
22961,2495,Savings,176136.10,INR,BR004,ACTIVE,2022-08-11,2026-05-16 10:42:26.8751385,2026-05-16 10:42:26.8751385
22962,2352,Savings,318337.24,INR,BR004,ACTIVE,2024-02-14,2026-05-16 10:42:26.8751385,2026-05-16 10:42:26.8751385
22963,3069,Savings,344524.60,INR,BR002,ACTIVE,2024-12-06,2026-05-16 10:42:26.8751385,2026-05-16 10:42:26.8751385
22964,2121,Savings,199126.60,INR,BR001,ACTIVE,2020-05-31,2026-05-16 10:42:26.8751385,2026-05-16 10:42:26.8751385
22965,2839,Savings,52891.48,INR,BR004,ACTIVE,2024-12-31,2026-05-16 10:42:26.8751385,2026-05-16 10:42:26.8751385
22966,3561,Savings,303723.27,INR,BR004,ACTIVE,2020-12-17,2026-05-16 10:42:26.8751385,2026-05-16 10:42:26.8751385
22967,3956,Current,401268.26,INR,BR001,ACTIVE,2020-10-22,2026-05-16 10:42:26.8751385,2026-05-16 10:42:26.8751385
22968,3763,Savings,498790.67,INR,BR001,ACTIVE,2023-04-24,2026-05-16 10:42:26.8751385,2026-05-16 10:42:26.8751385
22969,3992,Current,112306.10,INR,BR004,ACTIVE,2024-10-31,2026-05-16 10:42:26.8751385,2026-05-16 10:42:26.8751385
22970,2664,Savings,350494.10,INR,BR002,ACTIVE,2024-03-17,2026-05-16 10:42:26.8751385,2026-05-16 10:42:26.8751385
22971,3398,Savings,14993.56,INR,BR001,ACTIVE,2021-12-21,2026-05-16 10:42:26.8751385,2026-05-16 10:42:26.8751385
22972,4204,Current,484942.81,INR,BR004,ACTIVE,2020-11-07,2026-05-16 10:42:26.8751385,2026-05-16 10:42:26.8751385
22973,1546,Savings,7269.67,INR,BR002,ACTIVE,2024-11-17,2026-05-16 10:42:26.8751385,2026-05-16 10:42:26.8751385
22974,1599,Savings,180038.69,INR,BR003,ACTIVE,2022-05-13,2026-05-16 10:42:26.8751385,2026-05-16 10:42:26.8751385
22975,3080,Savings,39124.98,INR,BR002,ACTIVE,2022-06-06,2026-05-16 10:42:26.8751385,2026-05-16 10:42:26.8751385
22976,3045,Current,358702.91,INR,BR001,ACTIVE,2023-07-06,2026-05-16 10:42:26.8751385,2026-05-16 10:42:26.8751385
22977,1259,Savings,170410.40,INR,BR003,ACTIVE,2023-03-01,2026-05-16 10:42:26.8751385,2026-05-16 10:42:26.8751385
22978,1476,Savings,366739.02,INR,BR002,ACTIVE,2023-12-04,2026-05-16 10:42:26.8751385,2026-05-16 10:42:26.8751385
22979,4908,Savings,243702.66,INR,BR004,ACTIVE,2021-06-20,2026-05-16 10:42:26.8751385,2026-05-16 10:42:26.8751385
22980,3873,Current,210282.30,INR,BR001,ACTIVE,2020-02-22,2026-05-16 10:42:26.8751385,2026-05-16 10:42:26.8751385
22981,2906,Savings,174909.66,INR,BR003,ACTIVE,2024-04-05,2026-05-16 10:42:26.8751385,2026-05-16 10:42:26.8751385
22982,4020,Current,43978.45,INR,BR004,ACTIVE,2021-11-20,2026-05-16 10:42:26.8751385,2026-05-16 10:42:26.8751385
22983,1920,Current,103207.60,INR,BR003,ACTIVE,2024-07-08,2026-05-16 10:42:26.8751385,2026-05-16 10:42:26.8751385
22984,3081,Savings,358001.43,INR,BR002,ACTIVE,2022-04-18,2026-05-16 10:42:26.8751385,2026-05-16 10:42:26.8751385
22985,3947,Savings,257394.71,INR,BR004,ACTIVE,2024-10-26,2026-05-16 10:42:26.8751385,2026-05-16 10:42:26.8751385
22986,1388,Savings,69264.04,INR,BR001,ACTIVE,2023-05-06,2026-05-16 10:42:26.8751385,2026-05-16 10:42:26.8751385
22987,4870,Savings,272431.91,INR,BR004,ACTIVE,2023-02-18,2026-05-16 10:42:26.8751385,2026-05-16 10:42:26.8751385
22988,2862,Savings,28017.19,INR,BR002,ACTIVE,2022-06-02,2026-05-16 10:42:26.8751385,2026-05-16 10:42:26.8751385
22989,4633,Savings,256351.75,INR,BR003,ACTIVE,2023-04-17,2026-05-16 10:42:26.8751385,2026-05-16 10:42:26.8751385
22990,1798,Savings,482515.76,INR,BR004,ACTIVE,2024-03-15,2026-05-16 10:42:26.8751385,2026-05-16 10:42:26.8751385
22991,3504,Current,188834.68,INR,BR003,ACTIVE,2024-12-13,2026-05-16 10:42:26.8751385,2026-05-16 10:42:26.8751385
22992,2618,Savings,362028.07,INR,BR001,ACTIVE,2020-09-19,2026-05-16 10:42:26.8751385,2026-05-16 10:42:26.8751385
22993,4216,Savings,373030.47,INR,BR004,ACTIVE,2022-02-05,2026-05-16 10:42:26.8751385,2026-05-16 10:42:26.8751385
22994,2926,Savings,203024.91,INR,BR003,ACTIVE,2022-04-24,2026-05-16 10:42:26.8751385,2026-05-16 10:42:26.8751385
22995,2816,Savings,297052.78,INR,BR001,ACTIVE,2022-07-18,2026-05-16 10:42:26.8751385,2026-05-16 10:42:26.8751385
22996,4955,Savings,236551.00,INR,BR002,ACTIVE,2020-02-28,2026-05-16 10:42:26.8751385,2026-05-16 10:42:26.8751385
22997,2628,Savings,142398.15,INR,BR004,ACTIVE,2024-12-23,2026-05-16 10:42:26.8751385,2026-05-16 10:42:26.8751385
22998,3272,Savings,377616.31,INR,BR004,ACTIVE,2022-12-25,2026-05-16 10:42:26.8751385,2026-05-16 10:42:26.8751385
22999,1217,Savings,351710.48,INR,BR004,ACTIVE,2021-10-29,2026-05-16 10:42:26.8751385,2026-05-16 10:42:26.8751385
23000,3204,Savings,450373.88,INR,BR003,ACTIVE,2023-05-10,2026-05-16 10:42:26.8751385,2026-05-16 10:42:26.8751385
23001,1789,Savings,309444.96,INR,BR003,ACTIVE,2022-06-27,2026-05-16 10:42:26.8751385,2026-05-16 10:42:26.8751385
23002,2544,Savings,194971.35,INR,BR001,ACTIVE,2024-01-14,2026-05-16 10:42:26.8751385,2026-05-16 10:42:26.8751385
23003,3084,Current,357289.77,INR,BR004,ACTIVE,2020-08-18,2026-05-16 10:42:26.8751385,2026-05-16 10:42:26.8751385
23004,3684,Savings,309899.08,INR,BR001,ACTIVE,2023-12-02,2026-05-16 10:42:26.8751385,2026-05-16 10:42:26.8751385
23005,3057,Savings,308690.48,INR,BR004,ACTIVE,2022-06-01,2026-05-16 10:42:26.8751385,2026-05-16 10:42:26.8751385
23006,2064,Savings,425069.04,INR,BR002,ACTIVE,2024-05-30,2026-05-16 10:42:26.8751385,2026-05-16 10:42:26.8751385
23007,4541,Savings,455323.80,INR,BR004,ACTIVE,2022-12-06,2026-05-16 10:42:26.8751385,2026-05-16 10:42:26.8751385
23008,3227,Savings,90940.59,INR,BR001,ACTIVE,2022-10-07,2026-05-16 10:42:26.8751385,2026-05-16 10:42:26.8751385
23009,2665,Savings,157711.06,INR,BR003,ACTIVE,2020-05-03,2026-05-16 10:42:26.8751385,2026-05-16 10:42:26.8751385
23010,4007,Current,325502.54,INR,BR002,ACTIVE,2024-10-26,2026-05-16 10:42:26.8751385,2026-05-16 10:42:26.8751385
23011,3549,Savings,279053.40,INR,BR002,ACTIVE,2020-07-21,2026-05-16 10:42:26.8751385,2026-05-16 10:42:26.8751385
23012,1373,Savings,326510.76,INR,BR004,ACTIVE,2023-06-02,2026-05-16 10:42:26.8751385,2026-05-16 10:42:26.8751385
23013,4140,Savings,217074.29,INR,BR002,ACTIVE,2022-10-15,2026-05-16 10:42:26.8751385,2026-05-16 10:42:26.8751385
23014,1970,Savings,206807.07,INR,BR001,ACTIVE,2022-06-09,2026-05-16 10:42:26.8751385,2026-05-16 10:42:26.8751385
23015,2690,Current,59709.30,INR,BR001,ACTIVE,2022-09-12,2026-05-16 10:42:26.8751385,2026-05-16 10:42:26.8751385
23016,2448,Savings,312200.47,INR,BR004,ACTIVE,2023-02-18,2026-05-16 10:42:26.8751385,2026-05-16 10:42:26.8751385
23017,1515,Current,88717.04,INR,BR003,ACTIVE,2024-01-15,2026-05-16 10:42:26.8751385,2026-05-16 10:42:26.8751385
23018,1364,Savings,335839.78,INR,BR002,ACTIVE,2024-08-26,2026-05-16 10:42:26.8751385,2026-05-16 10:42:26.8751385
23019,2914,Current,483569.05,INR,BR002,ACTIVE,2022-10-27,2026-05-16 10:42:26.8751385,2026-05-16 10:42:26.8751385
23020,3825,Savings,128950.00,INR,BR004,ACTIVE,2020-05-26,2026-05-16 10:42:26.8751385,2026-05-16 10:42:26.8751385
23021,2952,Savings,71934.00,INR,BR002,ACTIVE,2024-12-15,2026-05-16 10:42:26.8751385,2026-05-16 10:42:26.8751385
23022,2475,Current,13063.45,INR,BR003,ACTIVE,2022-03-03,2026-05-16 10:42:26.8751385,2026-05-16 10:42:26.8751385
23023,2540,Savings,207625.89,INR,BR004,ACTIVE,2023-10-24,2026-05-16 10:42:26.8751385,2026-05-16 10:42:26.8751385
23024,1774,Savings,133570.04,INR,BR001,ACTIVE,2021-03-14,2026-05-16 10:42:26.8751385,2026-05-16 10:42:26.8751385
23025,1329,Savings,246437.85,INR,BR002,ACTIVE,2023-11-01,2026-05-16 10:42:26.8751385,2026-05-16 10:42:26.8751385
23026,1794,Savings,262628.71,INR,BR004,ACTIVE,2020-08-26,2026-05-16 10:42:26.8751385,2026-05-16 10:42:26.8751385
23027,4970,Savings,187411.59,INR,BR001,ACTIVE,2022-10-11,2026-05-16 10:42:26.8751385,2026-05-16 10:42:26.8751385
23028,1962,Current,416241.30,INR,BR001,ACTIVE,2023-05-24,2026-05-16 10:42:26.8751385,2026-05-16 10:42:26.8751385
23029,3418,Savings,452498.53,INR,BR001,ACTIVE,2021-12-14,2026-05-16 10:42:26.8751385,2026-05-16 10:42:26.8751385
23030,1597,Current,106550.03,INR,BR004,ACTIVE,2021-01-10,2026-05-16 10:42:26.8751385,2026-05-16 10:42:26.8751385
23031,2878,Current,418312.59,INR,BR004,ACTIVE,2022-12-31,2026-05-16 10:42:26.8751385,2026-05-16 10:42:26.8751385
23032,2411,Savings,95694.62,INR,BR001,ACTIVE,2024-11-16,2026-05-16 10:42:26.8751385,2026-05-16 10:42:26.8751385
23033,4619,Current,115122.39,INR,BR001,ACTIVE,2021-02-09,2026-05-16 10:42:26.8751385,2026-05-16 10:42:26.8751385
23034,2138,Savings,283015.37,INR,BR004,ACTIVE,2020-03-17,2026-05-16 10:42:26.8751385,2026-05-16 10:42:26.8751385
23035,1571,Savings,153984.16,INR,BR004,ACTIVE,2022-11-05,2026-05-16 10:42:26.8751385,2026-05-16 10:42:26.8751385
23036,2062,Savings,21813.68,INR,BR003,ACTIVE,2024-10-07,2026-05-16 10:42:26.8751385,2026-05-16 10:42:26.8751385
23037,2569,Savings,148141.20,INR,BR001,ACTIVE,2024-04-19,2026-05-16 10:42:26.8751385,2026-05-16 10:42:26.8751385
23038,1377,Savings,452530.22,INR,BR002,ACTIVE,2020-06-25,2026-05-16 10:42:26.8751385,2026-05-16 10:42:26.8751385
23039,4471,Savings,87937.36,INR,BR002,ACTIVE,2021-01-07,2026-05-16 10:42:26.8751385,2026-05-16 10:42:26.8751385
23040,4275,Savings,382111.69,INR,BR004,ACTIVE,2020-01-14,2026-05-16 10:42:26.8751385,2026-05-16 10:42:26.8751385
23041,4274,Savings,361418.72,INR,BR002,ACTIVE,2020-04-23,2026-05-16 10:42:26.8751385,2026-05-16 10:42:26.8751385
23042,3148,Current,54006.18,INR,BR004,ACTIVE,2020-01-26,2026-05-16 10:42:26.8751385,2026-05-16 10:42:26.8751385
23043,4470,Savings,165392.04,INR,BR003,ACTIVE,2021-06-11,2026-05-16 10:42:26.8751385,2026-05-16 10:42:26.8751385
23044,4522,Savings,95488.79,INR,BR004,ACTIVE,2022-06-30,2026-05-16 10:42:26.8751385,2026-05-16 10:42:26.8751385
23045,2837,Savings,12551.94,INR,BR001,ACTIVE,2021-05-09,2026-05-16 10:42:26.8751385,2026-05-16 10:42:26.8751385
23046,3864,Savings,87347.30,INR,BR004,ACTIVE,2020-04-03,2026-05-16 10:42:26.8751385,2026-05-16 10:42:26.8751385
23047,2964,Savings,101587.39,INR,BR002,ACTIVE,2022-12-28,2026-05-16 10:42:26.8751385,2026-05-16 10:42:26.8751385
23048,3166,Savings,83824.14,INR,BR002,ACTIVE,2021-12-29,2026-05-16 10:42:26.8751385,2026-05-16 10:42:26.8751385
23049,3469,Current,46457.51,INR,BR002,ACTIVE,2024-10-14,2026-05-16 10:42:26.8751385,2026-05-16 10:42:26.8751385
23050,2267,Savings,312163.10,INR,BR001,ACTIVE,2023-03-08,2026-05-16 10:42:26.8751385,2026-05-16 10:42:26.8751385
23051,1541,Savings,161996.88,INR,BR004,ACTIVE,2021-10-19,2026-05-16 10:42:26.8751385,2026-05-16 10:42:26.8751385
23052,2251,Savings,454216.43,INR,BR004,ACTIVE,2020-04-14,2026-05-16 10:42:26.8751385,2026-05-16 10:42:26.8751385
23053,4573,Current,94419.52,INR,BR002,ACTIVE,2024-02-16,2026-05-16 10:42:26.8751385,2026-05-16 10:42:26.8751385
23054,2876,Savings,301828.45,INR,BR001,ACTIVE,2023-06-30,2026-05-16 10:42:26.8751385,2026-05-16 10:42:26.8751385
23055,2237,Savings,450409.57,INR,BR002,ACTIVE,2023-04-15,2026-05-16 10:42:26.8751385,2026-05-16 10:42:26.8751385
23056,3978,Savings,43162.88,INR,BR002,ACTIVE,2021-10-03,2026-05-16 10:42:26.8751385,2026-05-16 10:42:26.8751385
23057,3747,Savings,258622.46,INR,BR001,ACTIVE,2022-10-25,2026-05-16 10:42:26.8751385,2026-05-16 10:42:26.8751385
23058,1113,Savings,225883.74,INR,BR002,ACTIVE,2021-04-13,2026-05-16 10:42:26.8751385,2026-05-16 10:42:26.8751385
23059,1373,Savings,464460.53,INR,BR003,ACTIVE,2020-06-22,2026-05-16 10:42:26.8751385,2026-05-16 10:42:26.8751385
23060,3347,Savings,373205.52,INR,BR001,ACTIVE,2020-11-13,2026-05-16 10:42:26.8751385,2026-05-16 10:42:26.8751385
23061,2697,Savings,175231.54,INR,BR002,ACTIVE,2020-12-11,2026-05-16 10:42:26.8751385,2026-05-16 10:42:26.8751385
23062,2043,Savings,356049.09,INR,BR004,ACTIVE,2021-08-27,2026-05-16 10:42:26.8751385,2026-05-16 10:42:26.8751385
23063,1776,Current,291744.36,INR,BR003,ACTIVE,2020-10-09,2026-05-16 10:42:26.8751385,2026-05-16 10:42:26.8751385
23064,1671,Savings,174237.78,INR,BR004,ACTIVE,2021-11-10,2026-05-16 10:42:26.8751385,2026-05-16 10:42:26.8751385
23065,1011,Savings,392839.09,INR,BR004,ACTIVE,2022-06-17,2026-05-16 10:42:26.8751385,2026-05-16 10:42:26.8751385
23066,1008,Current,334416.71,INR,BR003,ACTIVE,2020-07-05,2026-05-16 10:42:26.8751385,2026-05-16 10:42:26.8751385
23067,4225,Current,3702.73,INR,BR001,ACTIVE,2020-07-13,2026-05-16 10:42:26.8751385,2026-05-16 10:42:26.8751385
23068,4697,Current,432702.17,INR,BR002,ACTIVE,2022-06-20,2026-05-16 10:42:26.8751385,2026-05-16 10:42:26.8751385
23069,4732,Savings,199148.85,INR,BR004,ACTIVE,2023-11-25,2026-05-16 10:42:26.8751385,2026-05-16 10:42:26.8751385
23070,2574,Savings,323078.35,INR,BR004,ACTIVE,2024-12-19,2026-05-16 10:42:26.8751385,2026-05-16 10:42:26.8751385
23071,4207,Current,198987.39,INR,BR004,ACTIVE,2020-02-22,2026-05-16 10:42:26.8751385,2026-05-16 10:42:26.8751385
23072,2397,Savings,440799.66,INR,BR001,ACTIVE,2021-06-12,2026-05-16 10:42:26.8751385,2026-05-16 10:42:26.8751385
23073,1461,Savings,325766.89,INR,BR004,ACTIVE,2024-04-08,2026-05-16 10:42:26.8751385,2026-05-16 10:42:26.8751385
23074,4307,Savings,290113.72,INR,BR004,ACTIVE,2020-12-20,2026-05-16 10:42:26.8751385,2026-05-16 10:42:26.8751385
23075,3303,Savings,490152.11,INR,BR004,ACTIVE,2021-04-06,2026-05-16 10:42:26.8751385,2026-05-16 10:42:26.8751385
23076,3634,Savings,141039.62,INR,BR003,ACTIVE,2025-01-12,2026-05-16 10:42:26.8751385,2026-05-16 10:42:26.8751385
23077,2352,Savings,33561.89,INR,BR003,ACTIVE,2021-03-30,2026-05-16 10:42:26.8751385,2026-05-16 10:42:26.8751385
23078,1362,Savings,258489.21,INR,BR004,ACTIVE,2021-02-17,2026-05-16 10:42:26.8751385,2026-05-16 10:42:26.8751385
23079,2398,Savings,212584.90,INR,BR001,ACTIVE,2024-05-14,2026-05-16 10:42:26.8751385,2026-05-16 10:42:26.8751385
23080,4051,Savings,227690.73,INR,BR001,ACTIVE,2024-06-24,2026-05-16 10:42:26.8751385,2026-05-16 10:42:26.8751385
23081,1788,Savings,310432.31,INR,BR002,ACTIVE,2021-02-16,2026-05-16 10:42:26.8751385,2026-05-16 10:42:26.8751385
23082,1209,Current,307945.70,INR,BR003,ACTIVE,2024-10-26,2026-05-16 10:42:26.8751385,2026-05-16 10:42:26.8751385
23083,1267,Current,196739.88,INR,BR001,ACTIVE,2020-09-02,2026-05-16 10:42:26.8751385,2026-05-16 10:42:26.8751385
23084,1656,Savings,431575.63,INR,BR004,ACTIVE,2020-12-27,2026-05-16 10:42:26.8751385,2026-05-16 10:42:26.8751385
23085,1997,Current,326077.80,INR,BR003,ACTIVE,2023-05-08,2026-05-16 10:42:26.8751385,2026-05-16 10:42:26.8751385
23086,1554,Savings,445065.93,INR,BR001,ACTIVE,2021-09-12,2026-05-16 10:42:26.8751385,2026-05-16 10:42:26.8751385
23087,3784,Savings,456663.80,INR,BR002,ACTIVE,2020-05-18,2026-05-16 10:42:26.8751385,2026-05-16 10:42:26.8751385
23088,4930,Savings,134472.67,INR,BR004,ACTIVE,2020-09-13,2026-05-16 10:42:26.8751385,2026-05-16 10:42:26.8751385
23089,2530,Current,340600.38,INR,BR003,ACTIVE,2023-01-09,2026-05-16 10:42:26.8751385,2026-05-16 10:42:26.8751385
23090,2588,Savings,159438.42,INR,BR002,ACTIVE,2021-05-18,2026-05-16 10:42:26.8751385,2026-05-16 10:42:26.8751385
23091,1421,Savings,418378.10,INR,BR002,ACTIVE,2022-08-05,2026-05-16 10:42:26.8751385,2026-05-16 10:42:26.8751385
23092,3356,Savings,366692.94,INR,BR003,ACTIVE,2022-10-23,2026-05-16 10:42:26.8751385,2026-05-16 10:42:26.8751385
23093,3185,Savings,100175.10,INR,BR001,ACTIVE,2024-03-19,2026-05-16 10:42:26.8751385,2026-05-16 10:42:26.8751385
23094,2443,Savings,469426.65,INR,BR004,ACTIVE,2024-01-04,2026-05-16 10:42:26.8751385,2026-05-16 10:42:26.8751385
23095,3243,Savings,342056.02,INR,BR002,ACTIVE,2022-07-28,2026-05-16 10:42:26.8751385,2026-05-16 10:42:26.8751385
23096,2119,Current,474367.92,INR,BR002,ACTIVE,2020-10-19,2026-05-16 10:42:26.8751385,2026-05-16 10:42:26.8751385
23097,2514,Savings,101753.67,INR,BR003,ACTIVE,2021-08-27,2026-05-16 10:42:26.8751385,2026-05-16 10:42:26.8751385
23098,2927,Savings,434982.84,INR,BR003,ACTIVE,2023-08-12,2026-05-16 10:42:26.8751385,2026-05-16 10:42:26.8751385
23099,4330,Savings,334368.34,INR,BR003,ACTIVE,2024-12-06,2026-05-16 10:42:26.8751385,2026-05-16 10:42:26.8751385
23100,2049,Savings,276591.01,INR,BR002,ACTIVE,2021-04-04,2026-05-16 10:42:26.8751385,2026-05-16 10:42:26.8751385
23101,2256,Current,410435.94,INR,BR001,ACTIVE,2024-01-06,2026-05-16 10:42:26.8751385,2026-05-16 10:42:26.8751385
23102,4404,Current,316799.08,INR,BR001,ACTIVE,2022-03-08,2026-05-16 10:42:26.8751385,2026-05-16 10:42:26.8751385
23103,3654,Current,335130.48,INR,BR004,ACTIVE,2022-06-12,2026-05-16 10:42:26.8751385,2026-05-16 10:42:26.8751385
23104,4062,Savings,157264.82,INR,BR003,ACTIVE,2022-07-21,2026-05-16 10:42:26.8751385,2026-05-16 10:42:26.8751385
23105,3910,Savings,418274.59,INR,BR004,ACTIVE,2021-03-02,2026-05-16 10:42:26.8751385,2026-05-16 10:42:26.8751385
23106,1221,Savings,347494.13,INR,BR002,ACTIVE,2024-10-25,2026-05-16 10:42:26.8751385,2026-05-16 10:42:26.8751385
23107,3345,Savings,459430.48,INR,BR002,ACTIVE,2021-06-04,2026-05-16 10:42:26.8751385,2026-05-16 10:42:26.8751385
23108,2227,Current,176411.96,INR,BR002,ACTIVE,2024-02-17,2026-05-16 10:42:26.8751385,2026-05-16 10:42:26.8751385
23109,4059,Savings,166523.35,INR,BR004,ACTIVE,2024-01-21,2026-05-16 10:42:26.8751385,2026-05-16 10:42:26.8751385
23110,2972,Savings,12927.58,INR,BR003,ACTIVE,2022-10-07,2026-05-16 10:42:26.8751385,2026-05-16 10:42:26.8751385
23111,1343,Current,384534.06,INR,BR004,ACTIVE,2024-05-25,2026-05-16 10:42:26.8751385,2026-05-16 10:42:26.8751385
23112,1593,Savings,165826.88,INR,BR004,ACTIVE,2020-08-23,2026-05-16 10:42:26.8751385,2026-05-16 10:42:26.8751385
23113,2229,Savings,164278.94,INR,BR002,ACTIVE,2020-08-22,2026-05-16 10:42:26.8751385,2026-05-16 10:42:26.8751385
23114,2985,Current,344653.57,INR,BR002,ACTIVE,2020-10-07,2026-05-16 10:42:26.8751385,2026-05-16 10:42:26.8751385
23115,1892,Savings,127181.62,INR,BR001,ACTIVE,2024-02-22,2026-05-16 10:42:26.8751385,2026-05-16 10:42:26.8751385
23116,3125,Savings,454601.22,INR,BR003,ACTIVE,2021-11-29,2026-05-16 10:42:26.8751385,2026-05-16 10:42:26.8751385
23117,2574,Savings,269494.93,INR,BR003,ACTIVE,2024-09-30,2026-05-16 10:42:26.8751385,2026-05-16 10:42:26.8751385
23118,1707,Savings,484769.14,INR,BR003,ACTIVE,2022-06-14,2026-05-16 10:42:26.8751385,2026-05-16 10:42:26.8751385
23119,3000,Savings,39257.75,INR,BR004,ACTIVE,2022-04-05,2026-05-16 10:42:26.8751385,2026-05-16 10:42:26.8751385
23120,2066,Savings,203279.26,INR,BR002,ACTIVE,2022-07-18,2026-05-16 10:42:26.8751385,2026-05-16 10:42:26.8751385
23121,4527,Savings,191353.70,INR,BR002,ACTIVE,2023-12-08,2026-05-16 10:42:26.8751385,2026-05-16 10:42:26.8751385
23122,2206,Savings,365479.94,INR,BR001,ACTIVE,2023-08-25,2026-05-16 10:42:26.8751385,2026-05-16 10:42:26.8751385
23123,1757,Savings,107268.17,INR,BR004,ACTIVE,2024-04-17,2026-05-16 10:42:26.8751385,2026-05-16 10:42:26.8751385
23124,2219,Savings,188297.58,INR,BR003,ACTIVE,2024-07-14,2026-05-16 10:42:26.8751385,2026-05-16 10:42:26.8751385
23125,3638,Savings,455410.63,INR,BR004,ACTIVE,2022-04-24,2026-05-16 10:42:26.8751385,2026-05-16 10:42:26.8751385
23126,2856,Savings,58160.89,INR,BR002,ACTIVE,2025-01-26,2026-05-16 10:42:26.8751385,2026-05-16 10:42:26.8751385
23127,3000,Savings,372916.68,INR,BR001,ACTIVE,2020-04-01,2026-05-16 10:42:26.8751385,2026-05-16 10:42:26.8751385
23128,3436,Savings,351540.07,INR,BR004,ACTIVE,2022-04-10,2026-05-16 10:42:26.8751385,2026-05-16 10:42:26.8751385
23129,3975,Savings,66122.03,INR,BR002,ACTIVE,2024-09-07,2026-05-16 10:42:26.8751385,2026-05-16 10:42:26.8751385
23130,3685,Savings,344556.85,INR,BR004,ACTIVE,2024-12-31,2026-05-16 10:42:26.8751385,2026-05-16 10:42:26.8751385
23131,3189,Current,285322.11,INR,BR002,ACTIVE,2020-10-12,2026-05-16 10:42:26.8751385,2026-05-16 10:42:26.8751385
23132,4099,Current,144473.65,INR,BR004,ACTIVE,2022-03-19,2026-05-16 10:42:26.8751385,2026-05-16 10:42:26.8751385
23133,4387,Savings,156259.46,INR,BR003,ACTIVE,2021-07-04,2026-05-16 10:42:26.8751385,2026-05-16 10:42:26.8751385
23134,2345,Savings,416663.15,INR,BR004,ACTIVE,2023-08-20,2026-05-16 10:42:26.8751385,2026-05-16 10:42:26.8751385
23135,1448,Savings,116276.48,INR,BR004,ACTIVE,2021-08-07,2026-05-16 10:42:26.8751385,2026-05-16 10:42:26.8751385
23136,2817,Savings,293223.23,INR,BR003,ACTIVE,2023-07-20,2026-05-16 10:42:26.8751385,2026-05-16 10:42:26.8751385
23137,3341,Savings,340893.72,INR,BR004,ACTIVE,2020-01-23,2026-05-16 10:42:26.8751385,2026-05-16 10:42:26.8751385
23138,2778,Savings,65820.95,INR,BR002,ACTIVE,2024-06-23,2026-05-16 10:42:26.8751385,2026-05-16 10:42:26.8751385
23139,4308,Savings,466244.58,INR,BR002,ACTIVE,2023-09-30,2026-05-16 10:42:26.8751385,2026-05-16 10:42:26.8751385
23140,3763,Current,131056.52,INR,BR002,ACTIVE,2021-11-08,2026-05-16 10:42:26.8751385,2026-05-16 10:42:26.8751385
23141,3505,Savings,160098.63,INR,BR002,ACTIVE,2024-04-22,2026-05-16 10:42:26.8751385,2026-05-16 10:42:26.8751385
23142,3940,Savings,333391.75,INR,BR002,ACTIVE,2022-11-01,2026-05-16 10:42:26.8751385,2026-05-16 10:42:26.8751385
23143,1839,Savings,40017.63,INR,BR003,ACTIVE,2023-05-27,2026-05-16 10:42:26.8751385,2026-05-16 10:42:26.8751385
23144,3702,Current,314178.73,INR,BR003,ACTIVE,2024-03-26,2026-05-16 10:42:26.8751385,2026-05-16 10:42:26.8751385
23145,2630,Savings,458098.95,INR,BR004,ACTIVE,2022-11-24,2026-05-16 10:42:26.8751385,2026-05-16 10:42:26.8751385
23146,1664,Savings,125296.19,INR,BR002,ACTIVE,2021-12-23,2026-05-16 10:42:26.8751385,2026-05-16 10:42:26.8751385
23147,1765,Savings,181591.96,INR,BR004,ACTIVE,2021-02-14,2026-05-16 10:42:26.8751385,2026-05-16 10:42:26.8751385
23148,4139,Savings,116934.64,INR,BR002,ACTIVE,2022-02-13,2026-05-16 10:42:26.8751385,2026-05-16 10:42:26.8751385
23149,1176,Current,409565.61,INR,BR004,ACTIVE,2024-03-04,2026-05-16 10:42:26.8751385,2026-05-16 10:42:26.8751385
23150,1510,Savings,125801.49,INR,BR003,ACTIVE,2021-08-01,2026-05-16 10:42:26.8751385,2026-05-16 10:42:26.8751385
23151,4687,Current,173967.49,INR,BR002,ACTIVE,2022-02-17,2026-05-16 10:42:26.8751385,2026-05-16 10:42:26.8751385
23152,4163,Savings,300909.89,INR,BR003,ACTIVE,2020-02-09,2026-05-16 10:42:26.8751385,2026-05-16 10:42:26.8751385
23153,3753,Current,202872.66,INR,BR004,ACTIVE,2021-09-05,2026-05-16 10:42:26.8751385,2026-05-16 10:42:26.8751385
23154,2190,Savings,33669.19,INR,BR003,ACTIVE,2024-09-23,2026-05-16 10:42:26.8751385,2026-05-16 10:42:26.8751385
23155,1602,Savings,473912.61,INR,BR003,ACTIVE,2021-08-13,2026-05-16 10:42:26.8751385,2026-05-16 10:42:26.8751385
23156,1838,Savings,169612.32,INR,BR003,ACTIVE,2022-11-19,2026-05-16 10:42:26.8751385,2026-05-16 10:42:26.8751385
23157,4899,Savings,223379.96,INR,BR001,ACTIVE,2024-11-18,2026-05-16 10:42:26.8751385,2026-05-16 10:42:26.8751385
23158,2002,Savings,84605.12,INR,BR004,ACTIVE,2022-05-13,2026-05-16 10:42:26.8751385,2026-05-16 10:42:26.8751385
23159,4852,Savings,432809.77,INR,BR004,ACTIVE,2023-08-10,2026-05-16 10:42:26.8751385,2026-05-16 10:42:26.8751385
23160,4510,Current,146422.97,INR,BR002,ACTIVE,2025-01-16,2026-05-16 10:42:26.8751385,2026-05-16 10:42:26.8751385
23161,3099,Savings,10891.70,INR,BR002,ACTIVE,2024-03-04,2026-05-16 10:42:26.8751385,2026-05-16 10:42:26.8751385
23162,4750,Savings,158884.89,INR,BR002,ACTIVE,2023-02-10,2026-05-16 10:42:26.8751385,2026-05-16 10:42:26.8751385
23163,3734,Current,492045.78,INR,BR003,ACTIVE,2021-08-29,2026-05-16 10:42:26.8751385,2026-05-16 10:42:26.8751385
23164,4811,Savings,74274.59,INR,BR004,ACTIVE,2020-07-02,2026-05-16 10:42:26.8751385,2026-05-16 10:42:26.8751385
23165,3314,Savings,39345.21,INR,BR003,ACTIVE,2021-10-06,2026-05-16 10:42:26.8751385,2026-05-16 10:42:26.8751385
23166,4593,Current,289509.62,INR,BR004,ACTIVE,2020-01-18,2026-05-16 10:42:26.8751385,2026-05-16 10:42:26.8751385
23167,2111,Current,186461.61,INR,BR003,ACTIVE,2020-10-01,2026-05-16 10:42:26.8751385,2026-05-16 10:42:26.8751385
23168,3654,Savings,397692.67,INR,BR002,ACTIVE,2024-04-25,2026-05-16 10:42:26.8751385,2026-05-16 10:42:26.8751385
23169,3045,Current,366211.99,INR,BR003,ACTIVE,2023-11-02,2026-05-16 10:42:26.8751385,2026-05-16 10:42:26.8751385
23170,4124,Savings,93524.10,INR,BR001,ACTIVE,2022-10-08,2026-05-16 10:42:26.8751385,2026-05-16 10:42:26.8751385
23171,4251,Savings,282751.52,INR,BR002,ACTIVE,2020-06-28,2026-05-16 10:42:26.8751385,2026-05-16 10:42:26.8751385
23172,4350,Savings,17185.57,INR,BR001,ACTIVE,2021-03-21,2026-05-16 10:42:26.8751385,2026-05-16 10:42:26.8751385
23173,4311,Savings,220299.64,INR,BR001,ACTIVE,2020-09-15,2026-05-16 10:42:26.8751385,2026-05-16 10:42:26.8751385
23174,1585,Savings,357312.56,INR,BR002,ACTIVE,2023-12-20,2026-05-16 10:42:26.8751385,2026-05-16 10:42:26.8751385
23175,3387,Savings,208064.44,INR,BR001,ACTIVE,2020-06-04,2026-05-16 10:42:26.8751385,2026-05-16 10:42:26.8751385
23176,2096,Savings,59859.12,INR,BR001,ACTIVE,2022-07-03,2026-05-16 10:42:26.8751385,2026-05-16 10:42:26.8751385
23177,1374,Savings,31705.26,INR,BR004,ACTIVE,2023-07-13,2026-05-16 10:42:26.8751385,2026-05-16 10:42:26.8751385
23178,1580,Savings,433190.71,INR,BR003,ACTIVE,2024-02-17,2026-05-16 10:42:26.8751385,2026-05-16 10:42:26.8751385
23179,1517,Current,445772.15,INR,BR001,ACTIVE,2020-04-04,2026-05-16 10:42:26.8751385,2026-05-16 10:42:26.8751385
23180,4923,Savings,172203.15,INR,BR003,ACTIVE,2025-01-12,2026-05-16 10:42:26.8751385,2026-05-16 10:42:26.8751385
23181,2262,Current,82921.99,INR,BR001,ACTIVE,2022-12-26,2026-05-16 10:42:26.8751385,2026-05-16 10:42:26.8751385
23182,4538,Current,489329.49,INR,BR002,ACTIVE,2020-10-20,2026-05-16 10:42:26.8751385,2026-05-16 10:42:26.8751385
23183,1121,Savings,273386.04,INR,BR002,ACTIVE,2021-08-01,2026-05-16 10:42:26.8751385,2026-05-16 10:42:26.8751385
23184,2437,Savings,238850.87,INR,BR004,ACTIVE,2022-03-20,2026-05-16 10:42:26.8751385,2026-05-16 10:42:26.8751385
23185,2747,Savings,414657.81,INR,BR002,ACTIVE,2022-01-17,2026-05-16 10:42:26.8751385,2026-05-16 10:42:26.8751385
23186,4846,Current,85265.80,INR,BR004,ACTIVE,2020-05-01,2026-05-16 10:42:26.8751385,2026-05-16 10:42:26.8751385
23187,3885,Savings,290414.87,INR,BR002,ACTIVE,2023-06-12,2026-05-16 10:42:26.8751385,2026-05-16 10:42:26.8751385
23188,3618,Savings,445191.02,INR,BR003,ACTIVE,2021-02-23,2026-05-16 10:42:26.8751385,2026-05-16 10:42:26.8751385
23189,1043,Savings,12511.17,INR,BR001,ACTIVE,2023-10-12,2026-05-16 10:42:26.8751385,2026-05-16 10:42:26.8751385
23190,2528,Savings,336796.91,INR,BR001,ACTIVE,2020-08-13,2026-05-16 10:42:26.8751385,2026-05-16 10:42:26.8751385
23191,4269,Savings,276160.55,INR,BR004,ACTIVE,2022-09-15,2026-05-16 10:42:26.8751385,2026-05-16 10:42:26.8751385
23192,3043,Savings,475449.59,INR,BR002,ACTIVE,2020-10-16,2026-05-16 10:42:26.8751385,2026-05-16 10:42:26.8751385
23193,3120,Savings,177720.22,INR,BR003,ACTIVE,2024-01-09,2026-05-16 10:42:26.8751385,2026-05-16 10:42:26.8751385
23194,3139,Savings,446894.70,INR,BR003,ACTIVE,2021-10-27,2026-05-16 10:42:26.8751385,2026-05-16 10:42:26.8751385
23195,4621,Savings,155183.87,INR,BR002,ACTIVE,2020-07-19,2026-05-16 10:42:26.8751385,2026-05-16 10:42:26.8751385
23196,1491,Current,215501.92,INR,BR001,ACTIVE,2022-02-14,2026-05-16 10:42:26.8751385,2026-05-16 10:42:26.8751385
23197,2850,Savings,107430.49,INR,BR002,ACTIVE,2024-03-15,2026-05-16 10:42:26.8751385,2026-05-16 10:42:26.8751385
23198,1749,Savings,431931.92,INR,BR001,ACTIVE,2024-05-11,2026-05-16 10:42:26.8751385,2026-05-16 10:42:26.8751385
23199,4046,Current,98509.42,INR,BR002,ACTIVE,2024-10-19,2026-05-16 10:42:26.8751385,2026-05-16 10:42:26.8751385
23200,1383,Savings,429647.48,INR,BR001,ACTIVE,2021-05-24,2026-05-16 10:42:26.8751385,2026-05-16 10:42:26.8751385
23201,1805,Current,228351.08,INR,BR004,ACTIVE,2022-09-03,2026-05-16 10:42:26.8751385,2026-05-16 10:42:26.8751385
23202,2490,Savings,417707.66,INR,BR003,ACTIVE,2022-11-16,2026-05-16 10:42:26.8751385,2026-05-16 10:42:26.8751385
23203,2178,Current,132979.79,INR,BR002,ACTIVE,2020-11-30,2026-05-16 10:42:26.8751385,2026-05-16 10:42:26.8751385
23204,3218,Savings,67232.34,INR,BR001,ACTIVE,2024-07-13,2026-05-16 10:42:26.8751385,2026-05-16 10:42:26.8751385
23205,2296,Current,277925.67,INR,BR001,ACTIVE,2020-09-27,2026-05-16 10:42:26.8751385,2026-05-16 10:42:26.8751385
23206,1918,Savings,255209.10,INR,BR001,ACTIVE,2020-11-03,2026-05-16 10:42:26.8751385,2026-05-16 10:42:26.8751385
23207,4182,Savings,178947.08,INR,BR004,ACTIVE,2023-11-22,2026-05-16 10:42:26.8751385,2026-05-16 10:42:26.8751385
23208,1151,Savings,331747.89,INR,BR001,ACTIVE,2022-05-10,2026-05-16 10:42:26.8751385,2026-05-16 10:42:26.8751385
23209,1431,Savings,48476.27,INR,BR003,ACTIVE,2020-06-07,2026-05-16 10:42:26.8751385,2026-05-16 10:42:26.8751385
23210,3499,Savings,311378.54,INR,BR004,ACTIVE,2020-03-05,2026-05-16 10:42:26.8751385,2026-05-16 10:42:26.8751385
23211,3691,Savings,156473.48,INR,BR001,ACTIVE,2024-05-21,2026-05-16 10:42:26.8751385,2026-05-16 10:42:26.8751385
23212,3828,Current,65348.32,INR,BR003,ACTIVE,2024-01-31,2026-05-16 10:42:26.8751385,2026-05-16 10:42:26.8751385
23213,3071,Savings,454894.48,INR,BR001,ACTIVE,2020-06-16,2026-05-16 10:42:26.8751385,2026-05-16 10:42:26.8751385
23214,3415,Savings,230438.08,INR,BR003,ACTIVE,2020-11-06,2026-05-16 10:42:26.8751385,2026-05-16 10:42:26.8751385
23215,1651,Savings,381945.02,INR,BR003,ACTIVE,2022-04-09,2026-05-16 10:42:26.8751385,2026-05-16 10:42:26.8751385
23216,1820,Savings,45469.35,INR,BR001,ACTIVE,2023-04-04,2026-05-16 10:42:26.8751385,2026-05-16 10:42:26.8751385
23217,3287,Current,29674.97,INR,BR003,ACTIVE,2020-12-30,2026-05-16 10:42:26.8751385,2026-05-16 10:42:26.8751385
23218,3482,Savings,263809.56,INR,BR002,ACTIVE,2020-11-23,2026-05-16 10:42:26.8751385,2026-05-16 10:42:26.8751385
23219,3752,Savings,158460.02,INR,BR001,ACTIVE,2023-11-09,2026-05-16 10:42:26.8751385,2026-05-16 10:42:26.8751385
23220,4199,Savings,3448.74,INR,BR002,ACTIVE,2023-11-28,2026-05-16 10:42:26.8751385,2026-05-16 10:42:26.8751385
23221,1942,Savings,92464.03,INR,BR003,ACTIVE,2022-03-17,2026-05-16 10:42:26.8751385,2026-05-16 10:42:26.8751385
23222,1541,Savings,152692.96,INR,BR004,ACTIVE,2021-10-22,2026-05-16 10:42:26.8751385,2026-05-16 10:42:26.8751385
23223,3681,Savings,144964.67,INR,BR004,ACTIVE,2021-11-04,2026-05-16 10:42:26.8751385,2026-05-16 10:42:26.8751385
23224,3246,Current,438890.25,INR,BR003,ACTIVE,2024-05-04,2026-05-16 10:42:26.8751385,2026-05-16 10:42:26.8751385
23225,2710,Savings,210880.66,INR,BR002,ACTIVE,2023-12-26,2026-05-16 10:42:26.8751385,2026-05-16 10:42:26.8751385
23226,4728,Current,340036.76,INR,BR001,ACTIVE,2024-08-18,2026-05-16 10:42:26.8751385,2026-05-16 10:42:26.8751385
23227,3530,Current,10179.65,INR,BR004,ACTIVE,2021-12-12,2026-05-16 10:42:26.8751385,2026-05-16 10:42:26.8751385
23228,2203,Savings,407148.91,INR,BR002,ACTIVE,2021-06-19,2026-05-16 10:42:26.8751385,2026-05-16 10:42:26.8751385
23229,1869,Current,120924.14,INR,BR004,ACTIVE,2021-03-31,2026-05-16 10:42:26.8751385,2026-05-16 10:42:26.8751385
23230,3571,Savings,155210.63,INR,BR004,ACTIVE,2021-01-02,2026-05-16 10:42:26.8751385,2026-05-16 10:42:26.8751385
23231,1651,Savings,23582.96,INR,BR003,ACTIVE,2022-08-14,2026-05-16 10:42:26.8751385,2026-05-16 10:42:26.8751385
23232,4007,Savings,205436.76,INR,BR001,ACTIVE,2021-08-07,2026-05-16 10:42:26.8751385,2026-05-16 10:42:26.8751385
23233,1437,Savings,426435.81,INR,BR002,ACTIVE,2022-09-20,2026-05-16 10:42:26.8751385,2026-05-16 10:42:26.8751385
23234,2789,Savings,224137.04,INR,BR002,ACTIVE,2021-12-28,2026-05-16 10:42:26.8751385,2026-05-16 10:42:26.8751385
23235,3905,Savings,454394.03,INR,BR001,ACTIVE,2023-08-09,2026-05-16 10:42:26.8751385,2026-05-16 10:42:26.8751385
23236,1314,Current,433856.35,INR,BR002,ACTIVE,2021-02-07,2026-05-16 10:42:26.8751385,2026-05-16 10:42:26.8751385
23237,1019,Current,31918.51,INR,BR004,ACTIVE,2023-03-11,2026-05-16 10:42:26.8751385,2026-05-16 10:42:26.8751385
23238,2184,Savings,153330.70,INR,BR001,ACTIVE,2020-09-20,2026-05-16 10:42:26.8751385,2026-05-16 10:42:26.8751385
23239,1818,Savings,455298.24,INR,BR004,ACTIVE,2020-09-03,2026-05-16 10:42:26.8751385,2026-05-16 10:42:26.8751385
23240,1122,Current,15874.66,INR,BR004,ACTIVE,2022-08-05,2026-05-16 10:42:26.8751385,2026-05-16 10:42:26.8751385
23241,3120,Current,383138.33,INR,BR004,ACTIVE,2023-03-28,2026-05-16 10:42:26.8751385,2026-05-16 10:42:26.8751385
23242,2079,Savings,453307.56,INR,BR001,ACTIVE,2021-08-06,2026-05-16 10:42:26.8751385,2026-05-16 10:42:26.8751385
23243,3508,Savings,390084.02,INR,BR002,ACTIVE,2023-12-02,2026-05-16 10:42:26.8751385,2026-05-16 10:42:26.8751385
23244,1169,Current,372163.34,INR,BR004,ACTIVE,2023-12-12,2026-05-16 10:42:26.8751385,2026-05-16 10:42:26.8751385
23245,4683,Current,421834.53,INR,BR001,ACTIVE,2021-05-01,2026-05-16 10:42:26.8751385,2026-05-16 10:42:26.8751385
23246,3630,Savings,333228.99,INR,BR001,ACTIVE,2020-04-07,2026-05-16 10:42:26.8751385,2026-05-16 10:42:26.8751385
23247,2173,Current,212125.00,INR,BR003,ACTIVE,2022-01-02,2026-05-16 10:42:26.8751385,2026-05-16 10:42:26.8751385
23248,1629,Savings,37628.46,INR,BR003,ACTIVE,2024-09-16,2026-05-16 10:42:26.8751385,2026-05-16 10:42:26.8751385
23249,1026,Current,394195.76,INR,BR003,ACTIVE,2022-08-27,2026-05-16 10:42:26.8751385,2026-05-16 10:42:26.8751385
23250,2272,Savings,452721.57,INR,BR002,ACTIVE,2022-07-06,2026-05-16 10:42:26.8751385,2026-05-16 10:42:26.8751385
23251,4969,Savings,256281.64,INR,BR002,ACTIVE,2025-01-28,2026-05-16 10:42:26.8751385,2026-05-16 10:42:26.8751385
23252,3769,Savings,266722.73,INR,BR002,ACTIVE,2021-11-17,2026-05-16 10:42:26.8751385,2026-05-16 10:42:26.8751385
23253,4299,Current,202240.21,INR,BR002,ACTIVE,2020-03-06,2026-05-16 10:42:26.8751385,2026-05-16 10:42:26.8751385
23254,2947,Savings,428584.42,INR,BR004,ACTIVE,2021-12-13,2026-05-16 10:42:26.8751385,2026-05-16 10:42:26.8751385
23255,4698,Current,8386.85,INR,BR001,ACTIVE,2024-08-29,2026-05-16 10:42:26.8751385,2026-05-16 10:42:26.8751385
23256,2730,Savings,312649.73,INR,BR001,ACTIVE,2024-10-03,2026-05-16 10:42:26.8751385,2026-05-16 10:42:26.8751385
23257,4556,Savings,453799.14,INR,BR003,ACTIVE,2024-04-12,2026-05-16 10:42:26.8751385,2026-05-16 10:42:26.8751385
23258,2857,Savings,52507.94,INR,BR001,ACTIVE,2024-11-19,2026-05-16 10:42:26.8751385,2026-05-16 10:42:26.8751385
23259,2034,Savings,479623.10,INR,BR002,ACTIVE,2023-04-23,2026-05-16 10:42:26.8751385,2026-05-16 10:42:26.8751385
23260,2119,Savings,483871.40,INR,BR001,ACTIVE,2024-06-25,2026-05-16 10:42:26.8751385,2026-05-16 10:42:26.8751385
23261,3169,Savings,464964.69,INR,BR004,ACTIVE,2024-06-23,2026-05-16 10:42:26.8751385,2026-05-16 10:42:26.8751385
23262,1126,Savings,231810.50,INR,BR004,ACTIVE,2020-10-26,2026-05-16 10:42:26.8751385,2026-05-16 10:42:26.8751385
23263,3597,Savings,192102.03,INR,BR003,ACTIVE,2024-03-29,2026-05-16 10:42:26.8751385,2026-05-16 10:42:26.8751385
23264,2093,Savings,353267.92,INR,BR002,ACTIVE,2022-03-02,2026-05-16 10:42:26.8751385,2026-05-16 10:42:26.8751385
23265,3345,Savings,160026.42,INR,BR001,ACTIVE,2022-11-19,2026-05-16 10:42:26.8751385,2026-05-16 10:42:26.8751385
23266,1686,Savings,35103.73,INR,BR003,ACTIVE,2023-09-27,2026-05-16 10:42:26.8751385,2026-05-16 10:42:26.8751385
23267,4573,Savings,450809.66,INR,BR001,ACTIVE,2024-03-22,2026-05-16 10:42:26.8751385,2026-05-16 10:42:26.8751385
23268,1973,Savings,317793.17,INR,BR003,ACTIVE,2021-01-25,2026-05-16 10:42:26.8751385,2026-05-16 10:42:26.8751385
23269,4117,Savings,104370.09,INR,BR003,ACTIVE,2024-11-24,2026-05-16 10:42:26.8751385,2026-05-16 10:42:26.8751385
23270,1635,Savings,58318.35,INR,BR004,ACTIVE,2020-07-22,2026-05-16 10:42:26.8751385,2026-05-16 10:42:26.8751385
23271,3430,Savings,407986.18,INR,BR004,ACTIVE,2023-07-25,2026-05-16 10:42:26.8751385,2026-05-16 10:42:26.8751385
23272,3008,Savings,426547.16,INR,BR004,ACTIVE,2024-07-06,2026-05-16 10:42:26.8751385,2026-05-16 10:42:26.8751385
23273,2051,Savings,203418.14,INR,BR003,ACTIVE,2023-08-29,2026-05-16 10:42:26.8751385,2026-05-16 10:42:26.8751385
23274,1705,Current,41368.21,INR,BR004,ACTIVE,2022-04-01,2026-05-16 10:42:26.8751385,2026-05-16 10:42:26.8751385
23275,3545,Current,324662.00,INR,BR004,ACTIVE,2020-10-15,2026-05-16 10:42:26.8751385,2026-05-16 10:42:26.8751385
23276,3900,Savings,149167.60,INR,BR002,ACTIVE,2022-09-05,2026-05-16 10:42:26.8751385,2026-05-16 10:42:26.8751385
23277,4208,Savings,72829.42,INR,BR001,ACTIVE,2020-12-04,2026-05-16 10:42:26.8751385,2026-05-16 10:42:26.8751385
23278,1707,Savings,255687.88,INR,BR001,ACTIVE,2024-10-25,2026-05-16 10:42:26.8751385,2026-05-16 10:42:26.8751385
23279,4121,Current,241440.02,INR,BR002,ACTIVE,2024-06-04,2026-05-16 10:42:26.8751385,2026-05-16 10:42:26.8751385
23280,2632,Savings,258868.43,INR,BR002,ACTIVE,2023-07-18,2026-05-16 10:42:26.8751385,2026-05-16 10:42:26.8751385
23281,4579,Current,412142.23,INR,BR004,ACTIVE,2020-02-23,2026-05-16 10:42:26.8751385,2026-05-16 10:42:26.8751385
23282,3028,Savings,242788.40,INR,BR004,ACTIVE,2021-08-22,2026-05-16 10:42:26.8751385,2026-05-16 10:42:26.8751385
23283,3169,Savings,450369.75,INR,BR001,ACTIVE,2023-08-18,2026-05-16 10:42:26.8751385,2026-05-16 10:42:26.8751385
23284,4833,Savings,421063.50,INR,BR002,ACTIVE,2023-04-03,2026-05-16 10:42:26.8751385,2026-05-16 10:42:26.8751385
23285,3009,Savings,325906.86,INR,BR002,ACTIVE,2021-02-21,2026-05-16 10:42:26.8751385,2026-05-16 10:42:26.8751385
23286,4289,Savings,29369.08,INR,BR004,ACTIVE,2023-10-26,2026-05-16 10:42:26.8751385,2026-05-16 10:42:26.8751385
23287,1626,Savings,432607.25,INR,BR001,ACTIVE,2020-04-14,2026-05-16 10:42:26.8751385,2026-05-16 10:42:26.8751385
23288,1526,Current,452880.44,INR,BR003,ACTIVE,2020-05-04,2026-05-16 10:42:26.8751385,2026-05-16 10:42:26.8751385
23289,2598,Current,188148.52,INR,BR002,ACTIVE,2024-05-30,2026-05-16 10:42:26.8751385,2026-05-16 10:42:26.8751385
23290,2067,Savings,263549.73,INR,BR001,ACTIVE,2023-11-21,2026-05-16 10:42:26.8751385,2026-05-16 10:42:26.8751385
23291,2947,Savings,141229.31,INR,BR001,ACTIVE,2020-01-30,2026-05-16 10:42:26.8751385,2026-05-16 10:42:26.8751385
23292,3800,Current,8343.45,INR,BR001,ACTIVE,2024-08-09,2026-05-16 10:42:26.8751385,2026-05-16 10:42:26.8751385
23293,1096,Savings,240246.08,INR,BR002,ACTIVE,2020-09-07,2026-05-16 10:42:26.8751385,2026-05-16 10:42:26.8751385
23294,3075,Savings,65550.13,INR,BR003,ACTIVE,2020-11-27,2026-05-16 10:42:26.8751385,2026-05-16 10:42:26.8751385
23295,1836,Savings,92479.03,INR,BR004,ACTIVE,2023-03-03,2026-05-16 10:42:26.8751385,2026-05-16 10:42:26.8751385
23296,2919,Savings,240874.69,INR,BR003,ACTIVE,2021-12-24,2026-05-16 10:42:26.8751385,2026-05-16 10:42:26.8751385
23297,2266,Current,433652.13,INR,BR001,ACTIVE,2021-09-10,2026-05-16 10:42:26.8751385,2026-05-16 10:42:26.8751385
23298,3535,Savings,422471.70,INR,BR002,ACTIVE,2022-10-21,2026-05-16 10:42:26.8751385,2026-05-16 10:42:26.8751385
23299,2995,Savings,482569.14,INR,BR002,ACTIVE,2021-07-05,2026-05-16 10:42:26.8751385,2026-05-16 10:42:26.8751385
23300,1240,Savings,241857.63,INR,BR003,ACTIVE,2024-12-16,2026-05-16 10:42:26.8751385,2026-05-16 10:42:26.8751385
23301,2328,Savings,276452.45,INR,BR003,ACTIVE,2021-10-15,2026-05-16 10:42:26.8751385,2026-05-16 10:42:26.8751385
23302,3115,Current,411236.00,INR,BR002,ACTIVE,2020-04-15,2026-05-16 10:42:26.8751385,2026-05-16 10:42:26.8751385
23303,4353,Savings,350137.03,INR,BR003,ACTIVE,2023-07-08,2026-05-16 10:42:26.8751385,2026-05-16 10:42:26.8751385
23304,4264,Savings,92228.23,INR,BR004,ACTIVE,2021-04-28,2026-05-16 10:42:26.8751385,2026-05-16 10:42:26.8751385
23305,2143,Current,199689.20,INR,BR004,ACTIVE,2021-04-18,2026-05-16 10:42:26.8751385,2026-05-16 10:42:26.8751385
23306,4224,Savings,464650.49,INR,BR004,ACTIVE,2021-06-17,2026-05-16 10:42:26.8751385,2026-05-16 10:42:26.8751385
23307,4849,Savings,73917.44,INR,BR001,ACTIVE,2023-08-06,2026-05-16 10:42:26.8751385,2026-05-16 10:42:26.8751385
23308,2416,Savings,145478.12,INR,BR003,ACTIVE,2021-06-01,2026-05-16 10:42:26.8751385,2026-05-16 10:42:26.8751385
23309,3279,Savings,200929.36,INR,BR002,ACTIVE,2020-03-05,2026-05-16 10:42:26.8751385,2026-05-16 10:42:26.8751385
23310,3399,Savings,485667.79,INR,BR001,ACTIVE,2022-05-01,2026-05-16 10:42:26.8751385,2026-05-16 10:42:26.8751385
23311,1761,Savings,57795.25,INR,BR002,ACTIVE,2024-08-27,2026-05-16 10:42:26.8751385,2026-05-16 10:42:26.8751385
23312,4643,Savings,383203.74,INR,BR003,ACTIVE,2021-02-01,2026-05-16 10:42:26.8751385,2026-05-16 10:42:26.8751385
23313,2553,Savings,89157.07,INR,BR003,ACTIVE,2020-01-17,2026-05-16 10:42:26.8751385,2026-05-16 10:42:26.8751385
23314,4243,Savings,262726.02,INR,BR001,ACTIVE,2023-12-29,2026-05-16 10:42:26.8751385,2026-05-16 10:42:26.8751385
23315,1863,Savings,316545.08,INR,BR001,ACTIVE,2023-08-28,2026-05-16 10:42:26.8751385,2026-05-16 10:42:26.8751385
23316,2156,Savings,22270.43,INR,BR004,ACTIVE,2022-12-08,2026-05-16 10:42:26.8751385,2026-05-16 10:42:26.8751385
23317,1357,Current,477104.78,INR,BR001,ACTIVE,2023-07-26,2026-05-16 10:42:26.8751385,2026-05-16 10:42:26.8751385
23318,2672,Current,403504.69,INR,BR004,ACTIVE,2022-02-04,2026-05-16 10:42:26.8751385,2026-05-16 10:42:26.8751385
23319,4114,Savings,152124.25,INR,BR001,ACTIVE,2020-08-13,2026-05-16 10:42:26.8751385,2026-05-16 10:42:26.8751385
23320,2329,Current,66181.52,INR,BR004,ACTIVE,2022-11-09,2026-05-16 10:42:26.8751385,2026-05-16 10:42:26.8751385
23321,2030,Savings,173467.73,INR,BR003,ACTIVE,2020-01-08,2026-05-16 10:42:26.8751385,2026-05-16 10:42:26.8751385
23322,3377,Savings,447244.00,INR,BR002,ACTIVE,2020-01-31,2026-05-16 10:42:26.8751385,2026-05-16 10:42:26.8751385
23323,4242,Current,67209.11,INR,BR003,ACTIVE,2020-04-29,2026-05-16 10:42:26.8751385,2026-05-16 10:42:26.8751385
23324,2992,Savings,175309.23,INR,BR004,ACTIVE,2023-02-20,2026-05-16 10:42:26.8751385,2026-05-16 10:42:26.8751385
23325,4872,Savings,266186.18,INR,BR003,ACTIVE,2022-08-13,2026-05-16 10:42:26.8751385,2026-05-16 10:42:26.8751385
23326,3959,Savings,17409.27,INR,BR001,ACTIVE,2020-09-24,2026-05-16 10:42:26.8751385,2026-05-16 10:42:26.8751385
23327,3386,Savings,134748.82,INR,BR001,ACTIVE,2024-12-13,2026-05-16 10:42:26.8751385,2026-05-16 10:42:26.8751385
23328,4799,Savings,298221.31,INR,BR002,ACTIVE,2021-04-04,2026-05-16 10:42:26.8751385,2026-05-16 10:42:26.8751385
23329,4141,Savings,181362.52,INR,BR002,ACTIVE,2021-02-16,2026-05-16 10:42:26.8751385,2026-05-16 10:42:26.8751385
23330,1882,Savings,435392.19,INR,BR003,ACTIVE,2020-09-01,2026-05-16 10:42:26.8751385,2026-05-16 10:42:26.8751385
23331,1539,Savings,468445.94,INR,BR002,ACTIVE,2022-06-06,2026-05-16 10:42:26.8751385,2026-05-16 10:42:26.8751385
23332,1737,Savings,221329.89,INR,BR001,ACTIVE,2022-11-12,2026-05-16 10:42:26.8751385,2026-05-16 10:42:26.8751385
23333,2858,Savings,266478.22,INR,BR001,ACTIVE,2024-01-30,2026-05-16 10:42:26.8751385,2026-05-16 10:42:26.8751385
23334,2531,Savings,315773.33,INR,BR001,ACTIVE,2021-07-22,2026-05-16 10:42:26.8751385,2026-05-16 10:42:26.8751385
23335,2770,Savings,332602.95,INR,BR004,ACTIVE,2024-05-30,2026-05-16 10:42:26.8751385,2026-05-16 10:42:26.8751385
23336,4558,Current,32565.71,INR,BR004,ACTIVE,2024-11-09,2026-05-16 10:42:26.8751385,2026-05-16 10:42:26.8751385
23337,1443,Savings,27786.04,INR,BR003,ACTIVE,2021-06-05,2026-05-16 10:42:26.8751385,2026-05-16 10:42:26.8751385
23338,1924,Savings,432928.25,INR,BR004,ACTIVE,2024-05-12,2026-05-16 10:42:26.8751385,2026-05-16 10:42:26.8751385
23339,3968,Current,110716.15,INR,BR002,ACTIVE,2020-06-17,2026-05-16 10:42:26.8751385,2026-05-16 10:42:26.8751385
23340,3099,Current,292468.65,INR,BR001,ACTIVE,2024-08-24,2026-05-16 10:42:26.8751385,2026-05-16 10:42:26.8751385
23341,3197,Savings,312711.24,INR,BR003,ACTIVE,2024-06-27,2026-05-16 10:42:26.8751385,2026-05-16 10:42:26.8751385
23342,2951,Savings,83067.67,INR,BR004,ACTIVE,2022-12-26,2026-05-16 10:42:26.8751385,2026-05-16 10:42:26.8751385
23343,2611,Savings,381036.72,INR,BR003,ACTIVE,2023-09-09,2026-05-16 10:42:26.8751385,2026-05-16 10:42:26.8751385
23344,2842,Savings,448836.78,INR,BR003,ACTIVE,2023-10-21,2026-05-16 10:42:26.8751385,2026-05-16 10:42:26.8751385
23345,4164,Savings,143403.46,INR,BR002,ACTIVE,2020-11-26,2026-05-16 10:42:26.8751385,2026-05-16 10:42:26.8751385
23346,1368,Savings,439042.25,INR,BR002,ACTIVE,2021-10-27,2026-05-16 10:42:26.8751385,2026-05-16 10:42:26.8751385
23347,1580,Savings,41437.55,INR,BR002,ACTIVE,2021-05-22,2026-05-16 10:42:26.8751385,2026-05-16 10:42:26.8751385
23348,2771,Savings,400431.50,INR,BR003,ACTIVE,2021-09-13,2026-05-16 10:42:26.8751385,2026-05-16 10:42:26.8751385
23349,4946,Savings,320415.47,INR,BR003,ACTIVE,2022-08-06,2026-05-16 10:42:26.8751385,2026-05-16 10:42:26.8751385
23350,1656,Current,291972.28,INR,BR002,ACTIVE,2024-11-07,2026-05-16 10:42:26.8751385,2026-05-16 10:42:26.8751385
23351,3124,Current,115836.24,INR,BR004,ACTIVE,2024-11-24,2026-05-16 10:42:26.8751385,2026-05-16 10:42:26.8751385
23352,4158,Savings,181559.06,INR,BR001,ACTIVE,2023-05-31,2026-05-16 10:42:26.8751385,2026-05-16 10:42:26.8751385
23353,1227,Savings,455241.89,INR,BR002,ACTIVE,2022-03-11,2026-05-16 10:42:26.8751385,2026-05-16 10:42:26.8751385
23354,4435,Current,233404.80,INR,BR004,ACTIVE,2021-10-07,2026-05-16 10:42:26.8751385,2026-05-16 10:42:26.8751385
23355,1959,Savings,297595.66,INR,BR003,ACTIVE,2022-12-22,2026-05-16 10:42:26.8751385,2026-05-16 10:42:26.8751385
23356,4640,Savings,467989.91,INR,BR003,ACTIVE,2024-11-11,2026-05-16 10:42:26.8751385,2026-05-16 10:42:26.8751385
23357,1592,Savings,233777.73,INR,BR004,ACTIVE,2024-09-05,2026-05-16 10:42:26.8751385,2026-05-16 10:42:26.8751385
23358,1024,Savings,215959.39,INR,BR004,ACTIVE,2022-05-09,2026-05-16 10:42:26.8751385,2026-05-16 10:42:26.8751385
23359,2763,Savings,456940.77,INR,BR003,ACTIVE,2020-07-09,2026-05-16 10:42:26.8751385,2026-05-16 10:42:26.8751385
23360,3076,Current,455533.09,INR,BR003,ACTIVE,2021-07-18,2026-05-16 10:42:26.8751385,2026-05-16 10:42:26.8751385
23361,3169,Savings,177964.49,INR,BR003,ACTIVE,2021-07-16,2026-05-16 10:42:26.8751385,2026-05-16 10:42:26.8751385
23362,2514,Current,296402.85,INR,BR003,ACTIVE,2022-11-04,2026-05-16 10:42:26.8751385,2026-05-16 10:42:26.8751385
23363,4677,Savings,481900.16,INR,BR002,ACTIVE,2021-10-03,2026-05-16 10:42:26.8751385,2026-05-16 10:42:26.8751385
23364,1853,Savings,28679.88,INR,BR003,ACTIVE,2023-11-24,2026-05-16 10:42:26.8751385,2026-05-16 10:42:26.8751385
23365,3672,Savings,20861.41,INR,BR003,ACTIVE,2021-03-10,2026-05-16 10:42:26.8751385,2026-05-16 10:42:26.8751385
23366,3938,Savings,258773.67,INR,BR004,ACTIVE,2023-02-07,2026-05-16 10:42:26.8751385,2026-05-16 10:42:26.8751385
23367,2369,Savings,146328.83,INR,BR004,ACTIVE,2024-06-21,2026-05-16 10:42:26.8751385,2026-05-16 10:42:26.8751385
23368,3023,Current,291343.09,INR,BR004,ACTIVE,2021-12-24,2026-05-16 10:42:26.8751385,2026-05-16 10:42:26.8751385
23369,3079,Savings,362423.38,INR,BR003,ACTIVE,2022-10-16,2026-05-16 10:42:26.8751385,2026-05-16 10:42:26.8751385
23370,2679,Savings,35468.09,INR,BR004,ACTIVE,2021-12-10,2026-05-16 10:42:26.8751385,2026-05-16 10:42:26.8751385
23371,4951,Savings,470345.15,INR,BR003,ACTIVE,2023-02-07,2026-05-16 10:42:26.8751385,2026-05-16 10:42:26.8751385
23372,4882,Current,139166.61,INR,BR003,ACTIVE,2022-10-01,2026-05-16 10:42:26.8751385,2026-05-16 10:42:26.8751385
23373,4299,Savings,191292.39,INR,BR004,ACTIVE,2020-09-23,2026-05-16 10:42:26.8751385,2026-05-16 10:42:26.8751385
23374,3918,Savings,169181.34,INR,BR001,ACTIVE,2020-09-19,2026-05-16 10:42:26.8751385,2026-05-16 10:42:26.8751385
23375,4322,Savings,420077.59,INR,BR002,ACTIVE,2023-03-10,2026-05-16 10:42:26.8751385,2026-05-16 10:42:26.8751385
23376,1050,Savings,86155.45,INR,BR002,ACTIVE,2022-10-27,2026-05-16 10:42:26.8751385,2026-05-16 10:42:26.8751385
23377,3774,Savings,15307.94,INR,BR001,ACTIVE,2024-09-16,2026-05-16 10:42:26.8751385,2026-05-16 10:42:26.8751385
23378,2916,Current,485929.00,INR,BR001,ACTIVE,2023-01-07,2026-05-16 10:42:26.8751385,2026-05-16 10:42:26.8751385
23379,3437,Savings,490335.61,INR,BR003,ACTIVE,2022-08-10,2026-05-16 10:42:26.8751385,2026-05-16 10:42:26.8751385
23380,3992,Savings,129588.72,INR,BR004,ACTIVE,2024-03-29,2026-05-16 10:42:26.8751385,2026-05-16 10:42:26.8751385
23381,2805,Current,5666.96,INR,BR002,ACTIVE,2024-01-21,2026-05-16 10:42:26.8751385,2026-05-16 10:42:26.8751385
23382,4360,Current,323312.63,INR,BR002,ACTIVE,2023-02-26,2026-05-16 10:42:26.8751385,2026-05-16 10:42:26.8751385
23383,2731,Savings,337175.18,INR,BR001,ACTIVE,2024-08-10,2026-05-16 10:42:26.8751385,2026-05-16 10:42:26.8751385
23384,2790,Savings,470238.00,INR,BR004,ACTIVE,2020-10-05,2026-05-16 10:42:26.8751385,2026-05-16 10:42:26.8751385
23385,4663,Current,149936.78,INR,BR002,ACTIVE,2024-03-27,2026-05-16 10:42:26.8751385,2026-05-16 10:42:26.8751385
23386,2015,Savings,95562.58,INR,BR002,ACTIVE,2020-06-27,2026-05-16 10:42:26.8751385,2026-05-16 10:42:26.8751385
23387,3523,Current,308574.79,INR,BR003,ACTIVE,2021-04-05,2026-05-16 10:42:26.8751385,2026-05-16 10:42:26.8751385
23388,3804,Savings,282271.86,INR,BR003,ACTIVE,2020-11-03,2026-05-16 10:42:26.8751385,2026-05-16 10:42:26.8751385
23389,3651,Savings,359150.66,INR,BR003,ACTIVE,2020-10-03,2026-05-16 10:42:26.8751385,2026-05-16 10:42:26.8751385
23390,3974,Savings,442678.57,INR,BR002,ACTIVE,2021-01-30,2026-05-16 10:42:26.8751385,2026-05-16 10:42:26.8751385
23391,2030,Current,280312.85,INR,BR002,ACTIVE,2023-06-25,2026-05-16 10:42:26.8751385,2026-05-16 10:42:26.8751385
23392,3841,Current,75887.55,INR,BR003,ACTIVE,2023-10-15,2026-05-16 10:42:26.8751385,2026-05-16 10:42:26.8751385
23393,1412,Savings,299466.34,INR,BR003,ACTIVE,2020-03-28,2026-05-16 10:42:26.8751385,2026-05-16 10:42:26.8751385
23394,2982,Savings,197923.95,INR,BR004,ACTIVE,2023-06-11,2026-05-16 10:42:26.8751385,2026-05-16 10:42:26.8751385
23395,1662,Savings,226914.78,INR,BR002,ACTIVE,2023-10-25,2026-05-16 10:42:26.8751385,2026-05-16 10:42:26.8751385
23396,2348,Current,479782.71,INR,BR002,ACTIVE,2022-10-19,2026-05-16 10:42:26.8751385,2026-05-16 10:42:26.8751385
23397,4471,Savings,307027.86,INR,BR001,ACTIVE,2022-12-17,2026-05-16 10:42:26.8751385,2026-05-16 10:42:26.8751385
23398,2306,Current,75673.93,INR,BR003,ACTIVE,2020-02-09,2026-05-16 10:42:26.8751385,2026-05-16 10:42:26.8751385
23399,1191,Savings,222136.14,INR,BR003,ACTIVE,2022-03-27,2026-05-16 10:42:26.8751385,2026-05-16 10:42:26.8751385
23400,3834,Savings,114986.82,INR,BR003,ACTIVE,2023-04-02,2026-05-16 10:42:26.8751385,2026-05-16 10:42:26.8751385
23401,1585,Savings,68605.76,INR,BR002,ACTIVE,2022-07-21,2026-05-16 10:42:26.8751385,2026-05-16 10:42:26.8751385
23402,1959,Savings,356404.82,INR,BR004,ACTIVE,2020-11-06,2026-05-16 10:42:26.8751385,2026-05-16 10:42:26.8751385
23403,2854,Savings,314655.97,INR,BR002,ACTIVE,2022-03-09,2026-05-16 10:42:26.8751385,2026-05-16 10:42:26.8751385
23404,1500,Current,249396.64,INR,BR001,ACTIVE,2023-07-21,2026-05-16 10:42:26.8751385,2026-05-16 10:42:26.8751385
23405,1580,Savings,212195.91,INR,BR001,ACTIVE,2024-01-27,2026-05-16 10:42:26.8751385,2026-05-16 10:42:26.8751385
23406,1816,Savings,193218.37,INR,BR004,ACTIVE,2022-01-02,2026-05-16 10:42:26.8751385,2026-05-16 10:42:26.8751385
23407,4506,Current,44916.35,INR,BR003,ACTIVE,2023-03-08,2026-05-16 10:42:26.8751385,2026-05-16 10:42:26.8751385
23408,4135,Current,150335.55,INR,BR001,ACTIVE,2020-04-14,2026-05-16 10:42:26.8751385,2026-05-16 10:42:26.8751385
23409,2477,Savings,419358.92,INR,BR002,ACTIVE,2023-09-12,2026-05-16 10:42:26.8751385,2026-05-16 10:42:26.8751385
23410,2517,Savings,392054.02,INR,BR001,ACTIVE,2021-08-10,2026-05-16 10:42:26.8751385,2026-05-16 10:42:26.8751385
23411,2670,Savings,486186.54,INR,BR001,ACTIVE,2022-04-12,2026-05-16 10:42:26.8751385,2026-05-16 10:42:26.8751385
23412,4514,Savings,357991.67,INR,BR004,ACTIVE,2020-01-01,2026-05-16 10:42:26.8751385,2026-05-16 10:42:26.8751385
23413,3038,Savings,277266.24,INR,BR004,ACTIVE,2021-02-12,2026-05-16 10:42:26.8751385,2026-05-16 10:42:26.8751385
23414,2331,Savings,148726.20,INR,BR002,ACTIVE,2022-03-05,2026-05-16 10:42:26.8751385,2026-05-16 10:42:26.8751385
23415,1780,Savings,39353.26,INR,BR003,ACTIVE,2021-07-28,2026-05-16 10:42:26.8751385,2026-05-16 10:42:26.8751385
23416,4807,Current,309391.15,INR,BR004,ACTIVE,2024-10-25,2026-05-16 10:42:26.8751385,2026-05-16 10:42:26.8751385
23417,3991,Current,244592.93,INR,BR004,ACTIVE,2023-01-13,2026-05-16 10:42:26.8751385,2026-05-16 10:42:26.8751385
23418,2150,Current,418159.21,INR,BR003,ACTIVE,2024-10-30,2026-05-16 10:42:26.8751385,2026-05-16 10:42:26.8751385
23419,3313,Current,206517.11,INR,BR001,ACTIVE,2021-07-29,2026-05-16 10:42:26.8751385,2026-05-16 10:42:26.8751385
23420,1007,Savings,492790.13,INR,BR002,ACTIVE,2023-02-12,2026-05-16 10:42:26.8751385,2026-05-16 10:42:26.8751385
23421,2437,Savings,199408.42,INR,BR002,ACTIVE,2024-05-13,2026-05-16 10:42:26.8751385,2026-05-16 10:42:26.8751385
23422,4278,Savings,167202.75,INR,BR001,ACTIVE,2021-02-09,2026-05-16 10:42:26.8751385,2026-05-16 10:42:26.8751385
23423,4251,Savings,435622.20,INR,BR003,ACTIVE,2023-09-25,2026-05-16 10:42:26.8751385,2026-05-16 10:42:26.8751385
23424,4540,Savings,198357.71,INR,BR003,ACTIVE,2021-05-14,2026-05-16 10:42:26.8751385,2026-05-16 10:42:26.8751385
23425,4568,Savings,435577.76,INR,BR004,ACTIVE,2023-12-14,2026-05-16 10:42:26.8751385,2026-05-16 10:42:26.8751385
23426,1695,Current,26352.89,INR,BR003,ACTIVE,2024-02-28,2026-05-16 10:42:26.8751385,2026-05-16 10:42:26.8751385
23427,1992,Savings,346604.06,INR,BR002,ACTIVE,2022-10-04,2026-05-16 10:42:26.8751385,2026-05-16 10:42:26.8751385
23428,2467,Current,36854.58,INR,BR002,ACTIVE,2023-11-27,2026-05-16 10:42:26.8751385,2026-05-16 10:42:26.8751385
23429,2976,Savings,74968.00,INR,BR002,ACTIVE,2024-05-22,2026-05-16 10:42:26.8751385,2026-05-16 10:42:26.8751385
23430,3966,Savings,350337.43,INR,BR003,ACTIVE,2022-02-11,2026-05-16 10:42:26.8751385,2026-05-16 10:42:26.8751385
23431,4300,Savings,145571.95,INR,BR001,ACTIVE,2021-12-26,2026-05-16 10:42:26.8751385,2026-05-16 10:42:26.8751385
23432,1748,Savings,106006.27,INR,BR002,ACTIVE,2024-11-17,2026-05-16 10:42:26.8751385,2026-05-16 10:42:26.8751385
23433,1146,Savings,436368.70,INR,BR002,ACTIVE,2021-09-03,2026-05-16 10:42:26.8751385,2026-05-16 10:42:26.8751385
23434,4642,Savings,473177.19,INR,BR001,ACTIVE,2024-08-24,2026-05-16 10:42:26.8751385,2026-05-16 10:42:26.8751385
23435,4368,Savings,116957.94,INR,BR004,ACTIVE,2022-05-01,2026-05-16 10:42:26.8751385,2026-05-16 10:42:26.8751385
23436,3289,Current,189592.40,INR,BR003,ACTIVE,2024-07-10,2026-05-16 10:42:26.8751385,2026-05-16 10:42:26.8751385
23437,1857,Savings,357322.58,INR,BR002,ACTIVE,2022-04-14,2026-05-16 10:42:26.8751385,2026-05-16 10:42:26.8751385
23438,1287,Savings,426125.29,INR,BR003,ACTIVE,2023-05-13,2026-05-16 10:42:26.8751385,2026-05-16 10:42:26.8751385
23439,1952,Current,499581.99,INR,BR002,ACTIVE,2021-07-25,2026-05-16 10:42:26.8751385,2026-05-16 10:42:26.8751385
23440,4747,Savings,137411.99,INR,BR002,ACTIVE,2022-02-28,2026-05-16 10:42:26.8751385,2026-05-16 10:42:26.8751385
23441,1026,Savings,278752.68,INR,BR004,ACTIVE,2024-01-31,2026-05-16 10:42:26.8751385,2026-05-16 10:42:26.8751385
23442,1452,Savings,109676.48,INR,BR001,ACTIVE,2022-05-28,2026-05-16 10:42:26.8751385,2026-05-16 10:42:26.8751385
23443,3154,Savings,166089.21,INR,BR001,ACTIVE,2022-01-08,2026-05-16 10:42:26.8751385,2026-05-16 10:42:26.8751385
23444,1240,Savings,23439.32,INR,BR001,ACTIVE,2020-03-20,2026-05-16 10:42:26.8751385,2026-05-16 10:42:26.8751385
23445,4924,Savings,106208.43,INR,BR004,ACTIVE,2023-04-17,2026-05-16 10:42:26.8751385,2026-05-16 10:42:26.8751385
23446,4490,Savings,253765.94,INR,BR004,ACTIVE,2024-02-10,2026-05-16 10:42:26.8751385,2026-05-16 10:42:26.8751385
23447,1332,Savings,82715.80,INR,BR001,ACTIVE,2021-10-05,2026-05-16 10:42:26.8751385,2026-05-16 10:42:26.8751385
23448,3960,Current,444802.27,INR,BR003,ACTIVE,2024-10-31,2026-05-16 10:42:26.8751385,2026-05-16 10:42:26.8751385
23449,2915,Savings,355444.20,INR,BR003,ACTIVE,2023-06-05,2026-05-16 10:42:26.8751385,2026-05-16 10:42:26.8751385
23450,2066,Current,22729.43,INR,BR004,ACTIVE,2024-12-03,2026-05-16 10:42:26.8751385,2026-05-16 10:42:26.8751385
23451,1645,Savings,438474.08,INR,BR003,ACTIVE,2022-03-15,2026-05-16 10:42:26.8751385,2026-05-16 10:42:26.8751385
23452,2853,Current,488683.18,INR,BR001,ACTIVE,2024-04-28,2026-05-16 10:42:26.8751385,2026-05-16 10:42:26.8751385
23453,4628,Current,251428.92,INR,BR002,ACTIVE,2023-02-15,2026-05-16 10:42:26.8751385,2026-05-16 10:42:26.8751385
23454,1035,Savings,184440.30,INR,BR003,ACTIVE,2020-02-02,2026-05-16 10:42:26.8751385,2026-05-16 10:42:26.8751385
23455,3924,Current,132468.76,INR,BR001,ACTIVE,2020-11-12,2026-05-16 10:42:26.8751385,2026-05-16 10:42:26.8751385
23456,4419,Savings,92466.86,INR,BR001,ACTIVE,2024-10-18,2026-05-16 10:42:26.8751385,2026-05-16 10:42:26.8751385
23457,3432,Savings,246313.08,INR,BR001,ACTIVE,2021-09-22,2026-05-16 10:42:26.8751385,2026-05-16 10:42:26.8751385
23458,4585,Savings,26019.87,INR,BR003,ACTIVE,2023-05-28,2026-05-16 10:42:26.8751385,2026-05-16 10:42:26.8751385
23459,4810,Current,260296.33,INR,BR002,ACTIVE,2020-09-18,2026-05-16 10:42:26.8751385,2026-05-16 10:42:26.8751385
23460,1811,Current,127021.67,INR,BR003,ACTIVE,2024-11-09,2026-05-16 10:42:26.8751385,2026-05-16 10:42:26.8751385
23461,2312,Savings,238739.55,INR,BR001,ACTIVE,2021-04-20,2026-05-16 10:42:26.8751385,2026-05-16 10:42:26.8751385
23462,3796,Savings,209773.68,INR,BR001,ACTIVE,2023-06-15,2026-05-16 10:42:26.8751385,2026-05-16 10:42:26.8751385
23463,2895,Savings,153252.01,INR,BR001,ACTIVE,2023-01-17,2026-05-16 10:42:26.8751385,2026-05-16 10:42:26.8751385
23464,4007,Savings,224870.48,INR,BR004,ACTIVE,2020-12-13,2026-05-16 10:42:26.8751385,2026-05-16 10:42:26.8751385
23465,2057,Savings,237542.91,INR,BR003,ACTIVE,2022-12-28,2026-05-16 10:42:26.8751385,2026-05-16 10:42:26.8751385
23466,3143,Savings,417012.19,INR,BR002,ACTIVE,2021-12-14,2026-05-16 10:42:26.8751385,2026-05-16 10:42:26.8751385
23467,4068,Savings,347438.79,INR,BR003,ACTIVE,2020-05-02,2026-05-16 10:42:26.8751385,2026-05-16 10:42:26.8751385
23468,1205,Current,217145.14,INR,BR001,ACTIVE,2020-06-15,2026-05-16 10:42:26.8751385,2026-05-16 10:42:26.8751385
23469,4693,Savings,452715.73,INR,BR001,ACTIVE,2021-01-25,2026-05-16 10:42:26.8751385,2026-05-16 10:42:26.8751385
23470,3882,Current,378114.65,INR,BR004,ACTIVE,2021-09-21,2026-05-16 10:42:26.8751385,2026-05-16 10:42:26.8751385
23471,3078,Savings,38782.73,INR,BR001,ACTIVE,2022-03-25,2026-05-16 10:42:26.8751385,2026-05-16 10:42:26.8751385
23472,3314,Current,77719.17,INR,BR003,ACTIVE,2021-04-12,2026-05-16 10:42:26.8751385,2026-05-16 10:42:26.8751385
23473,3071,Savings,41752.27,INR,BR003,ACTIVE,2024-05-06,2026-05-16 10:42:26.8751385,2026-05-16 10:42:26.8751385
23474,3657,Savings,160112.82,INR,BR003,ACTIVE,2021-11-25,2026-05-16 10:42:26.8751385,2026-05-16 10:42:26.8751385
23475,1039,Savings,218387.66,INR,BR001,ACTIVE,2021-07-28,2026-05-16 10:42:26.8751385,2026-05-16 10:42:26.8751385
23476,1173,Current,252618.72,INR,BR004,ACTIVE,2020-04-19,2026-05-16 10:42:26.8751385,2026-05-16 10:42:26.8751385
23477,1760,Savings,474646.54,INR,BR003,ACTIVE,2021-05-13,2026-05-16 10:42:26.8751385,2026-05-16 10:42:26.8751385
23478,2915,Savings,9960.19,INR,BR002,ACTIVE,2023-12-11,2026-05-16 10:42:26.8751385,2026-05-16 10:42:26.8751385
23479,4485,Savings,214715.91,INR,BR002,ACTIVE,2022-12-04,2026-05-16 10:42:26.8751385,2026-05-16 10:42:26.8751385
23480,1414,Savings,206088.19,INR,BR002,ACTIVE,2024-11-15,2026-05-16 10:42:26.8751385,2026-05-16 10:42:26.8751385
23481,4746,Savings,473790.49,INR,BR003,ACTIVE,2022-06-27,2026-05-16 10:42:26.8751385,2026-05-16 10:42:26.8751385
23482,1692,Savings,121277.42,INR,BR004,ACTIVE,2020-06-17,2026-05-16 10:42:26.8751385,2026-05-16 10:42:26.8751385
23483,3663,Savings,109136.67,INR,BR001,ACTIVE,2020-05-30,2026-05-16 10:42:26.8751385,2026-05-16 10:42:26.8751385
23484,3257,Savings,71987.85,INR,BR004,ACTIVE,2025-01-07,2026-05-16 10:42:26.8751385,2026-05-16 10:42:26.8751385
23485,1022,Savings,260551.22,INR,BR001,ACTIVE,2023-07-20,2026-05-16 10:42:26.8751385,2026-05-16 10:42:26.8751385
23486,3053,Current,196061.00,INR,BR001,ACTIVE,2022-07-05,2026-05-16 10:42:26.8751385,2026-05-16 10:42:26.8751385
23487,3699,Savings,377316.87,INR,BR001,ACTIVE,2024-09-19,2026-05-16 10:42:26.8751385,2026-05-16 10:42:26.8751385
23488,1214,Savings,162268.00,INR,BR001,ACTIVE,2021-04-13,2026-05-16 10:42:26.8751385,2026-05-16 10:42:26.8751385
23489,2696,Savings,64852.91,INR,BR003,ACTIVE,2024-08-09,2026-05-16 10:42:26.8751385,2026-05-16 10:42:26.8751385
23490,1920,Savings,194051.02,INR,BR002,ACTIVE,2022-01-25,2026-05-16 10:42:26.8751385,2026-05-16 10:42:26.8751385
23491,1907,Savings,441634.77,INR,BR003,ACTIVE,2022-07-06,2026-05-16 10:42:26.8751385,2026-05-16 10:42:26.8751385
23492,4211,Savings,203357.75,INR,BR004,ACTIVE,2020-09-30,2026-05-16 10:42:26.8751385,2026-05-16 10:42:26.8751385
23493,4729,Current,416980.23,INR,BR001,ACTIVE,2022-04-18,2026-05-16 10:42:26.8751385,2026-05-16 10:42:26.8751385
23494,3720,Current,186393.51,INR,BR003,ACTIVE,2020-05-08,2026-05-16 10:42:26.8751385,2026-05-16 10:42:26.8751385
23495,4667,Current,141411.43,INR,BR003,ACTIVE,2022-06-08,2026-05-16 10:42:26.8751385,2026-05-16 10:42:26.8751385
23496,3715,Savings,411887.45,INR,BR003,ACTIVE,2021-02-11,2026-05-16 10:42:26.8751385,2026-05-16 10:42:26.8751385
23497,1800,Savings,105408.03,INR,BR001,ACTIVE,2020-10-24,2026-05-16 10:42:26.8751385,2026-05-16 10:42:26.8751385
23498,3365,Current,116683.52,INR,BR001,ACTIVE,2022-08-10,2026-05-16 10:42:26.8751385,2026-05-16 10:42:26.8751385
23499,1793,Savings,25856.61,INR,BR001,ACTIVE,2024-05-23,2026-05-16 10:42:26.8751385,2026-05-16 10:42:26.8751385
23500,1576,Savings,94735.01,INR,BR003,ACTIVE,2020-07-21,2026-05-16 10:42:26.8751385,2026-05-16 10:42:26.8751385
23501,2728,Savings,190028.88,INR,BR003,ACTIVE,2021-11-28,2026-05-16 10:42:26.8751385,2026-05-16 10:42:26.8751385
23502,4228,Savings,220710.04,INR,BR004,ACTIVE,2022-02-21,2026-05-16 10:42:26.8751385,2026-05-16 10:42:26.8751385
23503,2448,Savings,210893.42,INR,BR002,ACTIVE,2023-08-03,2026-05-16 10:42:26.8751385,2026-05-16 10:42:26.8751385
23504,4572,Savings,240366.78,INR,BR002,ACTIVE,2021-12-29,2026-05-16 10:42:26.8751385,2026-05-16 10:42:26.8751385
23505,1091,Savings,286383.40,INR,BR001,ACTIVE,2021-01-08,2026-05-16 10:42:26.8751385,2026-05-16 10:42:26.8751385
23506,4726,Current,95525.08,INR,BR002,ACTIVE,2020-07-12,2026-05-16 10:42:26.8751385,2026-05-16 10:42:26.8751385
23507,2066,Savings,307358.15,INR,BR001,ACTIVE,2023-09-15,2026-05-16 10:42:26.8751385,2026-05-16 10:42:26.8751385
23508,1761,Savings,168940.74,INR,BR001,ACTIVE,2021-03-20,2026-05-16 10:42:26.8751385,2026-05-16 10:42:26.8751385
23509,4367,Savings,367271.36,INR,BR003,ACTIVE,2022-08-20,2026-05-16 10:42:26.8751385,2026-05-16 10:42:26.8751385
23510,1770,Current,279045.02,INR,BR002,ACTIVE,2020-01-30,2026-05-16 10:42:26.8751385,2026-05-16 10:42:26.8751385
23511,2361,Savings,307594.91,INR,BR004,ACTIVE,2024-12-30,2026-05-16 10:42:26.8751385,2026-05-16 10:42:26.8751385
23512,3049,Savings,343058.01,INR,BR001,ACTIVE,2025-01-27,2026-05-16 10:42:26.8751385,2026-05-16 10:42:26.8751385
23513,3157,Current,167176.48,INR,BR001,ACTIVE,2024-11-02,2026-05-16 10:42:26.8751385,2026-05-16 10:42:26.8751385
23514,3976,Savings,215187.24,INR,BR004,ACTIVE,2022-04-10,2026-05-16 10:42:26.8751385,2026-05-16 10:42:26.8751385
23515,3003,Savings,291866.04,INR,BR002,ACTIVE,2021-10-22,2026-05-16 10:42:26.8751385,2026-05-16 10:42:26.8751385
23516,4197,Savings,211356.25,INR,BR004,ACTIVE,2020-04-05,2026-05-16 10:42:26.8751385,2026-05-16 10:42:26.8751385
23517,2088,Current,222684.48,INR,BR002,ACTIVE,2021-04-15,2026-05-16 10:42:26.8751385,2026-05-16 10:42:26.8751385
23518,1206,Savings,136971.05,INR,BR002,ACTIVE,2020-01-03,2026-05-16 10:42:26.8751385,2026-05-16 10:42:26.8751385
23519,4487,Savings,144405.13,INR,BR002,ACTIVE,2021-01-11,2026-05-16 10:42:26.8751385,2026-05-16 10:42:26.8751385
23520,3898,Savings,349779.75,INR,BR002,ACTIVE,2022-06-24,2026-05-16 10:42:26.8751385,2026-05-16 10:42:26.8751385
23521,4316,Savings,3136.29,INR,BR002,ACTIVE,2024-06-28,2026-05-16 10:42:26.8751385,2026-05-16 10:42:26.8751385
23522,3638,Savings,48549.92,INR,BR002,ACTIVE,2023-06-20,2026-05-16 10:42:26.8751385,2026-05-16 10:42:26.8751385
23523,1623,Savings,474456.13,INR,BR001,ACTIVE,2022-09-07,2026-05-16 10:42:26.8751385,2026-05-16 10:42:26.8751385
23524,2678,Current,94322.02,INR,BR003,ACTIVE,2023-12-18,2026-05-16 10:42:26.8751385,2026-05-16 10:42:26.8751385
23525,4288,Current,209642.33,INR,BR001,ACTIVE,2024-11-27,2026-05-16 10:42:26.8751385,2026-05-16 10:42:26.8751385
23526,4013,Savings,424992.88,INR,BR001,ACTIVE,2021-06-13,2026-05-16 10:42:26.8751385,2026-05-16 10:42:26.8751385
23527,2552,Savings,1051.08,INR,BR004,ACTIVE,2022-11-25,2026-05-16 10:42:26.8751385,2026-05-16 10:42:26.8751385
23528,4013,Savings,462664.42,INR,BR003,ACTIVE,2020-05-08,2026-05-16 10:42:26.8751385,2026-05-16 10:42:26.8751385
23529,4638,Savings,27690.82,INR,BR003,ACTIVE,2023-02-04,2026-05-16 10:42:26.8751385,2026-05-16 10:42:26.8751385
23530,3701,Savings,86263.66,INR,BR003,ACTIVE,2024-10-13,2026-05-16 10:42:26.8751385,2026-05-16 10:42:26.8751385
23531,4452,Savings,15522.67,INR,BR002,ACTIVE,2020-02-12,2026-05-16 10:42:26.8751385,2026-05-16 10:42:26.8751385
23532,2872,Savings,260240.50,INR,BR002,ACTIVE,2022-08-22,2026-05-16 10:42:26.8751385,2026-05-16 10:42:26.8751385
23533,1079,Current,471604.06,INR,BR002,ACTIVE,2022-07-14,2026-05-16 10:42:26.8751385,2026-05-16 10:42:26.8751385
23534,3463,Savings,419679.27,INR,BR001,ACTIVE,2021-01-22,2026-05-16 10:42:26.8751385,2026-05-16 10:42:26.8751385
23535,2477,Savings,320234.52,INR,BR003,ACTIVE,2020-11-30,2026-05-16 10:42:26.8751385,2026-05-16 10:42:26.8751385
23536,2173,Savings,93558.83,INR,BR003,ACTIVE,2021-08-17,2026-05-16 10:42:26.8751385,2026-05-16 10:42:26.8751385
23537,1639,Savings,434928.95,INR,BR001,ACTIVE,2022-07-03,2026-05-16 10:42:26.8751385,2026-05-16 10:42:26.8751385
23538,2694,Savings,377632.92,INR,BR002,ACTIVE,2024-12-20,2026-05-16 10:42:26.8751385,2026-05-16 10:42:26.8751385
23539,3839,Savings,134157.03,INR,BR004,ACTIVE,2022-06-23,2026-05-16 10:42:26.8751385,2026-05-16 10:42:26.8751385
23540,2062,Savings,402739.49,INR,BR003,ACTIVE,2022-04-17,2026-05-16 10:42:26.8751385,2026-05-16 10:42:26.8751385
23541,4229,Savings,438698.52,INR,BR001,ACTIVE,2020-09-07,2026-05-16 10:42:26.8751385,2026-05-16 10:42:26.8751385
23542,3381,Savings,349414.78,INR,BR002,ACTIVE,2021-01-19,2026-05-16 10:42:26.8751385,2026-05-16 10:42:26.8751385
23543,3336,Savings,51091.69,INR,BR001,ACTIVE,2020-06-17,2026-05-16 10:42:26.8751385,2026-05-16 10:42:26.8751385
23544,4184,Savings,492139.17,INR,BR004,ACTIVE,2023-02-28,2026-05-16 10:42:26.8751385,2026-05-16 10:42:26.8751385
23545,2726,Savings,38924.49,INR,BR004,ACTIVE,2023-05-16,2026-05-16 10:42:26.8751385,2026-05-16 10:42:26.8751385
23546,2642,Savings,327582.52,INR,BR002,ACTIVE,2021-06-08,2026-05-16 10:42:26.8751385,2026-05-16 10:42:26.8751385
23547,2115,Savings,56152.10,INR,BR001,ACTIVE,2023-09-22,2026-05-16 10:42:26.8751385,2026-05-16 10:42:26.8751385
23548,2890,Savings,452801.27,INR,BR002,ACTIVE,2023-08-11,2026-05-16 10:42:26.8751385,2026-05-16 10:42:26.8751385
23549,4885,Savings,175638.86,INR,BR001,ACTIVE,2024-06-15,2026-05-16 10:42:26.8751385,2026-05-16 10:42:26.8751385
23550,4121,Current,256240.01,INR,BR001,ACTIVE,2024-04-29,2026-05-16 10:42:26.8751385,2026-05-16 10:42:26.8751385
23551,1161,Current,101714.29,INR,BR004,ACTIVE,2023-09-17,2026-05-16 10:42:26.8751385,2026-05-16 10:42:26.8751385
23552,4588,Savings,274804.54,INR,BR001,ACTIVE,2022-08-15,2026-05-16 10:42:26.8751385,2026-05-16 10:42:26.8751385
23553,2426,Savings,469481.11,INR,BR001,ACTIVE,2022-06-30,2026-05-16 10:42:26.8751385,2026-05-16 10:42:26.8751385
23554,2734,Savings,456359.34,INR,BR004,ACTIVE,2020-02-04,2026-05-16 10:42:26.8751385,2026-05-16 10:42:26.8751385
23555,1320,Current,32884.06,INR,BR003,ACTIVE,2021-08-30,2026-05-16 10:42:26.8751385,2026-05-16 10:42:26.8751385
23556,3972,Savings,189750.99,INR,BR003,ACTIVE,2021-07-18,2026-05-16 10:42:26.8751385,2026-05-16 10:42:26.8751385
23557,3412,Savings,134448.25,INR,BR003,ACTIVE,2023-01-03,2026-05-16 10:42:26.8751385,2026-05-16 10:42:26.8751385
23558,4961,Savings,241199.38,INR,BR003,ACTIVE,2021-01-10,2026-05-16 10:42:26.8751385,2026-05-16 10:42:26.8751385
23559,4514,Savings,417030.85,INR,BR001,ACTIVE,2021-11-28,2026-05-16 10:42:26.8751385,2026-05-16 10:42:26.8751385
23560,3523,Savings,369687.04,INR,BR003,ACTIVE,2024-10-19,2026-05-16 10:42:26.8751385,2026-05-16 10:42:26.8751385
23561,4071,Current,172645.12,INR,BR003,ACTIVE,2021-09-30,2026-05-16 10:42:26.8751385,2026-05-16 10:42:26.8751385
23562,1766,Savings,191950.25,INR,BR001,ACTIVE,2021-05-16,2026-05-16 10:42:26.8751385,2026-05-16 10:42:26.8751385
23563,1602,Savings,327473.24,INR,BR003,ACTIVE,2021-01-10,2026-05-16 10:42:26.8751385,2026-05-16 10:42:26.8751385
23564,3360,Savings,97918.36,INR,BR003,ACTIVE,2022-06-22,2026-05-16 10:42:26.8751385,2026-05-16 10:42:26.8751385
23565,2556,Savings,52261.28,INR,BR002,ACTIVE,2024-03-27,2026-05-16 10:42:26.8751385,2026-05-16 10:42:26.8751385
23566,1589,Savings,122051.64,INR,BR003,ACTIVE,2023-08-13,2026-05-16 10:42:26.8751385,2026-05-16 10:42:26.8751385
23567,2244,Savings,62892.18,INR,BR002,ACTIVE,2025-01-30,2026-05-16 10:42:26.8751385,2026-05-16 10:42:26.8751385
23568,2698,Savings,176640.14,INR,BR003,ACTIVE,2020-10-03,2026-05-16 10:42:26.8751385,2026-05-16 10:42:26.8751385
23569,2521,Savings,468845.33,INR,BR001,ACTIVE,2022-07-08,2026-05-16 10:42:26.8751385,2026-05-16 10:42:26.8751385
23570,3391,Savings,61029.44,INR,BR003,ACTIVE,2022-09-01,2026-05-16 10:42:26.8751385,2026-05-16 10:42:26.8751385
23571,1906,Savings,438611.38,INR,BR004,ACTIVE,2024-07-25,2026-05-16 10:42:26.8751385,2026-05-16 10:42:26.8751385
23572,2651,Savings,267789.37,INR,BR001,ACTIVE,2021-01-07,2026-05-16 10:42:26.8751385,2026-05-16 10:42:26.8751385
23573,2118,Savings,316818.64,INR,BR003,ACTIVE,2021-06-20,2026-05-16 10:42:26.8751385,2026-05-16 10:42:26.8751385
23574,4990,Savings,85871.10,INR,BR003,ACTIVE,2020-09-30,2026-05-16 10:42:26.8751385,2026-05-16 10:42:26.8751385
23575,4205,Savings,76535.28,INR,BR001,ACTIVE,2022-11-05,2026-05-16 10:42:26.8751385,2026-05-16 10:42:26.8751385
23576,2525,Savings,108117.82,INR,BR004,ACTIVE,2020-04-01,2026-05-16 10:42:26.8751385,2026-05-16 10:42:26.8751385
23577,1172,Savings,333864.38,INR,BR001,ACTIVE,2022-05-08,2026-05-16 10:42:26.8751385,2026-05-16 10:42:26.8751385
23578,1626,Current,374146.35,INR,BR004,ACTIVE,2024-09-25,2026-05-16 10:42:26.8751385,2026-05-16 10:42:26.8751385
23579,3046,Savings,460202.23,INR,BR001,ACTIVE,2024-06-09,2026-05-16 10:42:26.8751385,2026-05-16 10:42:26.8751385
23580,4081,Savings,199697.98,INR,BR001,ACTIVE,2024-01-12,2026-05-16 10:42:26.8751385,2026-05-16 10:42:26.8751385
23581,4883,Savings,233901.14,INR,BR002,ACTIVE,2020-09-25,2026-05-16 10:42:26.8751385,2026-05-16 10:42:26.8751385
23582,4844,Savings,235327.91,INR,BR002,ACTIVE,2022-06-27,2026-05-16 10:42:26.8751385,2026-05-16 10:42:26.8751385
23583,1682,Savings,135679.05,INR,BR001,ACTIVE,2024-02-11,2026-05-16 10:42:26.8751385,2026-05-16 10:42:26.8751385
23584,2345,Savings,164788.09,INR,BR002,ACTIVE,2022-06-14,2026-05-16 10:42:26.8751385,2026-05-16 10:42:26.8751385
23585,4170,Current,423563.30,INR,BR003,ACTIVE,2023-08-21,2026-05-16 10:42:26.8751385,2026-05-16 10:42:26.8751385
23586,4241,Savings,172517.37,INR,BR003,ACTIVE,2024-11-29,2026-05-16 10:42:26.8751385,2026-05-16 10:42:26.8751385
23587,2984,Current,434678.95,INR,BR003,ACTIVE,2024-07-22,2026-05-16 10:42:26.8751385,2026-05-16 10:42:26.8751385
23588,1311,Savings,153328.59,INR,BR002,ACTIVE,2020-07-12,2026-05-16 10:42:26.8751385,2026-05-16 10:42:26.8751385
23589,4802,Savings,170601.70,INR,BR002,ACTIVE,2023-10-25,2026-05-16 10:42:26.8751385,2026-05-16 10:42:26.8751385
23590,3962,Savings,280580.16,INR,BR003,ACTIVE,2024-05-09,2026-05-16 10:42:26.8751385,2026-05-16 10:42:26.8751385
23591,2936,Savings,83947.51,INR,BR001,ACTIVE,2020-12-08,2026-05-16 10:42:26.8751385,2026-05-16 10:42:26.8751385
23592,4415,Savings,461109.07,INR,BR003,ACTIVE,2023-12-20,2026-05-16 10:42:26.8751385,2026-05-16 10:42:26.8751385
23593,3478,Savings,412856.41,INR,BR002,ACTIVE,2020-07-16,2026-05-16 10:42:26.8751385,2026-05-16 10:42:26.8751385
23594,3906,Savings,335581.41,INR,BR004,ACTIVE,2024-12-30,2026-05-16 10:42:26.8751385,2026-05-16 10:42:26.8751385
23595,2986,Current,494074.38,INR,BR003,ACTIVE,2023-10-16,2026-05-16 10:42:26.8751385,2026-05-16 10:42:26.8751385
23596,4628,Savings,8983.68,INR,BR003,ACTIVE,2023-09-12,2026-05-16 10:42:26.8751385,2026-05-16 10:42:26.8751385
23597,2524,Savings,206119.10,INR,BR002,ACTIVE,2024-10-07,2026-05-16 10:42:26.8751385,2026-05-16 10:42:26.8751385
23598,4845,Savings,429313.19,INR,BR002,ACTIVE,2020-10-20,2026-05-16 10:42:26.8751385,2026-05-16 10:42:26.8751385
23599,1285,Current,217075.62,INR,BR002,ACTIVE,2021-03-18,2026-05-16 10:42:26.8751385,2026-05-16 10:42:26.8751385
23600,4710,Current,3615.43,INR,BR002,ACTIVE,2021-06-24,2026-05-16 10:42:26.8751385,2026-05-16 10:42:26.8751385
23601,2284,Savings,79719.30,INR,BR003,ACTIVE,2020-08-14,2026-05-16 10:42:26.8907639,2026-05-16 10:42:26.8907639
23602,3543,Savings,217602.13,INR,BR002,ACTIVE,2024-05-15,2026-05-16 10:42:26.8907639,2026-05-16 10:42:26.8907639
23603,1355,Savings,334305.98,INR,BR004,ACTIVE,2023-10-22,2026-05-16 10:42:26.8907639,2026-05-16 10:42:26.8907639
23604,3262,Savings,82164.48,INR,BR001,ACTIVE,2020-11-18,2026-05-16 10:42:26.8907639,2026-05-16 10:42:26.8907639
23605,3865,Savings,224573.49,INR,BR002,ACTIVE,2024-06-13,2026-05-16 10:42:26.8907639,2026-05-16 10:42:26.8907639
23606,1200,Savings,7381.48,INR,BR002,ACTIVE,2021-12-13,2026-05-16 10:42:26.8907639,2026-05-16 10:42:26.8907639
23607,4308,Current,239272.76,INR,BR003,ACTIVE,2020-05-08,2026-05-16 10:42:26.8907639,2026-05-16 10:42:26.8907639
23608,3901,Current,448066.31,INR,BR001,ACTIVE,2021-09-23,2026-05-16 10:42:26.8907639,2026-05-16 10:42:26.8907639
23609,3184,Savings,298787.25,INR,BR001,ACTIVE,2024-04-21,2026-05-16 10:42:26.8907639,2026-05-16 10:42:26.8907639
23610,2914,Savings,220887.16,INR,BR001,ACTIVE,2022-06-17,2026-05-16 10:42:26.8907639,2026-05-16 10:42:26.8907639
23611,1948,Savings,81967.41,INR,BR002,ACTIVE,2022-03-06,2026-05-16 10:42:26.8907639,2026-05-16 10:42:26.8907639
23612,3676,Savings,102006.86,INR,BR003,ACTIVE,2022-06-18,2026-05-16 10:42:26.8907639,2026-05-16 10:42:26.8907639
23613,1917,Current,39178.47,INR,BR003,ACTIVE,2020-09-12,2026-05-16 10:42:26.8907639,2026-05-16 10:42:26.8907639
23614,4739,Savings,371463.11,INR,BR002,ACTIVE,2020-09-03,2026-05-16 10:42:26.8907639,2026-05-16 10:42:26.8907639
23615,4494,Savings,39490.50,INR,BR001,ACTIVE,2023-08-05,2026-05-16 10:42:26.8907639,2026-05-16 10:42:26.8907639
23616,4973,Savings,192590.47,INR,BR001,ACTIVE,2021-02-04,2026-05-16 10:42:26.8907639,2026-05-16 10:42:26.8907639
23617,2365,Current,375172.50,INR,BR003,ACTIVE,2024-09-06,2026-05-16 10:42:26.8907639,2026-05-16 10:42:26.8907639
23618,2853,Savings,356698.53,INR,BR004,ACTIVE,2023-12-06,2026-05-16 10:42:26.8907639,2026-05-16 10:42:26.8907639
23619,4976,Savings,289188.55,INR,BR002,ACTIVE,2021-01-09,2026-05-16 10:42:26.8907639,2026-05-16 10:42:26.8907639
23620,1342,Savings,286082.56,INR,BR004,ACTIVE,2023-03-09,2026-05-16 10:42:26.8907639,2026-05-16 10:42:26.8907639
23621,4602,Savings,46073.71,INR,BR004,ACTIVE,2024-07-08,2026-05-16 10:42:26.8907639,2026-05-16 10:42:26.8907639
23622,1388,Savings,88282.72,INR,BR001,ACTIVE,2024-11-21,2026-05-16 10:42:26.8907639,2026-05-16 10:42:26.8907639
23623,1004,Savings,267837.48,INR,BR004,ACTIVE,2020-12-19,2026-05-16 10:42:26.8907639,2026-05-16 10:42:26.8907639
23624,1677,Current,174692.08,INR,BR002,ACTIVE,2023-11-02,2026-05-16 10:42:26.8907639,2026-05-16 10:42:26.8907639
23625,2663,Current,10449.61,INR,BR003,ACTIVE,2023-09-17,2026-05-16 10:42:26.8907639,2026-05-16 10:42:26.8907639
23626,3447,Savings,399285.20,INR,BR002,ACTIVE,2022-08-04,2026-05-16 10:42:26.8907639,2026-05-16 10:42:26.8907639
23627,4494,Savings,327252.82,INR,BR002,ACTIVE,2020-02-15,2026-05-16 10:42:26.8907639,2026-05-16 10:42:26.8907639
23628,3459,Current,163566.95,INR,BR002,ACTIVE,2023-05-28,2026-05-16 10:42:26.8907639,2026-05-16 10:42:26.8907639
23629,1213,Savings,50004.39,INR,BR002,ACTIVE,2021-12-04,2026-05-16 10:42:26.8907639,2026-05-16 10:42:26.8907639
23630,1560,Savings,296009.18,INR,BR004,ACTIVE,2023-11-15,2026-05-16 10:42:26.8907639,2026-05-16 10:42:26.8907639
23631,1558,Savings,174926.23,INR,BR001,ACTIVE,2022-01-26,2026-05-16 10:42:26.8907639,2026-05-16 10:42:26.8907639
23632,3606,Savings,128439.28,INR,BR003,ACTIVE,2024-03-28,2026-05-16 10:42:26.8907639,2026-05-16 10:42:26.8907639
23633,4120,Savings,361013.16,INR,BR001,ACTIVE,2024-12-18,2026-05-16 10:42:26.8907639,2026-05-16 10:42:26.8907639
23634,4259,Savings,164746.88,INR,BR004,ACTIVE,2022-11-21,2026-05-16 10:42:26.8907639,2026-05-16 10:42:26.8907639
23635,3550,Savings,68888.20,INR,BR001,ACTIVE,2024-09-29,2026-05-16 10:42:26.8907639,2026-05-16 10:42:26.8907639
23636,4704,Savings,241345.22,INR,BR001,ACTIVE,2022-07-29,2026-05-16 10:42:26.8907639,2026-05-16 10:42:26.8907639
23637,3692,Savings,414404.43,INR,BR004,ACTIVE,2023-05-10,2026-05-16 10:42:26.8907639,2026-05-16 10:42:26.8907639
23638,2995,Savings,439893.70,INR,BR001,ACTIVE,2024-06-23,2026-05-16 10:42:26.8907639,2026-05-16 10:42:26.8907639
23639,3579,Current,424822.24,INR,BR003,ACTIVE,2022-03-02,2026-05-16 10:42:26.8907639,2026-05-16 10:42:26.8907639
23640,1953,Savings,211039.00,INR,BR004,ACTIVE,2024-11-17,2026-05-16 10:42:26.8907639,2026-05-16 10:42:26.8907639
23641,3835,Savings,412824.84,INR,BR003,ACTIVE,2023-01-06,2026-05-16 10:42:26.8907639,2026-05-16 10:42:26.8907639
23642,1475,Savings,425265.15,INR,BR001,ACTIVE,2025-01-02,2026-05-16 10:42:26.8907639,2026-05-16 10:42:26.8907639
23643,2768,Savings,230309.57,INR,BR002,ACTIVE,2023-12-13,2026-05-16 10:42:26.8907639,2026-05-16 10:42:26.8907639
23644,1042,Savings,160050.96,INR,BR002,ACTIVE,2024-06-12,2026-05-16 10:42:26.8907639,2026-05-16 10:42:26.8907639
23645,3652,Current,351280.31,INR,BR004,ACTIVE,2024-03-25,2026-05-16 10:42:26.8907639,2026-05-16 10:42:26.8907639
23646,4333,Savings,452330.17,INR,BR002,ACTIVE,2021-12-27,2026-05-16 10:42:26.8907639,2026-05-16 10:42:26.8907639
23647,3096,Savings,486104.09,INR,BR002,ACTIVE,2023-10-11,2026-05-16 10:42:26.8907639,2026-05-16 10:42:26.8907639
23648,4993,Savings,145822.18,INR,BR002,ACTIVE,2023-09-30,2026-05-16 10:42:26.8907639,2026-05-16 10:42:26.8907639
23649,2987,Current,478129.36,INR,BR004,ACTIVE,2023-09-25,2026-05-16 10:42:26.8907639,2026-05-16 10:42:26.8907639
23650,4866,Savings,250141.84,INR,BR003,ACTIVE,2024-01-14,2026-05-16 10:42:26.8907639,2026-05-16 10:42:26.8907639
23651,4658,Savings,153711.32,INR,BR002,ACTIVE,2024-08-23,2026-05-16 10:42:26.8907639,2026-05-16 10:42:26.8907639
23652,1728,Savings,494210.66,INR,BR004,ACTIVE,2022-05-21,2026-05-16 10:42:26.8907639,2026-05-16 10:42:26.8907639
23653,4518,Savings,469176.58,INR,BR003,ACTIVE,2025-01-03,2026-05-16 10:42:26.8907639,2026-05-16 10:42:26.8907639
23654,3269,Savings,346515.88,INR,BR004,ACTIVE,2023-03-07,2026-05-16 10:42:26.8907639,2026-05-16 10:42:26.8907639
23655,2645,Savings,447576.17,INR,BR002,ACTIVE,2024-12-14,2026-05-16 10:42:26.8907639,2026-05-16 10:42:26.8907639
23656,4719,Savings,341062.45,INR,BR002,ACTIVE,2020-11-13,2026-05-16 10:42:26.8907639,2026-05-16 10:42:26.8907639
23657,1940,Savings,235942.28,INR,BR001,ACTIVE,2024-02-01,2026-05-16 10:42:26.8907639,2026-05-16 10:42:26.8907639
23658,1343,Savings,474076.73,INR,BR001,ACTIVE,2024-09-19,2026-05-16 10:42:26.8907639,2026-05-16 10:42:26.8907639
23659,4310,Savings,481660.59,INR,BR001,ACTIVE,2024-09-21,2026-05-16 10:42:26.8907639,2026-05-16 10:42:26.8907639
23660,3203,Savings,157773.37,INR,BR003,ACTIVE,2021-06-06,2026-05-16 10:42:26.8907639,2026-05-16 10:42:26.8907639
23661,3986,Savings,177843.27,INR,BR004,ACTIVE,2021-10-14,2026-05-16 10:42:26.8907639,2026-05-16 10:42:26.8907639
23662,1841,Current,191977.50,INR,BR003,ACTIVE,2020-01-10,2026-05-16 10:42:26.8907639,2026-05-16 10:42:26.8907639
23663,3028,Savings,411250.83,INR,BR001,ACTIVE,2020-02-22,2026-05-16 10:42:26.8907639,2026-05-16 10:42:26.8907639
23664,4128,Savings,399013.56,INR,BR001,ACTIVE,2021-12-15,2026-05-16 10:42:26.8907639,2026-05-16 10:42:26.8907639
23665,3435,Savings,501156.84,INR,BR002,ACTIVE,2024-04-14,2026-05-16 10:42:26.8907639,2026-05-16 10:42:26.8907639
23666,1894,Savings,233141.62,INR,BR003,ACTIVE,2024-08-11,2026-05-16 10:42:26.8907639,2026-05-16 10:42:26.8907639
23667,2933,Savings,368646.78,INR,BR002,ACTIVE,2021-03-27,2026-05-16 10:42:26.8907639,2026-05-16 10:42:26.8907639
23668,4782,Savings,428503.51,INR,BR002,ACTIVE,2025-01-09,2026-05-16 10:42:26.8907639,2026-05-16 10:42:26.8907639
23669,2339,Savings,111393.99,INR,BR004,ACTIVE,2022-04-23,2026-05-16 10:42:26.8907639,2026-05-16 10:42:26.8907639
23670,1038,Savings,310657.16,INR,BR001,ACTIVE,2023-04-26,2026-05-16 10:42:26.8907639,2026-05-16 10:42:26.8907639
23671,2365,Savings,274306.13,INR,BR002,ACTIVE,2024-05-29,2026-05-16 10:42:26.8907639,2026-05-16 10:42:26.8907639
23672,1851,Savings,371670.68,INR,BR002,ACTIVE,2022-03-26,2026-05-16 10:42:26.8907639,2026-05-16 10:42:26.8907639
23673,3777,Savings,384245.24,INR,BR001,ACTIVE,2021-03-15,2026-05-16 10:42:26.8907639,2026-05-16 10:42:26.8907639
23674,1231,Savings,406583.51,INR,BR001,ACTIVE,2021-11-08,2026-05-16 10:42:26.8907639,2026-05-16 10:42:26.8907639
23675,3500,Savings,156261.45,INR,BR004,ACTIVE,2022-12-25,2026-05-16 10:42:26.8907639,2026-05-16 10:42:26.8907639
23676,2366,Savings,108961.84,INR,BR004,ACTIVE,2024-02-09,2026-05-16 10:42:26.8907639,2026-05-16 10:42:26.8907639
23677,4525,Current,402794.17,INR,BR002,ACTIVE,2022-10-07,2026-05-16 10:42:26.8907639,2026-05-16 10:42:26.8907639
23678,3305,Savings,180921.15,INR,BR002,ACTIVE,2022-10-08,2026-05-16 10:42:26.8907639,2026-05-16 10:42:26.8907639
23679,3482,Savings,144499.21,INR,BR002,ACTIVE,2024-03-15,2026-05-16 10:42:26.8907639,2026-05-16 10:42:26.8907639
23680,1209,Current,169072.44,INR,BR003,ACTIVE,2022-07-21,2026-05-16 10:42:26.8907639,2026-05-16 10:42:26.8907639
23681,2225,Savings,34110.64,INR,BR004,ACTIVE,2020-01-10,2026-05-16 10:42:26.8907639,2026-05-16 10:42:26.8907639
23682,3185,Savings,386799.03,INR,BR002,ACTIVE,2021-04-08,2026-05-16 10:42:26.8907639,2026-05-16 10:42:26.8907639
23683,4712,Savings,382344.01,INR,BR001,ACTIVE,2021-10-02,2026-05-16 10:42:26.8907639,2026-05-16 10:42:26.8907639
23684,3613,Current,276793.53,INR,BR004,ACTIVE,2020-03-23,2026-05-16 10:42:26.8907639,2026-05-16 10:42:26.8907639
23685,3904,Savings,358326.40,INR,BR004,ACTIVE,2021-01-10,2026-05-16 10:42:26.8907639,2026-05-16 10:42:26.8907639
23686,4466,Savings,187193.45,INR,BR002,ACTIVE,2024-06-09,2026-05-16 10:42:26.8907639,2026-05-16 10:42:26.8907639
23687,4668,Savings,148389.17,INR,BR003,ACTIVE,2020-01-04,2026-05-16 10:42:26.8907639,2026-05-16 10:42:26.8907639
23688,3769,Current,431288.19,INR,BR002,ACTIVE,2022-07-16,2026-05-16 10:42:26.8907639,2026-05-16 10:42:26.8907639
23689,3893,Savings,211804.83,INR,BR003,ACTIVE,2024-10-17,2026-05-16 10:42:26.8907639,2026-05-16 10:42:26.8907639
23690,4869,Savings,98760.17,INR,BR003,ACTIVE,2021-02-22,2026-05-16 10:42:26.8907639,2026-05-16 10:42:26.8907639
23691,3084,Savings,374772.91,INR,BR001,ACTIVE,2022-06-14,2026-05-16 10:42:26.8907639,2026-05-16 10:42:26.8907639
23692,2239,Current,168600.06,INR,BR002,ACTIVE,2021-07-18,2026-05-16 10:42:26.8907639,2026-05-16 10:42:26.8907639
23693,3075,Savings,106713.80,INR,BR003,ACTIVE,2024-04-29,2026-05-16 10:42:26.8907639,2026-05-16 10:42:26.8907639
23694,4730,Savings,14579.92,INR,BR004,ACTIVE,2020-08-10,2026-05-16 10:42:26.8907639,2026-05-16 10:42:26.8907639
23695,3066,Savings,485330.28,INR,BR002,ACTIVE,2023-05-12,2026-05-16 10:42:26.8907639,2026-05-16 10:42:26.8907639
23696,1630,Savings,234177.40,INR,BR003,ACTIVE,2024-01-29,2026-05-16 10:42:26.8907639,2026-05-16 10:42:26.8907639
23697,4209,Savings,90046.41,INR,BR004,ACTIVE,2025-01-11,2026-05-16 10:42:26.8907639,2026-05-16 10:42:26.8907639
23698,1579,Savings,379147.77,INR,BR001,ACTIVE,2024-10-28,2026-05-16 10:42:26.8907639,2026-05-16 10:42:26.8907639
23699,1903,Current,443937.91,INR,BR001,ACTIVE,2020-12-13,2026-05-16 10:42:26.8907639,2026-05-16 10:42:26.8907639
23700,2850,Savings,264456.03,INR,BR002,ACTIVE,2023-01-05,2026-05-16 10:42:26.8907639,2026-05-16 10:42:26.8907639
23701,4023,Current,15151.37,INR,BR002,ACTIVE,2022-07-26,2026-05-16 10:42:26.8907639,2026-05-16 10:42:26.8907639
23702,2054,Savings,183206.34,INR,BR002,ACTIVE,2021-11-04,2026-05-16 10:42:26.8907639,2026-05-16 10:42:26.8907639
23703,4145,Savings,122307.72,INR,BR002,ACTIVE,2020-11-02,2026-05-16 10:42:26.8907639,2026-05-16 10:42:26.8907639
23704,1123,Savings,318562.34,INR,BR002,ACTIVE,2020-10-08,2026-05-16 10:42:26.8907639,2026-05-16 10:42:26.8907639
23705,1957,Savings,259910.04,INR,BR003,ACTIVE,2023-09-13,2026-05-16 10:42:26.8907639,2026-05-16 10:42:26.8907639
23706,2001,Savings,178512.69,INR,BR004,ACTIVE,2022-06-18,2026-05-16 10:42:26.8907639,2026-05-16 10:42:26.8907639
23707,1987,Savings,324604.06,INR,BR002,ACTIVE,2024-05-25,2026-05-16 10:42:26.8907639,2026-05-16 10:42:26.8907639
23708,2252,Savings,315159.19,INR,BR004,ACTIVE,2020-03-20,2026-05-16 10:42:26.8907639,2026-05-16 10:42:26.8907639
23709,1338,Savings,453338.57,INR,BR003,ACTIVE,2023-06-07,2026-05-16 10:42:26.8907639,2026-05-16 10:42:26.8907639
23710,1991,Savings,298804.67,INR,BR003,ACTIVE,2025-01-21,2026-05-16 10:42:26.8907639,2026-05-16 10:42:26.8907639
23711,3321,Current,254348.23,INR,BR003,ACTIVE,2021-06-19,2026-05-16 10:42:26.8907639,2026-05-16 10:42:26.8907639
23712,4830,Current,412011.37,INR,BR002,ACTIVE,2024-02-07,2026-05-16 10:42:26.8907639,2026-05-16 10:42:26.8907639
23713,2461,Savings,102007.41,INR,BR001,ACTIVE,2022-02-26,2026-05-16 10:42:26.8907639,2026-05-16 10:42:26.8907639
23714,1902,Savings,122538.74,INR,BR001,ACTIVE,2022-11-26,2026-05-16 10:42:26.8907639,2026-05-16 10:42:26.8907639
23715,3087,Savings,395409.05,INR,BR002,ACTIVE,2021-09-25,2026-05-16 10:42:26.8907639,2026-05-16 10:42:26.8907639
23716,4993,Savings,221732.76,INR,BR002,ACTIVE,2022-08-04,2026-05-16 10:42:26.8907639,2026-05-16 10:42:26.8907639
23717,3730,Savings,205208.70,INR,BR002,ACTIVE,2023-03-10,2026-05-16 10:42:26.8907639,2026-05-16 10:42:26.8907639
23718,1426,Savings,443651.90,INR,BR003,ACTIVE,2020-08-04,2026-05-16 10:42:26.8907639,2026-05-16 10:42:26.8907639
23719,3363,Current,305444.41,INR,BR001,ACTIVE,2023-12-29,2026-05-16 10:42:26.8907639,2026-05-16 10:42:26.8907639
23720,1614,Savings,401651.66,INR,BR001,ACTIVE,2022-12-26,2026-05-16 10:42:26.8907639,2026-05-16 10:42:26.8907639
23721,4878,Savings,405109.60,INR,BR004,ACTIVE,2022-03-05,2026-05-16 10:42:26.8907639,2026-05-16 10:42:26.8907639
23722,4581,Savings,60893.30,INR,BR004,ACTIVE,2022-08-15,2026-05-16 10:42:26.8907639,2026-05-16 10:42:26.8907639
23723,4999,Savings,327197.50,INR,BR001,ACTIVE,2024-12-23,2026-05-16 10:42:26.8907639,2026-05-16 10:42:26.8907639
23724,3803,Savings,476305.65,INR,BR001,ACTIVE,2021-12-15,2026-05-16 10:42:26.8907639,2026-05-16 10:42:26.8907639
23725,3205,Current,240533.52,INR,BR003,ACTIVE,2023-04-16,2026-05-16 10:42:26.8907639,2026-05-16 10:42:26.8907639
23726,1872,Current,366359.03,INR,BR004,ACTIVE,2023-11-01,2026-05-16 10:42:26.8907639,2026-05-16 10:42:26.8907639
23727,3825,Current,283799.72,INR,BR002,ACTIVE,2022-01-23,2026-05-16 10:42:26.8907639,2026-05-16 10:42:26.8907639
23728,3305,Current,103218.14,INR,BR003,ACTIVE,2020-04-17,2026-05-16 10:42:26.8907639,2026-05-16 10:42:26.8907639
23729,3000,Current,98401.63,INR,BR004,ACTIVE,2020-07-22,2026-05-16 10:42:26.8907639,2026-05-16 10:42:26.8907639
23730,2894,Current,217482.75,INR,BR002,ACTIVE,2020-04-23,2026-05-16 10:42:26.8907639,2026-05-16 10:42:26.8907639
23731,3903,Savings,259876.14,INR,BR002,ACTIVE,2022-10-21,2026-05-16 10:42:26.8907639,2026-05-16 10:42:26.8907639
23732,1635,Savings,252063.09,INR,BR001,ACTIVE,2021-08-18,2026-05-16 10:42:26.8907639,2026-05-16 10:42:26.8907639
23733,3504,Savings,477545.38,INR,BR001,ACTIVE,2023-12-01,2026-05-16 10:42:26.8907639,2026-05-16 10:42:26.8907639
23734,3095,Savings,51027.02,INR,BR002,ACTIVE,2022-07-13,2026-05-16 10:42:26.8907639,2026-05-16 10:42:26.8907639
23735,4404,Savings,204815.43,INR,BR002,ACTIVE,2024-09-12,2026-05-16 10:42:26.8907639,2026-05-16 10:42:26.8907639
23736,3058,Current,257759.17,INR,BR001,ACTIVE,2024-09-20,2026-05-16 10:42:26.8907639,2026-05-16 10:42:26.8907639
23737,3192,Savings,481593.26,INR,BR001,ACTIVE,2021-05-27,2026-05-16 10:42:26.8907639,2026-05-16 10:42:26.8907639
23738,2455,Savings,252653.09,INR,BR001,ACTIVE,2023-12-20,2026-05-16 10:42:26.8907639,2026-05-16 10:42:26.8907639
23739,4883,Savings,387862.58,INR,BR001,ACTIVE,2020-07-08,2026-05-16 10:42:26.8907639,2026-05-16 10:42:26.8907639
23740,4224,Savings,374889.78,INR,BR004,ACTIVE,2020-01-15,2026-05-16 10:42:26.8907639,2026-05-16 10:42:26.8907639
23741,1487,Savings,283655.58,INR,BR001,ACTIVE,2023-01-05,2026-05-16 10:42:26.8907639,2026-05-16 10:42:26.8907639
23742,4208,Savings,66220.85,INR,BR003,ACTIVE,2022-01-28,2026-05-16 10:42:26.8907639,2026-05-16 10:42:26.8907639
23743,4659,Savings,110160.60,INR,BR003,ACTIVE,2021-01-24,2026-05-16 10:42:26.8907639,2026-05-16 10:42:26.8907639
23744,2897,Savings,153471.84,INR,BR003,ACTIVE,2020-03-22,2026-05-16 10:42:26.8907639,2026-05-16 10:42:26.8907639
23745,4098,Savings,20291.16,INR,BR001,ACTIVE,2021-01-30,2026-05-16 10:42:26.8907639,2026-05-16 10:42:26.8907639
23746,4079,Savings,190229.79,INR,BR002,ACTIVE,2023-02-26,2026-05-16 10:42:26.8907639,2026-05-16 10:42:26.8907639
23747,3639,Savings,305646.35,INR,BR002,ACTIVE,2021-01-29,2026-05-16 10:42:26.8907639,2026-05-16 10:42:26.8907639
23748,4087,Savings,84931.04,INR,BR004,ACTIVE,2020-01-14,2026-05-16 10:42:26.8907639,2026-05-16 10:42:26.8907639
23749,2456,Savings,88342.97,INR,BR001,ACTIVE,2023-08-21,2026-05-16 10:42:26.8907639,2026-05-16 10:42:26.8907639
23750,3947,Savings,353786.18,INR,BR003,ACTIVE,2021-10-06,2026-05-16 10:42:26.8907639,2026-05-16 10:42:26.8907639
23751,4472,Savings,85457.44,INR,BR002,ACTIVE,2021-07-19,2026-05-16 10:42:26.8907639,2026-05-16 10:42:26.8907639
23752,1207,Savings,68532.45,INR,BR001,ACTIVE,2024-10-07,2026-05-16 10:42:26.8907639,2026-05-16 10:42:26.8907639
23753,2625,Current,488943.10,INR,BR003,ACTIVE,2023-04-25,2026-05-16 10:42:26.8907639,2026-05-16 10:42:26.8907639
23754,4681,Savings,8352.91,INR,BR003,ACTIVE,2020-11-01,2026-05-16 10:42:26.8907639,2026-05-16 10:42:26.8907639
23755,3958,Savings,163378.68,INR,BR003,ACTIVE,2022-09-21,2026-05-16 10:42:26.8907639,2026-05-16 10:42:26.8907639
23756,4288,Current,18433.39,INR,BR003,ACTIVE,2020-02-11,2026-05-16 10:42:26.8907639,2026-05-16 10:42:26.8907639
23757,2526,Current,450029.09,INR,BR003,ACTIVE,2023-08-21,2026-05-16 10:42:26.8907639,2026-05-16 10:42:26.8907639
23758,2483,Savings,292184.32,INR,BR004,ACTIVE,2021-04-01,2026-05-16 10:42:26.8907639,2026-05-16 10:42:26.8907639
23759,1259,Current,24927.97,INR,BR003,ACTIVE,2024-08-07,2026-05-16 10:42:26.8907639,2026-05-16 10:42:26.8907639
23760,2353,Current,308065.71,INR,BR004,ACTIVE,2021-04-06,2026-05-16 10:42:26.8907639,2026-05-16 10:42:26.8907639
23761,1454,Savings,62425.10,INR,BR003,ACTIVE,2024-05-31,2026-05-16 10:42:26.8907639,2026-05-16 10:42:26.8907639
23762,1799,Savings,248370.57,INR,BR003,ACTIVE,2021-05-04,2026-05-16 10:42:26.8907639,2026-05-16 10:42:26.8907639
23763,1375,Savings,355645.33,INR,BR003,ACTIVE,2021-03-30,2026-05-16 10:42:26.8907639,2026-05-16 10:42:26.8907639
23764,3512,Savings,75105.01,INR,BR003,ACTIVE,2024-02-21,2026-05-16 10:42:26.8907639,2026-05-16 10:42:26.8907639
23765,1075,Savings,249028.15,INR,BR004,ACTIVE,2020-02-14,2026-05-16 10:42:26.8907639,2026-05-16 10:42:26.8907639
23766,1242,Savings,229248.05,INR,BR001,ACTIVE,2024-10-25,2026-05-16 10:42:26.8907639,2026-05-16 10:42:26.8907639
23767,2041,Current,457959.49,INR,BR002,ACTIVE,2022-10-23,2026-05-16 10:42:26.8907639,2026-05-16 10:42:26.8907639
23768,2713,Current,497855.00,INR,BR004,ACTIVE,2021-11-21,2026-05-16 10:42:26.8907639,2026-05-16 10:42:26.8907639
23769,4331,Current,327582.75,INR,BR004,ACTIVE,2020-06-12,2026-05-16 10:42:26.8907639,2026-05-16 10:42:26.8907639
23770,1123,Savings,427574.72,INR,BR004,ACTIVE,2020-12-02,2026-05-16 10:42:26.8907639,2026-05-16 10:42:26.8907639
23771,3003,Savings,323794.10,INR,BR001,ACTIVE,2020-02-04,2026-05-16 10:42:26.8907639,2026-05-16 10:42:26.8907639
23772,4383,Current,438266.84,INR,BR002,ACTIVE,2022-02-05,2026-05-16 10:42:26.8907639,2026-05-16 10:42:26.8907639
23773,3159,Savings,217202.75,INR,BR001,ACTIVE,2022-07-10,2026-05-16 10:42:26.8907639,2026-05-16 10:42:26.8907639
23774,4328,Savings,304386.94,INR,BR002,ACTIVE,2024-05-30,2026-05-16 10:42:26.8907639,2026-05-16 10:42:26.8907639
23775,3282,Current,422739.59,INR,BR002,ACTIVE,2020-06-16,2026-05-16 10:42:26.8907639,2026-05-16 10:42:26.8907639
23776,4016,Savings,459124.77,INR,BR002,ACTIVE,2020-03-04,2026-05-16 10:42:26.8907639,2026-05-16 10:42:26.8907639
23777,1497,Savings,13316.68,INR,BR001,ACTIVE,2020-06-08,2026-05-16 10:42:26.8907639,2026-05-16 10:42:26.8907639
23778,4940,Savings,52872.39,INR,BR002,ACTIVE,2024-11-17,2026-05-16 10:42:26.8907639,2026-05-16 10:42:26.8907639
23779,4112,Savings,482032.55,INR,BR003,ACTIVE,2021-02-12,2026-05-16 10:42:26.8907639,2026-05-16 10:42:26.8907639
23780,2146,Savings,284685.88,INR,BR004,ACTIVE,2020-10-01,2026-05-16 10:42:26.8907639,2026-05-16 10:42:26.8907639
23781,2474,Savings,495105.85,INR,BR002,ACTIVE,2021-07-18,2026-05-16 10:42:26.8907639,2026-05-16 10:42:26.8907639
23782,1727,Savings,396523.89,INR,BR004,ACTIVE,2024-03-24,2026-05-16 10:42:26.8907639,2026-05-16 10:42:26.8907639
23783,2832,Current,409251.95,INR,BR001,ACTIVE,2020-04-21,2026-05-16 10:42:26.8907639,2026-05-16 10:42:26.8907639
23784,2822,Savings,193675.13,INR,BR001,ACTIVE,2020-08-18,2026-05-16 10:42:26.8907639,2026-05-16 10:42:26.8907639
23785,2817,Savings,129513.15,INR,BR003,ACTIVE,2023-02-05,2026-05-16 10:42:26.8907639,2026-05-16 10:42:26.8907639
23786,4591,Savings,327875.04,INR,BR002,ACTIVE,2023-11-05,2026-05-16 10:42:26.8907639,2026-05-16 10:42:26.8907639
23787,1092,Savings,439637.02,INR,BR004,ACTIVE,2024-09-20,2026-05-16 10:42:26.8907639,2026-05-16 10:42:26.8907639
23788,4433,Current,375529.95,INR,BR004,ACTIVE,2023-06-22,2026-05-16 10:42:26.8907639,2026-05-16 10:42:26.8907639
23789,2970,Savings,240047.80,INR,BR004,ACTIVE,2023-04-09,2026-05-16 10:42:26.8907639,2026-05-16 10:42:26.8907639
23790,4195,Savings,376847.04,INR,BR001,ACTIVE,2022-01-08,2026-05-16 10:42:26.8907639,2026-05-16 10:42:26.8907639
23791,3385,Savings,345508.41,INR,BR002,ACTIVE,2024-08-05,2026-05-16 10:42:26.8907639,2026-05-16 10:42:26.8907639
23792,4680,Savings,456612.66,INR,BR003,ACTIVE,2023-07-04,2026-05-16 10:42:26.8907639,2026-05-16 10:42:26.8907639
23793,1513,Current,132515.05,INR,BR003,ACTIVE,2020-10-20,2026-05-16 10:42:26.8907639,2026-05-16 10:42:26.8907639
23794,1603,Current,60536.42,INR,BR001,ACTIVE,2022-08-21,2026-05-16 10:42:26.8907639,2026-05-16 10:42:26.8907639
23795,1428,Savings,235555.53,INR,BR002,ACTIVE,2021-05-23,2026-05-16 10:42:26.8907639,2026-05-16 10:42:26.8907639
23796,3020,Current,181179.32,INR,BR003,ACTIVE,2021-10-27,2026-05-16 10:42:26.8907639,2026-05-16 10:42:26.8907639
23797,2457,Savings,487455.71,INR,BR003,ACTIVE,2020-01-20,2026-05-16 10:42:26.8907639,2026-05-16 10:42:26.8907639
23798,1007,Savings,4744.59,INR,BR001,ACTIVE,2021-03-06,2026-05-16 10:42:26.8907639,2026-05-16 10:42:26.8907639
23799,3168,Savings,466758.15,INR,BR004,ACTIVE,2023-04-12,2026-05-16 10:42:26.8907639,2026-05-16 10:42:26.8907639
23800,3435,Savings,477584.53,INR,BR003,ACTIVE,2021-10-16,2026-05-16 10:42:26.8907639,2026-05-16 10:42:26.8907639
23801,2374,Savings,26428.23,INR,BR001,ACTIVE,2021-11-05,2026-05-16 10:42:26.8907639,2026-05-16 10:42:26.8907639
23802,1641,Current,444895.36,INR,BR003,ACTIVE,2020-02-25,2026-05-16 10:42:26.8907639,2026-05-16 10:42:26.8907639
23803,4763,Savings,235918.64,INR,BR003,ACTIVE,2023-01-26,2026-05-16 10:42:26.8907639,2026-05-16 10:42:26.8907639
23804,2122,Savings,383309.22,INR,BR001,ACTIVE,2022-04-18,2026-05-16 10:42:26.8907639,2026-05-16 10:42:26.8907639
23805,2067,Savings,40548.51,INR,BR001,ACTIVE,2020-08-17,2026-05-16 10:42:26.8907639,2026-05-16 10:42:26.8907639
23806,3231,Savings,477647.59,INR,BR002,ACTIVE,2023-12-01,2026-05-16 10:42:26.8907639,2026-05-16 10:42:26.8907639
23807,3745,Savings,304166.69,INR,BR003,ACTIVE,2022-06-09,2026-05-16 10:42:26.8907639,2026-05-16 10:42:26.8907639
23808,1565,Savings,449448.46,INR,BR004,ACTIVE,2021-10-21,2026-05-16 10:42:26.8907639,2026-05-16 10:42:26.8907639
23809,4812,Savings,336808.58,INR,BR004,ACTIVE,2021-05-17,2026-05-16 10:42:26.8907639,2026-05-16 10:42:26.8907639
23810,2697,Savings,268868.34,INR,BR002,ACTIVE,2024-02-27,2026-05-16 10:42:26.8907639,2026-05-16 10:42:26.8907639
23811,4307,Savings,87075.35,INR,BR002,ACTIVE,2023-10-13,2026-05-16 10:42:26.8907639,2026-05-16 10:42:26.8907639
23812,1446,Savings,89799.11,INR,BR001,ACTIVE,2024-10-12,2026-05-16 10:42:26.8907639,2026-05-16 10:42:26.8907639
23813,4942,Savings,236812.58,INR,BR004,ACTIVE,2024-10-06,2026-05-16 10:42:26.8907639,2026-05-16 10:42:26.8907639
23814,2931,Savings,435350.67,INR,BR003,ACTIVE,2024-02-25,2026-05-16 10:42:26.8907639,2026-05-16 10:42:26.8907639
23815,1200,Current,58494.12,INR,BR001,ACTIVE,2022-12-12,2026-05-16 10:42:26.8907639,2026-05-16 10:42:26.8907639
23816,3996,Savings,499194.19,INR,BR003,ACTIVE,2021-10-20,2026-05-16 10:42:26.8907639,2026-05-16 10:42:26.8907639
23817,1513,Savings,438080.22,INR,BR004,ACTIVE,2025-01-18,2026-05-16 10:42:26.8907639,2026-05-16 10:42:26.8907639
23818,4598,Savings,196886.83,INR,BR001,ACTIVE,2024-07-20,2026-05-16 10:42:26.8907639,2026-05-16 10:42:26.8907639
23819,1990,Savings,127306.05,INR,BR003,ACTIVE,2024-10-15,2026-05-16 10:42:26.8907639,2026-05-16 10:42:26.8907639
23820,3261,Savings,508802.39,INR,BR002,ACTIVE,2021-04-22,2026-05-16 10:42:26.8907639,2026-05-16 10:42:26.8907639
23821,2402,Savings,62482.60,INR,BR003,ACTIVE,2025-01-05,2026-05-16 10:42:26.8907639,2026-05-16 10:42:26.8907639
23822,2813,Savings,174297.68,INR,BR003,ACTIVE,2024-11-06,2026-05-16 10:42:26.8907639,2026-05-16 10:42:26.8907639
23823,1546,Savings,42872.26,INR,BR001,ACTIVE,2021-10-31,2026-05-16 10:42:26.8907639,2026-05-16 10:42:26.8907639
23824,3534,Current,476777.68,INR,BR004,ACTIVE,2024-02-13,2026-05-16 10:42:26.8907639,2026-05-16 10:42:26.8907639
23825,3010,Savings,317255.76,INR,BR003,ACTIVE,2022-11-16,2026-05-16 10:42:26.8907639,2026-05-16 10:42:26.8907639
23826,4433,Current,168753.64,INR,BR003,ACTIVE,2023-09-24,2026-05-16 10:42:26.8907639,2026-05-16 10:42:26.8907639
23827,2806,Current,138466.10,INR,BR003,ACTIVE,2022-10-02,2026-05-16 10:42:26.8907639,2026-05-16 10:42:26.8907639
23828,3216,Savings,222603.05,INR,BR003,ACTIVE,2021-04-08,2026-05-16 10:42:26.8907639,2026-05-16 10:42:26.8907639
23829,1890,Current,46597.86,INR,BR002,ACTIVE,2022-08-01,2026-05-16 10:42:26.8907639,2026-05-16 10:42:26.8907639
23830,1931,Savings,444785.12,INR,BR004,ACTIVE,2023-07-17,2026-05-16 10:42:26.8907639,2026-05-16 10:42:26.8907639
23831,4754,Current,305541.74,INR,BR004,ACTIVE,2023-03-15,2026-05-16 10:42:26.8907639,2026-05-16 10:42:26.8907639
23832,4666,Savings,362823.96,INR,BR001,ACTIVE,2020-08-19,2026-05-16 10:42:26.8907639,2026-05-16 10:42:26.8907639
23833,4476,Savings,154335.61,INR,BR003,ACTIVE,2023-05-07,2026-05-16 10:42:26.8907639,2026-05-16 10:42:26.8907639
23834,1828,Savings,252370.88,INR,BR001,ACTIVE,2022-04-15,2026-05-16 10:42:26.8907639,2026-05-16 10:42:26.8907639
23835,3185,Savings,138991.32,INR,BR002,ACTIVE,2024-09-11,2026-05-16 10:42:26.8907639,2026-05-16 10:42:26.8907639
23836,4305,Savings,408231.21,INR,BR002,ACTIVE,2022-10-17,2026-05-16 10:42:26.8907639,2026-05-16 10:42:26.8907639
23837,3163,Current,387862.23,INR,BR003,ACTIVE,2021-11-15,2026-05-16 10:42:26.8907639,2026-05-16 10:42:26.8907639
23838,2276,Current,88997.99,INR,BR001,ACTIVE,2021-10-05,2026-05-16 10:42:26.8907639,2026-05-16 10:42:26.8907639
23839,2517,Savings,38178.94,INR,BR001,ACTIVE,2023-04-13,2026-05-16 10:42:26.8907639,2026-05-16 10:42:26.8907639
23840,2313,Savings,412274.17,INR,BR004,ACTIVE,2021-01-21,2026-05-16 10:42:26.8907639,2026-05-16 10:42:26.8907639
23841,2073,Savings,55714.30,INR,BR001,ACTIVE,2021-02-23,2026-05-16 10:42:26.8907639,2026-05-16 10:42:26.8907639
23842,4524,Current,274693.51,INR,BR002,ACTIVE,2021-10-08,2026-05-16 10:42:26.8907639,2026-05-16 10:42:26.8907639
23843,1516,Savings,267709.16,INR,BR002,ACTIVE,2023-05-28,2026-05-16 10:42:26.8907639,2026-05-16 10:42:26.8907639
23844,2915,Current,102269.09,INR,BR003,ACTIVE,2021-09-20,2026-05-16 10:42:26.8907639,2026-05-16 10:42:26.8907639
23845,1688,Savings,296086.88,INR,BR001,ACTIVE,2021-08-18,2026-05-16 10:42:26.8907639,2026-05-16 10:42:26.8907639
23846,2020,Savings,251874.85,INR,BR001,ACTIVE,2024-06-23,2026-05-16 10:42:26.8907639,2026-05-16 10:42:26.8907639
23847,2296,Savings,297785.74,INR,BR002,ACTIVE,2021-09-10,2026-05-16 10:42:26.8907639,2026-05-16 10:42:26.8907639
23848,4503,Savings,180490.29,INR,BR003,ACTIVE,2021-08-05,2026-05-16 10:42:26.8907639,2026-05-16 10:42:26.8907639
23849,2050,Savings,466097.82,INR,BR004,ACTIVE,2024-01-23,2026-05-16 10:42:26.8907639,2026-05-16 10:42:26.8907639
23850,2094,Savings,43100.91,INR,BR004,ACTIVE,2023-01-03,2026-05-16 10:42:26.8907639,2026-05-16 10:42:26.8907639
23851,3341,Savings,232932.57,INR,BR003,ACTIVE,2024-03-17,2026-05-16 10:42:26.8907639,2026-05-16 10:42:26.8907639
23852,4478,Savings,130648.36,INR,BR003,ACTIVE,2023-06-12,2026-05-16 10:42:26.8907639,2026-05-16 10:42:26.8907639
23853,2258,Savings,424368.19,INR,BR004,ACTIVE,2023-04-27,2026-05-16 10:42:26.8907639,2026-05-16 10:42:26.8907639
23854,3279,Savings,113315.16,INR,BR002,ACTIVE,2022-06-27,2026-05-16 10:42:26.8907639,2026-05-16 10:42:26.8907639
23855,4335,Savings,383745.39,INR,BR001,ACTIVE,2021-12-25,2026-05-16 10:42:26.8907639,2026-05-16 10:42:26.8907639
23856,3986,Savings,321134.73,INR,BR004,ACTIVE,2023-10-19,2026-05-16 10:42:26.8907639,2026-05-16 10:42:26.8907639
23857,4870,Savings,437520.34,INR,BR003,ACTIVE,2024-09-07,2026-05-16 10:42:26.8907639,2026-05-16 10:42:26.8907639
23858,2610,Savings,297303.18,INR,BR003,ACTIVE,2022-03-15,2026-05-16 10:42:26.8907639,2026-05-16 10:42:26.8907639
23859,2145,Savings,278685.70,INR,BR001,ACTIVE,2024-05-16,2026-05-16 10:42:26.8907639,2026-05-16 10:42:26.8907639
23860,4535,Current,400763.84,INR,BR003,ACTIVE,2024-01-08,2026-05-16 10:42:26.8907639,2026-05-16 10:42:26.8907639
23861,1518,Savings,281680.75,INR,BR002,ACTIVE,2023-05-20,2026-05-16 10:42:26.8907639,2026-05-16 10:42:26.8907639
23862,4096,Current,422426.49,INR,BR003,ACTIVE,2022-10-26,2026-05-16 10:42:26.8907639,2026-05-16 10:42:26.8907639
23863,1706,Current,25609.70,INR,BR001,ACTIVE,2025-01-05,2026-05-16 10:42:26.8907639,2026-05-16 10:42:26.8907639
23864,4752,Savings,248079.78,INR,BR004,ACTIVE,2023-10-06,2026-05-16 10:42:26.8907639,2026-05-16 10:42:26.8907639
23865,3425,Savings,406533.07,INR,BR002,ACTIVE,2024-07-16,2026-05-16 10:42:26.8907639,2026-05-16 10:42:26.8907639
23866,4572,Savings,424334.21,INR,BR003,ACTIVE,2021-10-11,2026-05-16 10:42:26.8907639,2026-05-16 10:42:26.8907639
23867,2935,Savings,417193.63,INR,BR001,ACTIVE,2025-01-16,2026-05-16 10:42:26.8907639,2026-05-16 10:42:26.8907639
23868,3485,Savings,302586.28,INR,BR004,ACTIVE,2024-05-07,2026-05-16 10:42:26.8907639,2026-05-16 10:42:26.8907639
23869,3901,Savings,496991.70,INR,BR004,ACTIVE,2021-05-21,2026-05-16 10:42:26.8907639,2026-05-16 10:42:26.8907639
23870,2746,Savings,91511.77,INR,BR001,ACTIVE,2020-12-15,2026-05-16 10:42:26.8907639,2026-05-16 10:42:26.8907639
23871,2669,Current,114560.06,INR,BR004,ACTIVE,2022-11-20,2026-05-16 10:42:26.8907639,2026-05-16 10:42:26.8907639
23872,4929,Savings,17378.51,INR,BR004,ACTIVE,2023-10-03,2026-05-16 10:42:26.8907639,2026-05-16 10:42:26.8907639
23873,4876,Savings,494679.25,INR,BR004,ACTIVE,2022-11-10,2026-05-16 10:42:26.8907639,2026-05-16 10:42:26.8907639
23874,1970,Savings,174662.23,INR,BR004,ACTIVE,2023-02-18,2026-05-16 10:42:26.8907639,2026-05-16 10:42:26.8907639
23875,3547,Savings,381265.04,INR,BR001,ACTIVE,2020-10-11,2026-05-16 10:42:26.8907639,2026-05-16 10:42:26.8907639
23876,2198,Savings,30795.45,INR,BR001,ACTIVE,2021-04-27,2026-05-16 10:42:26.8907639,2026-05-16 10:42:26.8907639
23877,2687,Savings,150045.37,INR,BR003,ACTIVE,2024-05-12,2026-05-16 10:42:26.8907639,2026-05-16 10:42:26.8907639
23878,3648,Savings,331683.29,INR,BR003,ACTIVE,2022-01-17,2026-05-16 10:42:26.8907639,2026-05-16 10:42:26.8907639
23879,4885,Savings,262865.27,INR,BR002,ACTIVE,2021-08-05,2026-05-16 10:42:26.8907639,2026-05-16 10:42:26.8907639
23880,2533,Savings,104666.37,INR,BR004,ACTIVE,2020-09-16,2026-05-16 10:42:26.8907639,2026-05-16 10:42:26.8907639
23881,1778,Savings,231334.86,INR,BR004,ACTIVE,2022-03-28,2026-05-16 10:42:26.8907639,2026-05-16 10:42:26.8907639
23882,2334,Current,55282.21,INR,BR002,ACTIVE,2023-03-28,2026-05-16 10:42:26.8907639,2026-05-16 10:42:26.8907639
23883,3118,Savings,271809.03,INR,BR001,ACTIVE,2021-05-07,2026-05-16 10:42:26.8907639,2026-05-16 10:42:26.8907639
23884,3253,Savings,49373.78,INR,BR001,ACTIVE,2024-11-26,2026-05-16 10:42:26.8907639,2026-05-16 10:42:26.8907639
23885,3389,Savings,341444.36,INR,BR002,ACTIVE,2023-04-18,2026-05-16 10:42:26.8907639,2026-05-16 10:42:26.8907639
23886,4104,Savings,115505.89,INR,BR003,ACTIVE,2020-01-18,2026-05-16 10:42:26.8907639,2026-05-16 10:42:26.8907639
23887,4115,Savings,273995.86,INR,BR003,ACTIVE,2022-05-16,2026-05-16 10:42:26.8907639,2026-05-16 10:42:26.8907639
23888,1118,Savings,65431.22,INR,BR004,ACTIVE,2020-01-31,2026-05-16 10:42:26.8907639,2026-05-16 10:42:26.8907639
23889,3937,Current,200954.51,INR,BR003,ACTIVE,2023-07-13,2026-05-16 10:42:26.8907639,2026-05-16 10:42:26.8907639
23890,1015,Savings,176563.94,INR,BR001,ACTIVE,2020-11-11,2026-05-16 10:42:26.8907639,2026-05-16 10:42:26.8907639
23891,2346,Savings,378448.94,INR,BR002,ACTIVE,2021-11-14,2026-05-16 10:42:26.8907639,2026-05-16 10:42:26.8907639
23892,3042,Savings,366380.91,INR,BR002,ACTIVE,2020-05-22,2026-05-16 10:42:26.8907639,2026-05-16 10:42:26.8907639
23893,3043,Savings,468607.32,INR,BR002,ACTIVE,2020-03-14,2026-05-16 10:42:26.8907639,2026-05-16 10:42:26.8907639
23894,1911,Savings,501429.46,INR,BR003,ACTIVE,2020-07-21,2026-05-16 10:42:26.8907639,2026-05-16 10:42:26.8907639
23895,3675,Savings,362773.02,INR,BR002,ACTIVE,2024-01-15,2026-05-16 10:42:26.8907639,2026-05-16 10:42:26.8907639
23896,4409,Savings,385522.28,INR,BR002,ACTIVE,2020-09-30,2026-05-16 10:42:26.8907639,2026-05-16 10:42:26.8907639
23897,2556,Savings,350591.66,INR,BR003,ACTIVE,2020-06-11,2026-05-16 10:42:26.8907639,2026-05-16 10:42:26.8907639
23898,1690,Savings,346139.95,INR,BR001,ACTIVE,2021-12-04,2026-05-16 10:42:26.8907639,2026-05-16 10:42:26.8907639
23899,1774,Savings,308993.96,INR,BR004,ACTIVE,2024-11-06,2026-05-16 10:42:26.8907639,2026-05-16 10:42:26.8907639
23900,2615,Savings,156570.75,INR,BR001,ACTIVE,2020-10-10,2026-05-16 10:42:26.8907639,2026-05-16 10:42:26.8907639
23901,4453,Savings,207140.68,INR,BR003,ACTIVE,2022-04-20,2026-05-16 10:42:26.8907639,2026-05-16 10:42:26.8907639
23902,2535,Savings,287792.18,INR,BR002,ACTIVE,2023-01-07,2026-05-16 10:42:26.8907639,2026-05-16 10:42:26.8907639
23903,3961,Current,360368.29,INR,BR004,ACTIVE,2022-03-19,2026-05-16 10:42:26.8907639,2026-05-16 10:42:26.8907639
23904,1120,Current,203653.40,INR,BR001,ACTIVE,2022-08-20,2026-05-16 10:42:26.8907639,2026-05-16 10:42:26.8907639
23905,3074,Savings,72191.23,INR,BR004,ACTIVE,2022-04-08,2026-05-16 10:42:26.8907639,2026-05-16 10:42:26.8907639
23906,4606,Savings,230249.17,INR,BR001,ACTIVE,2023-01-08,2026-05-16 10:42:26.8907639,2026-05-16 10:42:26.8907639
23907,2737,Savings,481630.72,INR,BR001,ACTIVE,2021-07-09,2026-05-16 10:42:26.8907639,2026-05-16 10:42:26.8907639
23908,1064,Current,107829.35,INR,BR003,ACTIVE,2021-11-10,2026-05-16 10:42:26.8907639,2026-05-16 10:42:26.8907639
23909,1460,Current,324885.47,INR,BR001,ACTIVE,2020-11-25,2026-05-16 10:42:26.8907639,2026-05-16 10:42:26.8907639
23910,2750,Savings,491288.36,INR,BR002,ACTIVE,2022-04-16,2026-05-16 10:42:26.8907639,2026-05-16 10:42:26.8907639
23911,3362,Savings,188742.62,INR,BR003,ACTIVE,2020-01-11,2026-05-16 10:42:26.8907639,2026-05-16 10:42:26.8907639
23912,3853,Savings,444053.92,INR,BR004,ACTIVE,2022-09-08,2026-05-16 10:42:26.8907639,2026-05-16 10:42:26.8907639
23913,2614,Savings,432140.35,INR,BR003,ACTIVE,2020-08-10,2026-05-16 10:42:26.8907639,2026-05-16 10:42:26.8907639
23914,4288,Current,170183.43,INR,BR001,ACTIVE,2021-01-28,2026-05-16 10:42:26.8907639,2026-05-16 10:42:26.8907639
23915,4528,Savings,50160.15,INR,BR004,ACTIVE,2022-06-04,2026-05-16 10:42:26.8907639,2026-05-16 10:42:26.8907639
23916,4034,Savings,90091.04,INR,BR002,ACTIVE,2024-02-21,2026-05-16 10:42:26.8907639,2026-05-16 10:42:26.8907639
23917,3784,Savings,209890.01,INR,BR003,ACTIVE,2024-11-15,2026-05-16 10:42:26.8907639,2026-05-16 10:42:26.8907639
23918,3937,Savings,479608.02,INR,BR001,ACTIVE,2020-01-29,2026-05-16 10:42:26.8907639,2026-05-16 10:42:26.8907639
23919,2564,Savings,137950.62,INR,BR004,ACTIVE,2021-07-06,2026-05-16 10:42:26.8907639,2026-05-16 10:42:26.8907639
23920,1982,Savings,467539.61,INR,BR002,ACTIVE,2022-03-13,2026-05-16 10:42:26.8907639,2026-05-16 10:42:26.8907639
23921,4889,Savings,140009.84,INR,BR002,ACTIVE,2021-06-27,2026-05-16 10:42:26.8907639,2026-05-16 10:42:26.8907639
23922,4785,Savings,484936.40,INR,BR003,ACTIVE,2023-09-10,2026-05-16 10:42:26.8907639,2026-05-16 10:42:26.8907639
23923,3627,Current,147508.66,INR,BR004,ACTIVE,2023-10-18,2026-05-16 10:42:26.8907639,2026-05-16 10:42:26.8907639
23924,4545,Current,316913.04,INR,BR001,ACTIVE,2021-12-02,2026-05-16 10:42:26.8907639,2026-05-16 10:42:26.8907639
23925,4431,Savings,35775.92,INR,BR004,ACTIVE,2024-03-23,2026-05-16 10:42:26.8907639,2026-05-16 10:42:26.8907639
23926,2150,Savings,150532.42,INR,BR002,ACTIVE,2020-07-13,2026-05-16 10:42:26.8907639,2026-05-16 10:42:26.8907639
23927,1972,Savings,106144.49,INR,BR004,ACTIVE,2023-03-24,2026-05-16 10:42:26.8907639,2026-05-16 10:42:26.8907639
23928,3909,Savings,2704.92,INR,BR003,ACTIVE,2020-11-13,2026-05-16 10:42:26.8907639,2026-05-16 10:42:26.8907639
23929,1707,Current,79228.12,INR,BR004,ACTIVE,2023-09-27,2026-05-16 10:42:26.8907639,2026-05-16 10:42:26.8907639
23930,2710,Savings,296958.72,INR,BR004,ACTIVE,2024-11-06,2026-05-16 10:42:26.8907639,2026-05-16 10:42:26.8907639
23931,4159,Current,195570.17,INR,BR003,ACTIVE,2023-11-06,2026-05-16 10:42:26.8907639,2026-05-16 10:42:26.8907639
23932,2367,Savings,361562.92,INR,BR004,ACTIVE,2024-10-04,2026-05-16 10:42:26.8907639,2026-05-16 10:42:26.8907639
23933,2847,Savings,378143.10,INR,BR003,ACTIVE,2024-11-24,2026-05-16 10:42:26.8907639,2026-05-16 10:42:26.8907639
23934,1395,Savings,399850.45,INR,BR003,ACTIVE,2024-04-23,2026-05-16 10:42:26.8907639,2026-05-16 10:42:26.8907639
23935,1484,Current,433645.49,INR,BR003,ACTIVE,2021-03-21,2026-05-16 10:42:26.8907639,2026-05-16 10:42:26.8907639
23936,1666,Savings,410092.93,INR,BR002,ACTIVE,2024-01-18,2026-05-16 10:42:26.8907639,2026-05-16 10:42:26.8907639
23937,1456,Current,224582.36,INR,BR004,ACTIVE,2022-11-03,2026-05-16 10:42:26.8907639,2026-05-16 10:42:26.8907639
23938,4548,Savings,155055.14,INR,BR003,ACTIVE,2023-11-03,2026-05-16 10:42:26.8907639,2026-05-16 10:42:26.8907639
23939,1210,Savings,251648.93,INR,BR001,ACTIVE,2021-05-21,2026-05-16 10:42:26.8907639,2026-05-16 10:42:26.8907639
23940,1525,Savings,268029.12,INR,BR001,ACTIVE,2021-11-16,2026-05-16 10:42:26.8907639,2026-05-16 10:42:26.8907639
23941,1676,Savings,157274.08,INR,BR002,ACTIVE,2020-12-07,2026-05-16 10:42:26.8907639,2026-05-16 10:42:26.8907639
23942,2002,Savings,270463.27,INR,BR003,ACTIVE,2024-01-30,2026-05-16 10:42:26.8907639,2026-05-16 10:42:26.8907639
23943,4839,Savings,53784.05,INR,BR003,ACTIVE,2023-09-18,2026-05-16 10:42:26.8907639,2026-05-16 10:42:26.8907639
23944,1896,Savings,116289.86,INR,BR002,ACTIVE,2023-08-25,2026-05-16 10:42:26.8907639,2026-05-16 10:42:26.8907639
23945,2004,Savings,373278.00,INR,BR004,ACTIVE,2020-12-27,2026-05-16 10:42:26.8907639,2026-05-16 10:42:26.8907639
23946,2600,Savings,92233.28,INR,BR003,ACTIVE,2024-11-16,2026-05-16 10:42:26.8907639,2026-05-16 10:42:26.8907639
23947,3355,Savings,80180.06,INR,BR003,ACTIVE,2021-08-09,2026-05-16 10:42:26.8907639,2026-05-16 10:42:26.8907639
23948,4148,Savings,144384.25,INR,BR001,ACTIVE,2024-12-19,2026-05-16 10:42:26.8907639,2026-05-16 10:42:26.8907639
23949,4094,Current,186153.51,INR,BR003,ACTIVE,2022-09-28,2026-05-16 10:42:26.8907639,2026-05-16 10:42:26.8907639
23950,1060,Savings,164945.79,INR,BR002,ACTIVE,2024-09-23,2026-05-16 10:42:26.8907639,2026-05-16 10:42:26.8907639
23951,1386,Savings,187928.09,INR,BR001,ACTIVE,2022-05-09,2026-05-16 10:42:26.8907639,2026-05-16 10:42:26.8907639
23952,3104,Savings,70816.26,INR,BR002,ACTIVE,2020-09-30,2026-05-16 10:42:26.8907639,2026-05-16 10:42:26.8907639
23953,3216,Savings,83532.18,INR,BR002,ACTIVE,2024-07-24,2026-05-16 10:42:26.8907639,2026-05-16 10:42:26.8907639
23954,2436,Savings,118681.65,INR,BR003,ACTIVE,2023-08-19,2026-05-16 10:42:26.8907639,2026-05-16 10:42:26.8907639
23955,3765,Savings,211779.26,INR,BR004,ACTIVE,2023-05-20,2026-05-16 10:42:26.8907639,2026-05-16 10:42:26.8907639
23956,3913,Savings,168613.65,INR,BR003,ACTIVE,2020-07-09,2026-05-16 10:42:26.8907639,2026-05-16 10:42:26.8907639
23957,2795,Savings,395876.13,INR,BR004,ACTIVE,2020-05-04,2026-05-16 10:42:26.8907639,2026-05-16 10:42:26.8907639
23958,4263,Savings,263233.44,INR,BR001,ACTIVE,2022-03-15,2026-05-16 10:42:26.8907639,2026-05-16 10:42:26.8907639
23959,3530,Savings,288274.81,INR,BR002,ACTIVE,2020-07-12,2026-05-16 10:42:26.8907639,2026-05-16 10:42:26.8907639
23960,2943,Savings,280735.87,INR,BR002,ACTIVE,2021-03-02,2026-05-16 10:42:26.8907639,2026-05-16 10:42:26.8907639
23961,2591,Savings,199988.75,INR,BR003,ACTIVE,2024-07-03,2026-05-16 10:42:26.8907639,2026-05-16 10:42:26.8907639
23962,4488,Savings,523540.35,INR,BR004,ACTIVE,2023-11-04,2026-05-16 10:42:26.8907639,2026-05-16 10:42:26.8907639
23963,3388,Current,19627.06,INR,BR002,ACTIVE,2024-11-06,2026-05-16 10:42:26.8907639,2026-05-16 10:42:26.8907639
23964,1796,Savings,108703.05,INR,BR002,ACTIVE,2023-12-23,2026-05-16 10:42:26.8907639,2026-05-16 10:42:26.8907639
23965,1892,Savings,143042.69,INR,BR004,ACTIVE,2021-10-15,2026-05-16 10:42:26.8907639,2026-05-16 10:42:26.8907639
23966,3824,Current,440767.74,INR,BR002,ACTIVE,2022-10-05,2026-05-16 10:42:26.8907639,2026-05-16 10:42:26.8907639
23967,2283,Current,459515.70,INR,BR002,ACTIVE,2024-02-11,2026-05-16 10:42:26.8907639,2026-05-16 10:42:26.8907639
23968,4422,Savings,423205.81,INR,BR002,ACTIVE,2024-09-17,2026-05-16 10:42:26.8907639,2026-05-16 10:42:26.8907639
23969,1601,Current,209058.54,INR,BR004,ACTIVE,2024-06-09,2026-05-16 10:42:26.8907639,2026-05-16 10:42:26.8907639
23970,3485,Savings,457397.32,INR,BR004,ACTIVE,2020-11-13,2026-05-16 10:42:26.8907639,2026-05-16 10:42:26.8907639
23971,2246,Current,50155.54,INR,BR001,ACTIVE,2022-10-07,2026-05-16 10:42:26.8907639,2026-05-16 10:42:26.8907639
23972,2437,Savings,326564.92,INR,BR002,ACTIVE,2021-05-14,2026-05-16 10:42:26.8907639,2026-05-16 10:42:26.8907639
23973,2374,Savings,468674.67,INR,BR002,ACTIVE,2024-11-17,2026-05-16 10:42:26.8907639,2026-05-16 10:42:26.8907639
23974,4554,Savings,377695.02,INR,BR001,ACTIVE,2023-03-08,2026-05-16 10:42:26.8907639,2026-05-16 10:42:26.8907639
23975,4673,Current,139655.72,INR,BR004,ACTIVE,2020-09-19,2026-05-16 10:42:26.8907639,2026-05-16 10:42:26.8907639
23976,2083,Savings,359035.40,INR,BR004,ACTIVE,2022-04-03,2026-05-16 10:42:26.8907639,2026-05-16 10:42:26.8907639
23977,1152,Savings,148086.92,INR,BR003,ACTIVE,2021-11-25,2026-05-16 10:42:26.8907639,2026-05-16 10:42:26.8907639
23978,1934,Savings,56679.47,INR,BR004,ACTIVE,2022-08-08,2026-05-16 10:42:26.8907639,2026-05-16 10:42:26.8907639
23979,3588,Savings,358893.55,INR,BR003,ACTIVE,2023-01-31,2026-05-16 10:42:26.8907639,2026-05-16 10:42:26.8907639
23980,3273,Savings,90434.10,INR,BR001,ACTIVE,2023-08-17,2026-05-16 10:42:26.8907639,2026-05-16 10:42:26.8907639
23981,2342,Savings,56421.40,INR,BR004,ACTIVE,2022-06-28,2026-05-16 10:42:26.8907639,2026-05-16 10:42:26.8907639
23982,3611,Savings,276328.27,INR,BR001,ACTIVE,2021-02-25,2026-05-16 10:42:26.8907639,2026-05-16 10:42:26.8907639
23983,4847,Savings,322945.00,INR,BR003,ACTIVE,2022-12-08,2026-05-16 10:42:26.8907639,2026-05-16 10:42:26.8907639
23984,4351,Savings,26477.09,INR,BR002,ACTIVE,2021-06-28,2026-05-16 10:42:26.8907639,2026-05-16 10:42:26.8907639
23985,1558,Savings,3229.98,INR,BR002,ACTIVE,2023-11-01,2026-05-16 10:42:26.8907639,2026-05-16 10:42:26.8907639
23986,2498,Current,441153.09,INR,BR001,ACTIVE,2023-12-07,2026-05-16 10:42:26.8907639,2026-05-16 10:42:26.8907639
23987,2870,Savings,58511.03,INR,BR002,ACTIVE,2025-01-12,2026-05-16 10:42:26.8907639,2026-05-16 10:42:26.8907639
23988,1618,Savings,292365.13,INR,BR001,ACTIVE,2020-08-03,2026-05-16 10:42:26.8907639,2026-05-16 10:42:26.8907639
23989,2820,Savings,476819.58,INR,BR003,ACTIVE,2023-08-13,2026-05-16 10:42:26.8907639,2026-05-16 10:42:26.8907639
23990,1024,Savings,256443.15,INR,BR002,ACTIVE,2022-06-02,2026-05-16 10:42:26.8907639,2026-05-16 10:42:26.8907639
23991,2543,Savings,70759.21,INR,BR003,ACTIVE,2022-01-28,2026-05-16 10:42:26.8907639,2026-05-16 10:42:26.8907639
23992,3416,Savings,197348.77,INR,BR004,ACTIVE,2023-01-16,2026-05-16 10:42:26.8907639,2026-05-16 10:42:26.8907639
23993,3020,Savings,312397.03,INR,BR002,ACTIVE,2023-04-14,2026-05-16 10:42:26.8907639,2026-05-16 10:42:26.8907639
23994,1999,Savings,381656.98,INR,BR002,ACTIVE,2023-01-06,2026-05-16 10:42:26.8907639,2026-05-16 10:42:26.8907639
23995,3383,Savings,343103.30,INR,BR002,ACTIVE,2020-06-04,2026-05-16 10:42:26.8907639,2026-05-16 10:42:26.8907639
23996,2457,Savings,59008.66,INR,BR001,ACTIVE,2023-06-13,2026-05-16 10:42:26.8907639,2026-05-16 10:42:26.8907639
23997,1003,Current,72408.33,INR,BR004,ACTIVE,2020-10-31,2026-05-16 10:42:26.8907639,2026-05-16 10:42:26.8907639
23998,2008,Savings,186529.04,INR,BR004,ACTIVE,2020-07-03,2026-05-16 10:42:26.8907639,2026-05-16 10:42:26.8907639
23999,2282,Savings,353151.13,INR,BR004,ACTIVE,2023-07-02,2026-05-16 10:42:26.8907639,2026-05-16 10:42:26.8907639
24000,1263,Current,292579.66,INR,BR003,ACTIVE,2023-04-23,2026-05-16 10:42:26.8907639,2026-05-16 10:42:26.8907639
24001,1121,Savings,23302.80,INR,BR004,ACTIVE,2023-05-14,2026-05-16 10:42:26.8907639,2026-05-16 10:42:26.8907639
24002,2744,Savings,398646.07,INR,BR001,ACTIVE,2024-09-21,2026-05-16 10:42:26.8907639,2026-05-16 10:42:26.8907639
24003,1021,Savings,302957.09,INR,BR001,ACTIVE,2021-10-31,2026-05-16 10:42:26.8907639,2026-05-16 10:42:26.8907639
24004,1905,Savings,486471.59,INR,BR003,ACTIVE,2024-09-15,2026-05-16 10:42:26.8907639,2026-05-16 10:42:26.8907639
24005,1140,Savings,250164.37,INR,BR003,ACTIVE,2022-10-29,2026-05-16 10:42:26.8907639,2026-05-16 10:42:26.8907639
24006,4549,Savings,245610.69,INR,BR004,ACTIVE,2020-07-02,2026-05-16 10:42:26.8907639,2026-05-16 10:42:26.8907639
24007,2816,Savings,203369.83,INR,BR004,ACTIVE,2020-12-09,2026-05-16 10:42:26.8907639,2026-05-16 10:42:26.8907639
24008,2313,Savings,361504.81,INR,BR001,ACTIVE,2024-07-07,2026-05-16 10:42:26.8907639,2026-05-16 10:42:26.8907639
24009,1206,Savings,376313.30,INR,BR001,ACTIVE,2020-07-12,2026-05-16 10:42:26.8907639,2026-05-16 10:42:26.8907639
24010,1043,Savings,361897.95,INR,BR004,ACTIVE,2022-10-22,2026-05-16 10:42:26.8907639,2026-05-16 10:42:26.8907639
24011,3898,Savings,194063.98,INR,BR001,ACTIVE,2023-08-27,2026-05-16 10:42:26.8907639,2026-05-16 10:42:26.8907639
24012,4190,Savings,318379.74,INR,BR003,ACTIVE,2022-04-23,2026-05-16 10:42:26.8907639,2026-05-16 10:42:26.8907639
24013,2029,Current,169925.55,INR,BR001,ACTIVE,2021-09-21,2026-05-16 10:42:26.8907639,2026-05-16 10:42:26.8907639
24014,3255,Savings,462688.91,INR,BR004,ACTIVE,2021-05-12,2026-05-16 10:42:26.8907639,2026-05-16 10:42:26.8907639
24015,3683,Savings,28502.96,INR,BR003,ACTIVE,2021-09-22,2026-05-16 10:42:26.8907639,2026-05-16 10:42:26.8907639
24016,2863,Savings,19822.66,INR,BR001,ACTIVE,2021-08-29,2026-05-16 10:42:26.8907639,2026-05-16 10:42:26.8907639
24017,1345,Current,87880.97,INR,BR003,ACTIVE,2020-09-16,2026-05-16 10:42:26.8907639,2026-05-16 10:42:26.8907639
24018,2166,Current,101979.23,INR,BR004,ACTIVE,2021-07-12,2026-05-16 10:42:26.8907639,2026-05-16 10:42:26.8907639
24019,3420,Current,30365.89,INR,BR001,ACTIVE,2021-06-12,2026-05-16 10:42:26.8907639,2026-05-16 10:42:26.8907639
24020,4304,Savings,36736.73,INR,BR004,ACTIVE,2023-09-05,2026-05-16 10:42:26.8907639,2026-05-16 10:42:26.8907639
24021,4236,Savings,153722.19,INR,BR002,ACTIVE,2020-11-21,2026-05-16 10:42:26.8907639,2026-05-16 10:42:26.8907639
24022,3595,Savings,50795.55,INR,BR004,ACTIVE,2021-09-28,2026-05-16 10:42:26.8907639,2026-05-16 10:42:26.8907639
24023,2388,Savings,401234.81,INR,BR002,ACTIVE,2024-08-29,2026-05-16 10:42:26.8907639,2026-05-16 10:42:26.8907639
24024,1984,Savings,27879.83,INR,BR003,ACTIVE,2022-11-14,2026-05-16 10:42:26.8907639,2026-05-16 10:42:26.8907639
24025,1335,Savings,454056.79,INR,BR003,ACTIVE,2021-08-06,2026-05-16 10:42:26.8907639,2026-05-16 10:42:26.8907639
24026,3059,Savings,435548.93,INR,BR002,ACTIVE,2022-09-26,2026-05-16 10:42:26.8907639,2026-05-16 10:42:26.8907639
24027,4480,Current,104983.80,INR,BR003,ACTIVE,2020-08-21,2026-05-16 10:42:26.8907639,2026-05-16 10:42:26.8907639
24028,3123,Savings,36692.00,INR,BR003,ACTIVE,2022-10-13,2026-05-16 10:42:26.8907639,2026-05-16 10:42:26.8907639
24029,2324,Savings,53661.99,INR,BR004,ACTIVE,2021-06-06,2026-05-16 10:42:26.8907639,2026-05-16 10:42:26.8907639
24030,3995,Savings,279985.03,INR,BR002,ACTIVE,2021-12-18,2026-05-16 10:42:26.8907639,2026-05-16 10:42:26.8907639
24031,3961,Savings,300856.95,INR,BR001,ACTIVE,2021-10-17,2026-05-16 10:42:26.8907639,2026-05-16 10:42:26.8907639
24032,4453,Savings,158475.81,INR,BR003,ACTIVE,2021-11-26,2026-05-16 10:42:26.8907639,2026-05-16 10:42:26.8907639
24033,3758,Savings,149120.00,INR,BR003,ACTIVE,2022-05-01,2026-05-16 10:42:26.8907639,2026-05-16 10:42:26.8907639
24034,3901,Savings,266219.13,INR,BR001,ACTIVE,2022-11-16,2026-05-16 10:42:26.8907639,2026-05-16 10:42:26.8907639
24035,1776,Savings,153508.39,INR,BR004,ACTIVE,2022-10-01,2026-05-16 10:42:26.8907639,2026-05-16 10:42:26.8907639
24036,4919,Savings,488441.07,INR,BR004,ACTIVE,2024-08-03,2026-05-16 10:42:26.8907639,2026-05-16 10:42:26.8907639
24037,1886,Savings,191933.26,INR,BR004,ACTIVE,2022-08-24,2026-05-16 10:42:26.8907639,2026-05-16 10:42:26.8907639
24038,3036,Current,110687.06,INR,BR001,ACTIVE,2021-05-10,2026-05-16 10:42:26.8907639,2026-05-16 10:42:26.8907639
24039,1736,Current,73836.46,INR,BR004,ACTIVE,2021-03-11,2026-05-16 10:42:26.8907639,2026-05-16 10:42:26.8907639
24040,3682,Savings,316222.39,INR,BR003,ACTIVE,2024-01-19,2026-05-16 10:42:26.8907639,2026-05-16 10:42:26.8907639
24041,4658,Savings,164004.15,INR,BR004,ACTIVE,2022-06-13,2026-05-16 10:42:26.8907639,2026-05-16 10:42:26.8907639
24042,2052,Savings,95208.62,INR,BR003,ACTIVE,2020-05-06,2026-05-16 10:42:26.8907639,2026-05-16 10:42:26.8907639
24043,2487,Savings,138631.95,INR,BR001,ACTIVE,2021-08-31,2026-05-16 10:42:26.8907639,2026-05-16 10:42:26.8907639
24044,1396,Current,154632.90,INR,BR004,ACTIVE,2024-11-01,2026-05-16 10:42:26.8907639,2026-05-16 10:42:26.8907639
24045,1683,Savings,313290.90,INR,BR004,ACTIVE,2023-10-13,2026-05-16 10:42:26.8907639,2026-05-16 10:42:26.8907639
24046,3002,Savings,88166.07,INR,BR003,ACTIVE,2020-12-19,2026-05-16 10:42:26.8907639,2026-05-16 10:42:26.8907639
24047,4448,Savings,366669.08,INR,BR001,ACTIVE,2023-01-19,2026-05-16 10:42:26.8907639,2026-05-16 10:42:26.8907639
24048,3469,Savings,161429.01,INR,BR004,ACTIVE,2023-03-04,2026-05-16 10:42:26.8907639,2026-05-16 10:42:26.8907639
24049,1364,Savings,244666.49,INR,BR001,ACTIVE,2021-05-08,2026-05-16 10:42:26.8907639,2026-05-16 10:42:26.8907639
24050,4967,Savings,341891.00,INR,BR003,ACTIVE,2022-08-22,2026-05-16 10:42:26.8907639,2026-05-16 10:42:26.8907639
24051,4288,Savings,272266.43,INR,BR003,ACTIVE,2021-03-28,2026-05-16 10:42:26.8907639,2026-05-16 10:42:26.8907639
24052,2855,Savings,331454.54,INR,BR004,ACTIVE,2022-02-13,2026-05-16 10:42:26.8907639,2026-05-16 10:42:26.8907639
24053,4173,Savings,161975.16,INR,BR001,ACTIVE,2021-02-23,2026-05-16 10:42:26.8907639,2026-05-16 10:42:26.8907639
24054,2782,Current,481761.51,INR,BR003,ACTIVE,2023-02-15,2026-05-16 10:42:26.8907639,2026-05-16 10:42:26.8907639
24055,1093,Savings,230035.87,INR,BR001,ACTIVE,2022-08-21,2026-05-16 10:42:26.8907639,2026-05-16 10:42:26.8907639
24056,2599,Savings,161644.87,INR,BR002,ACTIVE,2025-01-10,2026-05-16 10:42:26.8907639,2026-05-16 10:42:26.8907639
24057,1266,Savings,148900.59,INR,BR002,ACTIVE,2024-06-15,2026-05-16 10:42:26.8907639,2026-05-16 10:42:26.8907639
24058,3254,Current,22304.79,INR,BR004,ACTIVE,2024-04-13,2026-05-16 10:42:26.8907639,2026-05-16 10:42:26.8907639
24059,4152,Savings,342718.13,INR,BR001,ACTIVE,2021-12-06,2026-05-16 10:42:26.8907639,2026-05-16 10:42:26.8907639
24060,3085,Current,131995.12,INR,BR001,ACTIVE,2023-09-23,2026-05-16 10:42:26.8907639,2026-05-16 10:42:26.8907639
24061,2035,Savings,479506.17,INR,BR003,ACTIVE,2024-04-22,2026-05-16 10:42:26.8907639,2026-05-16 10:42:26.8907639
24062,4699,Savings,106011.93,INR,BR001,ACTIVE,2021-03-13,2026-05-16 10:42:26.8907639,2026-05-16 10:42:26.8907639
24063,2114,Savings,265216.11,INR,BR001,ACTIVE,2024-06-23,2026-05-16 10:42:26.8907639,2026-05-16 10:42:26.8907639
24064,1744,Current,367999.88,INR,BR003,ACTIVE,2023-03-22,2026-05-16 10:42:26.8907639,2026-05-16 10:42:26.8907639
24065,3067,Savings,452014.87,INR,BR004,ACTIVE,2022-05-09,2026-05-16 10:42:26.8907639,2026-05-16 10:42:26.8907639
24066,4636,Savings,79073.99,INR,BR003,ACTIVE,2024-03-16,2026-05-16 10:42:26.8907639,2026-05-16 10:42:26.8907639
24067,1374,Savings,492715.37,INR,BR002,ACTIVE,2022-05-27,2026-05-16 10:42:26.8907639,2026-05-16 10:42:26.8907639
24068,2810,Savings,453467.74,INR,BR001,ACTIVE,2021-04-20,2026-05-16 10:42:26.8907639,2026-05-16 10:42:26.8907639
24069,1094,Current,481462.03,INR,BR001,ACTIVE,2021-05-28,2026-05-16 10:42:26.8907639,2026-05-16 10:42:26.8907639
24070,1032,Savings,426482.71,INR,BR004,ACTIVE,2021-10-27,2026-05-16 10:42:26.8907639,2026-05-16 10:42:26.8907639
24071,4735,Current,438956.94,INR,BR002,ACTIVE,2022-05-14,2026-05-16 10:42:26.8907639,2026-05-16 10:42:26.8907639
24072,1140,Savings,299815.63,INR,BR001,ACTIVE,2024-01-19,2026-05-16 10:42:26.8907639,2026-05-16 10:42:26.8907639
24073,2594,Savings,422809.72,INR,BR003,ACTIVE,2022-11-30,2026-05-16 10:42:26.8907639,2026-05-16 10:42:26.8907639
24074,4021,Savings,267472.67,INR,BR001,ACTIVE,2020-05-23,2026-05-16 10:42:26.8907639,2026-05-16 10:42:26.8907639
24075,4093,Savings,269570.37,INR,BR004,ACTIVE,2021-09-27,2026-05-16 10:42:26.8907639,2026-05-16 10:42:26.8907639
24076,4221,Savings,316921.10,INR,BR003,ACTIVE,2022-05-27,2026-05-16 10:42:26.8907639,2026-05-16 10:42:26.8907639
24077,4293,Savings,498162.64,INR,BR001,ACTIVE,2023-01-04,2026-05-16 10:42:26.8907639,2026-05-16 10:42:26.8907639
24078,3781,Savings,53093.03,INR,BR004,ACTIVE,2022-07-04,2026-05-16 10:42:26.8907639,2026-05-16 10:42:26.8907639
24079,3802,Current,402999.38,INR,BR002,ACTIVE,2022-08-10,2026-05-16 10:42:26.8907639,2026-05-16 10:42:26.8907639
24080,2243,Savings,166333.30,INR,BR003,ACTIVE,2020-10-24,2026-05-16 10:42:26.8907639,2026-05-16 10:42:26.8907639
24081,2565,Savings,181252.31,INR,BR003,ACTIVE,2022-01-26,2026-05-16 10:42:26.8907639,2026-05-16 10:42:26.8907639
24082,2583,Current,41186.10,INR,BR002,ACTIVE,2023-01-17,2026-05-16 10:42:26.8907639,2026-05-16 10:42:26.8907639
24083,2932,Savings,176435.32,INR,BR003,ACTIVE,2022-03-01,2026-05-16 10:42:26.8907639,2026-05-16 10:42:26.8907639
24084,1058,Savings,495390.59,INR,BR004,ACTIVE,2025-01-05,2026-05-16 10:42:26.8907639,2026-05-16 10:42:26.8907639
24085,4497,Savings,199137.56,INR,BR002,ACTIVE,2022-05-16,2026-05-16 10:42:26.8907639,2026-05-16 10:42:26.8907639
24086,2299,Savings,335174.27,INR,BR001,ACTIVE,2024-04-27,2026-05-16 10:42:26.8907639,2026-05-16 10:42:26.8907639
24087,3188,Current,61235.88,INR,BR004,ACTIVE,2024-09-02,2026-05-16 10:42:26.8907639,2026-05-16 10:42:26.8907639
24088,2047,Savings,461326.11,INR,BR002,ACTIVE,2024-07-28,2026-05-16 10:42:26.8907639,2026-05-16 10:42:26.8907639
24089,3949,Savings,423853.14,INR,BR001,ACTIVE,2024-05-02,2026-05-16 10:42:26.8907639,2026-05-16 10:42:26.8907639
24090,1378,Savings,193760.86,INR,BR004,ACTIVE,2024-04-27,2026-05-16 10:42:26.8907639,2026-05-16 10:42:26.8907639
24091,1922,Savings,174883.20,INR,BR004,ACTIVE,2022-10-15,2026-05-16 10:42:26.8907639,2026-05-16 10:42:26.8907639
24092,1373,Savings,216701.23,INR,BR003,ACTIVE,2023-11-19,2026-05-16 10:42:26.8907639,2026-05-16 10:42:26.8907639
24093,4135,Savings,205014.16,INR,BR003,ACTIVE,2023-08-24,2026-05-16 10:42:26.8907639,2026-05-16 10:42:26.8907639
24094,2588,Savings,129767.35,INR,BR002,ACTIVE,2023-01-08,2026-05-16 10:42:26.8907639,2026-05-16 10:42:26.8907639
24095,1778,Current,495432.29,INR,BR001,ACTIVE,2023-06-22,2026-05-16 10:42:26.8907639,2026-05-16 10:42:26.8907639
24096,2366,Savings,405462.68,INR,BR004,ACTIVE,2021-10-15,2026-05-16 10:42:26.8907639,2026-05-16 10:42:26.8907639
24097,1167,Savings,134693.71,INR,BR004,ACTIVE,2020-04-21,2026-05-16 10:42:26.8907639,2026-05-16 10:42:26.8907639
24098,4223,Savings,490880.68,INR,BR002,ACTIVE,2022-05-17,2026-05-16 10:42:26.8907639,2026-05-16 10:42:26.8907639
24099,3571,Savings,8749.54,INR,BR003,ACTIVE,2020-07-29,2026-05-16 10:42:26.8907639,2026-05-16 10:42:26.8907639
24100,3012,Savings,219510.92,INR,BR004,ACTIVE,2020-06-10,2026-05-16 10:42:26.8907639,2026-05-16 10:42:26.8907639
24101,4679,Savings,285173.11,INR,BR004,ACTIVE,2021-11-01,2026-05-16 10:42:26.8907639,2026-05-16 10:42:26.8907639
24102,1584,Savings,19755.72,INR,BR003,ACTIVE,2021-11-27,2026-05-16 10:42:26.8907639,2026-05-16 10:42:26.8907639
24103,3549,Current,81357.56,INR,BR001,ACTIVE,2020-10-15,2026-05-16 10:42:26.8907639,2026-05-16 10:42:26.8907639
24104,3944,Savings,129807.41,INR,BR001,ACTIVE,2024-03-24,2026-05-16 10:42:26.8907639,2026-05-16 10:42:26.8907639
24105,1999,Current,360393.30,INR,BR003,ACTIVE,2020-02-06,2026-05-16 10:42:26.8907639,2026-05-16 10:42:26.8907639
24106,1560,Current,469932.02,INR,BR004,ACTIVE,2022-03-06,2026-05-16 10:42:26.8907639,2026-05-16 10:42:26.8907639
24107,4420,Savings,312643.01,INR,BR003,ACTIVE,2023-08-19,2026-05-16 10:42:26.8907639,2026-05-16 10:42:26.8907639
24108,4344,Current,300564.01,INR,BR001,ACTIVE,2021-05-22,2026-05-16 10:42:26.8907639,2026-05-16 10:42:26.8907639
24109,4502,Savings,268842.80,INR,BR002,ACTIVE,2022-03-28,2026-05-16 10:42:26.8907639,2026-05-16 10:42:26.8907639
24110,2012,Savings,176001.12,INR,BR002,ACTIVE,2023-03-03,2026-05-16 10:42:26.8907639,2026-05-16 10:42:26.8907639
24111,4679,Savings,414029.46,INR,BR001,ACTIVE,2023-05-17,2026-05-16 10:42:26.8907639,2026-05-16 10:42:26.8907639
24112,1233,Savings,270842.95,INR,BR001,ACTIVE,2023-09-24,2026-05-16 10:42:26.8907639,2026-05-16 10:42:26.8907639
24113,1560,Current,115821.49,INR,BR001,ACTIVE,2024-07-10,2026-05-16 10:42:26.8907639,2026-05-16 10:42:26.8907639
24114,2232,Savings,69278.77,INR,BR003,ACTIVE,2020-10-31,2026-05-16 10:42:26.8907639,2026-05-16 10:42:26.8907639
24115,4525,Savings,492770.74,INR,BR002,ACTIVE,2024-04-28,2026-05-16 10:42:26.8907639,2026-05-16 10:42:26.8907639
24116,2763,Savings,9719.13,INR,BR001,ACTIVE,2021-06-14,2026-05-16 10:42:26.8907639,2026-05-16 10:42:26.8907639
24117,2525,Savings,497852.30,INR,BR004,ACTIVE,2023-12-27,2026-05-16 10:42:26.8907639,2026-05-16 10:42:26.8907639
24118,1921,Savings,109933.35,INR,BR002,ACTIVE,2022-08-21,2026-05-16 10:42:26.8907639,2026-05-16 10:42:26.8907639
24119,4661,Current,329117.22,INR,BR003,ACTIVE,2022-03-13,2026-05-16 10:42:26.8907639,2026-05-16 10:42:26.8907639
24120,3909,Current,151464.73,INR,BR004,ACTIVE,2020-11-15,2026-05-16 10:42:26.8907639,2026-05-16 10:42:26.8907639
24121,2243,Savings,430045.40,INR,BR003,ACTIVE,2021-02-23,2026-05-16 10:42:26.8907639,2026-05-16 10:42:26.8907639
24122,3920,Savings,272179.22,INR,BR001,ACTIVE,2020-05-27,2026-05-16 10:42:26.8907639,2026-05-16 10:42:26.8907639
24123,1081,Savings,71387.82,INR,BR001,ACTIVE,2024-12-25,2026-05-16 10:42:26.8907639,2026-05-16 10:42:26.8907639
24124,4621,Savings,135647.67,INR,BR001,ACTIVE,2024-07-10,2026-05-16 10:42:26.8907639,2026-05-16 10:42:26.8907639
24125,3662,Savings,160838.97,INR,BR004,ACTIVE,2020-03-05,2026-05-16 10:42:26.8907639,2026-05-16 10:42:26.8907639
24126,1703,Current,475393.23,INR,BR001,ACTIVE,2023-08-08,2026-05-16 10:42:26.8907639,2026-05-16 10:42:26.8907639
24127,1541,Savings,383602.47,INR,BR002,ACTIVE,2024-10-09,2026-05-16 10:42:26.8907639,2026-05-16 10:42:26.8907639
24128,2850,Savings,414964.07,INR,BR001,ACTIVE,2023-07-05,2026-05-16 10:42:26.8907639,2026-05-16 10:42:26.8907639
24129,3813,Savings,27073.84,INR,BR002,ACTIVE,2020-02-09,2026-05-16 10:42:26.8907639,2026-05-16 10:42:26.8907639
24130,2275,Savings,289812.32,INR,BR004,ACTIVE,2021-10-08,2026-05-16 10:42:26.8907639,2026-05-16 10:42:26.8907639
24131,3786,Savings,499589.29,INR,BR003,ACTIVE,2021-10-01,2026-05-16 10:42:26.8907639,2026-05-16 10:42:26.8907639
24132,3654,Current,392814.62,INR,BR003,ACTIVE,2025-01-03,2026-05-16 10:42:26.8907639,2026-05-16 10:42:26.8907639
24133,4487,Savings,61233.13,INR,BR002,ACTIVE,2022-05-09,2026-05-16 10:42:26.8907639,2026-05-16 10:42:26.8907639
24134,4158,Savings,339730.27,INR,BR004,ACTIVE,2021-12-05,2026-05-16 10:42:26.8907639,2026-05-16 10:42:26.8907639
24135,1622,Savings,372916.59,INR,BR002,ACTIVE,2024-12-21,2026-05-16 10:42:26.8907639,2026-05-16 10:42:26.8907639
24136,2241,Current,257609.93,INR,BR001,ACTIVE,2020-02-01,2026-05-16 10:42:26.8907639,2026-05-16 10:42:26.8907639
24137,4070,Savings,40297.82,INR,BR001,ACTIVE,2023-08-04,2026-05-16 10:42:26.8907639,2026-05-16 10:42:26.8907639
24138,3244,Savings,18308.43,INR,BR001,ACTIVE,2022-06-03,2026-05-16 10:42:26.8907639,2026-05-16 10:42:26.8907639
24139,4043,Savings,468967.04,INR,BR003,ACTIVE,2021-07-06,2026-05-16 10:42:26.8907639,2026-05-16 10:42:26.8907639
24140,2321,Savings,148562.26,INR,BR002,ACTIVE,2022-09-14,2026-05-16 10:42:26.8907639,2026-05-16 10:42:26.8907639
24141,3994,Savings,227329.55,INR,BR004,ACTIVE,2023-08-30,2026-05-16 10:42:26.8907639,2026-05-16 10:42:26.8907639
24142,3092,Current,397843.49,INR,BR002,ACTIVE,2023-10-27,2026-05-16 10:42:26.8907639,2026-05-16 10:42:26.8907639
24143,3441,Savings,344941.11,INR,BR002,ACTIVE,2022-01-29,2026-05-16 10:42:26.8907639,2026-05-16 10:42:26.8907639
24144,2467,Savings,484314.28,INR,BR002,ACTIVE,2021-02-22,2026-05-16 10:42:26.8907639,2026-05-16 10:42:26.8907639
24145,2114,Savings,58372.34,INR,BR001,ACTIVE,2022-01-20,2026-05-16 10:42:26.8907639,2026-05-16 10:42:26.8907639
24146,3203,Savings,353752.87,INR,BR001,ACTIVE,2024-01-08,2026-05-16 10:42:26.8907639,2026-05-16 10:42:26.8907639
24147,4026,Savings,67110.25,INR,BR002,ACTIVE,2024-04-10,2026-05-16 10:42:26.8907639,2026-05-16 10:42:26.8907639
24148,4550,Savings,1082.58,INR,BR001,ACTIVE,2023-09-08,2026-05-16 10:42:26.8907639,2026-05-16 10:42:26.8907639
24149,2645,Savings,60994.88,INR,BR003,ACTIVE,2022-05-15,2026-05-16 10:42:26.8907639,2026-05-16 10:42:26.8907639
24150,1059,Savings,308746.20,INR,BR001,ACTIVE,2022-10-19,2026-05-16 10:42:26.8907639,2026-05-16 10:42:26.8907639
24151,3158,Current,338420.18,INR,BR003,ACTIVE,2022-10-18,2026-05-16 10:42:26.8907639,2026-05-16 10:42:26.8907639
24152,1479,Savings,219731.60,INR,BR003,ACTIVE,2021-03-24,2026-05-16 10:42:26.8907639,2026-05-16 10:42:26.8907639
24153,3666,Current,68561.03,INR,BR002,ACTIVE,2021-02-09,2026-05-16 10:42:26.8907639,2026-05-16 10:42:26.8907639
24154,2923,Savings,317395.64,INR,BR002,ACTIVE,2024-06-17,2026-05-16 10:42:26.8907639,2026-05-16 10:42:26.8907639
24155,2757,Savings,43822.92,INR,BR001,ACTIVE,2022-04-23,2026-05-16 10:42:26.8907639,2026-05-16 10:42:26.8907639
24156,2799,Savings,71721.44,INR,BR004,ACTIVE,2021-11-28,2026-05-16 10:42:26.8907639,2026-05-16 10:42:26.8907639
24157,2618,Savings,256775.27,INR,BR002,ACTIVE,2021-05-04,2026-05-16 10:42:26.8907639,2026-05-16 10:42:26.8907639
24158,1784,Savings,170846.26,INR,BR003,ACTIVE,2023-03-30,2026-05-16 10:42:26.8907639,2026-05-16 10:42:26.8907639
24159,4121,Savings,232912.21,INR,BR003,ACTIVE,2023-10-11,2026-05-16 10:42:26.8907639,2026-05-16 10:42:26.8907639
24160,2401,Savings,363345.34,INR,BR001,ACTIVE,2020-02-18,2026-05-16 10:42:26.8907639,2026-05-16 10:42:26.8907639
24161,2056,Savings,80843.51,INR,BR003,ACTIVE,2021-06-06,2026-05-16 10:42:26.8907639,2026-05-16 10:42:26.8907639
24162,2510,Savings,446650.28,INR,BR002,ACTIVE,2022-08-29,2026-05-16 10:42:26.8907639,2026-05-16 10:42:26.8907639
24163,3649,Current,280180.55,INR,BR001,ACTIVE,2022-06-22,2026-05-16 10:42:26.8907639,2026-05-16 10:42:26.8907639
24164,3988,Savings,12024.54,INR,BR001,ACTIVE,2022-06-03,2026-05-16 10:42:26.8907639,2026-05-16 10:42:26.8907639
24165,4040,Savings,314597.97,INR,BR004,ACTIVE,2024-07-29,2026-05-16 10:42:26.8907639,2026-05-16 10:42:26.8907639
24166,3579,Savings,232126.29,INR,BR001,ACTIVE,2020-04-12,2026-05-16 10:42:26.8907639,2026-05-16 10:42:26.8907639
24167,2027,Savings,351117.92,INR,BR004,ACTIVE,2024-01-04,2026-05-16 10:42:26.8907639,2026-05-16 10:42:26.8907639
24168,1378,Savings,392232.78,INR,BR002,ACTIVE,2021-05-09,2026-05-16 10:42:26.8907639,2026-05-16 10:42:26.8907639
24169,1572,Savings,469483.58,INR,BR003,ACTIVE,2020-12-13,2026-05-16 10:42:26.8907639,2026-05-16 10:42:26.8907639
24170,2955,Current,499174.55,INR,BR002,ACTIVE,2020-11-01,2026-05-16 10:42:26.8907639,2026-05-16 10:42:26.8907639
24171,4314,Savings,275258.88,INR,BR001,ACTIVE,2023-02-27,2026-05-16 10:42:26.8907639,2026-05-16 10:42:26.8907639
24172,2565,Savings,281192.67,INR,BR004,ACTIVE,2020-03-30,2026-05-16 10:42:26.8907639,2026-05-16 10:42:26.8907639
24173,1587,Savings,12200.18,INR,BR003,ACTIVE,2022-10-10,2026-05-16 10:42:26.8907639,2026-05-16 10:42:26.8907639
24174,4654,Current,432720.07,INR,BR001,ACTIVE,2021-02-23,2026-05-16 10:42:26.8907639,2026-05-16 10:42:26.8907639
24175,2619,Savings,15330.28,INR,BR002,ACTIVE,2021-08-17,2026-05-16 10:42:26.8907639,2026-05-16 10:42:26.8907639
24176,1357,Savings,316699.74,INR,BR001,ACTIVE,2022-11-12,2026-05-16 10:42:26.8907639,2026-05-16 10:42:26.8907639
24177,1685,Savings,50189.91,INR,BR004,ACTIVE,2022-10-23,2026-05-16 10:42:26.8907639,2026-05-16 10:42:26.8907639
24178,2947,Savings,143633.46,INR,BR002,ACTIVE,2023-10-04,2026-05-16 10:42:26.8907639,2026-05-16 10:42:26.8907639
24179,4269,Savings,71024.45,INR,BR001,ACTIVE,2024-12-19,2026-05-16 10:42:26.8907639,2026-05-16 10:42:26.8907639
24180,3906,Savings,69559.75,INR,BR004,ACTIVE,2023-08-31,2026-05-16 10:42:26.8907639,2026-05-16 10:42:26.8907639
24181,4491,Savings,38225.89,INR,BR001,ACTIVE,2022-04-16,2026-05-16 10:42:26.8907639,2026-05-16 10:42:26.8907639
24182,1659,Current,159623.11,INR,BR004,ACTIVE,2024-05-22,2026-05-16 10:42:26.8907639,2026-05-16 10:42:26.8907639
24183,2297,Savings,212402.02,INR,BR001,ACTIVE,2022-04-13,2026-05-16 10:42:26.8907639,2026-05-16 10:42:26.8907639
24184,2526,Savings,232772.12,INR,BR002,ACTIVE,2023-01-10,2026-05-16 10:42:26.8907639,2026-05-16 10:42:26.8907639
24185,3083,Savings,220414.31,INR,BR002,ACTIVE,2021-05-04,2026-05-16 10:42:26.8907639,2026-05-16 10:42:26.8907639
24186,4055,Savings,262322.33,INR,BR002,ACTIVE,2021-03-17,2026-05-16 10:42:26.8907639,2026-05-16 10:42:26.8907639
24187,4697,Savings,430033.68,INR,BR002,ACTIVE,2022-04-08,2026-05-16 10:42:26.8907639,2026-05-16 10:42:26.8907639
24188,3509,Savings,316266.51,INR,BR002,ACTIVE,2022-04-25,2026-05-16 10:42:26.8907639,2026-05-16 10:42:26.8907639
24189,3766,Current,9625.55,INR,BR003,ACTIVE,2023-01-30,2026-05-16 10:42:26.8907639,2026-05-16 10:42:26.8907639
24190,2694,Savings,87303.19,INR,BR001,ACTIVE,2023-10-15,2026-05-16 10:42:26.8907639,2026-05-16 10:42:26.8907639
24191,4325,Savings,175125.96,INR,BR002,ACTIVE,2024-07-28,2026-05-16 10:42:26.8907639,2026-05-16 10:42:26.8907639
24192,2658,Savings,474572.81,INR,BR003,ACTIVE,2022-08-30,2026-05-16 10:42:26.8907639,2026-05-16 10:42:26.8907639
24193,1512,Savings,39961.62,INR,BR003,ACTIVE,2023-01-06,2026-05-16 10:42:26.8907639,2026-05-16 10:42:26.8907639
24194,2072,Savings,398011.70,INR,BR001,ACTIVE,2022-07-16,2026-05-16 10:42:26.8907639,2026-05-16 10:42:26.8907639
24195,4257,Savings,17513.47,INR,BR004,ACTIVE,2020-04-30,2026-05-16 10:42:26.8907639,2026-05-16 10:42:26.8907639
24196,3539,Savings,181906.05,INR,BR001,ACTIVE,2020-07-31,2026-05-16 10:42:26.8907639,2026-05-16 10:42:26.8907639
24197,3321,Current,385304.23,INR,BR001,ACTIVE,2025-01-17,2026-05-16 10:42:26.8907639,2026-05-16 10:42:26.8907639
24198,2637,Savings,172620.74,INR,BR004,ACTIVE,2024-03-19,2026-05-16 10:42:26.8907639,2026-05-16 10:42:26.8907639
24199,2013,Savings,215710.75,INR,BR004,ACTIVE,2024-05-14,2026-05-16 10:42:26.8907639,2026-05-16 10:42:26.8907639
24200,3575,Savings,452746.96,INR,BR002,ACTIVE,2021-04-19,2026-05-16 10:42:26.8907639,2026-05-16 10:42:26.8907639
24201,2152,Current,34018.38,INR,BR004,ACTIVE,2020-06-09,2026-05-16 10:42:26.8907639,2026-05-16 10:42:26.8907639
24202,1210,Savings,264303.50,INR,BR004,ACTIVE,2022-04-21,2026-05-16 10:42:26.8907639,2026-05-16 10:42:26.8907639
24203,1624,Current,183752.54,INR,BR001,ACTIVE,2022-11-10,2026-05-16 10:42:26.8907639,2026-05-16 10:42:26.8907639
24204,2806,Savings,481942.02,INR,BR001,ACTIVE,2020-02-19,2026-05-16 10:42:26.8907639,2026-05-16 10:42:26.8907639
24205,2166,Current,397051.22,INR,BR001,ACTIVE,2020-05-08,2026-05-16 10:42:26.8907639,2026-05-16 10:42:26.8907639
24206,1173,Savings,61916.31,INR,BR004,ACTIVE,2023-12-25,2026-05-16 10:42:26.8907639,2026-05-16 10:42:26.8907639
24207,2889,Savings,463777.47,INR,BR003,ACTIVE,2025-01-19,2026-05-16 10:42:26.8907639,2026-05-16 10:42:26.8907639
24208,4750,Current,106395.44,INR,BR002,ACTIVE,2025-01-05,2026-05-16 10:42:26.8907639,2026-05-16 10:42:26.8907639
24209,1447,Savings,43324.00,INR,BR001,ACTIVE,2022-09-09,2026-05-16 10:42:26.8907639,2026-05-16 10:42:26.8907639
24210,4191,Savings,271255.05,INR,BR003,ACTIVE,2020-05-09,2026-05-16 10:42:26.8907639,2026-05-16 10:42:26.8907639
24211,4787,Current,368579.15,INR,BR002,ACTIVE,2023-07-04,2026-05-16 10:42:26.8907639,2026-05-16 10:42:26.8907639
24212,1011,Savings,365817.63,INR,BR001,ACTIVE,2021-07-06,2026-05-16 10:42:26.8907639,2026-05-16 10:42:26.8907639
24213,1761,Savings,267493.98,INR,BR003,ACTIVE,2020-12-09,2026-05-16 10:42:26.8907639,2026-05-16 10:42:26.8907639
24214,2328,Savings,246876.00,INR,BR002,ACTIVE,2022-10-11,2026-05-16 10:42:26.8907639,2026-05-16 10:42:26.8907639
24215,2784,Savings,484802.40,INR,BR001,ACTIVE,2023-03-22,2026-05-16 10:42:26.8907639,2026-05-16 10:42:26.8907639
24216,2178,Current,410458.86,INR,BR001,ACTIVE,2021-04-05,2026-05-16 10:42:26.8907639,2026-05-16 10:42:26.8907639
24217,3371,Savings,349621.38,INR,BR003,ACTIVE,2023-09-06,2026-05-16 10:42:26.8907639,2026-05-16 10:42:26.8907639
24218,4609,Savings,98410.52,INR,BR004,ACTIVE,2022-01-27,2026-05-16 10:42:26.8907639,2026-05-16 10:42:26.8907639
24219,1977,Current,410065.57,INR,BR004,ACTIVE,2024-10-31,2026-05-16 10:42:26.8907639,2026-05-16 10:42:26.8907639
24220,3493,Current,387147.05,INR,BR001,ACTIVE,2020-12-08,2026-05-16 10:42:26.8907639,2026-05-16 10:42:26.8907639
24221,3390,Savings,496021.27,INR,BR003,ACTIVE,2022-05-16,2026-05-16 10:42:26.8907639,2026-05-16 10:42:26.8907639
24222,3269,Savings,67364.56,INR,BR004,ACTIVE,2020-03-18,2026-05-16 10:42:26.8907639,2026-05-16 10:42:26.8907639
24223,3158,Savings,357932.40,INR,BR004,ACTIVE,2020-09-09,2026-05-16 10:42:26.8907639,2026-05-16 10:42:26.8907639
24224,3458,Current,489562.51,INR,BR004,ACTIVE,2021-05-24,2026-05-16 10:42:26.8907639,2026-05-16 10:42:26.8907639
24225,4490,Savings,231833.92,INR,BR003,ACTIVE,2024-09-13,2026-05-16 10:42:26.8907639,2026-05-16 10:42:26.8907639
24226,4674,Current,366971.81,INR,BR003,ACTIVE,2020-02-12,2026-05-16 10:42:26.8907639,2026-05-16 10:42:26.8907639
24227,3553,Current,487709.95,INR,BR002,ACTIVE,2021-08-21,2026-05-16 10:42:26.8907639,2026-05-16 10:42:26.8907639
24228,2801,Savings,274194.96,INR,BR004,ACTIVE,2020-10-22,2026-05-16 10:42:26.8907639,2026-05-16 10:42:26.8907639
24229,1040,Savings,349821.76,INR,BR003,ACTIVE,2023-09-20,2026-05-16 10:42:26.8907639,2026-05-16 10:42:26.8907639
24230,4581,Savings,11022.32,INR,BR002,ACTIVE,2024-04-01,2026-05-16 10:42:26.8907639,2026-05-16 10:42:26.8907639
24231,2483,Savings,260312.89,INR,BR001,ACTIVE,2021-03-20,2026-05-16 10:42:26.8907639,2026-05-16 10:42:26.8907639
24232,3311,Savings,178477.26,INR,BR002,ACTIVE,2024-10-29,2026-05-16 10:42:26.8907639,2026-05-16 10:42:26.8907639
24233,4742,Savings,66491.08,INR,BR004,ACTIVE,2024-04-02,2026-05-16 10:42:26.8907639,2026-05-16 10:42:26.8907639
24234,4190,Savings,388126.82,INR,BR003,ACTIVE,2023-09-06,2026-05-16 10:42:26.8907639,2026-05-16 10:42:26.8907639
24235,4522,Current,20505.65,INR,BR004,ACTIVE,2024-03-16,2026-05-16 10:42:26.8907639,2026-05-16 10:42:26.8907639
24236,4840,Savings,452527.71,INR,BR004,ACTIVE,2024-12-23,2026-05-16 10:42:26.8907639,2026-05-16 10:42:26.8907639
24237,4486,Savings,259369.06,INR,BR001,ACTIVE,2020-09-16,2026-05-16 10:42:26.8907639,2026-05-16 10:42:26.8907639
24238,3756,Current,324466.83,INR,BR003,ACTIVE,2022-10-26,2026-05-16 10:42:26.8907639,2026-05-16 10:42:26.8907639
24239,2850,Savings,171185.69,INR,BR003,ACTIVE,2023-10-21,2026-05-16 10:42:26.8907639,2026-05-16 10:42:26.8907639
24240,1823,Savings,91914.32,INR,BR001,ACTIVE,2022-12-24,2026-05-16 10:42:26.8907639,2026-05-16 10:42:26.8907639
24241,4598,Savings,122633.06,INR,BR003,ACTIVE,2024-04-30,2026-05-16 10:42:26.8907639,2026-05-16 10:42:26.8907639
24242,1461,Current,116914.20,INR,BR002,ACTIVE,2024-07-12,2026-05-16 10:42:26.8907639,2026-05-16 10:42:26.8907639
24243,2142,Savings,467965.11,INR,BR004,ACTIVE,2023-07-09,2026-05-16 10:42:26.8907639,2026-05-16 10:42:26.8907639
24244,1217,Savings,393882.36,INR,BR001,ACTIVE,2022-07-01,2026-05-16 10:42:26.8907639,2026-05-16 10:42:26.8907639
24245,2741,Current,426515.53,INR,BR001,ACTIVE,2022-08-19,2026-05-16 10:42:26.8907639,2026-05-16 10:42:26.8907639
24246,3125,Savings,367701.15,INR,BR004,ACTIVE,2021-06-03,2026-05-16 10:42:26.8907639,2026-05-16 10:42:26.8907639
24247,2445,Savings,322131.63,INR,BR001,ACTIVE,2021-04-01,2026-05-16 10:42:26.8907639,2026-05-16 10:42:26.8907639
24248,3940,Savings,264409.47,INR,BR003,ACTIVE,2021-03-27,2026-05-16 10:42:26.8907639,2026-05-16 10:42:26.8907639
24249,2196,Savings,133475.43,INR,BR003,ACTIVE,2022-09-26,2026-05-16 10:42:26.8907639,2026-05-16 10:42:26.8907639
24250,3438,Savings,364593.31,INR,BR004,ACTIVE,2021-09-07,2026-05-16 10:42:26.8907639,2026-05-16 10:42:26.8907639
24251,4098,Savings,69155.62,INR,BR001,ACTIVE,2020-02-18,2026-05-16 10:42:26.8907639,2026-05-16 10:42:26.8907639
24252,2152,Current,256019.71,INR,BR002,ACTIVE,2021-10-11,2026-05-16 10:42:26.8907639,2026-05-16 10:42:26.8907639
24253,1374,Current,98442.11,INR,BR004,ACTIVE,2022-03-24,2026-05-16 10:42:26.8907639,2026-05-16 10:42:26.8907639
24254,1654,Savings,252874.89,INR,BR003,ACTIVE,2025-01-07,2026-05-16 10:42:26.8907639,2026-05-16 10:42:26.8907639
24255,1904,Savings,194311.85,INR,BR003,ACTIVE,2022-06-10,2026-05-16 10:42:26.8907639,2026-05-16 10:42:26.8907639
24256,4096,Savings,27686.36,INR,BR003,ACTIVE,2021-05-29,2026-05-16 10:42:26.8907639,2026-05-16 10:42:26.8907639
24257,4542,Savings,289597.64,INR,BR002,ACTIVE,2022-02-24,2026-05-16 10:42:26.8907639,2026-05-16 10:42:26.8907639
24258,1744,Savings,91733.27,INR,BR003,ACTIVE,2021-01-26,2026-05-16 10:42:26.8907639,2026-05-16 10:42:26.8907639
24259,3471,Savings,81416.36,INR,BR004,ACTIVE,2024-11-07,2026-05-16 10:42:26.8907639,2026-05-16 10:42:26.8907639
24260,4249,Savings,192798.58,INR,BR004,ACTIVE,2020-03-13,2026-05-16 10:42:26.8907639,2026-05-16 10:42:26.8907639
24261,1853,Savings,193011.50,INR,BR004,ACTIVE,2020-07-03,2026-05-16 10:42:26.8907639,2026-05-16 10:42:26.8907639
24262,2771,Savings,433611.97,INR,BR003,ACTIVE,2021-11-10,2026-05-16 10:42:26.8907639,2026-05-16 10:42:26.8907639
24263,1831,Savings,282753.87,INR,BR002,ACTIVE,2023-02-18,2026-05-16 10:42:26.8907639,2026-05-16 10:42:26.8907639
24264,2562,Savings,427429.15,INR,BR002,ACTIVE,2023-10-30,2026-05-16 10:42:26.8907639,2026-05-16 10:42:26.8907639
24265,4338,Savings,74270.99,INR,BR003,ACTIVE,2024-08-10,2026-05-16 10:42:26.8907639,2026-05-16 10:42:26.8907639
24266,1973,Savings,179297.82,INR,BR001,ACTIVE,2020-01-29,2026-05-16 10:42:26.8907639,2026-05-16 10:42:26.8907639
24267,4946,Savings,278109.48,INR,BR001,ACTIVE,2022-07-12,2026-05-16 10:42:26.8907639,2026-05-16 10:42:26.8907639
24268,3677,Savings,105507.90,INR,BR004,ACTIVE,2021-01-05,2026-05-16 10:42:26.8907639,2026-05-16 10:42:26.8907639
24269,3618,Savings,64900.48,INR,BR002,ACTIVE,2020-10-21,2026-05-16 10:42:26.8907639,2026-05-16 10:42:26.8907639
24270,2294,Savings,331039.40,INR,BR003,ACTIVE,2022-01-14,2026-05-16 10:42:26.8907639,2026-05-16 10:42:26.8907639
24271,2353,Savings,371702.54,INR,BR002,ACTIVE,2023-06-09,2026-05-16 10:42:26.8907639,2026-05-16 10:42:26.8907639
24272,4527,Savings,117845.17,INR,BR002,ACTIVE,2022-12-11,2026-05-16 10:42:26.8907639,2026-05-16 10:42:26.8907639
24273,2319,Savings,114334.65,INR,BR001,ACTIVE,2024-04-16,2026-05-16 10:42:26.8907639,2026-05-16 10:42:26.8907639
24274,1122,Savings,372977.44,INR,BR002,ACTIVE,2020-12-24,2026-05-16 10:42:26.8907639,2026-05-16 10:42:26.8907639
24275,1159,Savings,59376.93,INR,BR002,ACTIVE,2022-04-06,2026-05-16 10:42:26.8907639,2026-05-16 10:42:26.8907639
24276,4250,Current,461708.48,INR,BR003,ACTIVE,2021-08-07,2026-05-16 10:42:26.8907639,2026-05-16 10:42:26.8907639
24277,4728,Current,471925.52,INR,BR003,ACTIVE,2022-08-27,2026-05-16 10:42:26.8907639,2026-05-16 10:42:26.8907639
24278,4400,Savings,435625.17,INR,BR002,ACTIVE,2020-03-28,2026-05-16 10:42:26.8907639,2026-05-16 10:42:26.8907639
24279,4952,Savings,106127.97,INR,BR002,ACTIVE,2024-03-27,2026-05-16 10:42:26.8907639,2026-05-16 10:42:26.8907639
24280,1307,Savings,9384.07,INR,BR003,ACTIVE,2022-10-22,2026-05-16 10:42:26.8907639,2026-05-16 10:42:26.8907639
24281,4983,Savings,468408.73,INR,BR001,ACTIVE,2020-01-22,2026-05-16 10:42:26.8907639,2026-05-16 10:42:26.8907639
24282,2113,Current,206232.49,INR,BR003,ACTIVE,2021-11-20,2026-05-16 10:42:26.8907639,2026-05-16 10:42:26.8907639
24283,1751,Savings,155894.72,INR,BR003,ACTIVE,2022-10-21,2026-05-16 10:42:26.8907639,2026-05-16 10:42:26.8907639
24284,2062,Savings,131577.11,INR,BR003,ACTIVE,2021-09-15,2026-05-16 10:42:26.8907639,2026-05-16 10:42:26.8907639
24285,2897,Savings,123023.55,INR,BR003,ACTIVE,2023-10-09,2026-05-16 10:42:26.8907639,2026-05-16 10:42:26.8907639
24286,1591,Savings,367542.09,INR,BR003,ACTIVE,2024-05-19,2026-05-16 10:42:26.8907639,2026-05-16 10:42:26.8907639
24287,2881,Savings,454038.92,INR,BR001,ACTIVE,2022-09-03,2026-05-16 10:42:26.8907639,2026-05-16 10:42:26.8907639
24288,4911,Savings,393242.13,INR,BR004,ACTIVE,2021-12-06,2026-05-16 10:42:26.8907639,2026-05-16 10:42:26.8907639
24289,1346,Savings,337379.88,INR,BR003,ACTIVE,2021-10-30,2026-05-16 10:42:26.8907639,2026-05-16 10:42:26.8907639
24290,4324,Current,144591.02,INR,BR003,ACTIVE,2021-11-22,2026-05-16 10:42:26.8907639,2026-05-16 10:42:26.8907639
24291,4912,Savings,273934.77,INR,BR001,ACTIVE,2021-04-14,2026-05-16 10:42:26.8907639,2026-05-16 10:42:26.8907639
24292,1149,Current,119246.62,INR,BR004,ACTIVE,2021-01-03,2026-05-16 10:42:26.8907639,2026-05-16 10:42:26.8907639
24293,2040,Current,56642.04,INR,BR002,ACTIVE,2024-04-27,2026-05-16 10:42:26.8907639,2026-05-16 10:42:26.8907639
24294,2391,Current,61026.19,INR,BR001,ACTIVE,2020-01-11,2026-05-16 10:42:26.8907639,2026-05-16 10:42:26.8907639
24295,3883,Savings,302280.78,INR,BR003,ACTIVE,2022-02-13,2026-05-16 10:42:26.8907639,2026-05-16 10:42:26.8907639
24296,4905,Savings,20201.35,INR,BR002,ACTIVE,2024-06-18,2026-05-16 10:42:26.8907639,2026-05-16 10:42:26.8907639
24297,1781,Savings,486653.99,INR,BR001,ACTIVE,2020-05-30,2026-05-16 10:42:26.8907639,2026-05-16 10:42:26.8907639
24298,1118,Current,497737.77,INR,BR002,ACTIVE,2021-10-27,2026-05-16 10:42:26.8907639,2026-05-16 10:42:26.8907639
24299,1704,Current,75562.92,INR,BR001,ACTIVE,2023-03-13,2026-05-16 10:42:26.8907639,2026-05-16 10:42:26.8907639
24300,3365,Savings,214223.90,INR,BR001,ACTIVE,2021-10-20,2026-05-16 10:42:26.8907639,2026-05-16 10:42:26.8907639
24301,1288,Savings,384269.93,INR,BR002,ACTIVE,2020-03-06,2026-05-16 10:42:26.8907639,2026-05-16 10:42:26.8907639
24302,3956,Savings,477578.35,INR,BR004,ACTIVE,2023-02-07,2026-05-16 10:42:26.8907639,2026-05-16 10:42:26.8907639
24303,2375,Savings,482529.07,INR,BR002,ACTIVE,2023-07-10,2026-05-16 10:42:26.8907639,2026-05-16 10:42:26.8907639
24304,3345,Current,132150.48,INR,BR002,ACTIVE,2023-03-27,2026-05-16 10:42:26.8907639,2026-05-16 10:42:26.8907639
24305,4266,Current,43513.27,INR,BR004,ACTIVE,2022-09-11,2026-05-16 10:42:26.8907639,2026-05-16 10:42:26.8907639
24306,3025,Savings,145075.95,INR,BR002,ACTIVE,2024-11-17,2026-05-16 10:42:26.8907639,2026-05-16 10:42:26.8907639
24307,4464,Savings,232357.47,INR,BR004,ACTIVE,2020-06-10,2026-05-16 10:42:26.8907639,2026-05-16 10:42:26.8907639
24308,1443,Savings,180609.22,INR,BR004,ACTIVE,2020-11-06,2026-05-16 10:42:26.8907639,2026-05-16 10:42:26.8907639
24309,4353,Savings,427268.69,INR,BR004,ACTIVE,2022-06-10,2026-05-16 10:42:26.8907639,2026-05-16 10:42:26.8907639
24310,1901,Current,129636.16,INR,BR003,ACTIVE,2023-09-27,2026-05-16 10:42:26.8907639,2026-05-16 10:42:26.8907639
24311,1301,Current,429459.92,INR,BR001,ACTIVE,2021-02-07,2026-05-16 10:42:26.8907639,2026-05-16 10:42:26.8907639
24312,3946,Savings,113591.58,INR,BR003,ACTIVE,2023-01-23,2026-05-16 10:42:26.8907639,2026-05-16 10:42:26.8907639
24313,3474,Savings,181314.67,INR,BR001,ACTIVE,2025-01-01,2026-05-16 10:42:26.8907639,2026-05-16 10:42:26.8907639
24314,1250,Savings,224456.72,INR,BR003,ACTIVE,2024-11-01,2026-05-16 10:42:26.8907639,2026-05-16 10:42:26.8907639
24315,2958,Current,146317.85,INR,BR004,ACTIVE,2024-02-20,2026-05-16 10:42:26.8907639,2026-05-16 10:42:26.8907639
24316,2767,Savings,383419.75,INR,BR003,ACTIVE,2023-11-27,2026-05-16 10:42:26.8907639,2026-05-16 10:42:26.8907639
24317,2539,Savings,205364.06,INR,BR001,ACTIVE,2021-08-31,2026-05-16 10:42:26.8907639,2026-05-16 10:42:26.8907639
24318,1686,Savings,443625.86,INR,BR003,ACTIVE,2022-02-03,2026-05-16 10:42:26.8907639,2026-05-16 10:42:26.8907639
24319,3800,Current,481830.74,INR,BR002,ACTIVE,2021-04-08,2026-05-16 10:42:26.8907639,2026-05-16 10:42:26.8907639
24320,1998,Savings,430043.77,INR,BR002,ACTIVE,2022-04-11,2026-05-16 10:42:26.8907639,2026-05-16 10:42:26.8907639
24321,1406,Savings,275501.99,INR,BR004,ACTIVE,2021-12-21,2026-05-16 10:42:26.8907639,2026-05-16 10:42:26.8907639
24322,4688,Savings,255394.39,INR,BR003,ACTIVE,2020-09-09,2026-05-16 10:42:26.8907639,2026-05-16 10:42:26.8907639
24323,3849,Savings,108720.45,INR,BR003,ACTIVE,2020-06-16,2026-05-16 10:42:26.8907639,2026-05-16 10:42:26.8907639
24324,1244,Savings,296546.55,INR,BR001,ACTIVE,2022-11-14,2026-05-16 10:42:26.8907639,2026-05-16 10:42:26.8907639
24325,4872,Savings,476410.14,INR,BR001,ACTIVE,2023-06-24,2026-05-16 10:42:26.8907639,2026-05-16 10:42:26.8907639
24326,3415,Savings,41222.66,INR,BR003,ACTIVE,2024-04-22,2026-05-16 10:42:26.8907639,2026-05-16 10:42:26.8907639
24327,4857,Savings,376476.25,INR,BR001,ACTIVE,2023-03-02,2026-05-16 10:42:26.8907639,2026-05-16 10:42:26.8907639
24328,3168,Savings,478074.70,INR,BR002,ACTIVE,2020-02-02,2026-05-16 10:42:26.8907639,2026-05-16 10:42:26.8907639
24329,3898,Current,493365.04,INR,BR002,ACTIVE,2021-12-23,2026-05-16 10:42:26.8907639,2026-05-16 10:42:26.8907639
24330,4512,Savings,168044.10,INR,BR004,ACTIVE,2021-05-26,2026-05-16 10:42:26.8907639,2026-05-16 10:42:26.8907639
24331,4843,Current,178431.50,INR,BR002,ACTIVE,2022-03-31,2026-05-16 10:42:26.8907639,2026-05-16 10:42:26.8907639
24332,4576,Savings,115657.85,INR,BR001,ACTIVE,2023-04-17,2026-05-16 10:42:26.8907639,2026-05-16 10:42:26.8907639
24333,2606,Savings,407349.21,INR,BR001,ACTIVE,2023-11-16,2026-05-16 10:42:26.8907639,2026-05-16 10:42:26.8907639
24334,1433,Savings,70879.76,INR,BR001,ACTIVE,2023-12-28,2026-05-16 10:42:26.8907639,2026-05-16 10:42:26.8907639
24335,1183,Savings,134615.71,INR,BR001,ACTIVE,2020-12-03,2026-05-16 10:42:26.8907639,2026-05-16 10:42:26.8907639
24336,2485,Savings,148335.92,INR,BR003,ACTIVE,2022-04-21,2026-05-16 10:42:26.8907639,2026-05-16 10:42:26.8907639
24337,3807,Savings,188090.38,INR,BR003,ACTIVE,2022-06-25,2026-05-16 10:42:26.8907639,2026-05-16 10:42:26.8907639
24338,2142,Savings,238782.80,INR,BR003,ACTIVE,2023-07-29,2026-05-16 10:42:26.8907639,2026-05-16 10:42:26.8907639
24339,1031,Current,279953.46,INR,BR003,ACTIVE,2024-11-10,2026-05-16 10:42:26.8907639,2026-05-16 10:42:26.8907639
24340,4025,Savings,474238.29,INR,BR002,ACTIVE,2024-01-23,2026-05-16 10:42:26.8907639,2026-05-16 10:42:26.8907639
24341,2173,Savings,124392.59,INR,BR001,ACTIVE,2021-02-04,2026-05-16 10:42:26.8907639,2026-05-16 10:42:26.8907639
24342,3576,Savings,389831.07,INR,BR002,ACTIVE,2022-10-19,2026-05-16 10:42:26.8907639,2026-05-16 10:42:26.8907639
24343,2297,Current,338518.75,INR,BR001,ACTIVE,2023-11-22,2026-05-16 10:42:26.8907639,2026-05-16 10:42:26.8907639
24344,3912,Savings,58909.06,INR,BR003,ACTIVE,2020-02-25,2026-05-16 10:42:26.8907639,2026-05-16 10:42:26.8907639
24345,4457,Savings,405378.00,INR,BR002,ACTIVE,2020-02-27,2026-05-16 10:42:26.8907639,2026-05-16 10:42:26.8907639
24346,2904,Savings,46215.28,INR,BR001,ACTIVE,2022-06-25,2026-05-16 10:42:26.8907639,2026-05-16 10:42:26.8907639
24347,1102,Current,369724.19,INR,BR003,ACTIVE,2024-12-19,2026-05-16 10:42:26.8907639,2026-05-16 10:42:26.8907639
24348,2096,Savings,358177.59,INR,BR004,ACTIVE,2022-08-23,2026-05-16 10:42:26.8907639,2026-05-16 10:42:26.8907639
24349,2729,Current,345011.53,INR,BR001,ACTIVE,2022-05-11,2026-05-16 10:42:26.8907639,2026-05-16 10:42:26.8907639
24350,4906,Savings,139069.48,INR,BR004,ACTIVE,2021-07-27,2026-05-16 10:42:26.8907639,2026-05-16 10:42:26.8907639
24351,3671,Savings,287110.13,INR,BR001,ACTIVE,2024-07-24,2026-05-16 10:42:26.8907639,2026-05-16 10:42:26.8907639
24352,3853,Savings,381027.32,INR,BR003,ACTIVE,2023-06-27,2026-05-16 10:42:26.8907639,2026-05-16 10:42:26.8907639
24353,3456,Savings,319158.38,INR,BR002,ACTIVE,2023-01-17,2026-05-16 10:42:26.8907639,2026-05-16 10:42:26.8907639
24354,4419,Savings,402348.55,INR,BR001,ACTIVE,2024-07-27,2026-05-16 10:42:26.8907639,2026-05-16 10:42:26.8907639
24355,4924,Savings,344253.30,INR,BR004,ACTIVE,2021-01-27,2026-05-16 10:42:26.8907639,2026-05-16 10:42:26.8907639
24356,2391,Savings,137950.49,INR,BR003,ACTIVE,2021-05-17,2026-05-16 10:42:26.8907639,2026-05-16 10:42:26.8907639
24357,1830,Savings,77375.22,INR,BR001,ACTIVE,2023-12-01,2026-05-16 10:42:26.8907639,2026-05-16 10:42:26.8907639
24358,3837,Savings,316357.51,INR,BR004,ACTIVE,2021-02-19,2026-05-16 10:42:26.8907639,2026-05-16 10:42:26.8907639
24359,1618,Savings,380119.43,INR,BR001,ACTIVE,2023-05-13,2026-05-16 10:42:26.8907639,2026-05-16 10:42:26.8907639
24360,3597,Savings,72019.15,INR,BR004,ACTIVE,2024-04-23,2026-05-16 10:42:26.8907639,2026-05-16 10:42:26.8907639
24361,1291,Savings,88235.41,INR,BR001,ACTIVE,2020-12-08,2026-05-16 10:42:26.8907639,2026-05-16 10:42:26.8907639
24362,3470,Savings,7022.60,INR,BR002,ACTIVE,2024-08-05,2026-05-16 10:42:26.8907639,2026-05-16 10:42:26.8907639
24363,1181,Savings,266342.84,INR,BR002,ACTIVE,2023-03-01,2026-05-16 10:42:26.8907639,2026-05-16 10:42:26.8907639
24364,3703,Current,271603.23,INR,BR002,ACTIVE,2024-08-26,2026-05-16 10:42:26.8907639,2026-05-16 10:42:26.8907639
24365,3162,Savings,250537.82,INR,BR002,ACTIVE,2024-08-29,2026-05-16 10:42:26.8907639,2026-05-16 10:42:26.8907639
24366,2262,Savings,158689.00,INR,BR003,ACTIVE,2024-06-10,2026-05-16 10:42:26.8907639,2026-05-16 10:42:26.8907639
24367,4166,Savings,214477.81,INR,BR002,ACTIVE,2024-03-01,2026-05-16 10:42:26.8907639,2026-05-16 10:42:26.8907639
24368,1260,Savings,383352.15,INR,BR001,ACTIVE,2024-04-21,2026-05-16 10:42:26.8907639,2026-05-16 10:42:26.8907639
24369,4179,Savings,91716.64,INR,BR003,ACTIVE,2021-07-07,2026-05-16 10:42:26.8907639,2026-05-16 10:42:26.8907639
24370,3292,Current,101572.40,INR,BR001,ACTIVE,2022-07-30,2026-05-16 10:42:26.8907639,2026-05-16 10:42:26.8907639
24371,3471,Savings,378712.38,INR,BR004,ACTIVE,2020-12-25,2026-05-16 10:42:26.8907639,2026-05-16 10:42:26.8907639
24372,1335,Savings,433583.54,INR,BR002,ACTIVE,2024-02-16,2026-05-16 10:42:26.8907639,2026-05-16 10:42:26.8907639
24373,2047,Savings,170856.34,INR,BR001,ACTIVE,2023-11-19,2026-05-16 10:42:26.8907639,2026-05-16 10:42:26.8907639
24374,2897,Savings,466439.42,INR,BR001,ACTIVE,2024-11-15,2026-05-16 10:42:26.8907639,2026-05-16 10:42:26.8907639
24375,1271,Savings,29780.36,INR,BR001,ACTIVE,2021-06-25,2026-05-16 10:42:26.8907639,2026-05-16 10:42:26.8907639
24376,4212,Current,60141.14,INR,BR004,ACTIVE,2021-01-17,2026-05-16 10:42:26.8907639,2026-05-16 10:42:26.8907639
24377,4538,Current,230519.85,INR,BR004,ACTIVE,2023-02-07,2026-05-16 10:42:26.8907639,2026-05-16 10:42:26.8907639
24378,3502,Savings,382965.50,INR,BR004,ACTIVE,2021-03-18,2026-05-16 10:42:26.8907639,2026-05-16 10:42:26.8907639
24379,2408,Savings,186047.65,INR,BR001,ACTIVE,2024-03-18,2026-05-16 10:42:26.8907639,2026-05-16 10:42:26.8907639
24380,3642,Savings,277818.90,INR,BR004,ACTIVE,2021-04-07,2026-05-16 10:42:26.8907639,2026-05-16 10:42:26.8907639
24381,2401,Savings,15256.77,INR,BR002,ACTIVE,2024-10-25,2026-05-16 10:42:26.8907639,2026-05-16 10:42:26.8907639
24382,2010,Current,231455.32,INR,BR004,ACTIVE,2024-01-29,2026-05-16 10:42:26.8907639,2026-05-16 10:42:26.8907639
24383,2462,Savings,122045.19,INR,BR004,ACTIVE,2024-10-18,2026-05-16 10:42:26.8907639,2026-05-16 10:42:26.8907639
24384,3904,Savings,306576.03,INR,BR001,ACTIVE,2023-12-10,2026-05-16 10:42:26.8907639,2026-05-16 10:42:26.8907639
24385,4494,Current,263390.77,INR,BR001,ACTIVE,2022-04-28,2026-05-16 10:42:26.8907639,2026-05-16 10:42:26.8907639
24386,4228,Savings,376826.31,INR,BR001,ACTIVE,2024-10-02,2026-05-16 10:42:26.8907639,2026-05-16 10:42:26.8907639
24387,4407,Savings,270380.97,INR,BR001,ACTIVE,2020-01-14,2026-05-16 10:42:26.8907639,2026-05-16 10:42:26.8907639
24388,4603,Savings,307520.32,INR,BR002,ACTIVE,2022-08-30,2026-05-16 10:42:26.8907639,2026-05-16 10:42:26.8907639
24389,2605,Savings,265293.64,INR,BR001,ACTIVE,2023-08-19,2026-05-16 10:42:26.8907639,2026-05-16 10:42:26.8907639
24390,1132,Savings,495198.34,INR,BR003,ACTIVE,2024-01-20,2026-05-16 10:42:26.8907639,2026-05-16 10:42:26.8907639
24391,3816,Savings,396018.06,INR,BR003,ACTIVE,2021-04-08,2026-05-16 10:42:26.8907639,2026-05-16 10:42:26.8907639
24392,2745,Savings,378066.87,INR,BR001,ACTIVE,2022-05-30,2026-05-16 10:42:26.8907639,2026-05-16 10:42:26.8907639
24393,3549,Savings,314002.47,INR,BR001,ACTIVE,2022-06-08,2026-05-16 10:42:26.8907639,2026-05-16 10:42:26.8907639
24394,2546,Savings,264656.98,INR,BR002,ACTIVE,2022-05-20,2026-05-16 10:42:26.8907639,2026-05-16 10:42:26.8907639
24395,4212,Current,173033.81,INR,BR003,ACTIVE,2021-06-20,2026-05-16 10:42:26.8907639,2026-05-16 10:42:26.8907639
24396,1135,Savings,392200.00,INR,BR004,ACTIVE,2020-07-22,2026-05-16 10:42:26.8907639,2026-05-16 10:42:26.8907639
24397,1767,Current,95614.97,INR,BR002,ACTIVE,2023-04-17,2026-05-16 10:42:26.8907639,2026-05-16 10:42:26.8907639
24398,3860,Savings,19237.90,INR,BR004,ACTIVE,2023-07-11,2026-05-16 10:42:26.8907639,2026-05-16 10:42:26.8907639
24399,4479,Savings,349387.85,INR,BR001,ACTIVE,2023-11-08,2026-05-16 10:42:26.8907639,2026-05-16 10:42:26.8907639
24400,1770,Savings,73281.00,INR,BR003,ACTIVE,2021-01-28,2026-05-16 10:42:26.8907639,2026-05-16 10:42:26.8907639
24401,3142,Savings,452009.22,INR,BR004,ACTIVE,2024-01-14,2026-05-16 10:42:26.8907639,2026-05-16 10:42:26.8907639
24402,2908,Current,385570.01,INR,BR003,ACTIVE,2023-05-18,2026-05-16 10:42:26.8907639,2026-05-16 10:42:26.8907639
24403,2265,Savings,301519.94,INR,BR004,ACTIVE,2022-11-13,2026-05-16 10:42:26.8907639,2026-05-16 10:42:26.8907639
24404,2773,Savings,157648.40,INR,BR002,ACTIVE,2024-10-04,2026-05-16 10:42:26.8907639,2026-05-16 10:42:26.8907639
24405,1165,Savings,368158.40,INR,BR001,ACTIVE,2023-01-20,2026-05-16 10:42:26.8907639,2026-05-16 10:42:26.8907639
24406,1325,Savings,238951.49,INR,BR003,ACTIVE,2024-05-30,2026-05-16 10:42:26.8907639,2026-05-16 10:42:26.8907639
24407,4732,Current,146283.09,INR,BR002,ACTIVE,2023-07-17,2026-05-16 10:42:26.8907639,2026-05-16 10:42:26.8907639
24408,4290,Current,472594.41,INR,BR003,ACTIVE,2020-02-07,2026-05-16 10:42:26.8907639,2026-05-16 10:42:26.8907639
24409,3988,Savings,96323.01,INR,BR004,ACTIVE,2024-11-22,2026-05-16 10:42:26.8907639,2026-05-16 10:42:26.8907639
24410,1620,Savings,376938.49,INR,BR004,ACTIVE,2020-11-24,2026-05-16 10:42:26.8907639,2026-05-16 10:42:26.8907639
24411,1231,Savings,400219.25,INR,BR001,ACTIVE,2023-01-16,2026-05-16 10:42:26.8907639,2026-05-16 10:42:26.8907639
24412,3630,Savings,475945.51,INR,BR004,ACTIVE,2020-09-13,2026-05-16 10:42:26.8907639,2026-05-16 10:42:26.8907639
24413,3781,Savings,275158.80,INR,BR001,ACTIVE,2023-07-07,2026-05-16 10:42:26.8907639,2026-05-16 10:42:26.8907639
24414,4658,Savings,267902.71,INR,BR001,ACTIVE,2023-03-29,2026-05-16 10:42:26.8907639,2026-05-16 10:42:26.8907639
24415,2203,Savings,460224.32,INR,BR002,ACTIVE,2020-04-09,2026-05-16 10:42:26.8907639,2026-05-16 10:42:26.8907639
24416,4152,Savings,400745.54,INR,BR001,ACTIVE,2020-12-01,2026-05-16 10:42:26.8907639,2026-05-16 10:42:26.8907639
24417,2378,Savings,382054.60,INR,BR002,ACTIVE,2021-03-04,2026-05-16 10:42:26.8907639,2026-05-16 10:42:26.8907639
24418,3719,Savings,394779.39,INR,BR003,ACTIVE,2023-07-21,2026-05-16 10:42:26.8907639,2026-05-16 10:42:26.8907639
24419,2892,Savings,247097.36,INR,BR004,ACTIVE,2023-07-13,2026-05-16 10:42:26.8907639,2026-05-16 10:42:26.8907639
24420,4753,Savings,21667.89,INR,BR004,ACTIVE,2021-07-08,2026-05-16 10:42:26.8907639,2026-05-16 10:42:26.8907639
24421,4898,Savings,99934.18,INR,BR004,ACTIVE,2023-05-27,2026-05-16 10:42:26.8907639,2026-05-16 10:42:26.8907639
24422,4973,Savings,321853.05,INR,BR001,ACTIVE,2021-10-18,2026-05-16 10:42:26.8907639,2026-05-16 10:42:26.8907639
24423,4233,Savings,198686.79,INR,BR002,ACTIVE,2024-03-06,2026-05-16 10:42:26.8907639,2026-05-16 10:42:26.8907639
24424,4499,Savings,303778.35,INR,BR002,ACTIVE,2020-12-15,2026-05-16 10:42:26.8907639,2026-05-16 10:42:26.8907639
24425,1403,Current,307464.27,INR,BR002,ACTIVE,2021-09-09,2026-05-16 10:42:26.8907639,2026-05-16 10:42:26.8907639
24426,4104,Savings,237016.04,INR,BR001,ACTIVE,2024-11-27,2026-05-16 10:42:26.8907639,2026-05-16 10:42:26.8907639
24427,3169,Savings,118129.28,INR,BR004,ACTIVE,2022-01-15,2026-05-16 10:42:26.8907639,2026-05-16 10:42:26.8907639
24428,3775,Current,359760.99,INR,BR004,ACTIVE,2020-09-15,2026-05-16 10:42:26.8907639,2026-05-16 10:42:26.8907639
24429,4587,Savings,454613.52,INR,BR002,ACTIVE,2023-05-19,2026-05-16 10:42:26.8907639,2026-05-16 10:42:26.8907639
24430,1385,Savings,385211.90,INR,BR001,ACTIVE,2022-04-24,2026-05-16 10:42:26.8907639,2026-05-16 10:42:26.8907639
24431,2764,Savings,60899.08,INR,BR004,ACTIVE,2022-12-28,2026-05-16 10:42:26.8907639,2026-05-16 10:42:26.8907639
24432,2449,Savings,269436.92,INR,BR001,ACTIVE,2021-05-23,2026-05-16 10:42:26.8907639,2026-05-16 10:42:26.8907639
24433,3524,Savings,417847.73,INR,BR003,ACTIVE,2020-03-16,2026-05-16 10:42:26.8907639,2026-05-16 10:42:26.8907639
24434,3608,Savings,295899.91,INR,BR003,ACTIVE,2022-11-25,2026-05-16 10:42:26.8907639,2026-05-16 10:42:26.8907639
24435,2191,Savings,220345.01,INR,BR001,ACTIVE,2020-06-20,2026-05-16 10:42:26.8907639,2026-05-16 10:42:26.8907639
24436,1389,Savings,142988.63,INR,BR003,ACTIVE,2021-06-30,2026-05-16 10:42:26.8907639,2026-05-16 10:42:26.8907639
24437,4405,Savings,165864.98,INR,BR004,ACTIVE,2021-11-07,2026-05-16 10:42:26.8907639,2026-05-16 10:42:26.8907639
24438,2547,Savings,121836.26,INR,BR002,ACTIVE,2022-03-19,2026-05-16 10:42:26.8907639,2026-05-16 10:42:26.8907639
24439,2774,Savings,98667.50,INR,BR001,ACTIVE,2024-08-02,2026-05-16 10:42:26.8907639,2026-05-16 10:42:26.8907639
24440,1790,Savings,294843.71,INR,BR003,ACTIVE,2020-03-07,2026-05-16 10:42:26.8907639,2026-05-16 10:42:26.8907639
24441,3801,Savings,255183.02,INR,BR002,ACTIVE,2021-03-28,2026-05-16 10:42:26.8907639,2026-05-16 10:42:26.8907639
24442,2495,Savings,367681.71,INR,BR004,ACTIVE,2024-07-31,2026-05-16 10:42:26.8907639,2026-05-16 10:42:26.8907639
24443,3752,Savings,154656.84,INR,BR004,ACTIVE,2020-12-11,2026-05-16 10:42:26.8907639,2026-05-16 10:42:26.8907639
24444,2548,Savings,230951.22,INR,BR001,ACTIVE,2022-09-28,2026-05-16 10:42:26.8907639,2026-05-16 10:42:26.8907639
24445,3101,Savings,340504.74,INR,BR002,ACTIVE,2023-06-01,2026-05-16 10:42:26.8907639,2026-05-16 10:42:26.8907639
24446,3615,Savings,481653.66,INR,BR004,ACTIVE,2022-09-25,2026-05-16 10:42:26.8907639,2026-05-16 10:42:26.8907639
24447,1821,Current,188560.99,INR,BR001,ACTIVE,2023-08-01,2026-05-16 10:42:26.8907639,2026-05-16 10:42:26.8907639
24448,2045,Current,149806.23,INR,BR003,ACTIVE,2020-01-06,2026-05-16 10:42:26.8907639,2026-05-16 10:42:26.8907639
24449,2043,Savings,225194.90,INR,BR002,ACTIVE,2021-06-05,2026-05-16 10:42:26.8907639,2026-05-16 10:42:26.8907639
24450,2880,Savings,362213.11,INR,BR004,ACTIVE,2021-12-09,2026-05-16 10:42:26.8907639,2026-05-16 10:42:26.8907639
24451,1862,Savings,480813.60,INR,BR003,ACTIVE,2023-11-27,2026-05-16 10:42:26.8907639,2026-05-16 10:42:26.8907639
24452,2480,Savings,316887.09,INR,BR002,ACTIVE,2020-01-23,2026-05-16 10:42:26.8907639,2026-05-16 10:42:26.8907639
24453,3370,Savings,406407.68,INR,BR002,ACTIVE,2021-03-21,2026-05-16 10:42:26.8907639,2026-05-16 10:42:26.8907639
24454,3875,Savings,232735.50,INR,BR002,ACTIVE,2024-10-15,2026-05-16 10:42:26.8907639,2026-05-16 10:42:26.8907639
24455,3481,Savings,20888.71,INR,BR004,ACTIVE,2022-01-16,2026-05-16 10:42:26.8907639,2026-05-16 10:42:26.8907639
24456,4131,Current,447211.44,INR,BR002,ACTIVE,2022-12-31,2026-05-16 10:42:26.8907639,2026-05-16 10:42:26.8907639
24457,4223,Savings,145649.17,INR,BR003,ACTIVE,2021-12-11,2026-05-16 10:42:26.8907639,2026-05-16 10:42:26.8907639
24458,2795,Savings,70194.16,INR,BR004,ACTIVE,2023-11-21,2026-05-16 10:42:26.8907639,2026-05-16 10:42:26.8907639
24459,2464,Savings,498084.59,INR,BR002,ACTIVE,2021-06-19,2026-05-16 10:42:26.8907639,2026-05-16 10:42:26.8907639
24460,2908,Savings,216032.43,INR,BR003,ACTIVE,2024-05-25,2026-05-16 10:42:26.8907639,2026-05-16 10:42:26.8907639
24461,3106,Savings,69132.60,INR,BR004,ACTIVE,2022-02-12,2026-05-16 10:42:26.8907639,2026-05-16 10:42:26.8907639
24462,4066,Current,156459.55,INR,BR002,ACTIVE,2022-12-28,2026-05-16 10:42:26.8907639,2026-05-16 10:42:26.8907639
24463,4800,Current,257404.98,INR,BR001,ACTIVE,2024-12-16,2026-05-16 10:42:26.8907639,2026-05-16 10:42:26.8907639
24464,4646,Savings,44890.59,INR,BR001,ACTIVE,2024-05-05,2026-05-16 10:42:26.8907639,2026-05-16 10:42:26.8907639
24465,4730,Savings,176957.80,INR,BR002,ACTIVE,2025-01-19,2026-05-16 10:42:26.8907639,2026-05-16 10:42:26.8907639
24466,4966,Savings,334759.35,INR,BR001,ACTIVE,2024-02-17,2026-05-16 10:42:26.8907639,2026-05-16 10:42:26.8907639
24467,1751,Current,458050.07,INR,BR004,ACTIVE,2023-11-17,2026-05-16 10:42:26.8907639,2026-05-16 10:42:26.8907639
24468,2317,Current,199321.40,INR,BR002,ACTIVE,2024-11-10,2026-05-16 10:42:26.8907639,2026-05-16 10:42:26.8907639
24469,1182,Savings,282717.56,INR,BR003,ACTIVE,2020-03-28,2026-05-16 10:42:26.8907639,2026-05-16 10:42:26.8907639
24470,2905,Savings,318395.04,INR,BR001,ACTIVE,2022-03-05,2026-05-16 10:42:26.8907639,2026-05-16 10:42:26.8907639
24471,3655,Savings,36305.99,INR,BR002,ACTIVE,2024-12-09,2026-05-16 10:42:26.8907639,2026-05-16 10:42:26.8907639
24472,4150,Savings,171770.30,INR,BR004,ACTIVE,2020-09-08,2026-05-16 10:42:26.8907639,2026-05-16 10:42:26.8907639
24473,1961,Current,342442.75,INR,BR002,ACTIVE,2020-05-22,2026-05-16 10:42:26.8907639,2026-05-16 10:42:26.8907639
24474,4726,Savings,368094.88,INR,BR003,ACTIVE,2021-01-15,2026-05-16 10:42:26.8907639,2026-05-16 10:42:26.8907639
24475,1105,Current,178620.10,INR,BR003,ACTIVE,2021-11-06,2026-05-16 10:42:26.8907639,2026-05-16 10:42:26.8907639
24476,2285,Savings,39240.43,INR,BR002,ACTIVE,2024-12-20,2026-05-16 10:42:26.8907639,2026-05-16 10:42:26.8907639
24477,3655,Savings,4425.93,INR,BR002,ACTIVE,2023-05-11,2026-05-16 10:42:26.8907639,2026-05-16 10:42:26.8907639
24478,4295,Savings,269521.89,INR,BR002,ACTIVE,2022-06-19,2026-05-16 10:42:26.8907639,2026-05-16 10:42:26.8907639
24479,1990,Savings,288569.83,INR,BR002,ACTIVE,2022-05-02,2026-05-16 10:42:26.8907639,2026-05-16 10:42:26.8907639
24480,1484,Savings,278304.00,INR,BR004,ACTIVE,2021-09-10,2026-05-16 10:42:26.8907639,2026-05-16 10:42:26.8907639
24481,2726,Savings,361154.78,INR,BR002,ACTIVE,2023-08-19,2026-05-16 10:42:26.8907639,2026-05-16 10:42:26.8907639
24482,3177,Savings,460713.43,INR,BR004,ACTIVE,2021-02-22,2026-05-16 10:42:26.8907639,2026-05-16 10:42:26.8907639
24483,3367,Savings,495094.93,INR,BR002,ACTIVE,2022-05-31,2026-05-16 10:42:26.8907639,2026-05-16 10:42:26.8907639
24484,1707,Savings,350832.31,INR,BR004,ACTIVE,2020-04-25,2026-05-16 10:42:26.8907639,2026-05-16 10:42:26.8907639
24485,3557,Current,257485.36,INR,BR003,ACTIVE,2020-01-17,2026-05-16 10:42:26.8907639,2026-05-16 10:42:26.8907639
24486,1020,Savings,72575.38,INR,BR001,ACTIVE,2022-12-04,2026-05-16 10:42:26.8907639,2026-05-16 10:42:26.8907639
24487,4883,Savings,192703.41,INR,BR002,ACTIVE,2020-09-21,2026-05-16 10:42:26.8907639,2026-05-16 10:42:26.8907639
24488,1752,Savings,286655.88,INR,BR002,ACTIVE,2024-08-08,2026-05-16 10:42:26.8907639,2026-05-16 10:42:26.8907639
24489,1235,Savings,499904.43,INR,BR003,ACTIVE,2022-02-21,2026-05-16 10:42:26.8907639,2026-05-16 10:42:26.8907639
24490,2621,Savings,99012.43,INR,BR001,ACTIVE,2022-10-28,2026-05-16 10:42:26.8907639,2026-05-16 10:42:26.8907639
24491,1606,Current,396745.16,INR,BR003,ACTIVE,2020-03-01,2026-05-16 10:42:26.8907639,2026-05-16 10:42:26.8907639
24492,1554,Savings,499471.16,INR,BR003,ACTIVE,2024-11-09,2026-05-16 10:42:26.8907639,2026-05-16 10:42:26.8907639
24493,2900,Savings,402840.35,INR,BR002,ACTIVE,2023-11-19,2026-05-16 10:42:26.8907639,2026-05-16 10:42:26.8907639
24494,4422,Savings,383804.94,INR,BR002,ACTIVE,2022-03-22,2026-05-16 10:42:26.8907639,2026-05-16 10:42:26.8907639
24495,3501,Savings,130081.89,INR,BR003,ACTIVE,2022-08-11,2026-05-16 10:42:26.8907639,2026-05-16 10:42:26.8907639
24496,1586,Current,2677.89,INR,BR002,ACTIVE,2021-07-08,2026-05-16 10:42:26.8907639,2026-05-16 10:42:26.8907639
24497,1984,Current,113767.56,INR,BR002,ACTIVE,2021-11-18,2026-05-16 10:42:26.8907639,2026-05-16 10:42:26.8907639
24498,4949,Savings,395110.26,INR,BR002,ACTIVE,2024-02-26,2026-05-16 10:42:26.8907639,2026-05-16 10:42:26.8907639
24499,4581,Savings,54533.32,INR,BR001,ACTIVE,2025-01-06,2026-05-16 10:42:26.8907639,2026-05-16 10:42:26.8907639
24500,2651,Savings,148763.07,INR,BR001,ACTIVE,2023-06-27,2026-05-16 10:42:26.8907639,2026-05-16 10:42:26.8907639
24501,5011,Savings,444121.90,INR,BR001,ACTIVE,2025-02-26,2026-05-16 10:43:23.8820092,2026-05-16 10:43:23.8820092
24502,5295,Current,197290.34,INR,BR001,ACTIVE,2025-02-15,2026-05-16 10:43:23.8820092,2026-05-16 10:43:23.8820092
24503,2223,Savings,68903.87,INR,BR005,ACTIVE,2025-02-21,2026-05-16 10:43:23.8820092,2026-05-16 10:43:23.8820092
24504,5783,Savings,293275.28,INR,BR004,ACTIVE,2025-02-06,2026-05-16 10:43:23.8820092,2026-05-16 10:43:23.8820092
24505,2477,Savings,105757.54,INR,BR004,ACTIVE,2025-02-07,2026-05-16 10:43:23.8820092,2026-05-16 10:43:23.8820092
24506,5878,Savings,33011.57,INR,BR003,ACTIVE,2025-02-12,2026-05-16 10:43:23.8820092,2026-05-16 10:43:23.8820092
24507,1941,Savings,443229.46,INR,BR005,ACTIVE,2025-02-27,2026-05-16 10:43:23.8820092,2026-05-16 10:43:23.8820092
24508,4252,Current,435549.80,INR,BR004,ACTIVE,2025-02-04,2026-05-16 10:43:23.8820092,2026-05-16 10:43:23.8820092
24509,1818,Savings,487979.17,INR,BR004,ACTIVE,2025-02-08,2026-05-16 10:43:23.8820092,2026-05-16 10:43:23.8820092
24510,4917,Savings,237528.37,INR,BR001,ACTIVE,2025-02-09,2026-05-16 10:43:23.8820092,2026-05-16 10:43:23.8820092
24511,3071,Savings,147706.60,INR,BR004,ACTIVE,2025-02-22,2026-05-16 10:43:23.8820092,2026-05-16 10:43:23.8820092
24512,1637,Current,385122.09,INR,BR004,ACTIVE,2025-02-03,2026-05-16 10:43:23.8820092,2026-05-16 10:43:23.8820092
24513,5807,Savings,91066.97,INR,BR002,ACTIVE,2025-02-22,2026-05-16 10:43:23.8820092,2026-05-16 10:43:23.8820092
24514,3377,Savings,122402.75,INR,BR001,ACTIVE,2025-02-10,2026-05-16 10:43:23.8820092,2026-05-16 10:43:23.8820092
24515,4676,Current,128585.63,INR,BR001,ACTIVE,2025-02-10,2026-05-16 10:43:23.8820092,2026-05-16 10:43:23.8820092
24516,4402,Savings,475858.09,INR,BR002,ACTIVE,2025-02-04,2026-05-16 10:43:23.8820092,2026-05-16 10:43:23.8820092
24517,3521,Current,365181.64,INR,BR001,ACTIVE,2025-02-12,2026-05-16 10:43:23.8820092,2026-05-16 10:43:23.8820092
24518,3526,Current,67713.70,INR,BR003,ACTIVE,2025-02-10,2026-05-16 10:43:23.8820092,2026-05-16 10:43:23.8820092
24519,3636,Savings,47330.09,INR,BR003,ACTIVE,2025-02-09,2026-05-16 10:43:23.8820092,2026-05-16 10:43:23.8820092
24520,5215,Savings,421564.61,INR,BR005,ACTIVE,2025-02-16,2026-05-16 10:43:23.8820092,2026-05-16 10:43:23.8820092
24521,1260,Savings,401334.89,INR,BR001,ACTIVE,2025-02-15,2026-05-16 10:43:23.8820092,2026-05-16 10:43:23.8820092
24522,3997,Current,335826.29,INR,BR001,ACTIVE,2025-02-21,2026-05-16 10:43:23.8820092,2026-05-16 10:43:23.8820092
24523,1756,Savings,98854.23,INR,BR003,ACTIVE,2025-02-22,2026-05-16 10:43:23.8820092,2026-05-16 10:43:23.8820092
24524,5102,Savings,240661.49,INR,BR005,ACTIVE,2025-02-02,2026-05-16 10:43:23.8820092,2026-05-16 10:43:23.8820092
24525,1066,Savings,301760.25,INR,BR005,ACTIVE,2025-02-26,2026-05-16 10:43:23.8820092,2026-05-16 10:43:23.8820092
24526,5078,Savings,466136.63,INR,BR003,ACTIVE,2025-02-05,2026-05-16 10:43:23.8820092,2026-05-16 10:43:23.8820092
24527,3779,Savings,85542.45,INR,BR003,ACTIVE,2025-02-13,2026-05-16 10:43:23.8820092,2026-05-16 10:43:23.8820092
24528,2170,Savings,258207.96,INR,BR002,ACTIVE,2025-02-05,2026-05-16 10:43:23.8820092,2026-05-16 10:43:23.8820092
24529,5125,Savings,79718.07,INR,BR005,ACTIVE,2025-02-08,2026-05-16 10:43:23.8820092,2026-05-16 10:43:23.8820092
24530,2667,Savings,222480.82,INR,BR005,ACTIVE,2025-02-14,2026-05-16 10:43:23.8820092,2026-05-16 10:43:23.8820092
24531,1660,Savings,100867.35,INR,BR002,ACTIVE,2025-02-10,2026-05-16 10:43:23.8820092,2026-05-16 10:43:23.8820092
24532,5996,Savings,418256.92,INR,BR003,ACTIVE,2025-02-17,2026-05-16 10:43:23.8820092,2026-05-16 10:43:23.8820092
24533,6000,Savings,128113.40,INR,BR002,ACTIVE,2025-02-26,2026-05-16 10:43:23.8820092,2026-05-16 10:43:23.8820092
24534,4542,Savings,209135.25,INR,BR002,ACTIVE,2025-02-25,2026-05-16 10:43:23.8820092,2026-05-16 10:43:23.8820092
24535,1361,Savings,204486.04,INR,BR004,ACTIVE,2025-02-24,2026-05-16 10:43:23.8820092,2026-05-16 10:43:23.8820092
24536,4798,Savings,433281.19,INR,BR005,ACTIVE,2025-02-04,2026-05-16 10:43:23.8820092,2026-05-16 10:43:23.8820092
24537,3074,Savings,379140.93,INR,BR003,ACTIVE,2025-02-12,2026-05-16 10:43:23.8820092,2026-05-16 10:43:23.8820092
24538,4362,Savings,29730.17,INR,BR004,ACTIVE,2025-02-14,2026-05-16 10:43:23.8820092,2026-05-16 10:43:23.8820092
24539,3119,Current,34476.64,INR,BR004,ACTIVE,2025-02-26,2026-05-16 10:43:23.8820092,2026-05-16 10:43:23.8820092
24540,4934,Savings,276047.43,INR,BR004,ACTIVE,2025-02-14,2026-05-16 10:43:23.8820092,2026-05-16 10:43:23.8820092
24541,4761,Current,214431.79,INR,BR003,ACTIVE,2025-02-25,2026-05-16 10:43:23.8820092,2026-05-16 10:43:23.8820092
24542,1177,Savings,138516.53,INR,BR002,ACTIVE,2025-02-03,2026-05-16 10:43:23.8820092,2026-05-16 10:43:23.8820092
24543,5041,Savings,396517.85,INR,BR003,ACTIVE,2025-02-16,2026-05-16 10:43:23.8820092,2026-05-16 10:43:23.8820092
24544,2313,Savings,65188.95,INR,BR005,ACTIVE,2025-02-02,2026-05-16 10:43:23.8820092,2026-05-16 10:43:23.8820092
24545,5671,Savings,487054.40,INR,BR005,ACTIVE,2025-02-23,2026-05-16 10:43:23.8820092,2026-05-16 10:43:23.8820092
24546,5000,Savings,13027.15,INR,BR002,ACTIVE,2025-02-19,2026-05-16 10:43:23.8820092,2026-05-16 10:43:23.8820092
24547,4048,Savings,59997.13,INR,BR003,ACTIVE,2025-02-03,2026-05-16 10:43:23.8820092,2026-05-16 10:43:23.8820092
24548,1531,Savings,156347.01,INR,BR002,ACTIVE,2025-02-25,2026-05-16 10:43:23.8820092,2026-05-16 10:43:23.8820092
24549,4556,Savings,255065.40,INR,BR002,ACTIVE,2025-02-04,2026-05-16 10:43:23.8820092,2026-05-16 10:43:23.8820092
24550,4506,Savings,108851.94,INR,BR003,ACTIVE,2025-02-18,2026-05-16 10:43:23.8820092,2026-05-16 10:43:23.8820092
24551,5589,Savings,368371.36,INR,BR005,ACTIVE,2025-02-12,2026-05-16 10:43:23.8820092,2026-05-16 10:43:23.8820092
24552,4418,Savings,179413.41,INR,BR003,ACTIVE,2025-02-25,2026-05-16 10:43:23.8820092,2026-05-16 10:43:23.8820092
24553,4651,Savings,20230.63,INR,BR005,ACTIVE,2025-02-06,2026-05-16 10:43:23.8820092,2026-05-16 10:43:23.8820092
24554,2262,Savings,438983.26,INR,BR001,ACTIVE,2025-02-08,2026-05-16 10:43:23.8820092,2026-05-16 10:43:23.8820092
24555,3887,Savings,471988.97,INR,BR001,ACTIVE,2025-02-15,2026-05-16 10:43:23.8820092,2026-05-16 10:43:23.8820092
24556,5943,Savings,309663.25,INR,BR001,ACTIVE,2025-02-17,2026-05-16 10:43:23.8820092,2026-05-16 10:43:23.8820092
24557,5389,Savings,403461.66,INR,BR004,ACTIVE,2025-02-06,2026-05-16 10:43:23.8820092,2026-05-16 10:43:23.8820092
24558,1256,Savings,61434.66,INR,BR005,ACTIVE,2025-02-04,2026-05-16 10:43:23.8820092,2026-05-16 10:43:23.8820092
24559,2779,Savings,135141.32,INR,BR005,ACTIVE,2025-02-26,2026-05-16 10:43:23.8820092,2026-05-16 10:43:23.8820092
24560,5761,Current,163290.61,INR,BR003,ACTIVE,2025-02-01,2026-05-16 10:43:23.8820092,2026-05-16 10:43:23.8820092
24561,5361,Current,480415.83,INR,BR005,ACTIVE,2025-02-22,2026-05-16 10:43:23.8820092,2026-05-16 10:43:23.8820092
24562,2981,Savings,256599.10,INR,BR003,ACTIVE,2025-02-12,2026-05-16 10:43:23.8820092,2026-05-16 10:43:23.8820092
24563,2588,Savings,4699.37,INR,BR004,ACTIVE,2025-02-02,2026-05-16 10:43:23.8820092,2026-05-16 10:43:23.8820092
24564,4553,Savings,190712.73,INR,BR003,ACTIVE,2025-02-12,2026-05-16 10:43:23.8820092,2026-05-16 10:43:23.8820092
24565,1401,Savings,4867.55,INR,BR001,ACTIVE,2025-02-25,2026-05-16 10:43:23.8820092,2026-05-16 10:43:23.8820092
24566,5873,Savings,119665.06,INR,BR003,ACTIVE,2025-02-14,2026-05-16 10:43:23.8820092,2026-05-16 10:43:23.8820092
24567,4638,Savings,227895.33,INR,BR003,ACTIVE,2025-02-08,2026-05-16 10:43:23.8820092,2026-05-16 10:43:23.8820092
24568,2215,Savings,162373.13,INR,BR003,ACTIVE,2025-02-02,2026-05-16 10:43:23.8820092,2026-05-16 10:43:23.8820092
24569,2148,Current,17334.37,INR,BR005,ACTIVE,2025-02-21,2026-05-16 10:43:23.8820092,2026-05-16 10:43:23.8820092
24570,4949,Current,59051.53,INR,BR002,ACTIVE,2025-02-23,2026-05-16 10:43:23.8820092,2026-05-16 10:43:23.8820092
24571,3451,Current,275892.39,INR,BR002,ACTIVE,2025-02-21,2026-05-16 10:43:23.8820092,2026-05-16 10:43:23.8820092
24572,4394,Savings,348106.85,INR,BR002,ACTIVE,2025-02-14,2026-05-16 10:43:23.8820092,2026-05-16 10:43:23.8820092
24573,4143,Current,202869.96,INR,BR005,ACTIVE,2025-02-12,2026-05-16 10:43:23.8820092,2026-05-16 10:43:23.8820092
24574,1874,Savings,366009.39,INR,BR001,ACTIVE,2025-02-26,2026-05-16 10:43:23.8820092,2026-05-16 10:43:23.8820092
24575,1374,Savings,82503.11,INR,BR002,ACTIVE,2025-02-10,2026-05-16 10:43:23.8820092,2026-05-16 10:43:23.8820092
24576,2195,Current,61906.92,INR,BR002,ACTIVE,2025-02-18,2026-05-16 10:43:23.8820092,2026-05-16 10:43:23.8820092
24577,4528,Current,419887.40,INR,BR004,ACTIVE,2025-02-16,2026-05-16 10:43:23.8820092,2026-05-16 10:43:23.8820092
24578,5958,Savings,170267.46,INR,BR004,ACTIVE,2025-02-20,2026-05-16 10:43:23.8820092,2026-05-16 10:43:23.8820092
24579,4482,Savings,216691.71,INR,BR001,ACTIVE,2025-02-16,2026-05-16 10:43:23.8820092,2026-05-16 10:43:23.8820092
24580,5397,Savings,473843.22,INR,BR003,ACTIVE,2025-02-05,2026-05-16 10:43:23.8820092,2026-05-16 10:43:23.8820092
24581,3150,Savings,212632.05,INR,BR003,ACTIVE,2025-02-18,2026-05-16 10:43:23.8820092,2026-05-16 10:43:23.8820092
24582,3058,Current,2741.56,INR,BR004,ACTIVE,2025-02-05,2026-05-16 10:43:23.8820092,2026-05-16 10:43:23.8820092
24583,4113,Savings,469048.00,INR,BR004,ACTIVE,2025-02-21,2026-05-16 10:43:23.8820092,2026-05-16 10:43:23.8820092
24584,3418,Savings,8045.20,INR,BR001,ACTIVE,2025-02-09,2026-05-16 10:43:23.8820092,2026-05-16 10:43:23.8820092
24585,1126,Savings,331480.86,INR,BR001,ACTIVE,2025-02-04,2026-05-16 10:43:23.8820092,2026-05-16 10:43:23.8820092
24586,3833,Savings,162122.56,INR,BR005,ACTIVE,2025-02-16,2026-05-16 10:43:23.8820092,2026-05-16 10:43:23.8820092
24587,5479,Current,235724.99,INR,BR003,ACTIVE,2025-02-21,2026-05-16 10:43:23.8820092,2026-05-16 10:43:23.8820092
24588,1450,Savings,274095.30,INR,BR005,ACTIVE,2025-02-17,2026-05-16 10:43:23.8820092,2026-05-16 10:43:23.8820092
24589,5619,Savings,204821.57,INR,BR002,ACTIVE,2025-02-21,2026-05-16 10:43:23.8820092,2026-05-16 10:43:23.8820092
24590,2010,Current,387410.02,INR,BR001,ACTIVE,2025-02-26,2026-05-16 10:43:23.8820092,2026-05-16 10:43:23.8820092
24591,4779,Savings,465422.50,INR,BR003,ACTIVE,2025-02-17,2026-05-16 10:43:23.8820092,2026-05-16 10:43:23.8820092
24592,1942,Current,44119.61,INR,BR003,ACTIVE,2025-02-17,2026-05-16 10:43:23.8820092,2026-05-16 10:43:23.8820092
24593,4604,Current,400326.19,INR,BR005,ACTIVE,2025-02-12,2026-05-16 10:43:23.8820092,2026-05-16 10:43:23.8820092
24594,4981,Savings,65206.90,INR,BR004,ACTIVE,2025-02-20,2026-05-16 10:43:23.8820092,2026-05-16 10:43:23.8820092
24595,5369,Savings,41058.31,INR,BR004,ACTIVE,2025-02-24,2026-05-16 10:43:23.8820092,2026-05-16 10:43:23.8820092
24596,1502,Savings,477959.89,INR,BR001,ACTIVE,2025-02-11,2026-05-16 10:43:23.8820092,2026-05-16 10:43:23.8820092
24597,4819,Savings,245159.59,INR,BR004,ACTIVE,2025-02-13,2026-05-16 10:43:23.8820092,2026-05-16 10:43:23.8820092
24598,2251,Savings,77149.04,INR,BR002,ACTIVE,2025-02-23,2026-05-16 10:43:23.8820092,2026-05-16 10:43:23.8820092
24599,3389,Savings,285408.60,INR,BR003,ACTIVE,2025-02-22,2026-05-16 10:43:23.8820092,2026-05-16 10:43:23.8820092
24600,3320,Savings,132355.33,INR,BR004,ACTIVE,2025-02-14,2026-05-16 10:43:23.8820092,2026-05-16 10:43:23.8820092
24601,4196,Savings,232690.20,INR,BR001,ACTIVE,2025-02-07,2026-05-16 10:43:23.8820092,2026-05-16 10:43:23.8820092
24602,3958,Savings,312705.14,INR,BR002,ACTIVE,2025-02-01,2026-05-16 10:43:23.8820092,2026-05-16 10:43:23.8820092
24603,2197,Savings,434765.64,INR,BR005,ACTIVE,2025-02-10,2026-05-16 10:43:23.8820092,2026-05-16 10:43:23.8820092
24604,4275,Savings,2537.62,INR,BR005,ACTIVE,2025-02-01,2026-05-16 10:43:23.8820092,2026-05-16 10:43:23.8820092
24605,2057,Savings,107856.19,INR,BR002,ACTIVE,2025-02-06,2026-05-16 10:43:23.8820092,2026-05-16 10:43:23.8820092
24606,3259,Savings,49039.00,INR,BR001,ACTIVE,2025-02-06,2026-05-16 10:43:23.8820092,2026-05-16 10:43:23.8820092
24607,5909,Savings,49451.75,INR,BR005,ACTIVE,2025-02-11,2026-05-16 10:43:23.8820092,2026-05-16 10:43:23.8820092
24608,4049,Savings,472942.93,INR,BR003,ACTIVE,2025-02-04,2026-05-16 10:43:23.8820092,2026-05-16 10:43:23.8820092
24609,4123,Current,468105.38,INR,BR003,ACTIVE,2025-02-12,2026-05-16 10:43:23.8820092,2026-05-16 10:43:23.8820092
24610,2907,Savings,374904.73,INR,BR001,ACTIVE,2025-02-23,2026-05-16 10:43:23.8820092,2026-05-16 10:43:23.8820092
24611,3940,Savings,321888.46,INR,BR001,ACTIVE,2025-02-11,2026-05-16 10:43:23.8820092,2026-05-16 10:43:23.8820092
24612,4479,Savings,424137.25,INR,BR003,ACTIVE,2025-02-11,2026-05-16 10:43:23.8820092,2026-05-16 10:43:23.8820092
24613,1541,Savings,30145.96,INR,BR001,ACTIVE,2025-02-09,2026-05-16 10:43:23.8820092,2026-05-16 10:43:23.8820092
24614,1518,Savings,60623.41,INR,BR002,ACTIVE,2025-02-27,2026-05-16 10:43:23.8820092,2026-05-16 10:43:23.8820092
24615,5229,Savings,159239.35,INR,BR001,ACTIVE,2025-02-02,2026-05-16 10:43:23.8820092,2026-05-16 10:43:23.8820092
24616,1424,Savings,416413.70,INR,BR003,ACTIVE,2025-02-08,2026-05-16 10:43:23.8820092,2026-05-16 10:43:23.8820092
24617,1858,Savings,236644.04,INR,BR004,ACTIVE,2025-02-09,2026-05-16 10:43:23.8820092,2026-05-16 10:43:23.8820092
24618,5178,Savings,252283.81,INR,BR001,ACTIVE,2025-02-26,2026-05-16 10:43:23.8820092,2026-05-16 10:43:23.8820092
24619,3837,Savings,115403.45,INR,BR005,ACTIVE,2025-02-25,2026-05-16 10:43:23.8820092,2026-05-16 10:43:23.8820092
24620,2753,Current,324545.35,INR,BR002,ACTIVE,2025-02-16,2026-05-16 10:43:23.8820092,2026-05-16 10:43:23.8820092
24621,2667,Savings,444033.23,INR,BR002,ACTIVE,2025-02-08,2026-05-16 10:43:23.8820092,2026-05-16 10:43:23.8820092
24622,2864,Savings,165427.60,INR,BR002,ACTIVE,2025-02-19,2026-05-16 10:43:23.8820092,2026-05-16 10:43:23.8820092
24623,5462,Current,309973.78,INR,BR005,ACTIVE,2025-02-03,2026-05-16 10:43:23.8820092,2026-05-16 10:43:23.8820092
24624,3414,Savings,166642.53,INR,BR005,ACTIVE,2025-02-16,2026-05-16 10:43:23.8820092,2026-05-16 10:43:23.8820092
24625,3119,Savings,396566.84,INR,BR002,ACTIVE,2025-02-14,2026-05-16 10:43:23.8820092,2026-05-16 10:43:23.8820092
24626,5422,Savings,238004.91,INR,BR002,ACTIVE,2025-02-10,2026-05-16 10:43:23.8820092,2026-05-16 10:43:23.8820092
24627,2350,Savings,170395.04,INR,BR002,ACTIVE,2025-02-26,2026-05-16 10:43:23.8820092,2026-05-16 10:43:23.8820092
24628,3892,Savings,210604.38,INR,BR001,ACTIVE,2025-02-13,2026-05-16 10:43:23.8820092,2026-05-16 10:43:23.8820092
24629,2071,Savings,46522.53,INR,BR005,ACTIVE,2025-02-15,2026-05-16 10:43:23.8820092,2026-05-16 10:43:23.8820092
24630,2754,Savings,433192.46,INR,BR003,ACTIVE,2025-02-02,2026-05-16 10:43:23.8820092,2026-05-16 10:43:23.8820092
24631,3137,Savings,479076.46,INR,BR001,ACTIVE,2025-02-10,2026-05-16 10:43:23.8820092,2026-05-16 10:43:23.8820092
24632,4859,Savings,239229.68,INR,BR003,ACTIVE,2025-02-02,2026-05-16 10:43:23.8820092,2026-05-16 10:43:23.8820092
24633,2421,Savings,111447.27,INR,BR001,ACTIVE,2025-02-25,2026-05-16 10:43:23.8820092,2026-05-16 10:43:23.8820092
24634,4488,Savings,332663.44,INR,BR001,ACTIVE,2025-02-14,2026-05-16 10:43:23.8820092,2026-05-16 10:43:23.8820092
24635,3942,Savings,226738.36,INR,BR003,ACTIVE,2025-02-17,2026-05-16 10:43:23.8820092,2026-05-16 10:43:23.8820092
24636,5266,Current,126897.74,INR,BR002,ACTIVE,2025-02-06,2026-05-16 10:43:23.8820092,2026-05-16 10:43:23.8820092
24637,2389,Savings,20178.14,INR,BR003,ACTIVE,2025-02-22,2026-05-16 10:43:23.8820092,2026-05-16 10:43:23.8820092
24638,1620,Savings,444962.52,INR,BR004,ACTIVE,2025-02-03,2026-05-16 10:43:23.8820092,2026-05-16 10:43:23.8820092
24639,4400,Savings,398570.44,INR,BR005,ACTIVE,2025-02-25,2026-05-16 10:43:23.8820092,2026-05-16 10:43:23.8820092
24640,2257,Savings,414674.02,INR,BR004,ACTIVE,2025-02-04,2026-05-16 10:43:23.8820092,2026-05-16 10:43:23.8820092
24641,5778,Savings,220480.03,INR,BR001,ACTIVE,2025-02-17,2026-05-16 10:43:23.8820092,2026-05-16 10:43:23.8820092
24642,4719,Savings,376874.44,INR,BR003,ACTIVE,2025-02-25,2026-05-16 10:43:23.8820092,2026-05-16 10:43:23.8820092
24643,2011,Savings,291031.41,INR,BR002,ACTIVE,2025-02-03,2026-05-16 10:43:23.8820092,2026-05-16 10:43:23.8820092
24644,3684,Savings,188012.87,INR,BR002,ACTIVE,2025-02-21,2026-05-16 10:43:23.8820092,2026-05-16 10:43:23.8820092
24645,1426,Savings,421528.30,INR,BR004,ACTIVE,2025-02-17,2026-05-16 10:43:23.8820092,2026-05-16 10:43:23.8820092
24646,5025,Savings,499380.02,INR,BR004,ACTIVE,2025-02-23,2026-05-16 10:43:23.8820092,2026-05-16 10:43:23.8820092
24647,1217,Current,449741.87,INR,BR001,ACTIVE,2025-02-07,2026-05-16 10:43:23.8820092,2026-05-16 10:43:23.8820092
24648,1610,Savings,388319.79,INR,BR005,ACTIVE,2025-02-20,2026-05-16 10:43:23.8820092,2026-05-16 10:43:23.8820092
24649,5454,Savings,374006.48,INR,BR001,ACTIVE,2025-02-03,2026-05-16 10:43:23.8820092,2026-05-16 10:43:23.8820092
24650,1186,Current,325474.17,INR,BR002,ACTIVE,2025-02-08,2026-05-16 10:43:23.8820092,2026-05-16 10:43:23.8820092
24651,1725,Savings,426955.13,INR,BR003,ACTIVE,2025-02-10,2026-05-16 10:43:23.8820092,2026-05-16 10:43:23.8820092
24652,5966,Savings,247047.54,INR,BR004,ACTIVE,2025-02-18,2026-05-16 10:43:23.8820092,2026-05-16 10:43:23.8820092
24653,1824,Savings,91683.03,INR,BR002,ACTIVE,2025-02-27,2026-05-16 10:43:23.8820092,2026-05-16 10:43:23.8820092
24654,2768,Savings,384256.81,INR,BR001,ACTIVE,2025-02-08,2026-05-16 10:43:23.8820092,2026-05-16 10:43:23.8820092
24655,2978,Savings,459833.68,INR,BR005,ACTIVE,2025-02-17,2026-05-16 10:43:23.8820092,2026-05-16 10:43:23.8820092
24656,5775,Savings,171334.79,INR,BR003,ACTIVE,2025-02-16,2026-05-16 10:43:23.8820092,2026-05-16 10:43:23.8820092
24657,4890,Current,391708.67,INR,BR005,ACTIVE,2025-02-26,2026-05-16 10:43:23.8820092,2026-05-16 10:43:23.8820092
24658,2185,Savings,137587.63,INR,BR001,ACTIVE,2025-02-22,2026-05-16 10:43:23.8820092,2026-05-16 10:43:23.8820092
24659,5380,Savings,471357.54,INR,BR001,ACTIVE,2025-02-05,2026-05-16 10:43:23.8820092,2026-05-16 10:43:23.8820092
24660,1184,Savings,342047.04,INR,BR002,ACTIVE,2025-02-20,2026-05-16 10:43:23.8820092,2026-05-16 10:43:23.8820092
24661,4609,Savings,285068.72,INR,BR003,ACTIVE,2025-02-20,2026-05-16 10:43:23.8820092,2026-05-16 10:43:23.8820092
24662,4767,Savings,390155.21,INR,BR001,ACTIVE,2025-02-11,2026-05-16 10:43:23.8820092,2026-05-16 10:43:23.8820092
24663,2620,Savings,406802.35,INR,BR002,ACTIVE,2025-02-16,2026-05-16 10:43:23.8820092,2026-05-16 10:43:23.8820092
24664,5327,Savings,446292.58,INR,BR001,ACTIVE,2025-02-17,2026-05-16 10:43:23.8820092,2026-05-16 10:43:23.8820092
24665,3436,Savings,450658.65,INR,BR002,ACTIVE,2025-02-01,2026-05-16 10:43:23.8820092,2026-05-16 10:43:23.8820092
24666,1735,Savings,27292.72,INR,BR005,ACTIVE,2025-02-10,2026-05-16 10:43:23.8820092,2026-05-16 10:43:23.8820092
24667,1158,Savings,62330.90,INR,BR002,ACTIVE,2025-02-15,2026-05-16 10:43:23.8820092,2026-05-16 10:43:23.8820092
24668,2342,Savings,413204.38,INR,BR005,ACTIVE,2025-02-09,2026-05-16 10:43:23.8820092,2026-05-16 10:43:23.8820092
24669,4493,Savings,473079.78,INR,BR004,ACTIVE,2025-02-05,2026-05-16 10:43:23.8820092,2026-05-16 10:43:23.8820092
24670,4255,Current,154528.25,INR,BR001,ACTIVE,2025-02-09,2026-05-16 10:43:23.8820092,2026-05-16 10:43:23.8820092
24671,2076,Savings,5292.31,INR,BR004,ACTIVE,2025-02-16,2026-05-16 10:43:23.8820092,2026-05-16 10:43:23.8820092
24672,2862,Savings,162029.89,INR,BR003,ACTIVE,2025-02-26,2026-05-16 10:43:23.8820092,2026-05-16 10:43:23.8820092
24673,3630,Savings,192049.20,INR,BR004,ACTIVE,2025-02-25,2026-05-16 10:43:23.8820092,2026-05-16 10:43:23.8820092
24674,6000,Savings,380755.65,INR,BR002,ACTIVE,2025-02-01,2026-05-16 10:43:23.8820092,2026-05-16 10:43:23.8820092
24675,3965,Savings,24744.75,INR,BR002,ACTIVE,2025-02-22,2026-05-16 10:43:23.8820092,2026-05-16 10:43:23.8820092
24676,1889,Savings,107107.48,INR,BR003,ACTIVE,2025-02-09,2026-05-16 10:43:23.8820092,2026-05-16 10:43:23.8820092
24677,2134,Savings,447090.32,INR,BR003,ACTIVE,2025-02-26,2026-05-16 10:43:23.8820092,2026-05-16 10:43:23.8820092
24678,5239,Savings,78255.38,INR,BR001,ACTIVE,2025-02-19,2026-05-16 10:43:23.8820092,2026-05-16 10:43:23.8820092
24679,5303,Savings,379864.58,INR,BR002,ACTIVE,2025-02-10,2026-05-16 10:43:23.8820092,2026-05-16 10:43:23.8820092
24680,1166,Current,181293.90,INR,BR003,ACTIVE,2025-02-27,2026-05-16 10:43:23.8820092,2026-05-16 10:43:23.8820092
24681,4757,Savings,331667.45,INR,BR004,ACTIVE,2025-02-07,2026-05-16 10:43:23.8820092,2026-05-16 10:43:23.8820092
24682,5490,Current,37849.41,INR,BR002,ACTIVE,2025-02-04,2026-05-16 10:43:23.8820092,2026-05-16 10:43:23.8820092
24683,1121,Savings,143992.41,INR,BR003,ACTIVE,2025-02-06,2026-05-16 10:43:23.8820092,2026-05-16 10:43:23.8820092
24684,3998,Savings,212970.08,INR,BR001,ACTIVE,2025-02-02,2026-05-16 10:43:23.8820092,2026-05-16 10:43:23.8820092
24685,5509,Current,428749.10,INR,BR005,ACTIVE,2025-02-15,2026-05-16 10:43:23.8820092,2026-05-16 10:43:23.8820092
24686,4212,Savings,282184.43,INR,BR002,ACTIVE,2025-02-16,2026-05-16 10:43:23.8820092,2026-05-16 10:43:23.8820092
24687,2976,Current,23567.42,INR,BR002,ACTIVE,2025-02-18,2026-05-16 10:43:23.8820092,2026-05-16 10:43:23.8820092
24688,4156,Savings,401131.42,INR,BR002,ACTIVE,2025-02-22,2026-05-16 10:43:23.8820092,2026-05-16 10:43:23.8820092
24689,1421,Current,28206.22,INR,BR002,ACTIVE,2025-02-14,2026-05-16 10:43:23.8820092,2026-05-16 10:43:23.8820092
24690,2730,Savings,467248.92,INR,BR005,ACTIVE,2025-02-03,2026-05-16 10:43:23.8820092,2026-05-16 10:43:23.8820092
24691,3836,Savings,106647.01,INR,BR005,ACTIVE,2025-02-18,2026-05-16 10:43:23.8820092,2026-05-16 10:43:23.8820092
24692,5364,Savings,244475.15,INR,BR001,ACTIVE,2025-02-27,2026-05-16 10:43:23.8820092,2026-05-16 10:43:23.8820092
24693,3086,Savings,37068.20,INR,BR002,ACTIVE,2025-02-20,2026-05-16 10:43:23.8820092,2026-05-16 10:43:23.8820092
24694,3386,Savings,281294.48,INR,BR003,ACTIVE,2025-02-13,2026-05-16 10:43:23.8820092,2026-05-16 10:43:23.8820092
24695,2778,Current,249117.12,INR,BR004,ACTIVE,2025-02-19,2026-05-16 10:43:23.8820092,2026-05-16 10:43:23.8820092
24696,3378,Savings,205714.02,INR,BR002,ACTIVE,2025-02-13,2026-05-16 10:43:23.8820092,2026-05-16 10:43:23.8820092
24697,5295,Savings,18750.89,INR,BR005,ACTIVE,2025-02-23,2026-05-16 10:43:23.8820092,2026-05-16 10:43:23.8820092
24698,3858,Savings,439589.25,INR,BR001,ACTIVE,2025-02-17,2026-05-16 10:43:23.8820092,2026-05-16 10:43:23.8820092
24699,5101,Savings,401515.66,INR,BR002,ACTIVE,2025-02-19,2026-05-16 10:43:23.8820092,2026-05-16 10:43:23.8820092
24700,2456,Savings,316881.98,INR,BR001,ACTIVE,2025-02-25,2026-05-16 10:43:23.8820092,2026-05-16 10:43:23.8820092
24701,1989,Savings,286542.76,INR,BR003,ACTIVE,2025-02-20,2026-05-16 10:43:23.8820092,2026-05-16 10:43:23.8820092
24702,5991,Savings,347778.27,INR,BR003,ACTIVE,2025-02-12,2026-05-16 10:43:23.8820092,2026-05-16 10:43:23.8820092
24703,2891,Savings,72851.02,INR,BR003,ACTIVE,2025-02-02,2026-05-16 10:43:23.8820092,2026-05-16 10:43:23.8820092
24704,3483,Savings,466389.48,INR,BR003,ACTIVE,2025-02-13,2026-05-16 10:43:23.8820092,2026-05-16 10:43:23.8820092
24705,1650,Savings,143051.97,INR,BR004,ACTIVE,2025-02-02,2026-05-16 10:43:23.8820092,2026-05-16 10:43:23.8820092
24706,2829,Current,328588.65,INR,BR001,ACTIVE,2025-02-07,2026-05-16 10:43:23.8820092,2026-05-16 10:43:23.8820092
24707,3429,Savings,303771.08,INR,BR002,ACTIVE,2025-02-12,2026-05-16 10:43:23.8820092,2026-05-16 10:43:23.8820092
24708,5675,Savings,318670.38,INR,BR004,ACTIVE,2025-02-19,2026-05-16 10:43:23.8820092,2026-05-16 10:43:23.8820092
24709,3318,Savings,439597.11,INR,BR002,ACTIVE,2025-02-10,2026-05-16 10:43:23.8820092,2026-05-16 10:43:23.8820092
24710,1047,Savings,148659.69,INR,BR005,ACTIVE,2025-02-09,2026-05-16 10:43:23.8820092,2026-05-16 10:43:23.8820092
24711,5461,Current,374725.15,INR,BR004,ACTIVE,2025-02-01,2026-05-16 10:43:23.8820092,2026-05-16 10:43:23.8820092
24712,3116,Current,299597.14,INR,BR004,ACTIVE,2025-02-05,2026-05-16 10:43:23.8820092,2026-05-16 10:43:23.8820092
24713,3255,Current,38954.11,INR,BR005,ACTIVE,2025-02-24,2026-05-16 10:43:23.8820092,2026-05-16 10:43:23.8820092
24714,1073,Savings,207663.19,INR,BR004,ACTIVE,2025-02-12,2026-05-16 10:43:23.8820092,2026-05-16 10:43:23.8820092
24715,4458,Savings,419137.84,INR,BR001,ACTIVE,2025-02-10,2026-05-16 10:43:23.8820092,2026-05-16 10:43:23.8820092
24716,3023,Savings,158358.35,INR,BR003,ACTIVE,2025-02-09,2026-05-16 10:43:23.8820092,2026-05-16 10:43:23.8820092
24717,5086,Savings,241649.68,INR,BR002,ACTIVE,2025-02-11,2026-05-16 10:43:23.8820092,2026-05-16 10:43:23.8820092
24718,3078,Savings,244830.65,INR,BR005,ACTIVE,2025-02-14,2026-05-16 10:43:23.8820092,2026-05-16 10:43:23.8820092
24719,2027,Savings,309386.92,INR,BR003,ACTIVE,2025-02-22,2026-05-16 10:43:23.8820092,2026-05-16 10:43:23.8820092
24720,2544,Savings,442124.91,INR,BR004,ACTIVE,2025-02-25,2026-05-16 10:43:23.8820092,2026-05-16 10:43:23.8820092
24721,5617,Savings,87596.06,INR,BR001,ACTIVE,2025-02-05,2026-05-16 10:43:23.8820092,2026-05-16 10:43:23.8820092
24722,5497,Savings,252803.82,INR,BR004,ACTIVE,2025-02-12,2026-05-16 10:43:23.8820092,2026-05-16 10:43:23.8820092
24723,3037,Savings,212709.36,INR,BR005,ACTIVE,2025-02-06,2026-05-16 10:43:23.8820092,2026-05-16 10:43:23.8820092
24724,5750,Current,148664.12,INR,BR004,ACTIVE,2025-02-05,2026-05-16 10:43:23.8820092,2026-05-16 10:43:23.8820092
24725,1848,Savings,459884.48,INR,BR001,ACTIVE,2025-02-08,2026-05-16 10:43:23.8820092,2026-05-16 10:43:23.8820092
24726,5081,Current,5077.38,INR,BR004,ACTIVE,2025-02-02,2026-05-16 10:43:23.8820092,2026-05-16 10:43:23.8820092
24727,2496,Savings,61930.29,INR,BR004,ACTIVE,2025-02-12,2026-05-16 10:43:23.8820092,2026-05-16 10:43:23.8820092
24728,1935,Savings,366938.88,INR,BR004,ACTIVE,2025-02-23,2026-05-16 10:43:23.8820092,2026-05-16 10:43:23.8820092
24729,2396,Savings,132457.36,INR,BR004,ACTIVE,2025-02-05,2026-05-16 10:43:23.8820092,2026-05-16 10:43:23.8820092
24730,1539,Savings,361866.45,INR,BR001,ACTIVE,2025-02-23,2026-05-16 10:43:23.8820092,2026-05-16 10:43:23.8820092
24731,4420,Current,416294.55,INR,BR002,ACTIVE,2025-02-09,2026-05-16 10:43:23.8820092,2026-05-16 10:43:23.8820092
24732,1071,Savings,128053.39,INR,BR003,ACTIVE,2025-02-03,2026-05-16 10:43:23.8820092,2026-05-16 10:43:23.8820092
24733,1256,Current,96780.20,INR,BR005,ACTIVE,2025-02-04,2026-05-16 10:43:23.8820092,2026-05-16 10:43:23.8820092
24734,3195,Savings,73505.02,INR,BR002,ACTIVE,2025-02-18,2026-05-16 10:43:23.8820092,2026-05-16 10:43:23.8820092
24735,1902,Savings,100844.22,INR,BR001,ACTIVE,2025-02-13,2026-05-16 10:43:23.8820092,2026-05-16 10:43:23.8820092
24736,1670,Savings,134325.51,INR,BR005,ACTIVE,2025-02-08,2026-05-16 10:43:23.8820092,2026-05-16 10:43:23.8820092
24737,2884,Savings,434506.16,INR,BR005,ACTIVE,2025-02-11,2026-05-16 10:43:23.8820092,2026-05-16 10:43:23.8820092
24738,1140,Savings,385232.20,INR,BR004,ACTIVE,2025-02-19,2026-05-16 10:43:23.8820092,2026-05-16 10:43:23.8820092
24739,3703,Savings,1920.31,INR,BR003,ACTIVE,2025-02-03,2026-05-16 10:43:23.8820092,2026-05-16 10:43:23.8820092
24740,3669,Savings,437185.45,INR,BR003,ACTIVE,2025-02-16,2026-05-16 10:43:23.8820092,2026-05-16 10:43:23.8820092
24741,2447,Savings,40327.34,INR,BR001,ACTIVE,2025-02-26,2026-05-16 10:43:23.8820092,2026-05-16 10:43:23.8820092
24742,3919,Savings,327977.54,INR,BR002,ACTIVE,2025-02-26,2026-05-16 10:43:23.8820092,2026-05-16 10:43:23.8820092
24743,4904,Current,76585.91,INR,BR004,ACTIVE,2025-02-20,2026-05-16 10:43:23.8820092,2026-05-16 10:43:23.8820092
24744,5160,Savings,32075.63,INR,BR003,ACTIVE,2025-02-15,2026-05-16 10:43:23.8820092,2026-05-16 10:43:23.8820092
24745,2295,Savings,380125.58,INR,BR004,ACTIVE,2025-02-27,2026-05-16 10:43:23.8820092,2026-05-16 10:43:23.8820092
24746,1868,Savings,234134.35,INR,BR002,ACTIVE,2025-02-27,2026-05-16 10:43:23.8820092,2026-05-16 10:43:23.8820092
24747,3883,Current,299932.19,INR,BR005,ACTIVE,2025-02-12,2026-05-16 10:43:23.8820092,2026-05-16 10:43:23.8820092
24748,5609,Savings,213251.16,INR,BR002,ACTIVE,2025-02-11,2026-05-16 10:43:23.8820092,2026-05-16 10:43:23.8820092
24749,2417,Savings,34518.76,INR,BR005,ACTIVE,2025-02-24,2026-05-16 10:43:23.8820092,2026-05-16 10:43:23.8820092
24750,4073,Current,370069.46,INR,BR002,ACTIVE,2025-02-27,2026-05-16 10:43:23.8820092,2026-05-16 10:43:23.8820092
24751,4333,Savings,410355.21,INR,BR004,ACTIVE,2025-02-27,2026-05-16 10:43:23.8820092,2026-05-16 10:43:23.8820092
24752,5964,Savings,21668.85,INR,BR002,ACTIVE,2025-02-15,2026-05-16 10:43:23.8820092,2026-05-16 10:43:23.8820092
24753,5874,Savings,188482.88,INR,BR003,ACTIVE,2025-02-24,2026-05-16 10:43:23.8820092,2026-05-16 10:43:23.8820092
24754,3583,Savings,279100.95,INR,BR003,ACTIVE,2025-02-01,2026-05-16 10:43:23.8820092,2026-05-16 10:43:23.8820092
24755,1359,Savings,302986.53,INR,BR001,ACTIVE,2025-02-01,2026-05-16 10:43:23.8820092,2026-05-16 10:43:23.8820092
24756,2501,Savings,289498.32,INR,BR003,ACTIVE,2025-02-22,2026-05-16 10:43:23.8820092,2026-05-16 10:43:23.8820092
24757,2939,Savings,346777.39,INR,BR003,ACTIVE,2025-02-07,2026-05-16 10:43:23.8820092,2026-05-16 10:43:23.8820092
24758,1815,Savings,483441.29,INR,BR005,ACTIVE,2025-02-13,2026-05-16 10:43:23.8820092,2026-05-16 10:43:23.8820092
24759,1596,Savings,195902.67,INR,BR004,ACTIVE,2025-02-15,2026-05-16 10:43:23.8820092,2026-05-16 10:43:23.8820092
24760,1227,Savings,278755.16,INR,BR004,ACTIVE,2025-02-26,2026-05-16 10:43:23.8820092,2026-05-16 10:43:23.8820092
24761,3996,Current,349840.24,INR,BR005,ACTIVE,2025-02-19,2026-05-16 10:43:23.8820092,2026-05-16 10:43:23.8820092
24762,4836,Savings,296619.49,INR,BR003,ACTIVE,2025-02-25,2026-05-16 10:43:23.8820092,2026-05-16 10:43:23.8820092
24763,5913,Savings,193988.76,INR,BR002,ACTIVE,2025-02-18,2026-05-16 10:43:23.8820092,2026-05-16 10:43:23.8820092
24764,4319,Savings,312415.56,INR,BR005,ACTIVE,2025-02-27,2026-05-16 10:43:23.8820092,2026-05-16 10:43:23.8820092
24765,3065,Savings,325405.65,INR,BR004,ACTIVE,2025-02-26,2026-05-16 10:43:23.8820092,2026-05-16 10:43:23.8820092
24766,3352,Current,292899.27,INR,BR001,ACTIVE,2025-02-19,2026-05-16 10:43:23.8820092,2026-05-16 10:43:23.8820092
24767,2538,Savings,103350.22,INR,BR004,ACTIVE,2025-02-23,2026-05-16 10:43:23.8820092,2026-05-16 10:43:23.8820092
24768,2365,Savings,253484.70,INR,BR002,ACTIVE,2025-02-14,2026-05-16 10:43:23.8820092,2026-05-16 10:43:23.8820092
24769,3829,Current,442294.05,INR,BR004,ACTIVE,2025-02-17,2026-05-16 10:43:23.8820092,2026-05-16 10:43:23.8820092
24770,2085,Savings,434432.34,INR,BR005,ACTIVE,2025-02-13,2026-05-16 10:43:23.8820092,2026-05-16 10:43:23.8820092
24771,1267,Savings,375643.17,INR,BR001,ACTIVE,2025-02-06,2026-05-16 10:43:23.8820092,2026-05-16 10:43:23.8820092
24772,2271,Savings,348900.56,INR,BR004,ACTIVE,2025-02-09,2026-05-16 10:43:23.8820092,2026-05-16 10:43:23.8820092
24773,1035,Savings,77486.29,INR,BR005,ACTIVE,2025-02-16,2026-05-16 10:43:23.8820092,2026-05-16 10:43:23.8820092
24774,5882,Savings,230272.87,INR,BR005,ACTIVE,2025-02-11,2026-05-16 10:43:23.8820092,2026-05-16 10:43:23.8820092
24775,1068,Savings,56364.70,INR,BR005,ACTIVE,2025-02-02,2026-05-16 10:43:23.8820092,2026-05-16 10:43:23.8820092
24776,1189,Savings,408824.94,INR,BR001,ACTIVE,2025-02-26,2026-05-16 10:43:23.8820092,2026-05-16 10:43:23.8820092
24777,5137,Current,146230.56,INR,BR005,ACTIVE,2025-02-27,2026-05-16 10:43:23.8820092,2026-05-16 10:43:23.8820092
24778,5704,Savings,383666.07,INR,BR001,ACTIVE,2025-02-06,2026-05-16 10:43:23.8820092,2026-05-16 10:43:23.8820092
24779,1683,Savings,407474.87,INR,BR002,ACTIVE,2025-02-24,2026-05-16 10:43:23.8820092,2026-05-16 10:43:23.8820092
24780,3955,Savings,446355.55,INR,BR002,ACTIVE,2025-02-22,2026-05-16 10:43:23.8820092,2026-05-16 10:43:23.8820092
24781,4139,Savings,377161.21,INR,BR002,ACTIVE,2025-02-15,2026-05-16 10:43:23.8820092,2026-05-16 10:43:23.8820092
24782,2332,Savings,282799.77,INR,BR005,ACTIVE,2025-02-17,2026-05-16 10:43:23.8820092,2026-05-16 10:43:23.8820092
24783,4191,Current,299494.27,INR,BR001,ACTIVE,2025-02-05,2026-05-16 10:43:23.8820092,2026-05-16 10:43:23.8820092
24784,1853,Savings,160970.56,INR,BR002,ACTIVE,2025-02-08,2026-05-16 10:43:23.8820092,2026-05-16 10:43:23.8820092
24785,4059,Savings,89321.10,INR,BR003,ACTIVE,2025-02-08,2026-05-16 10:43:23.8820092,2026-05-16 10:43:23.8820092
24786,1757,Savings,66187.47,INR,BR002,ACTIVE,2025-02-24,2026-05-16 10:43:23.8820092,2026-05-16 10:43:23.8820092
24787,4997,Savings,91829.74,INR,BR005,ACTIVE,2025-02-10,2026-05-16 10:43:23.8820092,2026-05-16 10:43:23.8820092
24788,2695,Current,467041.99,INR,BR003,ACTIVE,2025-02-20,2026-05-16 10:43:23.8820092,2026-05-16 10:43:23.8820092
24789,2308,Current,83052.19,INR,BR004,ACTIVE,2025-02-17,2026-05-16 10:43:23.8820092,2026-05-16 10:43:23.8820092
24790,3596,Savings,362144.99,INR,BR003,ACTIVE,2025-02-21,2026-05-16 10:43:23.8820092,2026-05-16 10:43:23.8820092
24791,2219,Current,93129.64,INR,BR004,ACTIVE,2025-02-22,2026-05-16 10:43:23.8820092,2026-05-16 10:43:23.8820092
24792,1484,Savings,487669.60,INR,BR003,ACTIVE,2025-02-23,2026-05-16 10:43:23.8820092,2026-05-16 10:43:23.8820092
24793,5684,Savings,183925.68,INR,BR001,ACTIVE,2025-02-10,2026-05-16 10:43:23.8820092,2026-05-16 10:43:23.8820092
24794,4989,Current,206656.08,INR,BR003,ACTIVE,2025-02-13,2026-05-16 10:43:23.8820092,2026-05-16 10:43:23.8820092
24795,4550,Savings,202851.28,INR,BR002,ACTIVE,2025-02-08,2026-05-16 10:43:23.8820092,2026-05-16 10:43:23.8820092
24796,2122,Savings,408413.13,INR,BR004,ACTIVE,2025-02-01,2026-05-16 10:43:23.8820092,2026-05-16 10:43:23.8820092
24797,1282,Savings,109926.97,INR,BR004,ACTIVE,2025-02-01,2026-05-16 10:43:23.8820092,2026-05-16 10:43:23.8820092
24798,1630,Savings,415681.34,INR,BR002,ACTIVE,2025-02-06,2026-05-16 10:43:23.8820092,2026-05-16 10:43:23.8820092
24799,3467,Savings,328872.37,INR,BR001,ACTIVE,2025-02-16,2026-05-16 10:43:23.8820092,2026-05-16 10:43:23.8820092
24800,5319,Current,110919.80,INR,BR003,ACTIVE,2025-02-10,2026-05-16 10:43:23.8820092,2026-05-16 10:43:23.8820092
24801,5176,Savings,33638.37,INR,BR001,ACTIVE,2025-02-17,2026-05-16 10:43:23.8820092,2026-05-16 10:43:23.8820092
24802,5922,Savings,387721.28,INR,BR002,ACTIVE,2025-02-19,2026-05-16 10:43:23.8820092,2026-05-16 10:43:23.8820092
24803,3730,Savings,110262.56,INR,BR003,ACTIVE,2025-02-27,2026-05-16 10:43:23.8820092,2026-05-16 10:43:23.8820092
24804,4465,Savings,444644.35,INR,BR002,ACTIVE,2025-02-19,2026-05-16 10:43:23.8820092,2026-05-16 10:43:23.8820092
24805,3382,Savings,65762.85,INR,BR004,ACTIVE,2025-02-08,2026-05-16 10:43:23.8820092,2026-05-16 10:43:23.8820092
24806,3937,Current,308565.92,INR,BR004,ACTIVE,2025-02-11,2026-05-16 10:43:23.8820092,2026-05-16 10:43:23.8820092
24807,2352,Current,346392.03,INR,BR004,ACTIVE,2025-02-13,2026-05-16 10:43:23.8820092,2026-05-16 10:43:23.8820092
24808,3306,Savings,329193.50,INR,BR005,ACTIVE,2025-02-22,2026-05-16 10:43:23.8820092,2026-05-16 10:43:23.8820092
24809,4439,Current,158698.88,INR,BR005,ACTIVE,2025-02-03,2026-05-16 10:43:23.8820092,2026-05-16 10:43:23.8820092
24810,1837,Savings,437886.24,INR,BR004,ACTIVE,2025-02-22,2026-05-16 10:43:23.8820092,2026-05-16 10:43:23.8820092
24811,4450,Savings,385132.85,INR,BR005,ACTIVE,2025-02-25,2026-05-16 10:43:23.8820092,2026-05-16 10:43:23.8820092
24812,5551,Savings,255592.96,INR,BR005,ACTIVE,2025-02-16,2026-05-16 10:43:23.8820092,2026-05-16 10:43:23.8820092
24813,3067,Savings,302043.22,INR,BR002,ACTIVE,2025-02-02,2026-05-16 10:43:23.8820092,2026-05-16 10:43:23.8820092
24814,4002,Savings,283619.24,INR,BR003,ACTIVE,2025-02-03,2026-05-16 10:43:23.8820092,2026-05-16 10:43:23.8820092
24815,1433,Current,473402.59,INR,BR004,ACTIVE,2025-02-23,2026-05-16 10:43:23.8820092,2026-05-16 10:43:23.8820092
24816,5348,Savings,448310.21,INR,BR005,ACTIVE,2025-02-27,2026-05-16 10:43:23.8820092,2026-05-16 10:43:23.8820092
24817,5892,Savings,118513.15,INR,BR002,ACTIVE,2025-02-09,2026-05-16 10:43:23.8820092,2026-05-16 10:43:23.8820092
24818,4915,Savings,132117.13,INR,BR002,ACTIVE,2025-02-20,2026-05-16 10:43:23.8820092,2026-05-16 10:43:23.8820092
24819,4634,Current,490737.60,INR,BR003,ACTIVE,2025-02-23,2026-05-16 10:43:23.8820092,2026-05-16 10:43:23.8820092
24820,3958,Current,119043.79,INR,BR002,ACTIVE,2025-02-13,2026-05-16 10:43:23.8820092,2026-05-16 10:43:23.8820092
24821,3786,Savings,476786.18,INR,BR001,ACTIVE,2025-02-20,2026-05-16 10:43:23.8820092,2026-05-16 10:43:23.8820092
24822,1221,Savings,325227.10,INR,BR001,ACTIVE,2025-02-25,2026-05-16 10:43:23.8820092,2026-05-16 10:43:23.8820092
24823,3161,Savings,26004.61,INR,BR004,ACTIVE,2025-02-22,2026-05-16 10:43:23.8820092,2026-05-16 10:43:23.8820092
24824,5656,Savings,168527.87,INR,BR003,ACTIVE,2025-02-08,2026-05-16 10:43:23.8820092,2026-05-16 10:43:23.8820092
24825,3245,Savings,238600.88,INR,BR001,ACTIVE,2025-02-16,2026-05-16 10:43:23.8820092,2026-05-16 10:43:23.8820092
24826,4809,Savings,416713.35,INR,BR003,ACTIVE,2025-02-07,2026-05-16 10:43:23.8820092,2026-05-16 10:43:23.8820092
24827,1780,Savings,164964.12,INR,BR004,ACTIVE,2025-02-01,2026-05-16 10:43:23.8820092,2026-05-16 10:43:23.8820092
24828,3263,Current,155978.58,INR,BR002,ACTIVE,2025-02-25,2026-05-16 10:43:23.8820092,2026-05-16 10:43:23.8820092
24829,5732,Savings,460211.37,INR,BR002,ACTIVE,2025-02-19,2026-05-16 10:43:23.8820092,2026-05-16 10:43:23.8820092
24830,2040,Savings,40438.14,INR,BR002,ACTIVE,2025-02-20,2026-05-16 10:43:23.8820092,2026-05-16 10:43:23.8820092
24831,3281,Savings,276209.09,INR,BR001,ACTIVE,2025-02-25,2026-05-16 10:43:23.8820092,2026-05-16 10:43:23.8820092
24832,2804,Savings,252615.40,INR,BR003,ACTIVE,2025-02-26,2026-05-16 10:43:23.8820092,2026-05-16 10:43:23.8820092
24833,2389,Savings,29610.05,INR,BR001,ACTIVE,2025-02-13,2026-05-16 10:43:23.8820092,2026-05-16 10:43:23.8820092
24834,4509,Savings,44791.85,INR,BR005,ACTIVE,2025-02-23,2026-05-16 10:43:23.8820092,2026-05-16 10:43:23.8820092
24835,3119,Savings,191601.75,INR,BR003,ACTIVE,2025-02-15,2026-05-16 10:43:23.8820092,2026-05-16 10:43:23.8820092
24836,4784,Current,67946.45,INR,BR004,ACTIVE,2025-02-04,2026-05-16 10:43:23.8820092,2026-05-16 10:43:23.8820092
24837,5056,Savings,239557.88,INR,BR001,ACTIVE,2025-02-22,2026-05-16 10:43:23.8820092,2026-05-16 10:43:23.8820092
24838,2583,Savings,304835.55,INR,BR002,ACTIVE,2025-02-26,2026-05-16 10:43:23.8820092,2026-05-16 10:43:23.8820092
24839,5018,Current,346006.95,INR,BR002,ACTIVE,2025-02-25,2026-05-16 10:43:23.8820092,2026-05-16 10:43:23.8820092
24840,4446,Savings,273688.56,INR,BR002,ACTIVE,2025-02-27,2026-05-16 10:43:23.8820092,2026-05-16 10:43:23.8820092
24841,1458,Savings,190450.35,INR,BR001,ACTIVE,2025-02-11,2026-05-16 10:43:23.8820092,2026-05-16 10:43:23.8820092
24842,5307,Savings,65749.55,INR,BR001,ACTIVE,2025-02-13,2026-05-16 10:43:23.8820092,2026-05-16 10:43:23.8820092
24843,3819,Current,124495.22,INR,BR002,ACTIVE,2025-02-08,2026-05-16 10:43:23.8820092,2026-05-16 10:43:23.8820092
24844,4332,Savings,210291.42,INR,BR002,ACTIVE,2025-02-19,2026-05-16 10:43:23.8820092,2026-05-16 10:43:23.8820092
24845,1677,Savings,462133.13,INR,BR002,ACTIVE,2025-02-11,2026-05-16 10:43:23.8820092,2026-05-16 10:43:23.8820092
24846,3143,Savings,102097.69,INR,BR005,ACTIVE,2025-02-19,2026-05-16 10:43:23.8820092,2026-05-16 10:43:23.8820092
24847,2414,Savings,207258.77,INR,BR001,ACTIVE,2025-02-18,2026-05-16 10:43:23.8820092,2026-05-16 10:43:23.8820092
24848,1906,Current,366422.12,INR,BR002,ACTIVE,2025-02-09,2026-05-16 10:43:23.8820092,2026-05-16 10:43:23.8820092
24849,4392,Savings,352896.47,INR,BR004,ACTIVE,2025-02-11,2026-05-16 10:43:23.8820092,2026-05-16 10:43:23.8820092
24850,4992,Savings,482830.70,INR,BR002,ACTIVE,2025-02-01,2026-05-16 10:43:23.8820092,2026-05-16 10:43:23.8820092
24851,3223,Savings,96259.75,INR,BR001,ACTIVE,2025-02-16,2026-05-16 10:43:23.8820092,2026-05-16 10:43:23.8820092
24852,1112,Savings,9243.29,INR,BR004,ACTIVE,2025-02-09,2026-05-16 10:43:23.8820092,2026-05-16 10:43:23.8820092
24853,4380,Current,161839.31,INR,BR001,ACTIVE,2025-02-06,2026-05-16 10:43:23.8820092,2026-05-16 10:43:23.8820092
24854,4874,Savings,75696.61,INR,BR001,ACTIVE,2025-02-16,2026-05-16 10:43:23.8820092,2026-05-16 10:43:23.8820092
24855,4152,Savings,274686.06,INR,BR001,ACTIVE,2025-02-06,2026-05-16 10:43:23.8820092,2026-05-16 10:43:23.8820092
24856,2945,Current,449490.75,INR,BR003,ACTIVE,2025-02-13,2026-05-16 10:43:23.8820092,2026-05-16 10:43:23.8820092
24857,3501,Current,344425.19,INR,BR004,ACTIVE,2025-02-25,2026-05-16 10:43:23.8820092,2026-05-16 10:43:23.8820092
24858,1413,Savings,68763.63,INR,BR005,ACTIVE,2025-02-27,2026-05-16 10:43:23.8820092,2026-05-16 10:43:23.8820092
24859,5069,Savings,58928.92,INR,BR005,ACTIVE,2025-02-14,2026-05-16 10:43:23.8820092,2026-05-16 10:43:23.8820092
24860,3652,Savings,455813.46,INR,BR003,ACTIVE,2025-02-01,2026-05-16 10:43:23.8820092,2026-05-16 10:43:23.8820092
24861,1186,Savings,244317.17,INR,BR001,ACTIVE,2025-02-09,2026-05-16 10:43:23.8820092,2026-05-16 10:43:23.8820092
24862,2577,Savings,461912.82,INR,BR005,ACTIVE,2025-02-10,2026-05-16 10:43:23.8820092,2026-05-16 10:43:23.8820092
24863,4159,Current,368372.64,INR,BR004,ACTIVE,2025-02-18,2026-05-16 10:43:23.8820092,2026-05-16 10:43:23.8820092
24864,5078,Current,496680.88,INR,BR002,ACTIVE,2025-02-21,2026-05-16 10:43:23.8820092,2026-05-16 10:43:23.8820092
24865,1051,Current,435742.64,INR,BR004,ACTIVE,2025-02-24,2026-05-16 10:43:23.8820092,2026-05-16 10:43:23.8820092
24866,2170,Savings,207691.88,INR,BR001,ACTIVE,2025-02-15,2026-05-16 10:43:23.8820092,2026-05-16 10:43:23.8820092
24867,5451,Current,379355.69,INR,BR004,ACTIVE,2025-02-09,2026-05-16 10:43:23.8820092,2026-05-16 10:43:23.8820092
24868,1036,Savings,236142.86,INR,BR001,ACTIVE,2025-02-23,2026-05-16 10:43:23.8820092,2026-05-16 10:43:23.8820092
24869,1277,Savings,117303.07,INR,BR004,ACTIVE,2025-02-01,2026-05-16 10:43:23.8820092,2026-05-16 10:43:23.8820092
24870,3465,Savings,121273.60,INR,BR003,ACTIVE,2025-02-02,2026-05-16 10:43:23.8820092,2026-05-16 10:43:23.8820092
24871,1889,Current,199263.75,INR,BR004,ACTIVE,2025-02-03,2026-05-16 10:43:23.8820092,2026-05-16 10:43:23.8820092
24872,1404,Savings,56621.65,INR,BR005,ACTIVE,2025-02-03,2026-05-16 10:43:23.8820092,2026-05-16 10:43:23.8820092
24873,5610,Current,89705.38,INR,BR002,ACTIVE,2025-02-16,2026-05-16 10:43:23.8820092,2026-05-16 10:43:23.8820092
24874,3614,Current,250803.73,INR,BR003,ACTIVE,2025-02-17,2026-05-16 10:43:23.8820092,2026-05-16 10:43:23.8820092
24875,3489,Savings,477007.32,INR,BR004,ACTIVE,2025-02-27,2026-05-16 10:43:23.8820092,2026-05-16 10:43:23.8820092
24876,4986,Current,289265.48,INR,BR001,ACTIVE,2025-02-09,2026-05-16 10:43:23.8820092,2026-05-16 10:43:23.8820092
24877,4040,Current,204839.88,INR,BR003,ACTIVE,2025-02-24,2026-05-16 10:43:23.8820092,2026-05-16 10:43:23.8820092
24878,3123,Savings,122107.46,INR,BR005,ACTIVE,2025-02-18,2026-05-16 10:43:23.8820092,2026-05-16 10:43:23.8820092
24879,2173,Savings,98754.75,INR,BR002,ACTIVE,2025-02-12,2026-05-16 10:43:23.8820092,2026-05-16 10:43:23.8820092
24880,5610,Savings,329545.11,INR,BR002,ACTIVE,2025-02-25,2026-05-16 10:43:23.8820092,2026-05-16 10:43:23.8820092
24881,3588,Savings,424314.33,INR,BR004,ACTIVE,2025-02-09,2026-05-16 10:43:23.8820092,2026-05-16 10:43:23.8820092
24882,1290,Savings,200029.11,INR,BR005,ACTIVE,2025-02-06,2026-05-16 10:43:23.8820092,2026-05-16 10:43:23.8820092
24883,3229,Savings,275778.86,INR,BR005,ACTIVE,2025-02-16,2026-05-16 10:43:23.8820092,2026-05-16 10:43:23.8820092
24884,3314,Current,353656.65,INR,BR002,ACTIVE,2025-02-06,2026-05-16 10:43:23.8820092,2026-05-16 10:43:23.8820092
24885,5179,Current,30089.49,INR,BR002,ACTIVE,2025-02-27,2026-05-16 10:43:23.8820092,2026-05-16 10:43:23.8820092
24886,2885,Savings,176097.63,INR,BR005,ACTIVE,2025-02-24,2026-05-16 10:43:23.8820092,2026-05-16 10:43:23.8820092
24887,4837,Savings,365146.69,INR,BR002,ACTIVE,2025-02-25,2026-05-16 10:43:23.8820092,2026-05-16 10:43:23.8820092
24888,2584,Savings,342624.89,INR,BR001,ACTIVE,2025-02-13,2026-05-16 10:43:23.8820092,2026-05-16 10:43:23.8820092
24889,2670,Savings,27620.51,INR,BR002,ACTIVE,2025-02-03,2026-05-16 10:43:23.8820092,2026-05-16 10:43:23.8820092
24890,3247,Savings,119671.43,INR,BR001,ACTIVE,2025-02-27,2026-05-16 10:43:23.8820092,2026-05-16 10:43:23.8820092
24891,1648,Savings,340298.65,INR,BR002,ACTIVE,2025-02-02,2026-05-16 10:43:23.8820092,2026-05-16 10:43:23.8820092
24892,4155,Savings,136436.61,INR,BR003,ACTIVE,2025-02-15,2026-05-16 10:43:23.8820092,2026-05-16 10:43:23.8820092
24893,1266,Savings,407390.74,INR,BR003,ACTIVE,2025-02-09,2026-05-16 10:43:23.8820092,2026-05-16 10:43:23.8820092
24894,4489,Current,15722.92,INR,BR003,ACTIVE,2025-02-06,2026-05-16 10:43:23.8820092,2026-05-16 10:43:23.8820092
24895,3918,Savings,95983.17,INR,BR001,ACTIVE,2025-02-21,2026-05-16 10:43:23.8820092,2026-05-16 10:43:23.8820092
24896,3779,Savings,141375.18,INR,BR001,ACTIVE,2025-02-09,2026-05-16 10:43:23.8820092,2026-05-16 10:43:23.8820092
24897,5957,Savings,462719.63,INR,BR004,ACTIVE,2025-02-12,2026-05-16 10:43:23.8820092,2026-05-16 10:43:23.8820092
24898,1019,Savings,398363.16,INR,BR004,ACTIVE,2025-02-11,2026-05-16 10:43:23.8820092,2026-05-16 10:43:23.8820092
24899,4602,Savings,442188.40,INR,BR002,ACTIVE,2025-02-26,2026-05-16 10:43:23.8820092,2026-05-16 10:43:23.8820092
24900,5467,Savings,220799.09,INR,BR001,ACTIVE,2025-02-24,2026-05-16 10:43:23.8820092,2026-05-16 10:43:23.8820092
24901,4095,Savings,411458.48,INR,BR003,ACTIVE,2025-02-14,2026-05-16 10:43:23.8820092,2026-05-16 10:43:23.8820092
24902,4828,Savings,426893.29,INR,BR003,ACTIVE,2025-02-27,2026-05-16 10:43:23.8820092,2026-05-16 10:43:23.8820092
24903,5715,Savings,200578.46,INR,BR003,ACTIVE,2025-02-09,2026-05-16 10:43:23.8820092,2026-05-16 10:43:23.8820092
24904,1643,Savings,497236.46,INR,BR002,ACTIVE,2025-02-21,2026-05-16 10:43:23.8820092,2026-05-16 10:43:23.8820092
24905,2546,Savings,425768.08,INR,BR001,ACTIVE,2025-02-16,2026-05-16 10:43:23.8820092,2026-05-16 10:43:23.8820092
24906,3427,Savings,487074.39,INR,BR002,ACTIVE,2025-02-27,2026-05-16 10:43:23.8820092,2026-05-16 10:43:23.8820092
24907,1817,Savings,433382.06,INR,BR005,ACTIVE,2025-02-12,2026-05-16 10:43:23.8820092,2026-05-16 10:43:23.8820092
24908,3872,Savings,388325.62,INR,BR005,ACTIVE,2025-02-20,2026-05-16 10:43:23.8820092,2026-05-16 10:43:23.8820092
24909,3138,Savings,471978.09,INR,BR004,ACTIVE,2025-02-20,2026-05-16 10:43:23.8820092,2026-05-16 10:43:23.8820092
24910,3192,Current,210489.80,INR,BR001,ACTIVE,2025-02-01,2026-05-16 10:43:23.8820092,2026-05-16 10:43:23.8820092
24911,3669,Current,391883.38,INR,BR003,ACTIVE,2025-02-04,2026-05-16 10:43:23.8820092,2026-05-16 10:43:23.8820092
24912,1864,Savings,107232.71,INR,BR001,ACTIVE,2025-02-20,2026-05-16 10:43:23.8820092,2026-05-16 10:43:23.8820092
24913,5300,Savings,366664.13,INR,BR004,ACTIVE,2025-02-02,2026-05-16 10:43:23.8820092,2026-05-16 10:43:23.8820092
24914,4628,Savings,392891.29,INR,BR003,ACTIVE,2025-02-06,2026-05-16 10:43:23.8820092,2026-05-16 10:43:23.8820092
24915,4592,Current,358545.68,INR,BR002,ACTIVE,2025-02-08,2026-05-16 10:43:23.8820092,2026-05-16 10:43:23.8820092
24916,4373,Current,425056.72,INR,BR003,ACTIVE,2025-02-02,2026-05-16 10:43:23.8820092,2026-05-16 10:43:23.8820092
24917,2931,Savings,207254.39,INR,BR005,ACTIVE,2025-02-11,2026-05-16 10:43:23.8820092,2026-05-16 10:43:23.8820092
24918,3201,Savings,272839.30,INR,BR002,ACTIVE,2025-02-07,2026-05-16 10:43:23.8820092,2026-05-16 10:43:23.8820092
24919,1529,Savings,6323.04,INR,BR003,ACTIVE,2025-02-22,2026-05-16 10:43:23.8820092,2026-05-16 10:43:23.8820092
24920,5063,Savings,73880.53,INR,BR002,ACTIVE,2025-02-19,2026-05-16 10:43:23.8820092,2026-05-16 10:43:23.8820092
24921,5435,Current,322452.77,INR,BR005,ACTIVE,2025-02-26,2026-05-16 10:43:23.8820092,2026-05-16 10:43:23.8820092
24922,4584,Savings,281596.28,INR,BR005,ACTIVE,2025-02-25,2026-05-16 10:43:23.8820092,2026-05-16 10:43:23.8820092
24923,2533,Savings,99468.92,INR,BR001,ACTIVE,2025-02-15,2026-05-16 10:43:23.8820092,2026-05-16 10:43:23.8820092
24924,1556,Current,122488.93,INR,BR005,ACTIVE,2025-02-25,2026-05-16 10:43:23.8820092,2026-05-16 10:43:23.8820092
24925,4893,Savings,172697.02,INR,BR005,ACTIVE,2025-02-15,2026-05-16 10:43:23.8820092,2026-05-16 10:43:23.8820092
24926,3801,Savings,358490.94,INR,BR005,ACTIVE,2025-02-16,2026-05-16 10:43:23.8820092,2026-05-16 10:43:23.8820092
24927,1931,Savings,305248.58,INR,BR004,ACTIVE,2025-02-04,2026-05-16 10:43:23.8820092,2026-05-16 10:43:23.8820092
24928,3599,Savings,35716.06,INR,BR005,ACTIVE,2025-02-10,2026-05-16 10:43:23.8820092,2026-05-16 10:43:23.8820092
24929,5194,Savings,380209.64,INR,BR001,ACTIVE,2025-02-27,2026-05-16 10:43:23.8820092,2026-05-16 10:43:23.8820092
24930,1793,Savings,132067.12,INR,BR002,ACTIVE,2025-02-03,2026-05-16 10:43:23.8820092,2026-05-16 10:43:23.8820092
24931,3470,Savings,336208.08,INR,BR004,ACTIVE,2025-02-20,2026-05-16 10:43:23.8820092,2026-05-16 10:43:23.8820092
24932,5036,Savings,62558.06,INR,BR002,ACTIVE,2025-02-22,2026-05-16 10:43:23.8820092,2026-05-16 10:43:23.8820092
24933,5176,Savings,498962.72,INR,BR002,ACTIVE,2025-02-02,2026-05-16 10:43:23.8820092,2026-05-16 10:43:23.8820092
24934,5384,Current,41087.25,INR,BR001,ACTIVE,2025-02-20,2026-05-16 10:43:23.8820092,2026-05-16 10:43:23.8820092
24935,3895,Savings,371125.28,INR,BR004,ACTIVE,2025-02-27,2026-05-16 10:43:23.8820092,2026-05-16 10:43:23.8820092
24936,2770,Savings,271123.85,INR,BR003,ACTIVE,2025-02-01,2026-05-16 10:43:23.8820092,2026-05-16 10:43:23.8820092
24937,4918,Savings,43883.66,INR,BR005,ACTIVE,2025-02-07,2026-05-16 10:43:23.8820092,2026-05-16 10:43:23.8820092
24938,4151,Savings,14378.42,INR,BR002,ACTIVE,2025-02-13,2026-05-16 10:43:23.8820092,2026-05-16 10:43:23.8820092
24939,5167,Savings,181970.19,INR,BR002,ACTIVE,2025-02-24,2026-05-16 10:43:23.8820092,2026-05-16 10:43:23.8820092
24940,5359,Savings,401309.74,INR,BR001,ACTIVE,2025-02-17,2026-05-16 10:43:23.8820092,2026-05-16 10:43:23.8820092
24941,1712,Savings,21534.47,INR,BR001,ACTIVE,2025-02-10,2026-05-16 10:43:23.8820092,2026-05-16 10:43:23.8820092
24942,3578,Savings,352494.93,INR,BR001,ACTIVE,2025-02-14,2026-05-16 10:43:23.8820092,2026-05-16 10:43:23.8820092
24943,5881,Savings,328032.76,INR,BR004,ACTIVE,2025-02-06,2026-05-16 10:43:23.8820092,2026-05-16 10:43:23.8820092
24944,5306,Current,133503.30,INR,BR005,ACTIVE,2025-02-22,2026-05-16 10:43:23.8820092,2026-05-16 10:43:23.8820092
24945,5051,Current,39668.53,INR,BR004,ACTIVE,2025-02-13,2026-05-16 10:43:23.8820092,2026-05-16 10:43:23.8820092
24946,3165,Savings,457745.66,INR,BR001,ACTIVE,2025-02-11,2026-05-16 10:43:23.8820092,2026-05-16 10:43:23.8820092
24947,4149,Savings,150874.55,INR,BR001,ACTIVE,2025-02-17,2026-05-16 10:43:23.8820092,2026-05-16 10:43:23.8820092
24948,5411,Savings,56580.23,INR,BR002,ACTIVE,2025-02-20,2026-05-16 10:43:23.8820092,2026-05-16 10:43:23.8820092
24949,2947,Current,341077.02,INR,BR004,ACTIVE,2025-02-03,2026-05-16 10:43:23.8820092,2026-05-16 10:43:23.8820092
24950,2573,Savings,109123.93,INR,BR004,ACTIVE,2025-02-20,2026-05-16 10:43:23.8820092,2026-05-16 10:43:23.8820092
24951,5357,Savings,238339.75,INR,BR005,ACTIVE,2025-02-06,2026-05-16 10:43:23.8820092,2026-05-16 10:43:23.8820092
24952,4646,Savings,26152.37,INR,BR004,ACTIVE,2025-02-13,2026-05-16 10:43:23.8820092,2026-05-16 10:43:23.8820092
24953,1200,Savings,496498.99,INR,BR005,ACTIVE,2025-02-01,2026-05-16 10:43:23.8820092,2026-05-16 10:43:23.8820092
24954,3378,Savings,224362.94,INR,BR003,ACTIVE,2025-02-07,2026-05-16 10:43:23.8820092,2026-05-16 10:43:23.8820092
24955,5069,Savings,499555.88,INR,BR005,ACTIVE,2025-02-17,2026-05-16 10:43:23.8820092,2026-05-16 10:43:23.8820092
24956,1090,Current,193451.76,INR,BR001,ACTIVE,2025-02-20,2026-05-16 10:43:23.8820092,2026-05-16 10:43:23.8820092
24957,1591,Savings,174578.43,INR,BR003,ACTIVE,2025-02-09,2026-05-16 10:43:23.8820092,2026-05-16 10:43:23.8820092
24958,1092,Savings,457371.59,INR,BR002,ACTIVE,2025-02-10,2026-05-16 10:43:23.8820092,2026-05-16 10:43:23.8820092
24959,4658,Savings,165403.46,INR,BR002,ACTIVE,2025-02-07,2026-05-16 10:43:23.8820092,2026-05-16 10:43:23.8820092
24960,3104,Savings,216570.77,INR,BR002,ACTIVE,2025-02-05,2026-05-16 10:43:23.8820092,2026-05-16 10:43:23.8820092
24961,4816,Savings,39977.11,INR,BR001,ACTIVE,2025-02-26,2026-05-16 10:43:23.8820092,2026-05-16 10:43:23.8820092
24962,2966,Current,477775.73,INR,BR002,ACTIVE,2025-02-23,2026-05-16 10:43:23.8820092,2026-05-16 10:43:23.8820092
24963,5157,Savings,43490.47,INR,BR005,ACTIVE,2025-02-10,2026-05-16 10:43:23.8820092,2026-05-16 10:43:23.8820092
24964,3165,Savings,385821.28,INR,BR001,ACTIVE,2025-02-16,2026-05-16 10:43:23.8820092,2026-05-16 10:43:23.8820092
24965,1590,Savings,269769.08,INR,BR004,ACTIVE,2025-02-16,2026-05-16 10:43:23.8820092,2026-05-16 10:43:23.8820092
24966,5332,Savings,31641.17,INR,BR001,ACTIVE,2025-02-24,2026-05-16 10:43:23.8820092,2026-05-16 10:43:23.8820092
24967,3081,Savings,1850.21,INR,BR001,ACTIVE,2025-02-06,2026-05-16 10:43:23.8820092,2026-05-16 10:43:23.8820092
24968,4639,Current,467841.27,INR,BR004,ACTIVE,2025-02-18,2026-05-16 10:43:23.8820092,2026-05-16 10:43:23.8820092
24969,4315,Savings,371344.53,INR,BR005,ACTIVE,2025-02-03,2026-05-16 10:43:23.8820092,2026-05-16 10:43:23.8820092
24970,1786,Savings,343531.69,INR,BR003,ACTIVE,2025-02-17,2026-05-16 10:43:23.8820092,2026-05-16 10:43:23.8820092
24971,5117,Savings,219839.71,INR,BR004,ACTIVE,2025-02-23,2026-05-16 10:43:23.8820092,2026-05-16 10:43:23.8820092
24972,2889,Savings,120068.28,INR,BR001,ACTIVE,2025-02-12,2026-05-16 10:43:23.8820092,2026-05-16 10:43:23.8820092
24973,5046,Savings,340251.67,INR,BR002,ACTIVE,2025-02-22,2026-05-16 10:43:23.8820092,2026-05-16 10:43:23.8820092
24974,4785,Savings,304542.23,INR,BR004,ACTIVE,2025-02-01,2026-05-16 10:43:23.8820092,2026-05-16 10:43:23.8820092
24975,2178,Savings,363444.76,INR,BR004,ACTIVE,2025-02-13,2026-05-16 10:43:23.8820092,2026-05-16 10:43:23.8820092
24976,2278,Savings,183530.47,INR,BR003,ACTIVE,2025-02-25,2026-05-16 10:43:23.8820092,2026-05-16 10:43:23.8820092
24977,3966,Savings,493474.96,INR,BR001,ACTIVE,2025-02-07,2026-05-16 10:43:23.8820092,2026-05-16 10:43:23.8820092
24978,1302,Current,34437.32,INR,BR002,ACTIVE,2025-02-22,2026-05-16 10:43:23.8820092,2026-05-16 10:43:23.8820092
24979,3345,Savings,40771.11,INR,BR002,ACTIVE,2025-02-06,2026-05-16 10:43:23.8820092,2026-05-16 10:43:23.8820092
24980,5869,Savings,458521.05,INR,BR003,ACTIVE,2025-02-05,2026-05-16 10:43:23.8820092,2026-05-16 10:43:23.8820092
24981,4216,Savings,324205.51,INR,BR002,ACTIVE,2025-02-25,2026-05-16 10:43:23.8820092,2026-05-16 10:43:23.8820092
24982,4316,Savings,163840.70,INR,BR005,ACTIVE,2025-02-26,2026-05-16 10:43:23.8820092,2026-05-16 10:43:23.8820092
24983,5515,Savings,381214.43,INR,BR004,ACTIVE,2025-02-09,2026-05-16 10:43:23.8820092,2026-05-16 10:43:23.8820092
24984,1062,Savings,226933.92,INR,BR004,ACTIVE,2025-02-14,2026-05-16 10:43:23.8820092,2026-05-16 10:43:23.8820092
24985,1858,Savings,11539.63,INR,BR002,ACTIVE,2025-02-12,2026-05-16 10:43:23.8820092,2026-05-16 10:43:23.8820092
24986,1538,Savings,325900.73,INR,BR002,ACTIVE,2025-02-22,2026-05-16 10:43:23.8820092,2026-05-16 10:43:23.8820092
24987,2341,Savings,122312.86,INR,BR002,ACTIVE,2025-02-25,2026-05-16 10:43:23.8820092,2026-05-16 10:43:23.8820092
24988,5792,Savings,58552.22,INR,BR004,ACTIVE,2025-02-26,2026-05-16 10:43:23.8820092,2026-05-16 10:43:23.8820092
24989,1818,Savings,113411.32,INR,BR002,ACTIVE,2025-02-19,2026-05-16 10:43:23.8820092,2026-05-16 10:43:23.8820092
24990,4108,Current,238602.78,INR,BR005,ACTIVE,2025-02-23,2026-05-16 10:43:23.8820092,2026-05-16 10:43:23.8820092
24991,1975,Savings,25878.36,INR,BR005,ACTIVE,2025-02-25,2026-05-16 10:43:23.8820092,2026-05-16 10:43:23.8820092
24992,5638,Current,441693.04,INR,BR004,ACTIVE,2025-02-16,2026-05-16 10:43:23.8820092,2026-05-16 10:43:23.8820092
24993,4653,Savings,280399.09,INR,BR001,ACTIVE,2025-02-17,2026-05-16 10:43:23.8820092,2026-05-16 10:43:23.8820092
24994,4304,Savings,147205.09,INR,BR001,ACTIVE,2025-02-27,2026-05-16 10:43:23.8820092,2026-05-16 10:43:23.8820092
24995,2712,Savings,343815.42,INR,BR001,ACTIVE,2025-02-05,2026-05-16 10:43:23.8820092,2026-05-16 10:43:23.8820092
24996,1790,Savings,402314.01,INR,BR005,ACTIVE,2025-02-19,2026-05-16 10:43:23.8820092,2026-05-16 10:43:23.8820092
24997,3081,Savings,307348.39,INR,BR003,ACTIVE,2025-02-24,2026-05-16 10:43:23.8820092,2026-05-16 10:43:23.8820092
24998,1581,Current,102044.85,INR,BR001,ACTIVE,2025-02-08,2026-05-16 10:43:23.8820092,2026-05-16 10:43:23.8820092
24999,3042,Savings,56033.92,INR,BR003,ACTIVE,2025-02-27,2026-05-16 10:43:23.8820092,2026-05-16 10:43:23.8820092
25000,1352,Savings,430089.95,INR,BR004,ACTIVE,2025-02-03,2026-05-16 10:43:23.8820092,2026-05-16 10:43:23.8820092
25001,3303,Savings,118109.02,INR,BR005,ACTIVE,2025-02-12,2026-05-16 10:43:23.8820092,2026-05-16 10:43:23.8820092
25002,2074,Savings,11021.13,INR,BR001,ACTIVE,2025-02-07,2026-05-16 10:43:23.8820092,2026-05-16 10:43:23.8820092
25003,3032,Savings,321808.15,INR,BR005,ACTIVE,2025-02-15,2026-05-16 10:43:23.8820092,2026-05-16 10:43:23.8820092
25004,5369,Savings,77289.78,INR,BR004,ACTIVE,2025-02-21,2026-05-16 10:43:23.8820092,2026-05-16 10:43:23.8820092
25005,2883,Savings,495493.94,INR,BR005,ACTIVE,2025-02-26,2026-05-16 10:43:23.8820092,2026-05-16 10:43:23.8820092
25006,5346,Savings,434995.69,INR,BR002,ACTIVE,2025-02-05,2026-05-16 10:43:23.8820092,2026-05-16 10:43:23.8820092
25007,2261,Savings,304614.42,INR,BR001,ACTIVE,2025-02-10,2026-05-16 10:43:23.8820092,2026-05-16 10:43:23.8820092
25008,1232,Current,417098.96,INR,BR005,ACTIVE,2025-02-19,2026-05-16 10:43:23.8820092,2026-05-16 10:43:23.8820092
25009,1957,Savings,235797.31,INR,BR005,ACTIVE,2025-02-06,2026-05-16 10:43:23.8820092,2026-05-16 10:43:23.8820092
25010,5730,Savings,394454.64,INR,BR005,ACTIVE,2025-02-22,2026-05-16 10:43:23.8820092,2026-05-16 10:43:23.8820092
25011,5338,Savings,323620.24,INR,BR004,ACTIVE,2025-02-24,2026-05-16 10:43:23.8820092,2026-05-16 10:43:23.8820092
25012,3182,Savings,15293.68,INR,BR001,ACTIVE,2025-02-15,2026-05-16 10:43:23.8820092,2026-05-16 10:43:23.8820092
25013,2095,Savings,474430.08,INR,BR001,ACTIVE,2025-02-02,2026-05-16 10:43:23.8820092,2026-05-16 10:43:23.8820092
25014,4930,Savings,430598.87,INR,BR002,ACTIVE,2025-02-04,2026-05-16 10:43:23.8820092,2026-05-16 10:43:23.8820092
25015,4537,Savings,476750.29,INR,BR002,ACTIVE,2025-02-20,2026-05-16 10:43:23.8820092,2026-05-16 10:43:23.8820092
25016,4493,Savings,365951.60,INR,BR005,ACTIVE,2025-02-08,2026-05-16 10:43:23.8820092,2026-05-16 10:43:23.8820092
25017,4382,Savings,206618.40,INR,BR001,ACTIVE,2025-02-24,2026-05-16 10:43:23.8820092,2026-05-16 10:43:23.8820092
25018,2303,Savings,104285.63,INR,BR001,ACTIVE,2025-02-24,2026-05-16 10:43:23.8820092,2026-05-16 10:43:23.8820092
25019,5315,Current,90818.18,INR,BR005,ACTIVE,2025-02-18,2026-05-16 10:43:23.8820092,2026-05-16 10:43:23.8820092
25020,1697,Savings,73313.21,INR,BR003,ACTIVE,2025-02-16,2026-05-16 10:43:23.8820092,2026-05-16 10:43:23.8820092
25021,1307,Savings,111084.21,INR,BR001,ACTIVE,2025-02-17,2026-05-16 10:43:23.8820092,2026-05-16 10:43:23.8820092
25022,3024,Savings,275767.37,INR,BR005,ACTIVE,2025-02-02,2026-05-16 10:43:23.8820092,2026-05-16 10:43:23.8820092
25023,1314,Savings,342188.79,INR,BR005,ACTIVE,2025-02-03,2026-05-16 10:43:23.8820092,2026-05-16 10:43:23.8820092
25024,4475,Savings,157714.22,INR,BR003,ACTIVE,2025-02-19,2026-05-16 10:43:23.8820092,2026-05-16 10:43:23.8820092
25025,2403,Current,274824.74,INR,BR002,ACTIVE,2025-02-04,2026-05-16 10:43:23.8820092,2026-05-16 10:43:23.8820092
25026,5377,Savings,171285.08,INR,BR005,ACTIVE,2025-02-21,2026-05-16 10:43:23.8820092,2026-05-16 10:43:23.8820092
25027,4399,Current,348558.48,INR,BR001,ACTIVE,2025-02-06,2026-05-16 10:43:23.8820092,2026-05-16 10:43:23.8820092
25028,1035,Savings,494254.62,INR,BR002,ACTIVE,2025-02-23,2026-05-16 10:43:23.8820092,2026-05-16 10:43:23.8820092
25029,3118,Savings,344819.47,INR,BR002,ACTIVE,2025-02-22,2026-05-16 10:43:23.8820092,2026-05-16 10:43:23.8820092
25030,1360,Savings,30456.26,INR,BR002,ACTIVE,2025-02-15,2026-05-16 10:43:23.8820092,2026-05-16 10:43:23.8820092
25031,1408,Savings,239140.24,INR,BR005,ACTIVE,2025-02-02,2026-05-16 10:43:23.8820092,2026-05-16 10:43:23.8820092
25032,5676,Savings,385423.36,INR,BR001,ACTIVE,2025-02-23,2026-05-16 10:43:23.8820092,2026-05-16 10:43:23.8820092
25033,5702,Savings,271578.56,INR,BR003,ACTIVE,2025-02-11,2026-05-16 10:43:23.8820092,2026-05-16 10:43:23.8820092
25034,4110,Current,475580.45,INR,BR004,ACTIVE,2025-02-18,2026-05-16 10:43:23.8820092,2026-05-16 10:43:23.8820092
25035,4934,Savings,28331.07,INR,BR004,ACTIVE,2025-02-10,2026-05-16 10:43:23.8820092,2026-05-16 10:43:23.8820092
25036,3093,Savings,146286.62,INR,BR002,ACTIVE,2025-02-24,2026-05-16 10:43:23.8820092,2026-05-16 10:43:23.8820092
25037,1137,Savings,111138.34,INR,BR004,ACTIVE,2025-02-15,2026-05-16 10:43:23.8820092,2026-05-16 10:43:23.8820092
25038,3871,Savings,384043.48,INR,BR004,ACTIVE,2025-02-07,2026-05-16 10:43:23.8820092,2026-05-16 10:43:23.8820092
25039,1979,Savings,262372.74,INR,BR005,ACTIVE,2025-02-21,2026-05-16 10:43:23.8820092,2026-05-16 10:43:23.8820092
25040,5916,Current,70033.76,INR,BR003,ACTIVE,2025-02-14,2026-05-16 10:43:23.8820092,2026-05-16 10:43:23.8820092
25041,2485,Savings,143511.04,INR,BR004,ACTIVE,2025-02-26,2026-05-16 10:43:23.8820092,2026-05-16 10:43:23.8820092
25042,3415,Savings,261807.00,INR,BR003,ACTIVE,2025-02-26,2026-05-16 10:43:23.8820092,2026-05-16 10:43:23.8820092
25043,4377,Savings,498068.36,INR,BR004,ACTIVE,2025-02-20,2026-05-16 10:43:23.8820092,2026-05-16 10:43:23.8820092
25044,1467,Savings,182781.89,INR,BR002,ACTIVE,2025-02-23,2026-05-16 10:43:23.8820092,2026-05-16 10:43:23.8820092
25045,5934,Savings,79256.22,INR,BR002,ACTIVE,2025-02-24,2026-05-16 10:43:23.8820092,2026-05-16 10:43:23.8820092
25046,1975,Savings,249036.20,INR,BR003,ACTIVE,2025-02-18,2026-05-16 10:43:23.8820092,2026-05-16 10:43:23.8820092
25047,5719,Savings,155783.00,INR,BR003,ACTIVE,2025-02-07,2026-05-16 10:43:23.8820092,2026-05-16 10:43:23.8820092
25048,2923,Savings,283417.45,INR,BR003,ACTIVE,2025-02-12,2026-05-16 10:43:23.8820092,2026-05-16 10:43:23.8820092
25049,3598,Savings,233888.44,INR,BR003,ACTIVE,2025-02-14,2026-05-16 10:43:23.8820092,2026-05-16 10:43:23.8820092
25050,3652,Savings,345055.47,INR,BR001,ACTIVE,2025-02-25,2026-05-16 10:43:23.8820092,2026-05-16 10:43:23.8820092
25051,2800,Savings,457231.06,INR,BR002,ACTIVE,2025-02-15,2026-05-16 10:43:23.8820092,2026-05-16 10:43:23.8820092
25052,2016,Savings,101056.66,INR,BR004,ACTIVE,2025-02-24,2026-05-16 10:43:23.8820092,2026-05-16 10:43:23.8820092
25053,2749,Savings,410768.86,INR,BR001,ACTIVE,2025-02-10,2026-05-16 10:43:23.8820092,2026-05-16 10:43:23.8820092
25054,4318,Savings,474683.59,INR,BR003,ACTIVE,2025-02-07,2026-05-16 10:43:23.8820092,2026-05-16 10:43:23.8820092
25055,1685,Current,187431.23,INR,BR004,ACTIVE,2025-02-09,2026-05-16 10:43:23.8820092,2026-05-16 10:43:23.8820092
25056,4151,Savings,57717.69,INR,BR002,ACTIVE,2025-02-13,2026-05-16 10:43:23.8820092,2026-05-16 10:43:23.8820092
25057,2457,Current,411133.67,INR,BR003,ACTIVE,2025-02-03,2026-05-16 10:43:23.8820092,2026-05-16 10:43:23.8820092
25058,1369,Current,350846.81,INR,BR005,ACTIVE,2025-02-25,2026-05-16 10:43:23.8820092,2026-05-16 10:43:23.8820092
25059,5447,Savings,107143.39,INR,BR003,ACTIVE,2025-02-11,2026-05-16 10:43:23.8820092,2026-05-16 10:43:23.8820092
25060,5614,Savings,223166.57,INR,BR004,ACTIVE,2025-02-23,2026-05-16 10:43:23.8820092,2026-05-16 10:43:23.8820092
25061,2345,Savings,289418.11,INR,BR002,ACTIVE,2025-02-24,2026-05-16 10:43:23.8820092,2026-05-16 10:43:23.8820092
25062,5118,Savings,85757.19,INR,BR003,ACTIVE,2025-02-04,2026-05-16 10:43:23.8820092,2026-05-16 10:43:23.8820092
25063,1179,Current,357741.50,INR,BR002,ACTIVE,2025-02-10,2026-05-16 10:43:23.8820092,2026-05-16 10:43:23.8820092
25064,3756,Savings,345251.49,INR,BR001,ACTIVE,2025-02-02,2026-05-16 10:43:23.8820092,2026-05-16 10:43:23.8820092
25065,2133,Savings,443676.18,INR,BR005,ACTIVE,2025-02-09,2026-05-16 10:43:23.8820092,2026-05-16 10:43:23.8820092
25066,2480,Current,284069.21,INR,BR001,ACTIVE,2025-02-25,2026-05-16 10:43:23.8820092,2026-05-16 10:43:23.8820092
25067,4067,Savings,287582.20,INR,BR005,ACTIVE,2025-02-15,2026-05-16 10:43:23.8820092,2026-05-16 10:43:23.8820092
25068,5029,Savings,310074.29,INR,BR001,ACTIVE,2025-02-16,2026-05-16 10:43:23.8820092,2026-05-16 10:43:23.8820092
25069,5627,Savings,137617.85,INR,BR002,ACTIVE,2025-02-05,2026-05-16 10:43:23.8820092,2026-05-16 10:43:23.8820092
25070,3412,Current,379544.32,INR,BR002,ACTIVE,2025-02-20,2026-05-16 10:43:23.8820092,2026-05-16 10:43:23.8820092
25071,2921,Current,331587.13,INR,BR001,ACTIVE,2025-02-14,2026-05-16 10:43:23.8820092,2026-05-16 10:43:23.8820092
25072,3473,Current,419733.67,INR,BR004,ACTIVE,2025-02-17,2026-05-16 10:43:23.8820092,2026-05-16 10:43:23.8820092
25073,1959,Savings,384524.42,INR,BR001,ACTIVE,2025-02-15,2026-05-16 10:43:23.8820092,2026-05-16 10:43:23.8820092
25074,4288,Savings,319647.54,INR,BR003,ACTIVE,2025-02-24,2026-05-16 10:43:23.8820092,2026-05-16 10:43:23.8820092
25075,2072,Savings,81285.18,INR,BR004,ACTIVE,2025-02-03,2026-05-16 10:43:23.8820092,2026-05-16 10:43:23.8820092
25076,2489,Current,459654.51,INR,BR002,ACTIVE,2025-02-11,2026-05-16 10:43:23.8820092,2026-05-16 10:43:23.8820092
25077,5768,Savings,184238.88,INR,BR001,ACTIVE,2025-02-11,2026-05-16 10:43:23.8820092,2026-05-16 10:43:23.8820092
25078,2934,Savings,482184.99,INR,BR004,ACTIVE,2025-02-25,2026-05-16 10:43:23.8820092,2026-05-16 10:43:23.8820092
25079,3017,Savings,201533.53,INR,BR003,ACTIVE,2025-02-17,2026-05-16 10:43:23.8820092,2026-05-16 10:43:23.8820092
25080,5975,Savings,73823.21,INR,BR005,ACTIVE,2025-02-18,2026-05-16 10:43:23.8820092,2026-05-16 10:43:23.8820092
25081,4938,Savings,442535.03,INR,BR002,ACTIVE,2025-02-21,2026-05-16 10:43:23.8820092,2026-05-16 10:43:23.8820092
25082,4036,Savings,397734.31,INR,BR004,ACTIVE,2025-02-19,2026-05-16 10:43:23.8820092,2026-05-16 10:43:23.8820092
25083,4262,Savings,393361.73,INR,BR004,ACTIVE,2025-02-07,2026-05-16 10:43:23.8820092,2026-05-16 10:43:23.8820092
25084,3200,Savings,45615.96,INR,BR004,ACTIVE,2025-02-06,2026-05-16 10:43:23.8820092,2026-05-16 10:43:23.8820092
25085,2400,Savings,439760.64,INR,BR001,ACTIVE,2025-02-14,2026-05-16 10:43:23.8820092,2026-05-16 10:43:23.8820092
25086,3303,Savings,298603.92,INR,BR002,ACTIVE,2025-02-24,2026-05-16 10:43:23.8820092,2026-05-16 10:43:23.8820092
25087,5854,Savings,235707.51,INR,BR002,ACTIVE,2025-02-03,2026-05-16 10:43:23.8820092,2026-05-16 10:43:23.8820092
25088,5283,Savings,456672.64,INR,BR001,ACTIVE,2025-02-24,2026-05-16 10:43:23.8820092,2026-05-16 10:43:23.8820092
25089,1879,Current,333354.63,INR,BR001,ACTIVE,2025-02-14,2026-05-16 10:43:23.8820092,2026-05-16 10:43:23.8820092
25090,5769,Current,67382.38,INR,BR001,ACTIVE,2025-02-10,2026-05-16 10:43:23.8820092,2026-05-16 10:43:23.8820092
25091,5972,Current,260249.05,INR,BR003,ACTIVE,2025-02-11,2026-05-16 10:43:23.8820092,2026-05-16 10:43:23.8820092
25092,5214,Savings,318671.68,INR,BR004,ACTIVE,2025-02-07,2026-05-16 10:43:23.8820092,2026-05-16 10:43:23.8820092
25093,4695,Current,449376.80,INR,BR003,ACTIVE,2025-02-05,2026-05-16 10:43:23.8820092,2026-05-16 10:43:23.8820092
25094,1871,Savings,140667.16,INR,BR002,ACTIVE,2025-02-25,2026-05-16 10:43:23.8820092,2026-05-16 10:43:23.8820092
25095,1706,Current,397322.71,INR,BR001,ACTIVE,2025-02-25,2026-05-16 10:43:23.8820092,2026-05-16 10:43:23.8820092
25096,3690,Savings,400106.64,INR,BR004,ACTIVE,2025-02-22,2026-05-16 10:43:23.8820092,2026-05-16 10:43:23.8820092
25097,3260,Savings,64896.69,INR,BR005,ACTIVE,2025-02-23,2026-05-16 10:43:23.8820092,2026-05-16 10:43:23.8820092
25098,5582,Savings,9599.36,INR,BR004,ACTIVE,2025-02-13,2026-05-16 10:43:23.8820092,2026-05-16 10:43:23.8820092
25099,4868,Current,291123.44,INR,BR005,ACTIVE,2025-02-25,2026-05-16 10:43:23.8820092,2026-05-16 10:43:23.8820092
25100,2578,Savings,394949.96,INR,BR004,ACTIVE,2025-02-06,2026-05-16 10:43:23.8820092,2026-05-16 10:43:23.8820092
25101,2968,Savings,277660.98,INR,BR001,ACTIVE,2025-02-12,2026-05-16 10:43:23.8820092,2026-05-16 10:43:23.8820092
25102,2253,Savings,406860.40,INR,BR005,ACTIVE,2025-02-10,2026-05-16 10:43:23.8820092,2026-05-16 10:43:23.8820092
25103,2253,Current,311529.27,INR,BR005,ACTIVE,2025-02-07,2026-05-16 10:43:23.8820092,2026-05-16 10:43:23.8820092
25104,4050,Current,326992.89,INR,BR002,ACTIVE,2025-02-21,2026-05-16 10:43:23.8820092,2026-05-16 10:43:23.8820092
25105,5439,Savings,15049.06,INR,BR004,ACTIVE,2025-02-25,2026-05-16 10:43:23.8820092,2026-05-16 10:43:23.8820092
25106,4129,Savings,45210.50,INR,BR003,ACTIVE,2025-02-04,2026-05-16 10:43:23.8820092,2026-05-16 10:43:23.8820092
25107,2667,Savings,362789.78,INR,BR003,ACTIVE,2025-02-14,2026-05-16 10:43:23.8820092,2026-05-16 10:43:23.8820092
25108,5390,Savings,381658.80,INR,BR002,ACTIVE,2025-02-01,2026-05-16 10:43:23.8820092,2026-05-16 10:43:23.8820092
25109,1028,Current,271546.81,INR,BR002,ACTIVE,2025-02-13,2026-05-16 10:43:23.8820092,2026-05-16 10:43:23.8820092
25110,4610,Savings,295492.40,INR,BR002,ACTIVE,2025-02-19,2026-05-16 10:43:23.8820092,2026-05-16 10:43:23.8820092
25111,2620,Savings,307568.55,INR,BR001,ACTIVE,2025-02-25,2026-05-16 10:43:23.8820092,2026-05-16 10:43:23.8820092
25112,3907,Savings,53390.67,INR,BR001,ACTIVE,2025-02-20,2026-05-16 10:43:23.8820092,2026-05-16 10:43:23.8820092
25113,2345,Savings,334286.39,INR,BR001,ACTIVE,2025-02-19,2026-05-16 10:43:23.8820092,2026-05-16 10:43:23.8820092
25114,4914,Savings,239756.52,INR,BR001,ACTIVE,2025-02-03,2026-05-16 10:43:23.8820092,2026-05-16 10:43:23.8820092
25115,4786,Savings,301658.97,INR,BR002,ACTIVE,2025-02-13,2026-05-16 10:43:23.8820092,2026-05-16 10:43:23.8820092
25116,5669,Savings,282007.77,INR,BR002,ACTIVE,2025-02-14,2026-05-16 10:43:23.8820092,2026-05-16 10:43:23.8820092
25117,4769,Current,381737.12,INR,BR001,ACTIVE,2025-02-09,2026-05-16 10:43:23.8820092,2026-05-16 10:43:23.8820092
25118,4830,Savings,159965.56,INR,BR001,ACTIVE,2025-02-10,2026-05-16 10:43:23.8820092,2026-05-16 10:43:23.8820092
25119,1928,Savings,187389.60,INR,BR005,ACTIVE,2025-02-09,2026-05-16 10:43:23.8820092,2026-05-16 10:43:23.8820092
25120,2779,Savings,196411.55,INR,BR004,ACTIVE,2025-02-16,2026-05-16 10:43:23.8820092,2026-05-16 10:43:23.8820092
25121,4104,Current,381465.59,INR,BR005,ACTIVE,2025-02-16,2026-05-16 10:43:23.8820092,2026-05-16 10:43:23.8820092
25122,3445,Savings,216125.20,INR,BR004,ACTIVE,2025-02-14,2026-05-16 10:43:23.8820092,2026-05-16 10:43:23.8820092
25123,4089,Savings,89360.31,INR,BR001,ACTIVE,2025-02-26,2026-05-16 10:43:23.8820092,2026-05-16 10:43:23.8820092
25124,5466,Savings,491537.44,INR,BR001,ACTIVE,2025-02-21,2026-05-16 10:43:23.8820092,2026-05-16 10:43:23.8820092
25125,1164,Savings,247197.55,INR,BR001,ACTIVE,2025-02-26,2026-05-16 10:43:23.8820092,2026-05-16 10:43:23.8820092
25126,5000,Savings,55514.79,INR,BR005,ACTIVE,2025-02-15,2026-05-16 10:43:23.8820092,2026-05-16 10:43:23.8820092
25127,3758,Savings,335467.20,INR,BR002,ACTIVE,2025-02-25,2026-05-16 10:43:23.8820092,2026-05-16 10:43:23.8820092
25128,4574,Savings,369842.02,INR,BR004,ACTIVE,2025-02-01,2026-05-16 10:43:23.8820092,2026-05-16 10:43:23.8820092
25129,1351,Savings,250611.20,INR,BR005,ACTIVE,2025-02-04,2026-05-16 10:43:23.8820092,2026-05-16 10:43:23.8820092
25130,1201,Savings,323582.15,INR,BR001,ACTIVE,2025-02-18,2026-05-16 10:43:23.8820092,2026-05-16 10:43:23.8820092
25131,3553,Current,87164.76,INR,BR002,ACTIVE,2025-02-05,2026-05-16 10:43:23.8820092,2026-05-16 10:43:23.8820092
25132,4929,Current,184593.27,INR,BR005,ACTIVE,2025-02-02,2026-05-16 10:43:23.8820092,2026-05-16 10:43:23.8820092
25133,2052,Savings,81752.47,INR,BR004,ACTIVE,2025-02-10,2026-05-16 10:43:23.8820092,2026-05-16 10:43:23.8820092
25134,5433,Savings,194230.39,INR,BR001,ACTIVE,2025-02-08,2026-05-16 10:43:23.8820092,2026-05-16 10:43:23.8820092
25135,1287,Savings,281837.46,INR,BR004,ACTIVE,2025-02-21,2026-05-16 10:43:23.8820092,2026-05-16 10:43:23.8820092
25136,3679,Savings,221827.16,INR,BR001,ACTIVE,2025-02-25,2026-05-16 10:43:23.8820092,2026-05-16 10:43:23.8820092
25137,2796,Current,297014.21,INR,BR001,ACTIVE,2025-02-12,2026-05-16 10:43:23.8820092,2026-05-16 10:43:23.8820092
25138,4559,Savings,251377.83,INR,BR003,ACTIVE,2025-02-20,2026-05-16 10:43:23.8820092,2026-05-16 10:43:23.8820092
25139,1107,Current,159589.37,INR,BR004,ACTIVE,2025-02-05,2026-05-16 10:43:23.8820092,2026-05-16 10:43:23.8820092
25140,3554,Current,72564.58,INR,BR002,ACTIVE,2025-02-02,2026-05-16 10:43:23.8820092,2026-05-16 10:43:23.8820092
25141,4514,Savings,127083.76,INR,BR001,ACTIVE,2025-02-05,2026-05-16 10:43:23.8820092,2026-05-16 10:43:23.8820092
25142,1117,Savings,101155.91,INR,BR002,ACTIVE,2025-02-15,2026-05-16 10:43:23.8820092,2026-05-16 10:43:23.8820092
25143,2269,Savings,354003.72,INR,BR005,ACTIVE,2025-02-13,2026-05-16 10:43:23.8820092,2026-05-16 10:43:23.8820092
25144,1741,Savings,410163.46,INR,BR001,ACTIVE,2025-02-21,2026-05-16 10:43:23.8820092,2026-05-16 10:43:23.8820092
25145,1023,Savings,360473.91,INR,BR001,ACTIVE,2025-02-24,2026-05-16 10:43:23.8820092,2026-05-16 10:43:23.8820092
25146,1361,Savings,322223.34,INR,BR001,ACTIVE,2025-02-03,2026-05-16 10:43:23.8820092,2026-05-16 10:43:23.8820092
25147,5094,Savings,154617.83,INR,BR002,ACTIVE,2025-02-21,2026-05-16 10:43:23.8820092,2026-05-16 10:43:23.8820092
25148,5796,Current,355781.79,INR,BR003,ACTIVE,2025-02-04,2026-05-16 10:43:23.8820092,2026-05-16 10:43:23.8820092
25149,2451,Current,302936.65,INR,BR004,ACTIVE,2025-02-18,2026-05-16 10:43:23.8820092,2026-05-16 10:43:23.8820092
25150,1217,Savings,24399.79,INR,BR001,ACTIVE,2025-02-02,2026-05-16 10:43:23.8820092,2026-05-16 10:43:23.8820092
25151,3755,Current,453898.45,INR,BR004,ACTIVE,2025-02-09,2026-05-16 10:43:23.8820092,2026-05-16 10:43:23.8820092
25152,1628,Savings,40896.97,INR,BR004,ACTIVE,2025-02-19,2026-05-16 10:43:23.8820092,2026-05-16 10:43:23.8820092
25153,4268,Current,251851.24,INR,BR004,ACTIVE,2025-02-05,2026-05-16 10:43:23.8820092,2026-05-16 10:43:23.8820092
25154,1567,Savings,257021.51,INR,BR002,ACTIVE,2025-02-24,2026-05-16 10:43:23.8820092,2026-05-16 10:43:23.8820092
25155,4759,Current,418666.59,INR,BR004,ACTIVE,2025-02-16,2026-05-16 10:43:23.8820092,2026-05-16 10:43:23.8820092
25156,3491,Savings,456620.68,INR,BR005,ACTIVE,2025-02-07,2026-05-16 10:43:23.8820092,2026-05-16 10:43:23.8820092
25157,3021,Savings,469898.22,INR,BR002,ACTIVE,2025-02-11,2026-05-16 10:43:23.8820092,2026-05-16 10:43:23.8820092
25158,4531,Savings,285266.39,INR,BR002,ACTIVE,2025-02-13,2026-05-16 10:43:23.8820092,2026-05-16 10:43:23.8820092
25159,3507,Savings,339842.07,INR,BR005,ACTIVE,2025-02-15,2026-05-16 10:43:23.8820092,2026-05-16 10:43:23.8820092
25160,4556,Savings,45171.41,INR,BR003,ACTIVE,2025-02-18,2026-05-16 10:43:23.8820092,2026-05-16 10:43:23.8820092
25161,3192,Current,244470.09,INR,BR003,ACTIVE,2025-02-24,2026-05-16 10:43:23.8820092,2026-05-16 10:43:23.8820092
25162,5410,Savings,449030.50,INR,BR001,ACTIVE,2025-02-01,2026-05-16 10:43:23.8820092,2026-05-16 10:43:23.8820092
25163,3923,Current,228392.88,INR,BR003,ACTIVE,2025-02-27,2026-05-16 10:43:23.8820092,2026-05-16 10:43:23.8820092
25164,1729,Savings,35727.37,INR,BR001,ACTIVE,2025-02-22,2026-05-16 10:43:23.8820092,2026-05-16 10:43:23.8820092
25165,4329,Current,101119.93,INR,BR004,ACTIVE,2025-02-08,2026-05-16 10:43:23.8820092,2026-05-16 10:43:23.8820092
25166,1474,Savings,215323.95,INR,BR001,ACTIVE,2025-02-27,2026-05-16 10:43:23.8820092,2026-05-16 10:43:23.8820092
25167,5781,Savings,119526.62,INR,BR003,ACTIVE,2025-02-14,2026-05-16 10:43:23.8820092,2026-05-16 10:43:23.8820092
25168,1606,Savings,196754.00,INR,BR001,ACTIVE,2025-02-17,2026-05-16 10:43:23.8820092,2026-05-16 10:43:23.8820092
25169,4571,Savings,167147.98,INR,BR002,ACTIVE,2025-02-08,2026-05-16 10:43:23.8820092,2026-05-16 10:43:23.8820092
25170,2243,Current,160145.60,INR,BR003,ACTIVE,2025-02-07,2026-05-16 10:43:23.8820092,2026-05-16 10:43:23.8820092
25171,4603,Savings,46491.14,INR,BR001,ACTIVE,2025-02-12,2026-05-16 10:43:23.8820092,2026-05-16 10:43:23.8820092
25172,4755,Savings,441474.63,INR,BR003,ACTIVE,2025-02-06,2026-05-16 10:43:23.8820092,2026-05-16 10:43:23.8820092
25173,5371,Savings,346660.42,INR,BR005,ACTIVE,2025-02-04,2026-05-16 10:43:23.8820092,2026-05-16 10:43:23.8820092
25174,4879,Savings,312067.57,INR,BR003,ACTIVE,2025-02-09,2026-05-16 10:43:23.8820092,2026-05-16 10:43:23.8820092
25175,2900,Savings,303628.23,INR,BR005,ACTIVE,2025-02-22,2026-05-16 10:43:23.8820092,2026-05-16 10:43:23.8820092
25176,4744,Current,198854.61,INR,BR001,ACTIVE,2025-02-22,2026-05-16 10:43:23.8820092,2026-05-16 10:43:23.8820092
25177,5848,Savings,411834.34,INR,BR005,ACTIVE,2025-02-01,2026-05-16 10:43:23.8820092,2026-05-16 10:43:23.8820092
25178,3265,Savings,465089.96,INR,BR003,ACTIVE,2025-02-02,2026-05-16 10:43:23.8820092,2026-05-16 10:43:23.8820092
25179,4146,Savings,3803.01,INR,BR002,ACTIVE,2025-02-16,2026-05-16 10:43:23.8820092,2026-05-16 10:43:23.8820092
25180,1676,Savings,40520.04,INR,BR005,ACTIVE,2025-02-13,2026-05-16 10:43:23.8820092,2026-05-16 10:43:23.8820092
25181,5054,Savings,337812.83,INR,BR003,ACTIVE,2025-02-19,2026-05-16 10:43:23.8820092,2026-05-16 10:43:23.8820092
25182,1710,Savings,118797.29,INR,BR002,ACTIVE,2025-02-27,2026-05-16 10:43:23.8820092,2026-05-16 10:43:23.8820092
25183,1923,Savings,455940.79,INR,BR004,ACTIVE,2025-02-14,2026-05-16 10:43:23.8820092,2026-05-16 10:43:23.8820092
25184,4400,Savings,334039.12,INR,BR005,ACTIVE,2025-02-17,2026-05-16 10:43:23.8820092,2026-05-16 10:43:23.8820092
25185,1408,Savings,184777.34,INR,BR005,ACTIVE,2025-02-01,2026-05-16 10:43:23.8820092,2026-05-16 10:43:23.8820092
25186,5244,Savings,208225.92,INR,BR001,ACTIVE,2025-02-06,2026-05-16 10:43:23.8820092,2026-05-16 10:43:23.8820092
25187,2110,Savings,345750.37,INR,BR004,ACTIVE,2025-02-25,2026-05-16 10:43:23.8820092,2026-05-16 10:43:23.8820092
25188,4593,Savings,71341.09,INR,BR001,ACTIVE,2025-02-04,2026-05-16 10:43:23.8820092,2026-05-16 10:43:23.8820092
25189,5599,Savings,441822.53,INR,BR001,ACTIVE,2025-02-21,2026-05-16 10:43:23.8820092,2026-05-16 10:43:23.8820092
25190,2789,Savings,3381.08,INR,BR003,ACTIVE,2025-02-14,2026-05-16 10:43:23.8820092,2026-05-16 10:43:23.8820092
25191,4960,Savings,489494.53,INR,BR001,ACTIVE,2025-02-26,2026-05-16 10:43:23.8820092,2026-05-16 10:43:23.8820092
25192,2491,Savings,84655.09,INR,BR005,ACTIVE,2025-02-03,2026-05-16 10:43:23.8820092,2026-05-16 10:43:23.8820092
25193,4585,Current,371313.57,INR,BR001,ACTIVE,2025-02-26,2026-05-16 10:43:23.8820092,2026-05-16 10:43:23.8820092
25194,4851,Savings,20922.43,INR,BR002,ACTIVE,2025-02-05,2026-05-16 10:43:23.8820092,2026-05-16 10:43:23.8820092
25195,5201,Savings,216283.02,INR,BR005,ACTIVE,2025-02-18,2026-05-16 10:43:23.8820092,2026-05-16 10:43:23.8820092
25196,2482,Savings,315526.53,INR,BR003,ACTIVE,2025-02-20,2026-05-16 10:43:23.8820092,2026-05-16 10:43:23.8820092
25197,2281,Savings,36043.50,INR,BR001,ACTIVE,2025-02-20,2026-05-16 10:43:23.8820092,2026-05-16 10:43:23.8820092
25198,4943,Savings,222203.47,INR,BR002,ACTIVE,2025-02-16,2026-05-16 10:43:23.8820092,2026-05-16 10:43:23.8820092
25199,5855,Savings,152265.07,INR,BR002,ACTIVE,2025-02-17,2026-05-16 10:43:23.8820092,2026-05-16 10:43:23.8820092
25200,1875,Current,249623.56,INR,BR005,ACTIVE,2025-02-01,2026-05-16 10:43:23.8820092,2026-05-16 10:43:23.8820092
25201,1112,Savings,252783.69,INR,BR001,ACTIVE,2025-02-24,2026-05-16 10:43:23.8820092,2026-05-16 10:43:23.8820092
25202,1202,Savings,392830.57,INR,BR002,ACTIVE,2025-02-14,2026-05-16 10:43:23.8820092,2026-05-16 10:43:23.8820092
25203,5714,Savings,62628.76,INR,BR001,ACTIVE,2025-02-05,2026-05-16 10:43:23.8820092,2026-05-16 10:43:23.8820092
25204,3654,Savings,42277.08,INR,BR005,ACTIVE,2025-02-27,2026-05-16 10:43:23.8820092,2026-05-16 10:43:23.8820092
25205,1995,Savings,201543.23,INR,BR004,ACTIVE,2025-02-07,2026-05-16 10:43:23.8820092,2026-05-16 10:43:23.8820092
25206,5121,Savings,443872.44,INR,BR002,ACTIVE,2025-02-06,2026-05-16 10:43:23.8820092,2026-05-16 10:43:23.8820092
25207,5753,Savings,427779.49,INR,BR003,ACTIVE,2025-02-14,2026-05-16 10:43:23.8820092,2026-05-16 10:43:23.8820092
25208,2532,Current,280436.46,INR,BR001,ACTIVE,2025-02-09,2026-05-16 10:43:23.8820092,2026-05-16 10:43:23.8820092
25209,2390,Savings,444498.14,INR,BR005,ACTIVE,2025-02-16,2026-05-16 10:43:23.8820092,2026-05-16 10:43:23.8820092
25210,1531,Savings,402866.46,INR,BR005,ACTIVE,2025-02-23,2026-05-16 10:43:23.8820092,2026-05-16 10:43:23.8820092
25211,2618,Savings,139691.79,INR,BR003,ACTIVE,2025-02-05,2026-05-16 10:43:23.8820092,2026-05-16 10:43:23.8820092
25212,5142,Savings,85883.03,INR,BR004,ACTIVE,2025-02-22,2026-05-16 10:43:23.8820092,2026-05-16 10:43:23.8820092
25213,1365,Savings,151277.09,INR,BR001,ACTIVE,2025-02-26,2026-05-16 10:43:23.8820092,2026-05-16 10:43:23.8820092
25214,4372,Savings,114331.82,INR,BR004,ACTIVE,2025-02-05,2026-05-16 10:43:23.8820092,2026-05-16 10:43:23.8820092
25215,3825,Current,311736.68,INR,BR005,ACTIVE,2025-02-15,2026-05-16 10:43:23.8820092,2026-05-16 10:43:23.8820092
25216,2373,Savings,292864.66,INR,BR002,ACTIVE,2025-02-01,2026-05-16 10:43:23.8820092,2026-05-16 10:43:23.8820092
25217,3858,Savings,299620.25,INR,BR004,ACTIVE,2025-02-09,2026-05-16 10:43:23.8820092,2026-05-16 10:43:23.8820092
25218,3238,Savings,95462.46,INR,BR002,ACTIVE,2025-02-08,2026-05-16 10:43:23.8820092,2026-05-16 10:43:23.8820092
25219,4475,Savings,396139.50,INR,BR003,ACTIVE,2025-02-17,2026-05-16 10:43:23.8820092,2026-05-16 10:43:23.8820092
25220,5445,Current,217379.42,INR,BR005,ACTIVE,2025-02-18,2026-05-16 10:43:23.8820092,2026-05-16 10:43:23.8820092
25221,5469,Savings,236753.51,INR,BR002,ACTIVE,2025-02-23,2026-05-16 10:43:23.8820092,2026-05-16 10:43:23.8820092
25222,4577,Current,498483.96,INR,BR001,ACTIVE,2025-02-10,2026-05-16 10:43:23.8820092,2026-05-16 10:43:23.8820092
25223,4363,Savings,141853.62,INR,BR005,ACTIVE,2025-02-17,2026-05-16 10:43:23.8820092,2026-05-16 10:43:23.8820092
25224,5044,Current,197674.86,INR,BR003,ACTIVE,2025-02-14,2026-05-16 10:43:23.8820092,2026-05-16 10:43:23.8820092
25225,4976,Savings,338555.14,INR,BR001,ACTIVE,2025-02-20,2026-05-16 10:43:23.8820092,2026-05-16 10:43:23.8820092
25226,1985,Savings,440326.10,INR,BR005,ACTIVE,2025-02-03,2026-05-16 10:43:23.8820092,2026-05-16 10:43:23.8820092
25227,3159,Current,64263.72,INR,BR004,ACTIVE,2025-02-10,2026-05-16 10:43:23.8820092,2026-05-16 10:43:23.8820092
25228,2527,Current,367787.86,INR,BR005,ACTIVE,2025-02-06,2026-05-16 10:43:23.8820092,2026-05-16 10:43:23.8820092
25229,4373,Savings,459221.98,INR,BR001,ACTIVE,2025-02-20,2026-05-16 10:43:23.8820092,2026-05-16 10:43:23.8820092
25230,2037,Savings,212039.38,INR,BR002,ACTIVE,2025-02-27,2026-05-16 10:43:23.8820092,2026-05-16 10:43:23.8820092
25231,5619,Savings,144076.73,INR,BR002,ACTIVE,2025-02-19,2026-05-16 10:43:23.8820092,2026-05-16 10:43:23.8820092
25232,4174,Savings,339190.84,INR,BR005,ACTIVE,2025-02-03,2026-05-16 10:43:23.8820092,2026-05-16 10:43:23.8820092
25233,2990,Savings,123790.75,INR,BR005,ACTIVE,2025-02-04,2026-05-16 10:43:23.8820092,2026-05-16 10:43:23.8820092
25234,3245,Savings,192760.58,INR,BR003,ACTIVE,2025-02-16,2026-05-16 10:43:23.8820092,2026-05-16 10:43:23.8820092
25235,3103,Savings,448559.77,INR,BR004,ACTIVE,2025-02-18,2026-05-16 10:43:23.8820092,2026-05-16 10:43:23.8820092
25236,3231,Savings,295575.94,INR,BR003,ACTIVE,2025-02-08,2026-05-16 10:43:23.8820092,2026-05-16 10:43:23.8820092
25237,2043,Savings,48393.66,INR,BR003,ACTIVE,2025-02-14,2026-05-16 10:43:23.8820092,2026-05-16 10:43:23.8820092
25238,5459,Current,165519.07,INR,BR002,ACTIVE,2025-02-05,2026-05-16 10:43:23.8820092,2026-05-16 10:43:23.8820092
25239,3521,Savings,314005.32,INR,BR002,ACTIVE,2025-02-07,2026-05-16 10:43:23.8820092,2026-05-16 10:43:23.8820092
25240,5105,Savings,241267.32,INR,BR001,ACTIVE,2025-02-19,2026-05-16 10:43:23.8820092,2026-05-16 10:43:23.8820092
25241,3708,Current,330509.32,INR,BR003,ACTIVE,2025-02-15,2026-05-16 10:43:23.8820092,2026-05-16 10:43:23.8820092
25242,2330,Savings,380959.27,INR,BR001,ACTIVE,2025-02-14,2026-05-16 10:43:23.8820092,2026-05-16 10:43:23.8820092
25243,4656,Savings,240826.94,INR,BR005,ACTIVE,2025-02-01,2026-05-16 10:43:23.8820092,2026-05-16 10:43:23.8820092
25244,4906,Savings,493488.89,INR,BR001,ACTIVE,2025-02-02,2026-05-16 10:43:23.8820092,2026-05-16 10:43:23.8820092
25245,2081,Savings,457422.26,INR,BR002,ACTIVE,2025-02-24,2026-05-16 10:43:23.8820092,2026-05-16 10:43:23.8820092
25246,4606,Savings,30893.80,INR,BR003,ACTIVE,2025-02-08,2026-05-16 10:43:23.8820092,2026-05-16 10:43:23.8820092
25247,1824,Savings,133949.14,INR,BR002,ACTIVE,2025-02-23,2026-05-16 10:43:23.8820092,2026-05-16 10:43:23.8820092
25248,4620,Current,150971.21,INR,BR005,ACTIVE,2025-02-27,2026-05-16 10:43:23.8820092,2026-05-16 10:43:23.8820092
25249,4251,Savings,92960.89,INR,BR004,ACTIVE,2025-02-22,2026-05-16 10:43:23.8820092,2026-05-16 10:43:23.8820092
25250,3116,Savings,156696.24,INR,BR003,ACTIVE,2025-02-05,2026-05-16 10:43:23.8820092,2026-05-16 10:43:23.8820092
25251,4568,Savings,212985.50,INR,BR002,ACTIVE,2025-02-01,2026-05-16 10:43:23.8820092,2026-05-16 10:43:23.8820092
25252,1048,Savings,26723.94,INR,BR004,ACTIVE,2025-02-21,2026-05-16 10:43:23.8820092,2026-05-16 10:43:23.8820092
25253,2441,Savings,64522.82,INR,BR005,ACTIVE,2025-02-11,2026-05-16 10:43:23.8820092,2026-05-16 10:43:23.8820092
25254,4736,Savings,49026.69,INR,BR004,ACTIVE,2025-02-25,2026-05-16 10:43:23.8820092,2026-05-16 10:43:23.8820092
25255,1945,Current,24112.15,INR,BR002,ACTIVE,2025-02-16,2026-05-16 10:43:23.8820092,2026-05-16 10:43:23.8820092
25256,4269,Savings,241267.01,INR,BR002,ACTIVE,2025-02-18,2026-05-16 10:43:23.8820092,2026-05-16 10:43:23.8820092
25257,4642,Savings,167567.74,INR,BR005,ACTIVE,2025-02-01,2026-05-16 10:43:23.8820092,2026-05-16 10:43:23.8820092
25258,4120,Savings,467788.17,INR,BR005,ACTIVE,2025-02-21,2026-05-16 10:43:23.8820092,2026-05-16 10:43:23.8820092
25259,2984,Savings,52277.51,INR,BR004,ACTIVE,2025-02-02,2026-05-16 10:43:23.8820092,2026-05-16 10:43:23.8820092
25260,1355,Savings,463091.63,INR,BR004,ACTIVE,2025-02-14,2026-05-16 10:43:23.8820092,2026-05-16 10:43:23.8820092
25261,4306,Savings,44186.26,INR,BR002,ACTIVE,2025-02-20,2026-05-16 10:43:23.8820092,2026-05-16 10:43:23.8820092
25262,5533,Current,309989.46,INR,BR005,ACTIVE,2025-02-23,2026-05-16 10:43:23.8820092,2026-05-16 10:43:23.8820092
25263,5796,Savings,124617.44,INR,BR001,ACTIVE,2025-02-16,2026-05-16 10:43:23.8820092,2026-05-16 10:43:23.8820092
25264,2918,Savings,413576.02,INR,BR005,ACTIVE,2025-02-04,2026-05-16 10:43:23.8820092,2026-05-16 10:43:23.8820092
25265,5186,Savings,31675.94,INR,BR003,ACTIVE,2025-02-08,2026-05-16 10:43:23.8820092,2026-05-16 10:43:23.8820092
25266,1369,Savings,476301.57,INR,BR003,ACTIVE,2025-02-13,2026-05-16 10:43:23.8820092,2026-05-16 10:43:23.8820092
25267,3987,Savings,24581.34,INR,BR005,ACTIVE,2025-02-14,2026-05-16 10:43:23.8820092,2026-05-16 10:43:23.8820092
25268,2193,Current,121315.52,INR,BR004,ACTIVE,2025-02-13,2026-05-16 10:43:23.8820092,2026-05-16 10:43:23.8820092
25269,2387,Current,232628.18,INR,BR003,ACTIVE,2025-02-08,2026-05-16 10:43:23.8820092,2026-05-16 10:43:23.8820092
25270,4994,Current,378272.89,INR,BR002,ACTIVE,2025-02-11,2026-05-16 10:43:23.8820092,2026-05-16 10:43:23.8820092
25271,4003,Savings,475605.25,INR,BR002,ACTIVE,2025-02-13,2026-05-16 10:43:23.8820092,2026-05-16 10:43:23.8820092
25272,2897,Savings,214593.17,INR,BR002,ACTIVE,2025-02-03,2026-05-16 10:43:23.8820092,2026-05-16 10:43:23.8820092
25273,3548,Current,378897.74,INR,BR005,ACTIVE,2025-02-16,2026-05-16 10:43:23.8820092,2026-05-16 10:43:23.8820092
25274,5800,Savings,363854.11,INR,BR003,ACTIVE,2025-02-15,2026-05-16 10:43:23.8820092,2026-05-16 10:43:23.8820092
25275,2554,Savings,286013.28,INR,BR004,ACTIVE,2025-02-03,2026-05-16 10:43:23.8820092,2026-05-16 10:43:23.8820092
25276,3811,Savings,345768.67,INR,BR002,ACTIVE,2025-02-07,2026-05-16 10:43:23.8820092,2026-05-16 10:43:23.8820092
25277,4033,Current,19995.27,INR,BR004,ACTIVE,2025-02-12,2026-05-16 10:43:23.8820092,2026-05-16 10:43:23.8820092
25278,1112,Savings,221347.12,INR,BR002,ACTIVE,2025-02-13,2026-05-16 10:43:23.8820092,2026-05-16 10:43:23.8820092
25279,5073,Savings,393144.49,INR,BR005,ACTIVE,2025-02-06,2026-05-16 10:43:23.8820092,2026-05-16 10:43:23.8820092
25280,2064,Current,237636.35,INR,BR002,ACTIVE,2025-02-10,2026-05-16 10:43:23.8820092,2026-05-16 10:43:23.8820092
25281,5198,Savings,436878.79,INR,BR005,ACTIVE,2025-02-24,2026-05-16 10:43:23.8820092,2026-05-16 10:43:23.8820092
25282,2393,Savings,416985.30,INR,BR003,ACTIVE,2025-02-19,2026-05-16 10:43:23.8820092,2026-05-16 10:43:23.8820092
25283,2198,Savings,431859.57,INR,BR003,ACTIVE,2025-02-21,2026-05-16 10:43:23.8820092,2026-05-16 10:43:23.8820092
25284,4898,Savings,65868.35,INR,BR004,ACTIVE,2025-02-13,2026-05-16 10:43:23.8820092,2026-05-16 10:43:23.8820092
25285,1341,Savings,122826.42,INR,BR002,ACTIVE,2025-02-18,2026-05-16 10:43:23.8820092,2026-05-16 10:43:23.8820092
25286,3862,Savings,15769.04,INR,BR003,ACTIVE,2025-02-15,2026-05-16 10:43:23.8820092,2026-05-16 10:43:23.8820092
25287,5292,Savings,491417.56,INR,BR001,ACTIVE,2025-02-19,2026-05-16 10:43:23.8820092,2026-05-16 10:43:23.8820092
25288,2206,Savings,118832.93,INR,BR001,ACTIVE,2025-02-23,2026-05-16 10:43:23.8820092,2026-05-16 10:43:23.8820092
25289,2575,Current,184179.57,INR,BR004,ACTIVE,2025-02-23,2026-05-16 10:43:23.8820092,2026-05-16 10:43:23.8820092
25290,4307,Savings,138188.30,INR,BR003,ACTIVE,2025-02-20,2026-05-16 10:43:23.8820092,2026-05-16 10:43:23.8820092
25291,5601,Current,20857.02,INR,BR005,ACTIVE,2025-02-04,2026-05-16 10:43:23.8820092,2026-05-16 10:43:23.8820092
25292,2541,Savings,131367.75,INR,BR001,ACTIVE,2025-02-18,2026-05-16 10:43:23.8820092,2026-05-16 10:43:23.8820092
25293,4585,Savings,49999.64,INR,BR003,ACTIVE,2025-02-25,2026-05-16 10:43:23.8820092,2026-05-16 10:43:23.8820092
25294,5054,Savings,197747.26,INR,BR005,ACTIVE,2025-02-18,2026-05-16 10:43:23.8820092,2026-05-16 10:43:23.8820092
25295,2927,Savings,483445.24,INR,BR002,ACTIVE,2025-02-04,2026-05-16 10:43:23.8820092,2026-05-16 10:43:23.8820092
25296,4520,Savings,349432.92,INR,BR003,ACTIVE,2025-02-04,2026-05-16 10:43:23.8820092,2026-05-16 10:43:23.8820092
25297,2406,Savings,353743.49,INR,BR002,ACTIVE,2025-02-12,2026-05-16 10:43:23.8820092,2026-05-16 10:43:23.8820092
25298,3014,Current,227134.79,INR,BR001,ACTIVE,2025-02-26,2026-05-16 10:43:23.8820092,2026-05-16 10:43:23.8820092
25299,1448,Savings,405840.70,INR,BR002,ACTIVE,2025-02-22,2026-05-16 10:43:23.8820092,2026-05-16 10:43:23.8820092
25300,2721,Current,454233.80,INR,BR001,ACTIVE,2025-02-21,2026-05-16 10:43:23.8820092,2026-05-16 10:43:23.8820092
25301,4868,Savings,480813.45,INR,BR004,ACTIVE,2025-02-12,2026-05-16 10:43:23.8820092,2026-05-16 10:43:23.8820092
25302,5094,Savings,50396.12,INR,BR004,ACTIVE,2025-02-27,2026-05-16 10:43:23.8820092,2026-05-16 10:43:23.8820092
25303,1034,Savings,439942.36,INR,BR001,ACTIVE,2025-02-02,2026-05-16 10:43:23.8820092,2026-05-16 10:43:23.8820092
25304,1497,Savings,113316.36,INR,BR005,ACTIVE,2025-02-18,2026-05-16 10:43:23.8820092,2026-05-16 10:43:23.8820092
25305,3912,Savings,199236.18,INR,BR004,ACTIVE,2025-02-03,2026-05-16 10:43:23.8820092,2026-05-16 10:43:23.8820092
25306,2404,Savings,173393.12,INR,BR005,ACTIVE,2025-02-13,2026-05-16 10:43:23.8820092,2026-05-16 10:43:23.8820092
25307,4220,Savings,337889.89,INR,BR005,ACTIVE,2025-02-17,2026-05-16 10:43:23.8820092,2026-05-16 10:43:23.8820092
25308,3711,Savings,299364.35,INR,BR005,ACTIVE,2025-02-18,2026-05-16 10:43:23.8820092,2026-05-16 10:43:23.8820092
25309,2603,Current,55443.33,INR,BR003,ACTIVE,2025-02-09,2026-05-16 10:43:23.8820092,2026-05-16 10:43:23.8820092
25310,5686,Savings,391628.49,INR,BR003,ACTIVE,2025-02-16,2026-05-16 10:43:23.8820092,2026-05-16 10:43:23.8820092
25311,5773,Savings,220383.06,INR,BR005,ACTIVE,2025-02-23,2026-05-16 10:43:23.8820092,2026-05-16 10:43:23.8820092
25312,4713,Savings,2108.70,INR,BR001,ACTIVE,2025-02-20,2026-05-16 10:43:23.8820092,2026-05-16 10:43:23.8820092
25313,4603,Current,207837.13,INR,BR004,ACTIVE,2025-02-07,2026-05-16 10:43:23.8820092,2026-05-16 10:43:23.8820092
25314,5097,Savings,258649.46,INR,BR002,ACTIVE,2025-02-25,2026-05-16 10:43:23.8820092,2026-05-16 10:43:23.8820092
25315,3335,Savings,35368.47,INR,BR003,ACTIVE,2025-02-07,2026-05-16 10:43:23.8820092,2026-05-16 10:43:23.8820092
25316,2280,Savings,76416.49,INR,BR003,ACTIVE,2025-02-17,2026-05-16 10:43:23.8820092,2026-05-16 10:43:23.8820092
25317,4246,Savings,496792.51,INR,BR002,ACTIVE,2025-02-04,2026-05-16 10:43:23.8820092,2026-05-16 10:43:23.8820092
25318,5950,Savings,435726.51,INR,BR005,ACTIVE,2025-02-24,2026-05-16 10:43:23.8820092,2026-05-16 10:43:23.8820092
25319,1050,Savings,67530.38,INR,BR002,ACTIVE,2025-02-06,2026-05-16 10:43:23.8820092,2026-05-16 10:43:23.8820092
25320,3665,Savings,290574.39,INR,BR005,ACTIVE,2025-02-17,2026-05-16 10:43:23.8820092,2026-05-16 10:43:23.8820092
25321,2775,Savings,190242.41,INR,BR003,ACTIVE,2025-02-04,2026-05-16 10:43:23.8820092,2026-05-16 10:43:23.8820092
25322,4589,Savings,272326.46,INR,BR002,ACTIVE,2025-02-12,2026-05-16 10:43:23.8820092,2026-05-16 10:43:23.8820092
25323,5047,Savings,235797.06,INR,BR001,ACTIVE,2025-02-15,2026-05-16 10:43:23.8820092,2026-05-16 10:43:23.8820092
25324,1066,Savings,25026.31,INR,BR004,ACTIVE,2025-02-12,2026-05-16 10:43:23.8820092,2026-05-16 10:43:23.8820092
25325,5224,Savings,158394.74,INR,BR004,ACTIVE,2025-02-22,2026-05-16 10:43:23.8820092,2026-05-16 10:43:23.8820092
25326,3745,Savings,63634.77,INR,BR004,ACTIVE,2025-02-17,2026-05-16 10:43:23.8820092,2026-05-16 10:43:23.8820092
25327,1188,Savings,244995.08,INR,BR002,ACTIVE,2025-02-25,2026-05-16 10:43:23.8820092,2026-05-16 10:43:23.8820092
25328,5674,Savings,453751.04,INR,BR005,ACTIVE,2025-02-23,2026-05-16 10:43:23.8820092,2026-05-16 10:43:23.8820092
25329,5040,Savings,497770.85,INR,BR003,ACTIVE,2025-02-17,2026-05-16 10:43:23.8820092,2026-05-16 10:43:23.8820092
25330,3889,Savings,472182.28,INR,BR004,ACTIVE,2025-02-23,2026-05-16 10:43:23.8820092,2026-05-16 10:43:23.8820092
25331,5858,Savings,492862.87,INR,BR002,ACTIVE,2025-02-06,2026-05-16 10:43:23.8820092,2026-05-16 10:43:23.8820092
25332,1667,Savings,8607.91,INR,BR004,ACTIVE,2025-02-22,2026-05-16 10:43:23.8820092,2026-05-16 10:43:23.8820092
25333,1933,Savings,364994.04,INR,BR005,ACTIVE,2025-02-15,2026-05-16 10:43:23.8820092,2026-05-16 10:43:23.8820092
25334,2971,Savings,137201.46,INR,BR001,ACTIVE,2025-02-10,2026-05-16 10:43:23.8820092,2026-05-16 10:43:23.8820092
25335,4853,Current,432943.37,INR,BR001,ACTIVE,2025-02-09,2026-05-16 10:43:23.8820092,2026-05-16 10:43:23.8820092
25336,5141,Savings,407053.01,INR,BR003,ACTIVE,2025-02-20,2026-05-16 10:43:23.8820092,2026-05-16 10:43:23.8820092
25337,3177,Savings,212413.61,INR,BR001,ACTIVE,2025-02-08,2026-05-16 10:43:23.8820092,2026-05-16 10:43:23.8820092
25338,1618,Savings,237157.08,INR,BR001,ACTIVE,2025-02-11,2026-05-16 10:43:23.8820092,2026-05-16 10:43:23.8820092
25339,5859,Current,133280.74,INR,BR002,ACTIVE,2025-02-19,2026-05-16 10:43:23.8820092,2026-05-16 10:43:23.8820092
25340,1793,Current,145113.21,INR,BR002,ACTIVE,2025-02-20,2026-05-16 10:43:23.8820092,2026-05-16 10:43:23.8820092
25341,2251,Savings,490606.04,INR,BR003,ACTIVE,2025-02-03,2026-05-16 10:43:23.8820092,2026-05-16 10:43:23.8820092
25342,4994,Savings,444537.59,INR,BR003,ACTIVE,2025-02-06,2026-05-16 10:43:23.8820092,2026-05-16 10:43:23.8820092
25343,3445,Savings,96742.62,INR,BR002,ACTIVE,2025-02-26,2026-05-16 10:43:23.8820092,2026-05-16 10:43:23.8820092
25344,3323,Savings,138486.81,INR,BR001,ACTIVE,2025-02-10,2026-05-16 10:43:23.8820092,2026-05-16 10:43:23.8820092
25345,5234,Savings,55215.35,INR,BR005,ACTIVE,2025-02-18,2026-05-16 10:43:23.8820092,2026-05-16 10:43:23.8820092
25346,2351,Savings,494446.52,INR,BR001,ACTIVE,2025-02-02,2026-05-16 10:43:23.8820092,2026-05-16 10:43:23.8820092
25347,3831,Savings,453697.72,INR,BR001,ACTIVE,2025-02-21,2026-05-16 10:43:23.8820092,2026-05-16 10:43:23.8820092
25348,3276,Savings,276496.90,INR,BR005,ACTIVE,2025-02-12,2026-05-16 10:43:23.8820092,2026-05-16 10:43:23.8820092
25349,3207,Savings,346753.66,INR,BR003,ACTIVE,2025-02-20,2026-05-16 10:43:23.8820092,2026-05-16 10:43:23.8820092
25350,2918,Savings,374225.52,INR,BR002,ACTIVE,2025-02-01,2026-05-16 10:43:23.8820092,2026-05-16 10:43:23.8820092
25351,4835,Current,102701.80,INR,BR003,ACTIVE,2025-02-01,2026-05-16 10:43:23.8820092,2026-05-16 10:43:23.8820092
25352,3078,Savings,467398.50,INR,BR003,ACTIVE,2025-02-25,2026-05-16 10:43:23.8820092,2026-05-16 10:43:23.8820092
25353,2122,Savings,263844.61,INR,BR003,ACTIVE,2025-02-18,2026-05-16 10:43:23.8820092,2026-05-16 10:43:23.8820092
25354,1609,Current,47133.32,INR,BR002,ACTIVE,2025-02-08,2026-05-16 10:43:23.8820092,2026-05-16 10:43:23.8820092
25355,1769,Savings,199144.22,INR,BR003,ACTIVE,2025-02-04,2026-05-16 10:43:23.8820092,2026-05-16 10:43:23.8820092
25356,1784,Savings,301221.63,INR,BR003,ACTIVE,2025-02-23,2026-05-16 10:43:23.8820092,2026-05-16 10:43:23.8820092
25357,3930,Savings,177058.77,INR,BR004,ACTIVE,2025-02-09,2026-05-16 10:43:23.8820092,2026-05-16 10:43:23.8820092
25358,3390,Savings,349903.01,INR,BR001,ACTIVE,2025-02-21,2026-05-16 10:43:23.8820092,2026-05-16 10:43:23.8820092
25359,1168,Savings,441142.94,INR,BR004,ACTIVE,2025-02-22,2026-05-16 10:43:23.8820092,2026-05-16 10:43:23.8820092
25360,5780,Current,386174.17,INR,BR002,ACTIVE,2025-02-24,2026-05-16 10:43:23.8820092,2026-05-16 10:43:23.8820092
25361,4257,Savings,321686.35,INR,BR005,ACTIVE,2025-02-12,2026-05-16 10:43:23.8820092,2026-05-16 10:43:23.8820092
25362,3480,Savings,256566.58,INR,BR005,ACTIVE,2025-02-22,2026-05-16 10:43:23.8820092,2026-05-16 10:43:23.8820092
25363,5135,Current,127977.28,INR,BR004,ACTIVE,2025-02-08,2026-05-16 10:43:23.8820092,2026-05-16 10:43:23.8820092
25364,1980,Savings,228018.14,INR,BR004,ACTIVE,2025-02-24,2026-05-16 10:43:23.8820092,2026-05-16 10:43:23.8820092
25365,3435,Savings,147183.50,INR,BR004,ACTIVE,2025-02-10,2026-05-16 10:43:23.8820092,2026-05-16 10:43:23.8820092
25366,5023,Savings,467077.67,INR,BR001,ACTIVE,2025-02-06,2026-05-16 10:43:23.8820092,2026-05-16 10:43:23.8820092
25367,3817,Savings,453748.27,INR,BR002,ACTIVE,2025-02-08,2026-05-16 10:43:23.8820092,2026-05-16 10:43:23.8820092
25368,1791,Savings,78757.37,INR,BR003,ACTIVE,2025-02-02,2026-05-16 10:43:23.8820092,2026-05-16 10:43:23.8820092
25369,5838,Savings,411487.49,INR,BR004,ACTIVE,2025-02-06,2026-05-16 10:43:23.8820092,2026-05-16 10:43:23.8820092
25370,2475,Savings,351754.43,INR,BR001,ACTIVE,2025-02-06,2026-05-16 10:43:23.8820092,2026-05-16 10:43:23.8820092
25371,4187,Savings,487630.65,INR,BR005,ACTIVE,2025-02-22,2026-05-16 10:43:23.8820092,2026-05-16 10:43:23.8820092
25372,5002,Current,232189.98,INR,BR005,ACTIVE,2025-02-08,2026-05-16 10:43:23.8820092,2026-05-16 10:43:23.8820092
25373,3449,Savings,361365.01,INR,BR005,ACTIVE,2025-02-22,2026-05-16 10:43:23.8820092,2026-05-16 10:43:23.8820092
25374,4675,Savings,259424.08,INR,BR004,ACTIVE,2025-02-21,2026-05-16 10:43:23.8820092,2026-05-16 10:43:23.8820092
25375,4381,Savings,35630.85,INR,BR005,ACTIVE,2025-02-16,2026-05-16 10:43:23.8820092,2026-05-16 10:43:23.8820092
25376,2127,Current,24335.61,INR,BR005,ACTIVE,2025-02-06,2026-05-16 10:43:23.8820092,2026-05-16 10:43:23.8820092
25377,2751,Savings,61933.61,INR,BR005,ACTIVE,2025-02-27,2026-05-16 10:43:23.8820092,2026-05-16 10:43:23.8820092
25378,5198,Savings,148799.34,INR,BR003,ACTIVE,2025-02-13,2026-05-16 10:43:23.8820092,2026-05-16 10:43:23.8820092
25379,5751,Current,130297.44,INR,BR005,ACTIVE,2025-02-21,2026-05-16 10:43:23.8820092,2026-05-16 10:43:23.8820092
25380,4162,Current,364435.01,INR,BR001,ACTIVE,2025-02-03,2026-05-16 10:43:23.8820092,2026-05-16 10:43:23.8820092
25381,4190,Savings,358245.44,INR,BR004,ACTIVE,2025-02-10,2026-05-16 10:43:23.8820092,2026-05-16 10:43:23.8820092
25382,1752,Savings,485725.90,INR,BR003,ACTIVE,2025-02-25,2026-05-16 10:43:23.8820092,2026-05-16 10:43:23.8820092
25383,2233,Current,155885.02,INR,BR003,ACTIVE,2025-02-07,2026-05-16 10:43:23.8820092,2026-05-16 10:43:23.8820092
25384,1859,Current,469287.59,INR,BR004,ACTIVE,2025-02-26,2026-05-16 10:43:23.8820092,2026-05-16 10:43:23.8820092
25385,5415,Savings,306812.45,INR,BR005,ACTIVE,2025-02-14,2026-05-16 10:43:23.8820092,2026-05-16 10:43:23.8820092
25386,4861,Savings,248159.05,INR,BR005,ACTIVE,2025-02-24,2026-05-16 10:43:23.8820092,2026-05-16 10:43:23.8820092
25387,5729,Savings,334252.85,INR,BR002,ACTIVE,2025-02-06,2026-05-16 10:43:23.8820092,2026-05-16 10:43:23.8820092
25388,4942,Savings,351674.97,INR,BR005,ACTIVE,2025-02-18,2026-05-16 10:43:23.8820092,2026-05-16 10:43:23.8820092
25389,3700,Savings,86792.59,INR,BR001,ACTIVE,2025-02-12,2026-05-16 10:43:23.8820092,2026-05-16 10:43:23.8820092
25390,3001,Savings,376106.04,INR,BR005,ACTIVE,2025-02-10,2026-05-16 10:43:23.8820092,2026-05-16 10:43:23.8820092
25391,1240,Savings,362861.21,INR,BR004,ACTIVE,2025-02-10,2026-05-16 10:43:23.8820092,2026-05-16 10:43:23.8820092
25392,3191,Savings,498768.61,INR,BR005,ACTIVE,2025-02-01,2026-05-16 10:43:23.8820092,2026-05-16 10:43:23.8820092
25393,5215,Savings,456061.94,INR,BR004,ACTIVE,2025-02-27,2026-05-16 10:43:23.8820092,2026-05-16 10:43:23.8820092
25394,5692,Savings,342645.46,INR,BR003,ACTIVE,2025-02-01,2026-05-16 10:43:23.8820092,2026-05-16 10:43:23.8820092
25395,3016,Savings,356469.49,INR,BR002,ACTIVE,2025-02-03,2026-05-16 10:43:23.8820092,2026-05-16 10:43:23.8820092
25396,1163,Savings,473046.83,INR,BR003,ACTIVE,2025-02-17,2026-05-16 10:43:23.8820092,2026-05-16 10:43:23.8820092
25397,5750,Current,483621.96,INR,BR004,ACTIVE,2025-02-07,2026-05-16 10:43:23.8820092,2026-05-16 10:43:23.8820092
25398,1350,Savings,413655.63,INR,BR002,ACTIVE,2025-02-23,2026-05-16 10:43:23.8820092,2026-05-16 10:43:23.8820092
25399,1031,Savings,383929.38,INR,BR003,ACTIVE,2025-02-05,2026-05-16 10:43:23.8820092,2026-05-16 10:43:23.8820092
25400,3139,Savings,56571.55,INR,BR005,ACTIVE,2025-02-27,2026-05-16 10:43:23.8820092,2026-05-16 10:43:23.8820092
25401,3176,Savings,415330.77,INR,BR005,ACTIVE,2025-02-25,2026-05-16 10:43:23.8820092,2026-05-16 10:43:23.8820092
25402,3827,Savings,127344.64,INR,BR002,ACTIVE,2025-02-24,2026-05-16 10:43:23.8820092,2026-05-16 10:43:23.8820092
25403,4620,Savings,282328.36,INR,BR003,ACTIVE,2025-02-08,2026-05-16 10:43:23.8820092,2026-05-16 10:43:23.8820092
25404,1848,Savings,203280.86,INR,BR001,ACTIVE,2025-02-08,2026-05-16 10:43:23.8820092,2026-05-16 10:43:23.8820092
25405,1792,Savings,173458.04,INR,BR001,ACTIVE,2025-02-19,2026-05-16 10:43:23.8820092,2026-05-16 10:43:23.8820092
25406,1509,Savings,155814.75,INR,BR001,ACTIVE,2025-02-05,2026-05-16 10:43:23.8820092,2026-05-16 10:43:23.8820092
25407,5841,Savings,427858.11,INR,BR003,ACTIVE,2025-02-19,2026-05-16 10:43:23.8820092,2026-05-16 10:43:23.8820092
25408,5836,Savings,384798.92,INR,BR003,ACTIVE,2025-02-26,2026-05-16 10:43:23.8820092,2026-05-16 10:43:23.8820092
25409,5333,Current,262200.93,INR,BR003,ACTIVE,2025-02-12,2026-05-16 10:43:23.8820092,2026-05-16 10:43:23.8820092
25410,2013,Savings,332575.77,INR,BR004,ACTIVE,2025-02-07,2026-05-16 10:43:23.8820092,2026-05-16 10:43:23.8820092
25411,4025,Savings,492279.45,INR,BR001,ACTIVE,2025-02-02,2026-05-16 10:43:23.8820092,2026-05-16 10:43:23.8820092
25412,4071,Current,199370.03,INR,BR001,ACTIVE,2025-02-13,2026-05-16 10:43:23.8820092,2026-05-16 10:43:23.8820092
25413,2075,Savings,275999.20,INR,BR001,ACTIVE,2025-02-03,2026-05-16 10:43:23.8820092,2026-05-16 10:43:23.8820092
25414,1469,Savings,267228.33,INR,BR004,ACTIVE,2025-02-16,2026-05-16 10:43:23.8820092,2026-05-16 10:43:23.8820092
25415,2916,Current,468050.22,INR,BR004,ACTIVE,2025-02-02,2026-05-16 10:43:23.8820092,2026-05-16 10:43:23.8820092
25416,5484,Savings,176429.65,INR,BR003,ACTIVE,2025-02-12,2026-05-16 10:43:23.8820092,2026-05-16 10:43:23.8820092
25417,1736,Savings,493141.12,INR,BR001,ACTIVE,2025-02-12,2026-05-16 10:43:23.8820092,2026-05-16 10:43:23.8820092
25418,5750,Current,153044.11,INR,BR001,ACTIVE,2025-02-03,2026-05-16 10:43:23.8820092,2026-05-16 10:43:23.8820092
25419,3857,Savings,55344.61,INR,BR005,ACTIVE,2025-02-01,2026-05-16 10:43:23.8820092,2026-05-16 10:43:23.8820092
25420,5478,Savings,96495.40,INR,BR005,ACTIVE,2025-02-21,2026-05-16 10:43:23.8820092,2026-05-16 10:43:23.8820092
25421,1096,Current,213684.45,INR,BR005,ACTIVE,2025-02-20,2026-05-16 10:43:23.8820092,2026-05-16 10:43:23.8820092
25422,1912,Savings,325228.22,INR,BR004,ACTIVE,2025-02-06,2026-05-16 10:43:23.8820092,2026-05-16 10:43:23.8820092
25423,5883,Savings,258895.78,INR,BR003,ACTIVE,2025-02-12,2026-05-16 10:43:23.8820092,2026-05-16 10:43:23.8820092
25424,5389,Savings,188762.81,INR,BR002,ACTIVE,2025-02-19,2026-05-16 10:43:23.8820092,2026-05-16 10:43:23.8820092
25425,4307,Savings,281454.60,INR,BR001,ACTIVE,2025-02-24,2026-05-16 10:43:23.8820092,2026-05-16 10:43:23.8820092
25426,5437,Savings,419564.33,INR,BR005,ACTIVE,2025-02-01,2026-05-16 10:43:23.8820092,2026-05-16 10:43:23.8820092
25427,1719,Savings,419626.58,INR,BR001,ACTIVE,2025-02-11,2026-05-16 10:43:23.8820092,2026-05-16 10:43:23.8820092
25428,4005,Savings,363387.72,INR,BR001,ACTIVE,2025-02-16,2026-05-16 10:43:23.8820092,2026-05-16 10:43:23.8820092
25429,2374,Savings,476271.78,INR,BR001,ACTIVE,2025-02-21,2026-05-16 10:43:23.8820092,2026-05-16 10:43:23.8820092
25430,3429,Savings,295512.13,INR,BR003,ACTIVE,2025-02-10,2026-05-16 10:43:23.8820092,2026-05-16 10:43:23.8820092
25431,4682,Savings,4821.16,INR,BR001,ACTIVE,2025-02-08,2026-05-16 10:43:23.8820092,2026-05-16 10:43:23.8820092
25432,3810,Current,146173.89,INR,BR003,ACTIVE,2025-02-27,2026-05-16 10:43:23.8820092,2026-05-16 10:43:23.8820092
25433,4220,Savings,164783.13,INR,BR002,ACTIVE,2025-02-04,2026-05-16 10:43:23.8820092,2026-05-16 10:43:23.8820092
25434,3614,Savings,274115.71,INR,BR002,ACTIVE,2025-02-05,2026-05-16 10:43:23.8820092,2026-05-16 10:43:23.8820092
25435,1505,Current,452539.85,INR,BR004,ACTIVE,2025-02-15,2026-05-16 10:43:23.8820092,2026-05-16 10:43:23.8820092
25436,3266,Savings,419219.37,INR,BR001,ACTIVE,2025-02-21,2026-05-16 10:43:23.8820092,2026-05-16 10:43:23.8820092
25437,5061,Savings,116854.32,INR,BR005,ACTIVE,2025-02-25,2026-05-16 10:43:23.8820092,2026-05-16 10:43:23.8820092
25438,3985,Savings,260175.73,INR,BR004,ACTIVE,2025-02-05,2026-05-16 10:43:23.8820092,2026-05-16 10:43:23.8820092
25439,3797,Savings,329915.17,INR,BR004,ACTIVE,2025-02-15,2026-05-16 10:43:23.8820092,2026-05-16 10:43:23.8820092
25440,5932,Savings,493768.26,INR,BR002,ACTIVE,2025-02-09,2026-05-16 10:43:23.8820092,2026-05-16 10:43:23.8820092
25441,4927,Savings,16620.11,INR,BR005,ACTIVE,2025-02-13,2026-05-16 10:43:23.8820092,2026-05-16 10:43:23.8820092
25442,4809,Savings,232474.78,INR,BR001,ACTIVE,2025-02-01,2026-05-16 10:43:23.8820092,2026-05-16 10:43:23.8820092
25443,1489,Savings,494066.22,INR,BR001,ACTIVE,2025-02-09,2026-05-16 10:43:23.8820092,2026-05-16 10:43:23.8820092
25444,3259,Savings,488625.69,INR,BR002,ACTIVE,2025-02-14,2026-05-16 10:43:23.8820092,2026-05-16 10:43:23.8820092
25445,3714,Savings,166032.53,INR,BR003,ACTIVE,2025-02-24,2026-05-16 10:43:23.8820092,2026-05-16 10:43:23.8820092
25446,5355,Savings,1008.35,INR,BR002,ACTIVE,2025-02-14,2026-05-16 10:43:23.8820092,2026-05-16 10:43:23.8820092
25447,2251,Savings,293780.56,INR,BR005,ACTIVE,2025-02-11,2026-05-16 10:43:23.8820092,2026-05-16 10:43:23.8820092
25448,4961,Current,433602.49,INR,BR003,ACTIVE,2025-02-22,2026-05-16 10:43:23.8820092,2026-05-16 10:43:23.8820092
25449,2415,Savings,162824.31,INR,BR005,ACTIVE,2025-02-25,2026-05-16 10:43:23.8820092,2026-05-16 10:43:23.8820092
25450,1992,Savings,467200.71,INR,BR001,ACTIVE,2025-02-23,2026-05-16 10:43:23.8820092,2026-05-16 10:43:23.8820092
25451,1400,Savings,167018.52,INR,BR003,ACTIVE,2025-02-17,2026-05-16 10:43:23.8820092,2026-05-16 10:43:23.8820092
25452,5405,Savings,305490.46,INR,BR005,ACTIVE,2025-02-25,2026-05-16 10:43:23.8820092,2026-05-16 10:43:23.8820092
25453,5056,Savings,361300.99,INR,BR001,ACTIVE,2025-02-10,2026-05-16 10:43:23.8820092,2026-05-16 10:43:23.8820092
25454,5100,Savings,173362.47,INR,BR005,ACTIVE,2025-02-23,2026-05-16 10:43:23.8820092,2026-05-16 10:43:23.8820092
25455,2568,Savings,176751.00,INR,BR003,ACTIVE,2025-02-09,2026-05-16 10:43:23.8820092,2026-05-16 10:43:23.8820092
25456,4818,Savings,235527.42,INR,BR001,ACTIVE,2025-02-16,2026-05-16 10:43:23.8820092,2026-05-16 10:43:23.8820092
25457,3274,Savings,417776.49,INR,BR005,ACTIVE,2025-02-02,2026-05-16 10:43:23.8820092,2026-05-16 10:43:23.8820092
25458,2126,Current,51324.53,INR,BR004,ACTIVE,2025-02-11,2026-05-16 10:43:23.8820092,2026-05-16 10:43:23.8820092
25459,4324,Savings,316108.21,INR,BR003,ACTIVE,2025-02-08,2026-05-16 10:43:23.8820092,2026-05-16 10:43:23.8820092
25460,3604,Savings,338996.62,INR,BR003,ACTIVE,2025-02-12,2026-05-16 10:43:23.8820092,2026-05-16 10:43:23.8820092
25461,4500,Savings,279378.51,INR,BR003,ACTIVE,2025-02-02,2026-05-16 10:43:23.8820092,2026-05-16 10:43:23.8820092
25462,2566,Savings,467983.36,INR,BR001,ACTIVE,2025-02-26,2026-05-16 10:43:23.8820092,2026-05-16 10:43:23.8820092
25463,1919,Savings,301393.37,INR,BR003,ACTIVE,2025-02-22,2026-05-16 10:43:23.8820092,2026-05-16 10:43:23.8820092
25464,5620,Savings,317653.80,INR,BR005,ACTIVE,2025-02-07,2026-05-16 10:43:23.8820092,2026-05-16 10:43:23.8820092
25465,5622,Savings,300280.25,INR,BR004,ACTIVE,2025-02-20,2026-05-16 10:43:23.8820092,2026-05-16 10:43:23.8820092
25466,2316,Savings,361287.37,INR,BR005,ACTIVE,2025-02-02,2026-05-16 10:43:23.8820092,2026-05-16 10:43:23.8820092
25467,5120,Savings,68569.30,INR,BR005,ACTIVE,2025-02-19,2026-05-16 10:43:23.8820092,2026-05-16 10:43:23.8820092
25468,2655,Savings,447243.89,INR,BR003,ACTIVE,2025-02-19,2026-05-16 10:43:23.8820092,2026-05-16 10:43:23.8820092
25469,4459,Savings,22203.67,INR,BR004,ACTIVE,2025-02-19,2026-05-16 10:43:23.8820092,2026-05-16 10:43:23.8820092
25470,2614,Savings,320731.24,INR,BR004,ACTIVE,2025-02-08,2026-05-16 10:43:23.8820092,2026-05-16 10:43:23.8820092
25471,1242,Current,308124.99,INR,BR004,ACTIVE,2025-02-10,2026-05-16 10:43:23.8820092,2026-05-16 10:43:23.8820092
25472,5299,Savings,104852.44,INR,BR004,ACTIVE,2025-02-10,2026-05-16 10:43:23.8820092,2026-05-16 10:43:23.8820092
25473,5333,Savings,21314.78,INR,BR002,ACTIVE,2025-02-25,2026-05-16 10:43:23.8820092,2026-05-16 10:43:23.8820092
25474,1951,Current,70278.86,INR,BR004,ACTIVE,2025-02-05,2026-05-16 10:43:23.8820092,2026-05-16 10:43:23.8820092
25475,4070,Savings,136564.36,INR,BR003,ACTIVE,2025-02-02,2026-05-16 10:43:23.8820092,2026-05-16 10:43:23.8820092
25476,1294,Savings,441170.74,INR,BR004,ACTIVE,2025-02-03,2026-05-16 10:43:23.8820092,2026-05-16 10:43:23.8820092
25477,5306,Savings,428011.47,INR,BR005,ACTIVE,2025-02-06,2026-05-16 10:43:23.8820092,2026-05-16 10:43:23.8820092
25478,1788,Savings,32863.93,INR,BR002,ACTIVE,2025-02-09,2026-05-16 10:43:23.8820092,2026-05-16 10:43:23.8820092
25479,2633,Savings,145344.74,INR,BR005,ACTIVE,2025-02-10,2026-05-16 10:43:23.8820092,2026-05-16 10:43:23.8820092
25480,4074,Savings,444768.81,INR,BR003,ACTIVE,2025-02-17,2026-05-16 10:43:23.8820092,2026-05-16 10:43:23.8820092
25481,5071,Savings,119092.86,INR,BR003,ACTIVE,2025-02-06,2026-05-16 10:43:23.8820092,2026-05-16 10:43:23.8820092
25482,3277,Current,497986.69,INR,BR004,ACTIVE,2025-02-16,2026-05-16 10:43:23.8820092,2026-05-16 10:43:23.8820092
25483,5506,Savings,129163.26,INR,BR003,ACTIVE,2025-02-14,2026-05-16 10:43:23.8820092,2026-05-16 10:43:23.8820092
25484,4315,Savings,369817.52,INR,BR002,ACTIVE,2025-02-07,2026-05-16 10:43:23.8820092,2026-05-16 10:43:23.8820092
25485,2492,Savings,209112.53,INR,BR005,ACTIVE,2025-02-12,2026-05-16 10:43:23.8820092,2026-05-16 10:43:23.8820092
25486,5554,Savings,68986.03,INR,BR003,ACTIVE,2025-02-04,2026-05-16 10:43:23.8820092,2026-05-16 10:43:23.8820092
25487,3602,Savings,128322.15,INR,BR003,ACTIVE,2025-02-10,2026-05-16 10:43:23.8820092,2026-05-16 10:43:23.8820092
25488,3261,Savings,337883.92,INR,BR002,ACTIVE,2025-02-03,2026-05-16 10:43:23.8820092,2026-05-16 10:43:23.8820092
25489,2832,Savings,169191.14,INR,BR001,ACTIVE,2025-02-11,2026-05-16 10:43:23.8820092,2026-05-16 10:43:23.8820092
25490,1386,Savings,302459.98,INR,BR001,ACTIVE,2025-02-24,2026-05-16 10:43:23.8820092,2026-05-16 10:43:23.8820092
25491,1528,Current,103559.99,INR,BR002,ACTIVE,2025-02-07,2026-05-16 10:43:23.8820092,2026-05-16 10:43:23.8820092
25492,2412,Current,224841.91,INR,BR003,ACTIVE,2025-02-06,2026-05-16 10:43:23.8820092,2026-05-16 10:43:23.8820092
25493,4351,Savings,256610.64,INR,BR002,ACTIVE,2025-02-04,2026-05-16 10:43:23.8820092,2026-05-16 10:43:23.8820092
25494,5198,Savings,206979.50,INR,BR002,ACTIVE,2025-02-07,2026-05-16 10:43:23.8820092,2026-05-16 10:43:23.8820092
25495,1390,Savings,99761.10,INR,BR001,ACTIVE,2025-02-14,2026-05-16 10:43:23.8820092,2026-05-16 10:43:23.8820092
25496,2226,Current,231315.21,INR,BR004,ACTIVE,2025-02-23,2026-05-16 10:43:23.8820092,2026-05-16 10:43:23.8820092
25497,4639,Savings,346757.38,INR,BR003,ACTIVE,2025-02-19,2026-05-16 10:43:23.8820092,2026-05-16 10:43:23.8820092
25498,4793,Savings,482487.93,INR,BR005,ACTIVE,2025-02-23,2026-05-16 10:43:23.8820092,2026-05-16 10:43:23.8820092
25499,1841,Savings,394971.29,INR,BR002,ACTIVE,2025-02-10,2026-05-16 10:43:23.8820092,2026-05-16 10:43:23.8820092
25500,2378,Savings,81573.77,INR,BR001,ACTIVE,2025-02-03,2026-05-16 10:43:23.8820092,2026-05-16 10:43:23.8820092
