customer_id,first_name,last_name,date_of_birth,pan_number,email,phone_number,kyc_status,branch_code,created_at,updated_at
1001,Vikram,Gupta,1970-02-12,QAHFT6804A,vikram.gupta73@gmail.com,9708562115,VERIFIED,BR004,2026-05-16 10:42:25.5785657,2026-05-16 10:42:25.5785657
1002,Anjali,Desai,1975-09-13,CGPOS7442A,anjali.desai13@gmail.com,8382336698,VERIFIED,BR001,2026-05-16 10:42:25.5785657,2026-05-16 10:42:25.5785657
1003,Sneha,Reddy,1971-11-02,TEKHF7133L,sneha.reddy69@gmail.com,8927495515,VERIFIED,BR004,2026-05-16 10:42:25.5785657,2026-05-16 10:42:25.5785657
1004,Suresh,Jain,1988-12-21,PUSNZ3586L,suresh.jain59@gmail.com,9757442398,VERIFIED,BR003,2026-05-16 10:42:25.5785657,2026-05-16 10:42:25.5785657
1005,Pooja,Kumar,1995-03-18,PSBFH0212U,pooja.kumar16@gmail.com,8114316200,VERIFIED,BR001,2026-05-16 10:42:25.5785657,2026-05-16 10:42:25.5785657
1006,Vikram,Mehta,1969-08-23,VEJRS6065H,vikram.mehta55@gmail.com,9117593027,VERIFIED,BR002,2026-05-16 10:42:25.5785657,2026-05-16 10:42:25.5785657
1007,Kavita,Verma,2000-01-14,EJZQO6872B,kavita.verma17@gmail.com,9672564421,VERIFIED,BR004,2026-05-16 10:42:25.5785657,2026-05-16 10:42:25.5785657
1008,Rahul,Mehta,1960-11-03,UKBXO7248U,rahul.mehta69@gmail.com,9459508941,PENDING,BR002,2026-05-16 10:42:25.5785657,2026-05-16 10:42:25.5785657
1009,Vikram,Jain,1977-01-15,LGGOG5832E,vikram.jain74@gmail.com,9668710325,PENDING,BR001,2026-05-16 10:42:25.5785657,2026-05-16 10:42:25.5785657
1010,Sneha,Kumar,1984-06-16,NCBCQ7403O,sneha.kumar58@gmail.com,9352903002,VERIFIED,BR003,2026-05-16 10:42:25.5785657,2026-05-16 10:42:25.5785657
1011,Sneha,Jain,1972-06-05,NZWAS6526D,sneha.jain40@gmail.com,9507740539,VERIFIED,BR001,2026-05-16 10:42:25.5785657,2026-05-16 10:42:25.5785657
1012,Suresh,Reddy,1969-07-20,HEASS9751U,suresh.reddy57@gmail.com,9446250620,VERIFIED,BR001,2026-05-16 10:42:25.5785657,2026-05-16 10:42:25.5785657
1013,Pooja,Kumar,1981-12-21,HQPDT5750K,pooja.kumar56@gmail.com,9405646659,VERIFIED,BR002,2026-05-16 10:42:25.5785657,2026-05-16 10:42:25.5785657
1014,Anjali,Verma,1974-12-30,MCJZU2250X,anjali.verma59@gmail.com,9599789776,VERIFIED,BR004,2026-05-16 10:42:25.5785657,2026-05-16 10:42:25.5785657
1015,Suresh,Gupta,1965-02-09,MBTTD4528N,suresh.gupta56@gmail.com,9525238451,VERIFIED,BR001,2026-05-16 10:42:25.5785657,2026-05-16 10:42:25.5785657
1016,Suresh,Singh,1999-03-23,ZYTRS3638O,suresh.singh55@gmail.com,8407530582,VERIFIED,BR003,2026-05-16 10:42:25.5785657,2026-05-16 10:42:25.5785657
1017,Rahul,Verma,1961-12-06,DFIPF2062B,rahul.verma89@gmail.com,9767720640,VERIFIED,BR001,2026-05-16 10:42:25.5785657,2026-05-16 10:42:25.5785657
1018,Rohit,Kumar,1963-04-10,WBGRF1954Z,rohit.kumar52@gmail.com,9624929859,VERIFIED,BR002,2026-05-16 10:42:25.5785657,2026-05-16 10:42:25.5785657
1019,Pooja,Kumar,1995-01-23,MKCRJ4806U,pooja.kumar97@gmail.com,9249819242,VERIFIED,BR004,2026-05-16 10:42:25.5785657,2026-05-16 10:42:25.5785657
1020,Neha,Desai,1964-08-24,CKIWG1442H,neha.desai8@gmail.com,9454246574,PENDING,BR003,2026-05-16 10:42:25.5785657,2026-05-16 10:42:25.5785657
1021,Suresh,Iyer,1985-08-19,WBVWC6500Y,suresh.iyer89@gmail.com,9287447918,VERIFIED,BR002,2026-05-16 10:42:25.5785657,2026-05-16 10:42:25.5785657
1022,Priya,Desai,1986-04-03,WEMFK0392Z,priya.desai79@gmail.com,9667455472,VERIFIED,BR001,2026-05-16 10:42:25.5785657,2026-05-16 10:42:25.5785657
1023,Rohit,Patel,1993-11-05,UHSSU6412B,rohit.patel11@gmail.com,9652284764,VERIFIED,BR001,2026-05-16 10:42:25.5785657,2026-05-16 10:42:25.5785657
1024,Neha,Desai,1991-09-25,POTBP5819C,neha.desai76@gmail.com,8775891673,VERIFIED,BR004,2026-05-16 10:42:25.5785657,2026-05-16 10:42:25.5785657
1025,Priya,Sharma,1989-01-03,WBBWK9550C,priya.sharma16@gmail.com,9831695456,VERIFIED,BR002,2026-05-16 10:42:25.5785657,2026-05-16 10:42:25.5785657
1026,Pooja,Singh,1999-02-17,KPNYF7236J,pooja.singh77@gmail.com,9891255178,VERIFIED,BR002,2026-05-16 10:42:25.5785657,2026-05-16 10:42:25.5785657
1027,Amit,Reddy,1965-03-14,LYYAQ5055E,amit.reddy25@gmail.com,9322318361,VERIFIED,BR004,2026-05-16 10:42:25.5785657,2026-05-16 10:42:25.5785657
1028,Priya,Verma,1992-03-20,YWWJE8769U,priya.verma47@gmail.com,9981395997,VERIFIED,BR003,2026-05-16 10:42:25.5785657,2026-05-16 10:42:25.5785657
1029,Kavita,Kumar,1964-07-14,NROYC8287E,kavita.kumar21@gmail.com,8719424424,VERIFIED,BR002,2026-05-16 10:42:25.5785657,2026-05-16 10:42:25.5785657
1030,Rohit,Patel,1973-03-13,HPSFQ2498C,rohit.patel49@gmail.com,9893401689,VERIFIED,BR004,2026-05-16 10:42:25.5785657,2026-05-16 10:42:25.5785657
1031,Priya,Patel,1983-01-09,QVBID9147R,priya.patel33@gmail.com,9533157184,VERIFIED,BR002,2026-05-16 10:42:25.5785657,2026-05-16 10:42:25.5785657
1032,Ramesh,Reddy,1967-08-01,ABWXO8511J,ramesh.reddy17@gmail.com,9988727626,VERIFIED,BR004,2026-05-16 10:42:25.5785657,2026-05-16 10:42:25.5785657
1033,Amit,Singh,1977-08-02,JYZBJ6635N,amit.singh44@gmail.com,9067519093,VERIFIED,BR001,2026-05-16 10:42:25.5785657,2026-05-16 10:42:25.5785657
1034,Sneha,Verma,1967-11-10,ZTYGE7141K,sneha.verma74@gmail.com,9333365966,VERIFIED,BR001,2026-05-16 10:42:25.5785657,2026-05-16 10:42:25.5785657
1035,Sneha,Mehta,1974-01-19,UKRTG1730P,sneha.mehta85@gmail.com,9677383327,REJECTED,BR002,2026-05-16 10:42:25.5785657,2026-05-16 10:42:25.5785657
1036,Kavita,Jain,1968-01-14,FVLHU2013C,kavita.jain84@gmail.com,9781500431,VERIFIED,BR002,2026-05-16 10:42:25.5785657,2026-05-16 10:42:25.5785657
1037,Priya,Desai,1990-12-06,ZHQKZ5919F,priya.desai79@gmail.com,9888610306,VERIFIED,BR001,2026-05-16 10:42:25.5785657,2026-05-16 10:42:25.5785657
1038,Priya,Jain,1996-12-21,PZAPI7491S,priya.jain27@gmail.com,9263455226,VERIFIED,BR003,2026-05-16 10:42:25.5785657,2026-05-16 10:42:25.5785657
1039,Rahul,Jain,1965-12-16,EBLNU6971N,rahul.jain15@gmail.com,9836448330,PENDING,BR004,2026-05-16 10:42:25.5785657,2026-05-16 10:42:25.5785657
1040,Priya,Gupta,1974-02-13,BRIIW7334M,priya.gupta58@gmail.com,9529432516,PENDING,BR003,2026-05-16 10:42:25.5785657,2026-05-16 10:42:25.5785657
1041,Vikram,Jain,1986-07-15,SOERJ7154A,vikram.jain56@gmail.com,8060706773,VERIFIED,BR003,2026-05-16 10:42:25.5785657,2026-05-16 10:42:25.5785657
1042,Anjali,Patel,2000-03-16,HFUPI4657Z,anjali.patel75@gmail.com,9143522042,VERIFIED,BR003,2026-05-16 10:42:25.5785657,2026-05-16 10:42:25.5785657
1043,Ramesh,Desai,1962-01-23,TRHRQ0923Z,ramesh.desai64@gmail.com,9343171524,VERIFIED,BR001,2026-05-16 10:42:25.5785657,2026-05-16 10:42:25.5785657
1044,Rahul,Desai,1972-04-28,FAGMW0461W,rahul.desai2@gmail.com,9016820622,VERIFIED,BR002,2026-05-16 10:42:25.5785657,2026-05-16 10:42:25.5785657
1045,Pooja,Sharma,1982-11-12,JKDRX8872Z,pooja.sharma68@gmail.com,9960197346,VERIFIED,BR003,2026-05-16 10:42:25.5785657,2026-05-16 10:42:25.5785657
1046,Rahul,Singh,1975-02-25,YNBGW4869T,rahul.singh46@gmail.com,9001478512,VERIFIED,BR001,2026-05-16 10:42:25.5785657,2026-05-16 10:42:25.5785657
1047,Vikram,Gupta,1978-02-22,ITLVX4941P,vikram.gupta54@gmail.com,9324451663,VERIFIED,BR004,2026-05-16 10:42:25.5785657,2026-05-16 10:42:25.5785657
1048,Pooja,Jain,1997-01-14,LTVHU4247H,pooja.jain97@gmail.com,8860913046,VERIFIED,BR002,2026-05-16 10:42:25.5785657,2026-05-16 10:42:25.5785657
1049,Ramesh,Iyer,1983-03-14,HIODG6704R,ramesh.iyer58@gmail.com,9667718320,PENDING,BR004,2026-05-16 10:42:25.5785657,2026-05-16 10:42:25.5785657
1050,Vikram,Mehta,1961-11-10,MBVKU9085P,vikram.mehta41@gmail.com,8014383961,VERIFIED,BR003,2026-05-16 10:42:25.5785657,2026-05-16 10:42:25.5785657
1051,Neha,Kumar,1963-12-09,AJTWY4756H,neha.kumar74@gmail.com,9017822571,VERIFIED,BR002,2026-05-16 10:42:25.5785657,2026-05-16 10:42:25.5785657
1052,Anjali,Sharma,1992-08-12,MHMKR7789T,anjali.sharma15@gmail.com,9845923475,VERIFIED,BR003,2026-05-16 10:42:25.5785657,2026-05-16 10:42:25.5785657
1053,Ramesh,Desai,1998-05-08,NXPRC4812K,ramesh.desai4@gmail.com,9865607529,PENDING,BR002,2026-05-16 10:42:25.5785657,2026-05-16 10:42:25.5785657
1054,Priya,Desai,1964-05-29,FITJT8200R,priya.desai81@gmail.com,9925257820,PENDING,BR003,2026-05-16 10:42:25.5785657,2026-05-16 10:42:25.5785657
1055,Neha,Yadav,2000-01-06,BYFBY0028T,neha.yadav48@gmail.com,9224101331,VERIFIED,BR004,2026-05-16 10:42:25.5785657,2026-05-16 10:42:25.5785657
1056,Kavita,Gupta,1961-11-20,DDROF6716X,kavita.gupta84@gmail.com,9506281494,VERIFIED,BR004,2026-05-16 10:42:25.5785657,2026-05-16 10:42:25.5785657
1057,Ramesh,Jain,1970-05-30,SUEIP9593W,ramesh.jain56@gmail.com,8979284540,VERIFIED,BR003,2026-05-16 10:42:25.5785657,2026-05-16 10:42:25.5785657
1058,Kavita,Gupta,2000-05-16,FPVGS3687S,kavita.gupta94@gmail.com,9903556606,VERIFIED,BR002,2026-05-16 10:42:25.5785657,2026-05-16 10:42:25.5785657
1059,Pooja,Yadav,1987-12-19,UJLJN3881L,pooja.yadav28@gmail.com,9344840166,VERIFIED,BR004,2026-05-16 10:42:25.5785657,2026-05-16 10:42:25.5785657
1060,Neha,Gupta,1992-06-06,QVSLT9285P,neha.gupta94@gmail.com,9861394699,VERIFIED,BR002,2026-05-16 10:42:25.5785657,2026-05-16 10:42:25.5785657
1061,Anjali,Desai,1985-07-08,MVPIG9247S,anjali.desai76@gmail.com,8330285834,VERIFIED,BR002,2026-05-16 10:42:25.5785657,2026-05-16 10:42:25.5785657
1062,Priya,Patel,1990-07-16,PJAWE2738W,priya.patel84@gmail.com,9144750977,VERIFIED,BR004,2026-05-16 10:42:25.5785657,2026-05-16 10:42:25.5785657
1063,Priya,Verma,1994-02-08,WONEG4524W,priya.verma86@gmail.com,9371017438,PENDING,BR001,2026-05-16 10:42:25.5785657,2026-05-16 10:42:25.5785657
1064,Vikram,Desai,1960-08-11,MUCFR3545N,vikram.desai54@gmail.com,9536438547,VERIFIED,BR001,2026-05-16 10:42:25.5785657,2026-05-16 10:42:25.5785657
1065,Priya,Sharma,1992-02-13,ZOJLH2737Y,priya.sharma63@gmail.com,9229889621,VERIFIED,BR002,2026-05-16 10:42:25.5785657,2026-05-16 10:42:25.5785657
1066,Suresh,Singh,1995-07-02,RETHP7598J,suresh.singh6@gmail.com,9630500152,VERIFIED,BR004,2026-05-16 10:42:25.5785657,2026-05-16 10:42:25.5785657
1067,Rahul,Yadav,1979-07-15,FEANH9561Y,rahul.yadav85@gmail.com,9255975838,VERIFIED,BR001,2026-05-16 10:42:25.5785657,2026-05-16 10:42:25.5785657
1068,Amit,Mehta,1961-03-27,MWOML1094C,amit.mehta39@gmail.com,9323565001,VERIFIED,BR003,2026-05-16 10:42:25.5785657,2026-05-16 10:42:25.5785657
1069,Anjali,Kumar,1985-03-26,KBQBD5391Y,anjali.kumar36@gmail.com,9209139813,VERIFIED,BR002,2026-05-16 10:42:25.5785657,2026-05-16 10:42:25.5785657
1070,Neha,Mehta,1980-03-07,KPQUJ9254S,neha.mehta58@gmail.com,8124126658,VERIFIED,BR001,2026-05-16 10:42:25.5785657,2026-05-16 10:42:25.5785657
1071,Suresh,Desai,1984-10-11,QPTYF2611C,suresh.desai62@gmail.com,9487871223,VERIFIED,BR004,2026-05-16 10:42:25.5785657,2026-05-16 10:42:25.5785657
1072,Anjali,Sharma,1961-07-05,EKRMA2280H,anjali.sharma62@gmail.com,9969052333,VERIFIED,BR004,2026-05-16 10:42:25.5785657,2026-05-16 10:42:25.5785657
1073,Neha,Jain,1961-10-01,YUQRY4569E,neha.jain15@gmail.com,9486158737,VERIFIED,BR002,2026-05-16 10:42:25.5785657,2026-05-16 10:42:25.5785657
1074,Rohit,Desai,1970-11-01,BEHTO2166I,rohit.desai35@gmail.com,9200369986,REJECTED,BR004,2026-05-16 10:42:25.5785657,2026-05-16 10:42:25.5785657
1075,Rohit,Singh,1969-09-09,NMCBL3209S,rohit.singh5@gmail.com,9631293834,VERIFIED,BR003,2026-05-16 10:42:25.5785657,2026-05-16 10:42:25.5785657
1076,Kavita,Patel,1988-03-01,PATVO7154I,kavita.patel46@gmail.com,9088272941,VERIFIED,BR003,2026-05-16 10:42:25.5785657,2026-05-16 10:42:25.5785657
1077,Anjali,Iyer,1981-01-02,EPQMC3368K,anjali.iyer58@gmail.com,9260685198,VERIFIED,BR001,2026-05-16 10:42:25.5785657,2026-05-16 10:42:25.5785657
1078,Rohit,Kumar,1978-12-24,KMRKT0021Y,rohit.kumar60@gmail.com,9132328683,VERIFIED,BR004,2026-05-16 10:42:25.5785657,2026-05-16 10:42:25.5785657
1079,Neha,Singh,1969-06-02,KNZRO4137U,neha.singh8@gmail.com,9781964706,VERIFIED,BR003,2026-05-16 10:42:25.5785657,2026-05-16 10:42:25.5785657
1080,Kavita,Yadav,1993-03-24,LBGDH8406Z,kavita.yadav18@gmail.com,9582959430,VERIFIED,BR002,2026-05-16 10:42:25.5785657,2026-05-16 10:42:25.5785657
1081,Priya,Jain,1971-04-24,GEOOC9941E,priya.jain47@gmail.com,9720665706,VERIFIED,BR004,2026-05-16 10:42:25.5785657,2026-05-16 10:42:25.5785657
1082,Neha,Yadav,1989-09-02,MSNHV9253T,neha.yadav96@gmail.com,9596039743,VERIFIED,BR001,2026-05-16 10:42:25.5785657,2026-05-16 10:42:25.5785657
1083,Kavita,Desai,1981-10-10,NWWHU4958J,kavita.desai3@gmail.com,9140640977,VERIFIED,BR002,2026-05-16 10:42:25.5785657,2026-05-16 10:42:25.5785657
1084,Anjali,Sharma,1972-07-31,SVPRW4437M,anjali.sharma90@gmail.com,9461201532,VERIFIED,BR002,2026-05-16 10:42:25.5785657,2026-05-16 10:42:25.5785657
1085,Suresh,Singh,1977-11-19,LIESO2707W,suresh.singh11@gmail.com,9772810360,VERIFIED,BR002,2026-05-16 10:42:25.5785657,2026-05-16 10:42:25.5785657
1086,Vikram,Reddy,1995-09-22,XJZUQ1919K,vikram.reddy47@gmail.com,8419737712,VERIFIED,BR003,2026-05-16 10:42:25.5785657,2026-05-16 10:42:25.5785657
1087,Priya,Jain,1971-01-20,WWLNL7461P,priya.jain48@gmail.com,9086582276,VERIFIED,BR002,2026-05-16 10:42:25.5785657,2026-05-16 10:42:25.5785657
1088,Ramesh,Sharma,1989-09-10,UGQKC3659U,ramesh.sharma37@gmail.com,9971303377,VERIFIED,BR003,2026-05-16 10:42:25.5785657,2026-05-16 10:42:25.5785657
1089,Suresh,Patel,1993-03-17,STWAB6997N,suresh.patel33@gmail.com,9973156377,VERIFIED,BR002,2026-05-16 10:42:25.5785657,2026-05-16 10:42:25.5785657
1090,Pooja,Jain,1976-12-07,ZTSCE2030L,pooja.jain80@gmail.com,9468856720,VERIFIED,BR003,2026-05-16 10:42:25.5785657,2026-05-16 10:42:25.5785657
1091,Neha,Yadav,1973-07-22,JDNOU1086H,neha.yadav37@gmail.com,9605575518,VERIFIED,BR004,2026-05-16 10:42:25.5785657,2026-05-16 10:42:25.5785657
1092,Pooja,Jain,1966-11-07,MPGQL6842R,pooja.jain5@gmail.com,9908318565,VERIFIED,BR003,2026-05-16 10:42:25.5785657,2026-05-16 10:42:25.5785657
1093,Suresh,Iyer,1993-09-13,ELIPQ4281M,suresh.iyer82@gmail.com,9085586575,REJECTED,BR003,2026-05-16 10:42:25.5785657,2026-05-16 10:42:25.5785657
1094,Kavita,Desai,1961-11-24,WCJJH6083A,kavita.desai80@gmail.com,9476042813,PENDING,BR004,2026-05-16 10:42:25.5785657,2026-05-16 10:42:25.5785657
1095,Ramesh,Gupta,1985-11-16,ORTBP4927T,ramesh.gupta89@gmail.com,9760210564,VERIFIED,BR002,2026-05-16 10:42:25.5785657,2026-05-16 10:42:25.5785657
1096,Priya,Yadav,1981-11-11,UFEGT7610U,priya.yadav80@gmail.com,9580586039,VERIFIED,BR004,2026-05-16 10:42:25.5785657,2026-05-16 10:42:25.5785657
1097,Priya,Iyer,1963-07-21,QILPT0271E,priya.iyer69@gmail.com,8142640971,VERIFIED,BR002,2026-05-16 10:42:25.5785657,2026-05-16 10:42:25.5785657
1098,Priya,Kumar,1983-07-20,UWJNH1999J,priya.kumar42@gmail.com,9325446027,VERIFIED,BR003,2026-05-16 10:42:25.5785657,2026-05-16 10:42:25.5785657
1099,Ramesh,Verma,1985-07-22,TICZD9879Z,ramesh.verma59@gmail.com,9870465056,VERIFIED,BR002,2026-05-16 10:42:25.5785657,2026-05-16 10:42:25.5785657
1100,Amit,Gupta,1996-04-22,OCKGD3723U,amit.gupta42@gmail.com,9611774166,VERIFIED,BR003,2026-05-16 10:42:25.5785657,2026-05-16 10:42:25.5785657
1101,Ramesh,Desai,1997-03-21,YCGAW5920O,ramesh.desai17@gmail.com,9766980694,VERIFIED,BR002,2026-05-16 10:42:25.5785657,2026-05-16 10:42:25.5785657
1102,Vikram,Reddy,1976-04-07,XHKDY3408E,vikram.reddy48@gmail.com,9449453441,PENDING,BR003,2026-05-16 10:42:25.5785657,2026-05-16 10:42:25.5785657
1103,Ramesh,Gupta,1992-03-08,KJYSO5786P,ramesh.gupta50@gmail.com,9702997160,VERIFIED,BR003,2026-05-16 10:42:25.5785657,2026-05-16 10:42:25.5785657
1104,Suresh,Kumar,1991-05-07,QYHRF4239L,suresh.kumar81@gmail.com,9365139909,PENDING,BR001,2026-05-16 10:42:25.5785657,2026-05-16 10:42:25.5785657
1105,Amit,Sharma,1967-01-11,OZJKE1846U,amit.sharma28@gmail.com,9283362038,VERIFIED,BR002,2026-05-16 10:42:25.5785657,2026-05-16 10:42:25.5785657
1106,Priya,Reddy,1974-06-25,QZBIZ7285S,priya.reddy63@gmail.com,9182311937,VERIFIED,BR002,2026-05-16 10:42:25.5785657,2026-05-16 10:42:25.5785657
1107,Suresh,Yadav,1966-09-16,FWIDX0811I,suresh.yadav34@gmail.com,9940034929,VERIFIED,BR001,2026-05-16 10:42:25.5785657,2026-05-16 10:42:25.5785657
1108,Suresh,Reddy,1978-11-30,UCWDJ7502E,suresh.reddy35@gmail.com,9581250480,VERIFIED,BR003,2026-05-16 10:42:25.5785657,2026-05-16 10:42:25.5785657
1109,Sneha,Singh,1993-08-28,TNTMU5159B,sneha.singh96@gmail.com,9648877647,VERIFIED,BR003,2026-05-16 10:42:25.5785657,2026-05-16 10:42:25.5785657
1110,Rahul,Kumar,1966-07-09,SXRHQ0984D,rahul.kumar71@gmail.com,9726675374,VERIFIED,BR001,2026-05-16 10:42:25.5785657,2026-05-16 10:42:25.5785657
1111,Amit,Jain,1988-09-26,MXBCP0265K,amit.jain35@gmail.com,9027347679,VERIFIED,BR001,2026-05-16 10:42:25.5785657,2026-05-16 10:42:25.5785657
1112,Suresh,Iyer,1986-03-02,JPHNL7168R,suresh.iyer46@gmail.com,9799805668,VERIFIED,BR004,2026-05-16 10:42:25.5785657,2026-05-16 10:42:25.5785657
1113,Rahul,Gupta,1960-12-03,SFLFI4404V,rahul.gupta44@gmail.com,9284274175,PENDING,BR003,2026-05-16 10:42:25.5785657,2026-05-16 10:42:25.5785657
1114,Rahul,Singh,1995-11-29,GYRMC0473E,rahul.singh94@gmail.com,9281806504,VERIFIED,BR004,2026-05-16 10:42:25.5785657,2026-05-16 10:42:25.5785657
1115,Amit,Reddy,1961-12-01,OPOID3678X,amit.reddy44@gmail.com,9003732387,REJECTED,BR002,2026-05-16 10:42:25.5785657,2026-05-16 10:42:25.5785657
1116,Sneha,Singh,1998-01-08,BHICN1483R,sneha.singh91@gmail.com,9427921048,VERIFIED,BR004,2026-05-16 10:42:25.5785657,2026-05-16 10:42:25.5785657
1117,Pooja,Mehta,1963-01-23,JTOUV9866A,pooja.mehta86@gmail.com,9860831499,VERIFIED,BR001,2026-05-16 10:42:25.5785657,2026-05-16 10:42:25.5785657
1118,Kavita,Kumar,1970-06-02,PRSAH7931E,kavita.kumar84@gmail.com,9968597729,VERIFIED,BR001,2026-05-16 10:42:25.5785657,2026-05-16 10:42:25.5785657
1119,Vikram,Iyer,1979-03-12,OKDQA7243L,vikram.iyer61@gmail.com,9866567801,VERIFIED,BR001,2026-05-16 10:42:25.5785657,2026-05-16 10:42:25.5785657
1120,Kavita,Patel,1998-12-20,IIYPW1700O,kavita.patel50@gmail.com,8344560548,VERIFIED,BR001,2026-05-16 10:42:25.5785657,2026-05-16 10:42:25.5785657
1121,Ramesh,Sharma,1992-11-18,RMLHT1426P,ramesh.sharma97@gmail.com,9104750509,VERIFIED,BR004,2026-05-16 10:42:25.5785657,2026-05-16 10:42:25.5785657
1122,Priya,Reddy,1984-09-02,NIFZB2977J,priya.reddy87@gmail.com,9644423014,VERIFIED,BR004,2026-05-16 10:42:25.5785657,2026-05-16 10:42:25.5785657
1123,Vikram,Kumar,1960-05-14,IATEJ7588C,vikram.kumar53@gmail.com,9261079554,VERIFIED,BR004,2026-05-16 10:42:25.5785657,2026-05-16 10:42:25.5785657
1124,Ramesh,Patel,1989-05-24,KTLLC3446J,ramesh.patel27@gmail.com,9473283635,VERIFIED,BR001,2026-05-16 10:42:25.5785657,2026-05-16 10:42:25.5785657
1125,Suresh,Patel,1974-08-10,CAIUQ8908H,suresh.patel31@gmail.com,9362114958,VERIFIED,BR001,2026-05-16 10:42:25.5785657,2026-05-16 10:42:25.5785657
1126,Priya,Desai,1972-01-21,LKCWT2706Q,priya.desai44@gmail.com,9644765063,VERIFIED,BR003,2026-05-16 10:42:25.5785657,2026-05-16 10:42:25.5785657
1127,Neha,Iyer,1984-01-27,NXJSV8211T,neha.iyer89@gmail.com,9216248060,VERIFIED,BR003,2026-05-16 10:42:25.5785657,2026-05-16 10:42:25.5785657
1128,Amit,Singh,1961-01-21,DTBYQ4556S,amit.singh35@gmail.com,9679678390,VERIFIED,BR001,2026-05-16 10:42:25.5785657,2026-05-16 10:42:25.5785657
1129,Vikram,Patel,1968-09-21,QZIZI4467S,vikram.patel24@gmail.com,9636710391,PENDING,BR003,2026-05-16 10:42:25.5785657,2026-05-16 10:42:25.5785657
1130,Vikram,Mehta,1973-01-31,BNILB8088T,vikram.mehta1@gmail.com,9747396766,VERIFIED,BR002,2026-05-16 10:42:25.5785657,2026-05-16 10:42:25.5785657
1131,Suresh,Kumar,1992-08-09,PJPYT0951T,suresh.kumar91@gmail.com,8975130350,VERIFIED,BR002,2026-05-16 10:42:25.5785657,2026-05-16 10:42:25.5785657
1132,Pooja,Verma,1997-11-14,MDBCX3751H,pooja.verma43@gmail.com,9974570773,VERIFIED,BR001,2026-05-16 10:42:25.5785657,2026-05-16 10:42:25.5785657
1133,Rahul,Verma,1988-09-17,SZNPJ9376B,rahul.verma4@gmail.com,9671950962,VERIFIED,BR004,2026-05-16 10:42:25.5785657,2026-05-16 10:42:25.5785657
1134,Priya,Jain,1985-06-23,UQBCR2769E,priya.jain73@gmail.com,9925435694,VERIFIED,BR002,2026-05-16 10:42:25.5785657,2026-05-16 10:42:25.5785657
1135,Suresh,Jain,1964-02-17,IPDJZ6359J,suresh.jain44@gmail.com,9699242704,VERIFIED,BR002,2026-05-16 10:42:25.5785657,2026-05-16 10:42:25.5785657
1136,Rohit,Reddy,1989-08-12,OQIDS9990V,rohit.reddy28@gmail.com,9305726236,VERIFIED,BR004,2026-05-16 10:42:25.5785657,2026-05-16 10:42:25.5785657
1137,Sneha,Jain,1978-03-17,LJJEF9421C,sneha.jain2@gmail.com,9232346918,VERIFIED,BR003,2026-05-16 10:42:25.5785657,2026-05-16 10:42:25.5785657
1138,Rahul,Yadav,1984-02-09,HUNOT5686T,rahul.yadav88@gmail.com,9165553511,VERIFIED,BR004,2026-05-16 10:42:25.5785657,2026-05-16 10:42:25.5785657
1139,Amit,Singh,1976-03-13,JEVUV1446H,amit.singh58@gmail.com,9421930695,VERIFIED,BR003,2026-05-16 10:42:25.5785657,2026-05-16 10:42:25.5785657
1140,Rahul,Yadav,1969-11-21,ZPTUG2979G,rahul.yadav21@gmail.com,9492076972,VERIFIED,BR003,2026-05-16 10:42:25.5785657,2026-05-16 10:42:25.5785657
1141,Pooja,Patel,1969-05-19,JYZMH3598Z,pooja.patel61@gmail.com,9947814653,VERIFIED,BR004,2026-05-16 10:42:25.5785657,2026-05-16 10:42:25.5785657
1142,Rahul,Kumar,1987-02-04,PWBMJ9751C,rahul.kumar94@gmail.com,9741401366,REJECTED,BR003,2026-05-16 10:42:25.5785657,2026-05-16 10:42:25.5785657
1143,Amit,Reddy,1989-12-14,THXDL9243A,amit.reddy61@gmail.com,9224780084,VERIFIED,BR002,2026-05-16 10:42:25.5785657,2026-05-16 10:42:25.5785657
1144,Pooja,Gupta,1976-05-12,KKJKC2307K,pooja.gupta17@gmail.com,8888307516,VERIFIED,BR001,2026-05-16 10:42:25.5785657,2026-05-16 10:42:25.5785657
1145,Kavita,Patel,1994-07-26,UDHVS1740C,kavita.patel68@gmail.com,9214471656,VERIFIED,BR003,2026-05-16 10:42:25.5785657,2026-05-16 10:42:25.5785657
1146,Vikram,Singh,1966-02-05,AFDYP4721H,vikram.singh81@gmail.com,9812188518,VERIFIED,BR002,2026-05-16 10:42:25.5785657,2026-05-16 10:42:25.5785657
1147,Vikram,Verma,1977-02-05,KULCX5052E,vikram.verma91@gmail.com,9688347348,VERIFIED,BR004,2026-05-16 10:42:25.5785657,2026-05-16 10:42:25.5785657
1148,Sneha,Iyer,1972-03-10,HAJOE6539R,sneha.iyer90@gmail.com,9065162785,VERIFIED,BR003,2026-05-16 10:42:25.5785657,2026-05-16 10:42:25.5785657
1149,Ramesh,Jain,1999-06-07,NZOKM6920Z,ramesh.jain19@gmail.com,9686856932,VERIFIED,BR002,2026-05-16 10:42:25.5785657,2026-05-16 10:42:25.5785657
1150,Kavita,Desai,1989-04-23,BGRCP7133U,kavita.desai61@gmail.com,9580040896,VERIFIED,BR003,2026-05-16 10:42:25.5785657,2026-05-16 10:42:25.5785657
1151,Kavita,Kumar,1992-06-29,EUMSQ8074J,kavita.kumar50@gmail.com,9935386804,PENDING,BR004,2026-05-16 10:42:25.5785657,2026-05-16 10:42:25.5785657
1152,Priya,Sharma,1996-11-25,FUXII3840U,priya.sharma74@gmail.com,9259056088,VERIFIED,BR001,2026-05-16 10:42:25.5785657,2026-05-16 10:42:25.5785657
1153,Rahul,Iyer,1989-01-23,EJUWI1387M,rahul.iyer42@gmail.com,9571682063,VERIFIED,BR003,2026-05-16 10:42:25.5785657,2026-05-16 10:42:25.5785657
1154,Vikram,Yadav,1995-06-06,IERJU2044F,vikram.yadav87@gmail.com,8169220227,VERIFIED,BR001,2026-05-16 10:42:25.5785657,2026-05-16 10:42:25.5785657
1155,Amit,Jain,1990-04-09,OICRH6463B,amit.jain65@gmail.com,9410153490,VERIFIED,BR003,2026-05-16 10:42:25.5785657,2026-05-16 10:42:25.5785657
1156,Anjali,Reddy,1987-10-08,SXPLQ7064Q,anjali.reddy72@gmail.com,9005088750,VERIFIED,BR003,2026-05-16 10:42:25.5785657,2026-05-16 10:42:25.5785657
1157,Anjali,Yadav,1961-01-02,URYDP7007L,anjali.yadav64@gmail.com,9209419876,VERIFIED,BR004,2026-05-16 10:42:25.5785657,2026-05-16 10:42:25.5785657
1158,Pooja,Kumar,1989-08-05,JYADL3401L,pooja.kumar8@gmail.com,8120639902,VERIFIED,BR003,2026-05-16 10:42:25.5785657,2026-05-16 10:42:25.5785657
1159,Vikram,Yadav,1961-03-30,KQGCT4352I,vikram.yadav92@gmail.com,9075118536,VERIFIED,BR002,2026-05-16 10:42:25.5785657,2026-05-16 10:42:25.5785657
1160,Vikram,Kumar,1978-12-17,SFPSZ2101W,vikram.kumar72@gmail.com,9130869900,REJECTED,BR002,2026-05-16 10:42:25.5785657,2026-05-16 10:42:25.5785657
1161,Sneha,Yadav,2000-11-05,LCRVI3058F,sneha.yadav75@gmail.com,9784168638,VERIFIED,BR001,2026-05-16 10:42:25.5785657,2026-05-16 10:42:25.5785657
1162,Anjali,Iyer,1992-11-20,SYQUN1217A,anjali.iyer35@gmail.com,9152583182,VERIFIED,BR001,2026-05-16 10:42:25.5785657,2026-05-16 10:42:25.5785657
1163,Vikram,Mehta,1969-04-05,JOMZD8037P,vikram.mehta21@gmail.com,8295171991,VERIFIED,BR002,2026-05-16 10:42:25.5785657,2026-05-16 10:42:25.5785657
1164,Sneha,Iyer,1989-06-24,NTVBZ6463Y,sneha.iyer95@gmail.com,9779385498,VERIFIED,BR001,2026-05-16 10:42:25.5785657,2026-05-16 10:42:25.5785657
1165,Rahul,Gupta,1996-04-23,OPTDN8853F,rahul.gupta83@gmail.com,9626680460,VERIFIED,BR001,2026-05-16 10:42:25.5785657,2026-05-16 10:42:25.5785657
1166,Rohit,Patel,1996-06-12,ISIYX8265E,rohit.patel55@gmail.com,9394261425,VERIFIED,BR002,2026-05-16 10:42:25.5785657,2026-05-16 10:42:25.5785657
1167,Priya,Patel,1960-10-21,QPCQP5169K,priya.patel52@gmail.com,9607686043,VERIFIED,BR002,2026-05-16 10:42:25.5785657,2026-05-16 10:42:25.5785657
1168,Neha,Singh,1997-10-18,VOVAB6567N,neha.singh3@gmail.com,9661596703,VERIFIED,BR002,2026-05-16 10:42:25.5785657,2026-05-16 10:42:25.5785657
1169,Kavita,Jain,1972-06-13,QAXOQ3284O,kavita.jain31@gmail.com,9258561653,VERIFIED,BR004,2026-05-16 10:42:25.5785657,2026-05-16 10:42:25.5785657
1170,Ramesh,Iyer,1993-07-24,BBLMF6377L,ramesh.iyer53@gmail.com,9554500845,VERIFIED,BR004,2026-05-16 10:42:25.5785657,2026-05-16 10:42:25.5785657
1171,Pooja,Iyer,1961-09-18,ZDJOI4220J,pooja.iyer55@gmail.com,9793508698,VERIFIED,BR002,2026-05-16 10:42:25.5785657,2026-05-16 10:42:25.5785657
1172,Rohit,Sharma,1979-08-31,YWKZX8971F,rohit.sharma79@gmail.com,8446315967,VERIFIED,BR003,2026-05-16 10:42:25.5785657,2026-05-16 10:42:25.5785657
1173,Priya,Sharma,1985-06-25,MNMIA9592L,priya.sharma70@gmail.com,9633191386,PENDING,BR002,2026-05-16 10:42:25.5785657,2026-05-16 10:42:25.5785657
1174,Priya,Singh,1984-11-20,BHPVR2011I,priya.singh4@gmail.com,9365754501,VERIFIED,BR004,2026-05-16 10:42:25.5785657,2026-05-16 10:42:25.5785657
1175,Priya,Desai,1991-08-18,STJKO1505Y,priya.desai82@gmail.com,9651282169,VERIFIED,BR001,2026-05-16 10:42:25.5785657,2026-05-16 10:42:25.5785657
1176,Priya,Patel,1968-04-15,OVQPD0395L,priya.patel24@gmail.com,9240191636,VERIFIED,BR003,2026-05-16 10:42:25.5785657,2026-05-16 10:42:25.5785657
1177,Anjali,Desai,1978-06-17,TFNNB1344T,anjali.desai60@gmail.com,9932463968,PENDING,BR003,2026-05-16 10:42:25.5785657,2026-05-16 10:42:25.5785657
1178,Sneha,Jain,1987-06-07,XDYIK6855Q,sneha.jain56@gmail.com,9854428062,VERIFIED,BR001,2026-05-16 10:42:25.5785657,2026-05-16 10:42:25.5785657
1179,Kavita,Kumar,1961-05-03,NSHVJ6957X,kavita.kumar88@gmail.com,9466907078,VERIFIED,BR003,2026-05-16 10:42:25.5785657,2026-05-16 10:42:25.5785657
1180,Vikram,Kumar,1997-10-18,WQPGR9520P,vikram.kumar40@gmail.com,9263700270,PENDING,BR001,2026-05-16 10:42:25.5785657,2026-05-16 10:42:25.5785657
1181,Priya,Verma,1990-09-26,EQQVD6091A,priya.verma34@gmail.com,8411765365,VERIFIED,BR004,2026-05-16 10:42:25.5785657,2026-05-16 10:42:25.5785657
1182,Ramesh,Yadav,1983-12-16,LKKFN6487W,ramesh.yadav70@gmail.com,9977983933,PENDING,BR003,2026-05-16 10:42:25.5785657,2026-05-16 10:42:25.5785657
1183,Vikram,Sharma,1986-04-26,DFIRN3193L,vikram.sharma23@gmail.com,9155983743,VERIFIED,BR003,2026-05-16 10:42:25.5785657,2026-05-16 10:42:25.5785657
1184,Amit,Verma,1996-03-27,RWRUG4922J,amit.verma83@gmail.com,8184823611,VERIFIED,BR001,2026-05-16 10:42:25.5785657,2026-05-16 10:42:25.5785657
1185,Amit,Gupta,1978-08-26,USRMM5972S,amit.gupta99@gmail.com,8298110264,VERIFIED,BR001,2026-05-16 10:42:25.5785657,2026-05-16 10:42:25.5785657
1186,Ramesh,Singh,2000-01-01,RJZVY8227L,ramesh.singh77@gmail.com,9265208630,VERIFIED,BR004,2026-05-16 10:42:25.5785657,2026-05-16 10:42:25.5785657
1187,Sneha,Singh,1990-11-24,YRTFV2521X,sneha.singh37@gmail.com,9637449685,VERIFIED,BR001,2026-05-16 10:42:25.5785657,2026-05-16 10:42:25.5785657
1188,Ramesh,Kumar,1986-04-04,PGRNQ0471Y,ramesh.kumar26@gmail.com,8463943652,VERIFIED,BR001,2026-05-16 10:42:25.5785657,2026-05-16 10:42:25.5785657
1189,Anjali,Iyer,1967-02-26,DZZEQ8467J,anjali.iyer89@gmail.com,9151186266,PENDING,BR004,2026-05-16 10:42:25.5785657,2026-05-16 10:42:25.5785657
1190,Ramesh,Patel,1990-08-23,IQXCO5799F,ramesh.patel47@gmail.com,9887001647,VERIFIED,BR002,2026-05-16 10:42:25.5785657,2026-05-16 10:42:25.5785657
1191,Rahul,Desai,1974-03-18,KVYAV7178J,rahul.desai6@gmail.com,9283859856,VERIFIED,BR002,2026-05-16 10:42:25.5785657,2026-05-16 10:42:25.5785657
1192,Vikram,Sharma,1982-02-02,WAOCZ2954E,vikram.sharma8@gmail.com,8146062092,VERIFIED,BR001,2026-05-16 10:42:25.5785657,2026-05-16 10:42:25.5785657
1193,Rohit,Verma,1969-05-22,WMFCE4217Z,rohit.verma62@gmail.com,8775393810,VERIFIED,BR004,2026-05-16 10:42:25.5785657,2026-05-16 10:42:25.5785657
1194,Suresh,Desai,1974-12-05,HRFPQ4434D,suresh.desai78@gmail.com,8663362075,VERIFIED,BR002,2026-05-16 10:42:25.5785657,2026-05-16 10:42:25.5785657
1195,Sneha,Iyer,1964-04-13,EDIGG2793X,sneha.iyer51@gmail.com,8254499560,VERIFIED,BR004,2026-05-16 10:42:25.5785657,2026-05-16 10:42:25.5785657
1196,Ramesh,Verma,1981-04-12,OGJGR4169W,ramesh.verma14@gmail.com,9810903821,VERIFIED,BR001,2026-05-16 10:42:25.5785657,2026-05-16 10:42:25.5785657
1197,Pooja,Yadav,1994-04-08,URQYJ2944T,pooja.yadav56@gmail.com,9677333794,VERIFIED,BR001,2026-05-16 10:42:25.5785657,2026-05-16 10:42:25.5785657
1198,Amit,Gupta,1969-04-16,JSXTU8765Z,amit.gupta46@gmail.com,9358640054,VERIFIED,BR004,2026-05-16 10:42:25.5785657,2026-05-16 10:42:25.5785657
1199,Rahul,Gupta,1969-06-06,CLSCO0555E,rahul.gupta29@gmail.com,9276253127,VERIFIED,BR003,2026-05-16 10:42:25.5785657,2026-05-16 10:42:25.5785657
1200,Kavita,Desai,1997-05-19,EWLRS4840E,kavita.desai62@gmail.com,9251135913,PENDING,BR001,2026-05-16 10:42:25.5785657,2026-05-16 10:42:25.5785657
1201,Priya,Desai,1960-04-13,NLBMU7387S,priya.desai64@gmail.com,9801316221,PENDING,BR001,2026-05-16 10:42:25.5785657,2026-05-16 10:42:25.5785657
1202,Suresh,Desai,1995-06-25,BLSOB8942F,suresh.desai60@gmail.com,9755417102,VERIFIED,BR001,2026-05-16 10:42:25.5785657,2026-05-16 10:42:25.5785657
1203,Sneha,Verma,1962-06-27,TTZQK9389M,sneha.verma88@gmail.com,9905090642,VERIFIED,BR001,2026-05-16 10:42:25.5785657,2026-05-16 10:42:25.5785657
1204,Rohit,Yadav,1970-10-17,CZWDW1931H,rohit.yadav68@gmail.com,9222419839,VERIFIED,BR004,2026-05-16 10:42:25.5785657,2026-05-16 10:42:25.5785657
1205,Suresh,Mehta,1990-03-30,VTZMS4324E,suresh.mehta33@gmail.com,8679538242,VERIFIED,BR004,2026-05-16 10:42:25.5785657,2026-05-16 10:42:25.5785657
1206,Ramesh,Desai,1983-09-14,HYSCV4780G,ramesh.desai18@gmail.com,9113706923,VERIFIED,BR004,2026-05-16 10:42:25.5785657,2026-05-16 10:42:25.5785657
1207,Anjali,Patel,1969-06-07,BPLRW2045Y,anjali.patel36@gmail.com,9846693276,VERIFIED,BR004,2026-05-16 10:42:25.5785657,2026-05-16 10:42:25.5785657
1208,Amit,Jain,1966-05-19,WBNHV7356K,amit.jain63@gmail.com,9510817224,VERIFIED,BR003,2026-05-16 10:42:25.5785657,2026-05-16 10:42:25.5785657
1209,Amit,Iyer,1977-12-04,GWZNK2557F,amit.iyer14@gmail.com,8739667040,VERIFIED,BR004,2026-05-16 10:42:25.5785657,2026-05-16 10:42:25.5785657
1210,Kavita,Jain,1989-03-09,QLMZY6734E,kavita.jain54@gmail.com,9012026913,VERIFIED,BR004,2026-05-16 10:42:25.5785657,2026-05-16 10:42:25.5785657
1211,Anjali,Sharma,1962-07-20,HENGF8140N,anjali.sharma37@gmail.com,8932178554,VERIFIED,BR001,2026-05-16 10:42:25.5785657,2026-05-16 10:42:25.5785657
1212,Priya,Sharma,1966-12-18,ZODGF6980X,priya.sharma73@gmail.com,9233235512,VERIFIED,BR003,2026-05-16 10:42:25.5785657,2026-05-16 10:42:25.5785657
1213,Vikram,Iyer,1963-09-08,VBJPB0856G,vikram.iyer9@gmail.com,9254535033,PENDING,BR001,2026-05-16 10:42:25.5785657,2026-05-16 10:42:25.5785657
1214,Neha,Verma,1991-09-10,MWIYA9919P,neha.verma76@gmail.com,9728254994,VERIFIED,BR003,2026-05-16 10:42:25.5785657,2026-05-16 10:42:25.5785657
1215,Rahul,Iyer,2000-05-06,XSSKG3246J,rahul.iyer15@gmail.com,9352349043,VERIFIED,BR002,2026-05-16 10:42:25.5785657,2026-05-16 10:42:25.5785657
1216,Amit,Jain,1984-09-26,GNMCZ4893N,amit.jain50@gmail.com,9363757676,VERIFIED,BR003,2026-05-16 10:42:25.5785657,2026-05-16 10:42:25.5785657
1217,Pooja,Jain,1976-12-16,BWTAO5721H,pooja.jain25@gmail.com,9398477122,VERIFIED,BR003,2026-05-16 10:42:25.5785657,2026-05-16 10:42:25.5785657
1218,Amit,Desai,1960-07-24,JVMRR2896P,amit.desai88@gmail.com,8096162822,VERIFIED,BR001,2026-05-16 10:42:25.5785657,2026-05-16 10:42:25.5785657
1219,Suresh,Kumar,1980-10-01,LTJDO1899Q,suresh.kumar55@gmail.com,9818325770,VERIFIED,BR003,2026-05-16 10:42:25.5785657,2026-05-16 10:42:25.5785657
1220,Amit,Singh,1967-03-05,AWYRT4827A,amit.singh75@gmail.com,9378913111,VERIFIED,BR003,2026-05-16 10:42:25.5785657,2026-05-16 10:42:25.5785657
1221,Sneha,Mehta,1995-02-16,FLBQY9605N,sneha.mehta43@gmail.com,9489107692,VERIFIED,BR001,2026-05-16 10:42:25.5785657,2026-05-16 10:42:25.5785657
1222,Amit,Jain,1967-05-07,ANHZA8689D,amit.jain3@gmail.com,8420990226,VERIFIED,BR002,2026-05-16 10:42:25.5785657,2026-05-16 10:42:25.5785657
1223,Neha,Patel,1978-02-20,XNGQG3709O,neha.patel88@gmail.com,9015656220,PENDING,BR002,2026-05-16 10:42:25.5785657,2026-05-16 10:42:25.5785657
1224,Neha,Iyer,2000-07-20,OZFRW6870M,neha.iyer61@gmail.com,9540937691,VERIFIED,BR002,2026-05-16 10:42:25.5785657,2026-05-16 10:42:25.5785657
1225,Priya,Yadav,1982-04-05,JMQSC8639D,priya.yadav23@gmail.com,9991275443,VERIFIED,BR003,2026-05-16 10:42:25.5785657,2026-05-16 10:42:25.5785657
1226,Rohit,Kumar,1988-04-03,XXFXR5296I,rohit.kumar44@gmail.com,8787512306,VERIFIED,BR001,2026-05-16 10:42:25.5785657,2026-05-16 10:42:25.5785657
1227,Vikram,Jain,1974-06-15,XOAYI9577M,vikram.jain78@gmail.com,9901600293,VERIFIED,BR002,2026-05-16 10:42:25.5785657,2026-05-16 10:42:25.5785657
1228,Pooja,Iyer,1976-06-25,YHOOW6537Z,pooja.iyer23@gmail.com,9199734744,VERIFIED,BR002,2026-05-16 10:42:25.5785657,2026-05-16 10:42:25.5785657
1229,Amit,Gupta,1997-07-18,ZSNZB4837T,amit.gupta45@gmail.com,9974528657,VERIFIED,BR002,2026-05-16 10:42:25.5785657,2026-05-16 10:42:25.5785657
1230,Amit,Kumar,1996-06-10,KUAHZ4394V,amit.kumar5@gmail.com,9817139121,PENDING,BR002,2026-05-16 10:42:25.5785657,2026-05-16 10:42:25.5785657
1231,Rahul,Verma,1977-06-23,PJUHG0237E,rahul.verma13@gmail.com,9111525719,REJECTED,BR001,2026-05-16 10:42:25.5785657,2026-05-16 10:42:25.5785657
1232,Neha,Mehta,1975-07-06,TICAI3211O,neha.mehta50@gmail.com,9372601678,VERIFIED,BR002,2026-05-16 10:42:25.5785657,2026-05-16 10:42:25.5785657
1233,Pooja,Reddy,1979-08-02,ONCCO5780N,pooja.reddy78@gmail.com,9298869213,VERIFIED,BR003,2026-05-16 10:42:25.5785657,2026-05-16 10:42:25.5785657
1234,Priya,Reddy,1965-04-10,KCXXZ5131J,priya.reddy10@gmail.com,9151836585,VERIFIED,BR003,2026-05-16 10:42:25.5785657,2026-05-16 10:42:25.5785657
1235,Kavita,Desai,1970-07-12,GDEHH7397P,kavita.desai45@gmail.com,9528604196,VERIFIED,BR001,2026-05-16 10:42:25.5785657,2026-05-16 10:42:25.5785657
1236,Rohit,Desai,1996-01-14,PFCHY3683K,rohit.desai55@gmail.com,8962939692,VERIFIED,BR004,2026-05-16 10:42:25.5785657,2026-05-16 10:42:25.5785657
1237,Vikram,Verma,1979-12-04,LVQPH6641M,vikram.verma79@gmail.com,9274657099,VERIFIED,BR002,2026-05-16 10:42:25.5785657,2026-05-16 10:42:25.5785657
1238,Anjali,Yadav,1996-02-21,ZHSMO2383D,anjali.yadav61@gmail.com,9020625335,PENDING,BR002,2026-05-16 10:42:25.5785657,2026-05-16 10:42:25.5785657
1239,Vikram,Desai,1963-11-28,YFZET0792Z,vikram.desai68@gmail.com,9939116100,VERIFIED,BR003,2026-05-16 10:42:25.5785657,2026-05-16 10:42:25.5785657
1240,Sneha,Singh,1994-04-09,HSVUK4626W,sneha.singh8@gmail.com,9485638344,PENDING,BR001,2026-05-16 10:42:25.5785657,2026-05-16 10:42:25.5785657
1241,Suresh,Jain,1964-09-04,LJLPP5984B,suresh.jain62@gmail.com,9637057933,VERIFIED,BR004,2026-05-16 10:42:25.5785657,2026-05-16 10:42:25.5785657
1242,Sneha,Mehta,1978-11-29,UJXNQ0763U,sneha.mehta80@gmail.com,9575618867,VERIFIED,BR003,2026-05-16 10:42:25.5785657,2026-05-16 10:42:25.5785657
1243,Amit,Iyer,1971-08-09,POQQZ3710H,amit.iyer66@gmail.com,9316867811,VERIFIED,BR004,2026-05-16 10:42:25.5785657,2026-05-16 10:42:25.5785657
1244,Rohit,Verma,1971-01-31,NNPOL3755L,rohit.verma19@gmail.com,9688346916,VERIFIED,BR001,2026-05-16 10:42:25.5785657,2026-05-16 10:42:25.5785657
1245,Suresh,Sharma,1999-10-30,ZMHXC8733Z,suresh.sharma27@gmail.com,9485798975,VERIFIED,BR001,2026-05-16 10:42:25.5785657,2026-05-16 10:42:25.5785657
1246,Pooja,Iyer,2000-05-10,FMMLS3381K,pooja.iyer7@gmail.com,9302812779,VERIFIED,BR001,2026-05-16 10:42:25.5785657,2026-05-16 10:42:25.5785657
1247,Anjali,Iyer,1966-03-08,QREZG1159H,anjali.iyer62@gmail.com,9142729622,VERIFIED,BR003,2026-05-16 10:42:25.5785657,2026-05-16 10:42:25.5785657
1248,Neha,Gupta,1996-01-30,UQERK7844A,neha.gupta86@gmail.com,9869892018,REJECTED,BR001,2026-05-16 10:42:25.5785657,2026-05-16 10:42:25.5785657
1249,Rohit,Verma,1978-02-27,SFTVB1813O,rohit.verma6@gmail.com,9270069560,VERIFIED,BR003,2026-05-16 10:42:25.5785657,2026-05-16 10:42:25.5785657
1250,Rohit,Verma,1986-01-30,CRMZI3313O,rohit.verma3@gmail.com,9972909137,VERIFIED,BR003,2026-05-16 10:42:25.5785657,2026-05-16 10:42:25.5785657
1251,Sneha,Reddy,2000-02-25,QVSHP0113F,sneha.reddy68@gmail.com,8683207967,VERIFIED,BR002,2026-05-16 10:42:25.5785657,2026-05-16 10:42:25.5785657
1252,Amit,Patel,1989-12-26,JDKPO4459F,amit.patel9@gmail.com,9149246057,VERIFIED,BR003,2026-05-16 10:42:25.5785657,2026-05-16 10:42:25.5785657
1253,Ramesh,Yadav,1982-03-26,OMDIL0301M,ramesh.yadav26@gmail.com,9771282736,VERIFIED,BR003,2026-05-16 10:42:25.5785657,2026-05-16 10:42:25.5785657
1254,Priya,Patel,1974-01-17,ZNMRK8400Y,priya.patel28@gmail.com,9211535025,VERIFIED,BR002,2026-05-16 10:42:25.5785657,2026-05-16 10:42:25.5785657
1255,Sneha,Singh,1974-03-13,FAFHU5745S,sneha.singh97@gmail.com,9867011082,VERIFIED,BR004,2026-05-16 10:42:25.5785657,2026-05-16 10:42:25.5785657
1256,Rohit,Sharma,1971-07-29,CUVJV0759D,rohit.sharma96@gmail.com,9592609280,PENDING,BR002,2026-05-16 10:42:25.5785657,2026-05-16 10:42:25.5785657
1257,Rahul,Iyer,1979-10-21,TQGWA2808D,rahul.iyer40@gmail.com,9046290830,VERIFIED,BR002,2026-05-16 10:42:25.5785657,2026-05-16 10:42:25.5785657
1258,Anjali,Reddy,1963-04-17,UGVPJ7611G,anjali.reddy95@gmail.com,9075504748,VERIFIED,BR001,2026-05-16 10:42:25.5785657,2026-05-16 10:42:25.5785657
1259,Priya,Sharma,1963-11-02,VUONP1925Q,priya.sharma75@gmail.com,8488313207,VERIFIED,BR001,2026-05-16 10:42:25.5785657,2026-05-16 10:42:25.5785657
1260,Sneha,Iyer,1982-09-20,ZRCZU9981E,sneha.iyer3@gmail.com,9140132313,VERIFIED,BR002,2026-05-16 10:42:25.5785657,2026-05-16 10:42:25.5785657
1261,Anjali,Singh,1996-05-10,GSVTR4524O,anjali.singh19@gmail.com,9194840231,VERIFIED,BR001,2026-05-16 10:42:25.5785657,2026-05-16 10:42:25.5785657
1262,Rahul,Patel,1974-07-10,BUTKT6844S,rahul.patel27@gmail.com,9136436981,PENDING,BR002,2026-05-16 10:42:25.5785657,2026-05-16 10:42:25.5785657
1263,Kavita,Verma,1980-05-09,AUTTL6305G,kavita.verma99@gmail.com,9328028101,VERIFIED,BR001,2026-05-16 10:42:25.5785657,2026-05-16 10:42:25.5785657
1264,Rahul,Desai,1977-07-26,ZVMIH5187V,rahul.desai62@gmail.com,9759371954,VERIFIED,BR003,2026-05-16 10:42:25.5785657,2026-05-16 10:42:25.5785657
1265,Rahul,Desai,1992-12-22,TBQVA9149N,rahul.desai39@gmail.com,9774539840,VERIFIED,BR001,2026-05-16 10:42:25.5785657,2026-05-16 10:42:25.5785657
1266,Anjali,Jain,1977-02-26,FRDQE9262L,anjali.jain30@gmail.com,9097620899,VERIFIED,BR001,2026-05-16 10:42:25.5785657,2026-05-16 10:42:25.5785657
1267,Vikram,Kumar,1979-06-23,RQBQS7400G,vikram.kumar23@gmail.com,8188644764,VERIFIED,BR003,2026-05-16 10:42:25.5785657,2026-05-16 10:42:25.5785657
1268,Anjali,Gupta,1970-03-31,MDFRA6894E,anjali.gupta56@gmail.com,9917177158,REJECTED,BR002,2026-05-16 10:42:25.5785657,2026-05-16 10:42:25.5785657
1269,Ramesh,Yadav,1975-04-19,MFCUC3238E,ramesh.yadav74@gmail.com,9307821362,VERIFIED,BR001,2026-05-16 10:42:25.5785657,2026-05-16 10:42:25.5785657
1270,Amit,Singh,1976-07-15,QRBOP1327N,amit.singh92@gmail.com,9304212945,VERIFIED,BR001,2026-05-16 10:42:25.5785657,2026-05-16 10:42:25.5785657
1271,Suresh,Gupta,1966-09-17,QLFXD1734Z,suresh.gupta23@gmail.com,9342003916,VERIFIED,BR003,2026-05-16 10:42:25.5785657,2026-05-16 10:42:25.5785657
1272,Vikram,Jain,1989-12-03,DHCOP6768V,vikram.jain98@gmail.com,9181204462,VERIFIED,BR003,2026-05-16 10:42:25.5785657,2026-05-16 10:42:25.5785657
1273,Neha,Jain,1995-01-16,WFPEK6772M,neha.jain36@gmail.com,8512429037,VERIFIED,BR003,2026-05-16 10:42:25.5785657,2026-05-16 10:42:25.5785657
1274,Suresh,Yadav,1978-06-18,CMPNZ9918S,suresh.yadav80@gmail.com,9237827035,VERIFIED,BR004,2026-05-16 10:42:25.5785657,2026-05-16 10:42:25.5785657
1275,Amit,Iyer,1995-05-24,KOEMZ0502B,amit.iyer37@gmail.com,9012407604,VERIFIED,BR003,2026-05-16 10:42:25.5785657,2026-05-16 10:42:25.5785657
1276,Sneha,Gupta,1978-03-05,YKHST4465E,sneha.gupta13@gmail.com,9918311680,PENDING,BR002,2026-05-16 10:42:25.5785657,2026-05-16 10:42:25.5785657
1277,Priya,Patel,1975-01-08,HINFV5368V,priya.patel71@gmail.com,9694579802,VERIFIED,BR001,2026-05-16 10:42:25.5785657,2026-05-16 10:42:25.5785657
1278,Ramesh,Yadav,1988-08-17,QILYG2916B,ramesh.yadav1@gmail.com,9667169482,VERIFIED,BR001,2026-05-16 10:42:25.5785657,2026-05-16 10:42:25.5785657
1279,Ramesh,Jain,1960-12-13,ITTDS7195Z,ramesh.jain12@gmail.com,9474828590,VERIFIED,BR004,2026-05-16 10:42:25.5785657,2026-05-16 10:42:25.5785657
1280,Neha,Patel,1975-04-24,VGJTW7183N,neha.patel90@gmail.com,8246563782,VERIFIED,BR001,2026-05-16 10:42:25.5785657,2026-05-16 10:42:25.5785657
1281,Vikram,Verma,1969-10-27,HBSOC4345L,vikram.verma49@gmail.com,9396024636,PENDING,BR001,2026-05-16 10:42:25.5785657,2026-05-16 10:42:25.5785657
1282,Kavita,Reddy,1992-02-09,EUXRC7080B,kavita.reddy87@gmail.com,8400684091,VERIFIED,BR002,2026-05-16 10:42:25.5785657,2026-05-16 10:42:25.5785657
1283,Rahul,Patel,1997-06-10,MJDYW5974K,rahul.patel74@gmail.com,9520120001,VERIFIED,BR001,2026-05-16 10:42:25.5785657,2026-05-16 10:42:25.5785657
1284,Vikram,Iyer,1978-12-07,GXIVO1602Q,vikram.iyer82@gmail.com,9696035757,PENDING,BR002,2026-05-16 10:42:25.5785657,2026-05-16 10:42:25.5785657
1285,Priya,Desai,1983-03-21,ZYBMH8350G,priya.desai46@gmail.com,9965456280,VERIFIED,BR004,2026-05-16 10:42:25.5785657,2026-05-16 10:42:25.5785657
1286,Kavita,Gupta,1995-11-14,HUTGJ9977R,kavita.gupta79@gmail.com,9459014439,PENDING,BR002,2026-05-16 10:42:25.5785657,2026-05-16 10:42:25.5785657
1287,Ramesh,Iyer,1999-05-07,TGAKG3889A,ramesh.iyer79@gmail.com,8268480324,VERIFIED,BR003,2026-05-16 10:42:25.5785657,2026-05-16 10:42:25.5785657
1288,Anjali,Kumar,1997-12-27,TJTHF9499E,anjali.kumar16@gmail.com,9398860583,VERIFIED,BR003,2026-05-16 10:42:25.5785657,2026-05-16 10:42:25.5785657
1289,Priya,Mehta,1974-01-01,SCXXN7390D,priya.mehta16@gmail.com,9990424884,VERIFIED,BR004,2026-05-16 10:42:25.5785657,2026-05-16 10:42:25.5785657
1290,Amit,Jain,1980-12-27,NQKPB6128Z,amit.jain83@gmail.com,9327982694,PENDING,BR001,2026-05-16 10:42:25.5785657,2026-05-16 10:42:25.5785657
1291,Neha,Yadav,1963-05-10,KVILG9171D,neha.yadav89@gmail.com,9294514080,VERIFIED,BR002,2026-05-16 10:42:25.5785657,2026-05-16 10:42:25.5785657
1292,Amit,Singh,1986-10-08,EMKNZ2321F,amit.singh23@gmail.com,9400068012,VERIFIED,BR003,2026-05-16 10:42:25.5785657,2026-05-16 10:42:25.5785657
1293,Priya,Kumar,1970-03-15,UHSPF8179M,priya.kumar74@gmail.com,9984565375,VERIFIED,BR002,2026-05-16 10:42:25.5785657,2026-05-16 10:42:25.5785657
1294,Pooja,Desai,1990-09-01,NRGZA4472O,pooja.desai39@gmail.com,9714008225,VERIFIED,BR003,2026-05-16 10:42:25.5785657,2026-05-16 10:42:25.5785657
1295,Pooja,Patel,1990-05-08,CUDBU2146U,pooja.patel54@gmail.com,9272683091,VERIFIED,BR002,2026-05-16 10:42:25.5785657,2026-05-16 10:42:25.5785657
1296,Sneha,Reddy,1962-12-12,CPXBZ1680Z,sneha.reddy34@gmail.com,9696811377,PENDING,BR001,2026-05-16 10:42:25.5785657,2026-05-16 10:42:25.5785657
1297,Vikram,Iyer,1968-11-18,IBLEO8306F,vikram.iyer6@gmail.com,9913716847,VERIFIED,BR004,2026-05-16 10:42:25.5785657,2026-05-16 10:42:25.5785657
1298,Ramesh,Verma,1972-06-28,JXHLD6664R,ramesh.verma32@gmail.com,9597535429,PENDING,BR001,2026-05-16 10:42:25.5785657,2026-05-16 10:42:25.5785657
1299,Ramesh,Mehta,1984-08-17,MCJKQ7295A,ramesh.mehta9@gmail.com,9521593895,VERIFIED,BR002,2026-05-16 10:42:25.5785657,2026-05-16 10:42:25.5785657
1300,Rahul,Sharma,1979-11-30,ZUJOM9531K,rahul.sharma14@gmail.com,9155473278,VERIFIED,BR003,2026-05-16 10:42:25.5785657,2026-05-16 10:42:25.5785657
1301,Rahul,Kumar,1980-01-20,PAVHV4352F,rahul.kumar70@gmail.com,8586816196,VERIFIED,BR003,2026-05-16 10:42:25.5785657,2026-05-16 10:42:25.5785657
1302,Rahul,Reddy,1961-12-08,CRGVX0928Z,rahul.reddy20@gmail.com,9374332522,VERIFIED,BR004,2026-05-16 10:42:25.5785657,2026-05-16 10:42:25.5785657
1303,Anjali,Sharma,1977-06-20,KYZEG3735W,anjali.sharma71@gmail.com,9701914938,VERIFIED,BR001,2026-05-16 10:42:25.5785657,2026-05-16 10:42:25.5785657
1304,Suresh,Mehta,1965-05-02,SYOOE9843P,suresh.mehta60@gmail.com,9276378174,VERIFIED,BR001,2026-05-16 10:42:25.5785657,2026-05-16 10:42:25.5785657
1305,Rohit,Singh,1980-06-09,ABPAM3683F,rohit.singh77@gmail.com,8843357540,VERIFIED,BR001,2026-05-16 10:42:25.5785657,2026-05-16 10:42:25.5785657
1306,Suresh,Singh,1994-09-19,XVIAP9788C,suresh.singh13@gmail.com,9846713457,VERIFIED,BR003,2026-05-16 10:42:25.5785657,2026-05-16 10:42:25.5785657
1307,Amit,Gupta,1996-06-16,JYKCH1197P,amit.gupta34@gmail.com,9282606760,VERIFIED,BR004,2026-05-16 10:42:25.5785657,2026-05-16 10:42:25.5785657
1308,Suresh,Mehta,1994-04-08,QEZSY7251J,suresh.mehta56@gmail.com,8267193074,VERIFIED,BR003,2026-05-16 10:42:25.5785657,2026-05-16 10:42:25.5785657
1309,Anjali,Mehta,1972-01-10,THEAS5875F,anjali.mehta46@gmail.com,8826438018,VERIFIED,BR001,2026-05-16 10:42:25.5785657,2026-05-16 10:42:25.5785657
1310,Sneha,Sharma,1965-06-08,PXZFO9172K,sneha.sharma76@gmail.com,9915883900,VERIFIED,BR002,2026-05-16 10:42:25.5785657,2026-05-16 10:42:25.5785657
1311,Amit,Reddy,1988-12-10,EXCSQ8422C,amit.reddy45@gmail.com,9871025440,VERIFIED,BR003,2026-05-16 10:42:25.5785657,2026-05-16 10:42:25.5785657
1312,Suresh,Iyer,1973-03-15,JUSBL4148L,suresh.iyer13@gmail.com,9357892980,VERIFIED,BR004,2026-05-16 10:42:25.5785657,2026-05-16 10:42:25.5785657
1313,Anjali,Yadav,1968-09-28,OCMWQ6108J,anjali.yadav11@gmail.com,9619737514,VERIFIED,BR001,2026-05-16 10:42:25.5785657,2026-05-16 10:42:25.5785657
1314,Rohit,Sharma,1987-06-04,AGCIX1099K,rohit.sharma84@gmail.com,9534938083,VERIFIED,BR002,2026-05-16 10:42:25.5785657,2026-05-16 10:42:25.5785657
1315,Suresh,Verma,1972-08-12,PPMAY1811G,suresh.verma19@gmail.com,9518580705,VERIFIED,BR003,2026-05-16 10:42:25.5785657,2026-05-16 10:42:25.5785657
1316,Anjali,Singh,1967-07-02,ZKOYO6203R,anjali.singh4@gmail.com,9483039378,VERIFIED,BR002,2026-05-16 10:42:25.5785657,2026-05-16 10:42:25.5785657
1317,Rahul,Singh,1998-09-09,VDJLH6610F,rahul.singh25@gmail.com,9687634232,VERIFIED,BR002,2026-05-16 10:42:25.5785657,2026-05-16 10:42:25.5785657
1318,Ramesh,Gupta,1979-03-15,QZMDU4826M,ramesh.gupta30@gmail.com,9940388713,VERIFIED,BR004,2026-05-16 10:42:25.5785657,2026-05-16 10:42:25.5785657
1319,Rahul,Iyer,1997-06-13,EXJLG4220Y,rahul.iyer73@gmail.com,9402876922,VERIFIED,BR003,2026-05-16 10:42:25.5785657,2026-05-16 10:42:25.5785657
1320,Ramesh,Verma,1963-06-12,SCRVK7203Q,ramesh.verma96@gmail.com,9334143427,VERIFIED,BR004,2026-05-16 10:42:25.5785657,2026-05-16 10:42:25.5785657
1321,Neha,Singh,1968-12-27,KNWMW4097Q,neha.singh8@gmail.com,9083067538,VERIFIED,BR001,2026-05-16 10:42:25.5785657,2026-05-16 10:42:25.5785657
1322,Neha,Sharma,1982-01-08,ONOZD9491G,neha.sharma48@gmail.com,9085367969,VERIFIED,BR002,2026-05-16 10:42:25.5785657,2026-05-16 10:42:25.5785657
1323,Neha,Verma,1984-11-02,VDLZL9682X,neha.verma78@gmail.com,9641569443,VERIFIED,BR004,2026-05-16 10:42:25.5785657,2026-05-16 10:42:25.5785657
1324,Rohit,Sharma,1993-12-17,XBKKI2487T,rohit.sharma50@gmail.com,9029413846,VERIFIED,BR004,2026-05-16 10:42:25.5785657,2026-05-16 10:42:25.5785657
1325,Rahul,Yadav,1982-01-29,PUCDO5911Y,rahul.yadav56@gmail.com,9016187643,VERIFIED,BR001,2026-05-16 10:42:25.5785657,2026-05-16 10:42:25.5785657
1326,Ramesh,Yadav,1987-02-26,CHNIK3460I,ramesh.yadav88@gmail.com,9593313262,PENDING,BR003,2026-05-16 10:42:25.5785657,2026-05-16 10:42:25.5785657
1327,Anjali,Singh,1989-04-21,KQRKK8604I,anjali.singh56@gmail.com,9236595633,PENDING,BR004,2026-05-16 10:42:25.5785657,2026-05-16 10:42:25.5785657
1328,Amit,Singh,1996-06-29,XAVHH4608E,amit.singh83@gmail.com,9266168202,VERIFIED,BR002,2026-05-16 10:42:25.5785657,2026-05-16 10:42:25.5785657
1329,Anjali,Reddy,1967-10-09,HTUIS6049N,anjali.reddy75@gmail.com,9283866979,VERIFIED,BR002,2026-05-16 10:42:25.5785657,2026-05-16 10:42:25.5785657
1330,Amit,Yadav,1977-01-17,TTWVN1351Q,amit.yadav33@gmail.com,8974509862,VERIFIED,BR002,2026-05-16 10:42:25.5785657,2026-05-16 10:42:25.5785657
1331,Pooja,Iyer,1982-09-20,WAFVV2497I,pooja.iyer20@gmail.com,9537850875,VERIFIED,BR002,2026-05-16 10:42:25.5785657,2026-05-16 10:42:25.5785657
1332,Anjali,Iyer,1981-03-01,JMKXR2449P,anjali.iyer28@gmail.com,8423255297,VERIFIED,BR004,2026-05-16 10:42:25.5785657,2026-05-16 10:42:25.5785657
1333,Suresh,Kumar,1973-12-14,PJEXT6231S,suresh.kumar74@gmail.com,9538121878,VERIFIED,BR002,2026-05-16 10:42:25.5785657,2026-05-16 10:42:25.5785657
1334,Suresh,Kumar,1965-06-01,UFFFF6589V,suresh.kumar38@gmail.com,9506537675,VERIFIED,BR004,2026-05-16 10:42:25.5785657,2026-05-16 10:42:25.5785657
1335,Vikram,Gupta,1961-08-15,AXQPA2839U,vikram.gupta25@gmail.com,9654182643,VERIFIED,BR003,2026-05-16 10:42:25.5785657,2026-05-16 10:42:25.5785657
1336,Rahul,Yadav,1973-04-17,HXWLF3565A,rahul.yadav72@gmail.com,9813517534,REJECTED,BR002,2026-05-16 10:42:25.5785657,2026-05-16 10:42:25.5785657
1337,Amit,Sharma,1979-01-05,NRVJQ6210I,amit.sharma87@gmail.com,9840434077,VERIFIED,BR003,2026-05-16 10:42:25.5785657,2026-05-16 10:42:25.5785657
1338,Amit,Sharma,1989-05-12,QWGSX2178Z,amit.sharma27@gmail.com,9126995834,PENDING,BR004,2026-05-16 10:42:25.5785657,2026-05-16 10:42:25.5785657
1339,Priya,Desai,1970-06-23,WVKID0429M,priya.desai93@gmail.com,9711766576,PENDING,BR001,2026-05-16 10:42:25.5785657,2026-05-16 10:42:25.5785657
1340,Sneha,Verma,1983-03-29,KASOE7257V,sneha.verma62@gmail.com,9483901356,VERIFIED,BR003,2026-05-16 10:42:25.5785657,2026-05-16 10:42:25.5785657
1341,Rahul,Patel,1992-03-25,JHERO2477R,rahul.patel46@gmail.com,9124994061,VERIFIED,BR002,2026-05-16 10:42:25.5785657,2026-05-16 10:42:25.5785657
1342,Rohit,Kumar,1960-02-21,TERIC3737K,rohit.kumar87@gmail.com,9802636356,VERIFIED,BR001,2026-05-16 10:42:25.5785657,2026-05-16 10:42:25.5785657
1343,Vikram,Singh,1993-04-18,JPMDB6564G,vikram.singh96@gmail.com,9131590620,VERIFIED,BR003,2026-05-16 10:42:25.5785657,2026-05-16 10:42:25.5785657
1344,Rohit,Gupta,1969-11-25,NWJHB8124S,rohit.gupta37@gmail.com,9723128800,VERIFIED,BR004,2026-05-16 10:42:25.5785657,2026-05-16 10:42:25.5785657
1345,Rohit,Iyer,1978-09-04,XZDWE0393B,rohit.iyer21@gmail.com,9851101500,VERIFIED,BR004,2026-05-16 10:42:25.5785657,2026-05-16 10:42:25.5785657
1346,Rohit,Patel,1993-02-04,AHTET4706U,rohit.patel68@gmail.com,9608444618,VERIFIED,BR004,2026-05-16 10:42:25.5785657,2026-05-16 10:42:25.5785657
1347,Rahul,Mehta,1966-11-18,LLMAN7987Q,rahul.mehta65@gmail.com,9273835181,VERIFIED,BR003,2026-05-16 10:42:25.5785657,2026-05-16 10:42:25.5785657
1348,Rohit,Gupta,1983-05-13,ERQGS3135F,rohit.gupta39@gmail.com,9302329798,VERIFIED,BR004,2026-05-16 10:42:25.5785657,2026-05-16 10:42:25.5785657
1349,Suresh,Mehta,1986-03-13,BBYLN5461P,suresh.mehta50@gmail.com,9013243805,VERIFIED,BR003,2026-05-16 10:42:25.5785657,2026-05-16 10:42:25.5785657
1350,Sneha,Jain,1973-11-12,JEYXK2717S,sneha.jain32@gmail.com,9635840080,VERIFIED,BR002,2026-05-16 10:42:25.5785657,2026-05-16 10:42:25.5785657
1351,Sneha,Yadav,1994-08-09,NDSUJ6765B,sneha.yadav61@gmail.com,9461510293,VERIFIED,BR002,2026-05-16 10:42:25.5785657,2026-05-16 10:42:25.5785657
1352,Neha,Mehta,1977-11-01,RQARK3541W,neha.mehta93@gmail.com,9388786589,VERIFIED,BR003,2026-05-16 10:42:25.5785657,2026-05-16 10:42:25.5785657
1353,Pooja,Mehta,1963-05-26,RAKCN6748Q,pooja.mehta62@gmail.com,9444836785,VERIFIED,BR003,2026-05-16 10:42:25.5785657,2026-05-16 10:42:25.5785657
1354,Amit,Jain,1995-05-23,SDCCF1252W,amit.jain31@gmail.com,8620563365,VERIFIED,BR001,2026-05-16 10:42:25.5785657,2026-05-16 10:42:25.5785657
1355,Priya,Reddy,1990-01-15,KEOXR4200D,priya.reddy40@gmail.com,9087285161,VERIFIED,BR004,2026-05-16 10:42:25.5785657,2026-05-16 10:42:25.5785657
1356,Amit,Reddy,1966-08-21,VRDCN7122J,amit.reddy81@gmail.com,9061496734,PENDING,BR002,2026-05-16 10:42:25.5785657,2026-05-16 10:42:25.5785657
1357,Pooja,Reddy,1961-11-28,GBVWW3641Y,pooja.reddy71@gmail.com,9651575111,VERIFIED,BR002,2026-05-16 10:42:25.5785657,2026-05-16 10:42:25.5785657
1358,Priya,Yadav,1974-05-24,XADQI8927L,priya.yadav81@gmail.com,9057617989,VERIFIED,BR001,2026-05-16 10:42:25.5785657,2026-05-16 10:42:25.5785657
1359,Rahul,Patel,1977-12-12,VEKZH3876Z,rahul.patel42@gmail.com,9187963329,VERIFIED,BR003,2026-05-16 10:42:25.5785657,2026-05-16 10:42:25.5785657
1360,Anjali,Gupta,1963-09-06,EDSZV1945O,anjali.gupta7@gmail.com,9057795907,PENDING,BR003,2026-05-16 10:42:25.5785657,2026-05-16 10:42:25.5785657
1361,Rahul,Gupta,1966-04-29,EJJAR8919D,rahul.gupta95@gmail.com,9809668507,VERIFIED,BR001,2026-05-16 10:42:25.5785657,2026-05-16 10:42:25.5785657
1362,Amit,Singh,1971-03-26,XLBRA8577H,amit.singh32@gmail.com,9289220321,VERIFIED,BR004,2026-05-16 10:42:25.5785657,2026-05-16 10:42:25.5785657
1363,Amit,Reddy,1972-06-07,ZRINS0623V,amit.reddy2@gmail.com,9719356761,VERIFIED,BR003,2026-05-16 10:42:25.5785657,2026-05-16 10:42:25.5785657
1364,Priya,Yadav,1985-01-05,QDVXP0954P,priya.yadav94@gmail.com,9065958966,VERIFIED,BR003,2026-05-16 10:42:25.5785657,2026-05-16 10:42:25.5785657
1365,Priya,Singh,1994-12-05,WBMGZ0264H,priya.singh23@gmail.com,9603063619,VERIFIED,BR004,2026-05-16 10:42:25.5785657,2026-05-16 10:42:25.5785657
1366,Pooja,Verma,1994-06-13,CLOCM3970M,pooja.verma58@gmail.com,9893670508,VERIFIED,BR004,2026-05-16 10:42:25.5785657,2026-05-16 10:42:25.5785657
1367,Rohit,Singh,1971-03-21,KOACP6352V,rohit.singh61@gmail.com,9080739694,REJECTED,BR001,2026-05-16 10:42:25.5785657,2026-05-16 10:42:25.5785657
1368,Rahul,Patel,1990-12-15,LIVVV3757L,rahul.patel18@gmail.com,9626381262,VERIFIED,BR001,2026-05-16 10:42:25.5785657,2026-05-16 10:42:25.5785657
1369,Priya,Kumar,1985-05-24,SCTFI8925W,priya.kumar88@gmail.com,9084933897,VERIFIED,BR001,2026-05-16 10:42:25.5785657,2026-05-16 10:42:25.5785657
1370,Ramesh,Mehta,1985-08-14,CXMVT4211M,ramesh.mehta11@gmail.com,9317979695,VERIFIED,BR003,2026-05-16 10:42:25.5785657,2026-05-16 10:42:25.5785657
1371,Pooja,Reddy,1985-10-13,FVEIT0661O,pooja.reddy59@gmail.com,9866907942,VERIFIED,BR001,2026-05-16 10:42:25.5785657,2026-05-16 10:42:25.5785657
1372,Suresh,Jain,1985-01-28,LPNZA7545Q,suresh.jain74@gmail.com,9283396527,PENDING,BR003,2026-05-16 10:42:25.5785657,2026-05-16 10:42:25.5785657
1373,Amit,Kumar,1967-10-04,UXREV1663M,amit.kumar27@gmail.com,9037876709,VERIFIED,BR002,2026-05-16 10:42:25.5785657,2026-05-16 10:42:25.5785657
1374,Pooja,Iyer,1971-12-13,KPSGK3281T,pooja.iyer10@gmail.com,9535626568,VERIFIED,BR004,2026-05-16 10:42:25.5785657,2026-05-16 10:42:25.5785657
1375,Rahul,Singh,1976-12-29,STHSW7962T,rahul.singh52@gmail.com,9440891993,VERIFIED,BR004,2026-05-16 10:42:25.5785657,2026-05-16 10:42:25.5785657
1376,Priya,Yadav,1962-05-19,SRXDS9156W,priya.yadav21@gmail.com,9595729610,PENDING,BR002,2026-05-16 10:42:25.5785657,2026-05-16 10:42:25.5785657
1377,Amit,Mehta,1963-06-18,DJMOR4782N,amit.mehta46@gmail.com,9956517783,VERIFIED,BR001,2026-05-16 10:42:25.5785657,2026-05-16 10:42:25.5785657
1378,Anjali,Gupta,1966-09-02,VNADR1712I,anjali.gupta6@gmail.com,9517904247,VERIFIED,BR003,2026-05-16 10:42:25.5785657,2026-05-16 10:42:25.5785657
1379,Pooja,Sharma,1974-11-25,DBUFO3466R,pooja.sharma43@gmail.com,9135556520,VERIFIED,BR003,2026-05-16 10:42:25.5785657,2026-05-16 10:42:25.5785657
1380,Vikram,Mehta,1969-11-26,WTOGU7269M,vikram.mehta46@gmail.com,9245820561,VERIFIED,BR003,2026-05-16 10:42:25.5785657,2026-05-16 10:42:25.5785657
1381,Amit,Patel,1987-08-10,KURZB7288O,amit.patel26@gmail.com,9237528340,REJECTED,BR004,2026-05-16 10:42:25.5785657,2026-05-16 10:42:25.5785657
1382,Rahul,Iyer,1965-08-18,VXSQT5679J,rahul.iyer21@gmail.com,9028367776,VERIFIED,BR001,2026-05-16 10:42:25.5785657,2026-05-16 10:42:25.5785657
1383,Neha,Patel,1998-08-29,LZBZT1022F,neha.patel55@gmail.com,9651856132,VERIFIED,BR003,2026-05-16 10:42:25.5785657,2026-05-16 10:42:25.5785657
1384,Ramesh,Singh,1973-02-10,PGISE1309T,ramesh.singh57@gmail.com,9518421197,VERIFIED,BR003,2026-05-16 10:42:25.5785657,2026-05-16 10:42:25.5785657
1385,Kavita,Verma,1997-04-27,VHUOB7595Z,kavita.verma80@gmail.com,9795090113,VERIFIED,BR003,2026-05-16 10:42:25.5785657,2026-05-16 10:42:25.5785657
1386,Rohit,Patel,1963-08-15,NKNCF2332Y,rohit.patel78@gmail.com,8149375271,VERIFIED,BR002,2026-05-16 10:42:25.5785657,2026-05-16 10:42:25.5785657
1387,Kavita,Patel,1992-01-06,QMOTQ1326T,kavita.patel19@gmail.com,9757916813,REJECTED,BR003,2026-05-16 10:42:25.5785657,2026-05-16 10:42:25.5785657
1388,Rahul,Yadav,1995-06-10,GBXJU1270Q,rahul.yadav36@gmail.com,9795598001,VERIFIED,BR002,2026-05-16 10:42:25.5785657,2026-05-16 10:42:25.5785657
1389,Suresh,Singh,1977-02-06,VJULB8159F,suresh.singh84@gmail.com,9290453963,PENDING,BR003,2026-05-16 10:42:25.5785657,2026-05-16 10:42:25.5785657
1390,Suresh,Mehta,1970-12-28,ZUNQF6268G,suresh.mehta82@gmail.com,9422779332,VERIFIED,BR003,2026-05-16 10:42:25.5785657,2026-05-16 10:42:25.5785657
1391,Neha,Verma,1989-05-06,NSZUQ9714K,neha.verma40@gmail.com,9331804663,VERIFIED,BR003,2026-05-16 10:42:25.5785657,2026-05-16 10:42:25.5785657
1392,Rohit,Kumar,1992-11-22,ABEGB8944M,rohit.kumar87@gmail.com,9168563607,VERIFIED,BR002,2026-05-16 10:42:25.5785657,2026-05-16 10:42:25.5785657
1393,Vikram,Sharma,1985-06-10,LARNQ6757C,vikram.sharma90@gmail.com,9991642194,VERIFIED,BR003,2026-05-16 10:42:25.5785657,2026-05-16 10:42:25.5785657
1394,Neha,Reddy,1983-11-06,JNHRP2938A,neha.reddy66@gmail.com,9074491095,REJECTED,BR001,2026-05-16 10:42:25.5785657,2026-05-16 10:42:25.5785657
1395,Sneha,Gupta,1988-01-08,MNDKU5916Z,sneha.gupta32@gmail.com,9997957703,PENDING,BR003,2026-05-16 10:42:25.5785657,2026-05-16 10:42:25.5785657
1396,Kavita,Patel,1985-10-11,WQYAW1053R,kavita.patel89@gmail.com,8783563502,VERIFIED,BR002,2026-05-16 10:42:25.5785657,2026-05-16 10:42:25.5785657
1397,Neha,Singh,1998-08-16,YHTXI4651H,neha.singh60@gmail.com,9015174615,VERIFIED,BR002,2026-05-16 10:42:25.5785657,2026-05-16 10:42:25.5785657
1398,Kavita,Reddy,1977-02-28,QGCRO0795U,kavita.reddy19@gmail.com,9601099376,VERIFIED,BR001,2026-05-16 10:42:25.5785657,2026-05-16 10:42:25.5785657
1399,Amit,Gupta,1986-05-20,OHBCS4316D,amit.gupta51@gmail.com,9220685191,PENDING,BR004,2026-05-16 10:42:25.5785657,2026-05-16 10:42:25.5785657
1400,Suresh,Gupta,1977-09-03,HBFMI6615Z,suresh.gupta72@gmail.com,9373722820,PENDING,BR001,2026-05-16 10:42:25.5785657,2026-05-16 10:42:25.5785657
1401,Amit,Kumar,1983-12-24,ILAGF7481X,amit.kumar92@gmail.com,9012233026,VERIFIED,BR001,2026-05-16 10:42:25.5785657,2026-05-16 10:42:25.5785657
1402,Ramesh,Kumar,1995-04-13,IMLUM1602E,ramesh.kumar60@gmail.com,9580839114,VERIFIED,BR002,2026-05-16 10:42:25.5785657,2026-05-16 10:42:25.5785657
1403,Sneha,Kumar,1976-04-18,XFTQS8868S,sneha.kumar98@gmail.com,9491034666,VERIFIED,BR003,2026-05-16 10:42:25.5785657,2026-05-16 10:42:25.5785657
1404,Rohit,Jain,1970-07-15,KPXOO9473H,rohit.jain91@gmail.com,9754145630,VERIFIED,BR003,2026-05-16 10:42:25.5785657,2026-05-16 10:42:25.5785657
1405,Vikram,Desai,1977-06-20,XPWDN0302Z,vikram.desai63@gmail.com,9386763144,VERIFIED,BR004,2026-05-16 10:42:25.5785657,2026-05-16 10:42:25.5785657
1406,Kavita,Desai,1961-09-30,ZRTDE5581X,kavita.desai76@gmail.com,9240011840,VERIFIED,BR004,2026-05-16 10:42:25.5785657,2026-05-16 10:42:25.5785657
1407,Vikram,Gupta,1985-01-20,MJFMB3029L,vikram.gupta31@gmail.com,9931008748,VERIFIED,BR004,2026-05-16 10:42:25.5785657,2026-05-16 10:42:25.5785657
1408,Kavita,Kumar,1974-05-18,KXWBQ1962X,kavita.kumar94@gmail.com,9021697271,VERIFIED,BR004,2026-05-16 10:42:25.5785657,2026-05-16 10:42:25.5785657
1409,Rahul,Yadav,1973-12-01,GOEQJ6853H,rahul.yadav66@gmail.com,8162408394,VERIFIED,BR001,2026-05-16 10:42:25.5785657,2026-05-16 10:42:25.5785657
1410,Neha,Patel,1970-09-20,NJWMM6511C,neha.patel86@gmail.com,9663385016,VERIFIED,BR001,2026-05-16 10:42:25.5785657,2026-05-16 10:42:25.5785657
1411,Ramesh,Reddy,1976-02-05,NHDEP8643D,ramesh.reddy68@gmail.com,8581960107,VERIFIED,BR003,2026-05-16 10:42:25.5785657,2026-05-16 10:42:25.5785657
1412,Suresh,Reddy,1997-09-07,MMFEV0051U,suresh.reddy73@gmail.com,9011695041,VERIFIED,BR001,2026-05-16 10:42:25.5785657,2026-05-16 10:42:25.5785657
1413,Priya,Desai,1998-04-22,NXDEX5496X,priya.desai35@gmail.com,9418357235,VERIFIED,BR003,2026-05-16 10:42:25.5785657,2026-05-16 10:42:25.5785657
1414,Kavita,Gupta,1969-08-20,SVYFP4424E,kavita.gupta77@gmail.com,9202648506,VERIFIED,BR003,2026-05-16 10:42:25.5785657,2026-05-16 10:42:25.5785657
1415,Vikram,Singh,1987-08-31,UVERG7345H,vikram.singh11@gmail.com,9408842301,VERIFIED,BR003,2026-05-16 10:42:25.5785657,2026-05-16 10:42:25.5785657
1416,Ramesh,Mehta,1981-10-29,JDANX6861T,ramesh.mehta22@gmail.com,9425229484,VERIFIED,BR003,2026-05-16 10:42:25.5785657,2026-05-16 10:42:25.5785657
1417,Anjali,Mehta,1967-08-26,PWNTC6950Y,anjali.mehta68@gmail.com,9403777150,VERIFIED,BR002,2026-05-16 10:42:25.5785657,2026-05-16 10:42:25.5785657
1418,Anjali,Desai,1983-07-10,RLKWS4947L,anjali.desai56@gmail.com,9014428454,VERIFIED,BR003,2026-05-16 10:42:25.5785657,2026-05-16 10:42:25.5785657
1419,Amit,Singh,1993-09-08,PTTSC1428J,amit.singh57@gmail.com,9527429666,VERIFIED,BR001,2026-05-16 10:42:25.5785657,2026-05-16 10:42:25.5785657
1420,Suresh,Jain,1998-12-10,POGAT0553G,suresh.jain22@gmail.com,9891432872,VERIFIED,BR001,2026-05-16 10:42:25.5785657,2026-05-16 10:42:25.5785657
1421,Priya,Jain,2000-10-27,RIJEQ2843I,priya.jain65@gmail.com,9763448767,VERIFIED,BR001,2026-05-16 10:42:25.5785657,2026-05-16 10:42:25.5785657
1422,Rahul,Desai,1979-02-11,ZKFOO1549S,rahul.desai63@gmail.com,9440363290,VERIFIED,BR001,2026-05-16 10:42:25.5785657,2026-05-16 10:42:25.5785657
1423,Vikram,Mehta,1962-08-10,ISTWR7461G,vikram.mehta62@gmail.com,9172113165,VERIFIED,BR002,2026-05-16 10:42:25.5785657,2026-05-16 10:42:25.5785657
1424,Priya,Singh,1964-06-29,NUUPR0368E,priya.singh33@gmail.com,8960998774,VERIFIED,BR004,2026-05-16 10:42:25.5785657,2026-05-16 10:42:25.5785657
1425,Neha,Kumar,1964-07-19,MPCGJ6794U,neha.kumar64@gmail.com,9842541631,VERIFIED,BR004,2026-05-16 10:42:25.5785657,2026-05-16 10:42:25.5785657
1426,Neha,Gupta,1970-11-10,NSPYV6426Z,neha.gupta69@gmail.com,9824177012,REJECTED,BR003,2026-05-16 10:42:25.5785657,2026-05-16 10:42:25.5785657
1427,Vikram,Reddy,1988-07-27,NFUNS6636F,vikram.reddy50@gmail.com,8690863178,VERIFIED,BR003,2026-05-16 10:42:25.5785657,2026-05-16 10:42:25.5785657
1428,Rohit,Yadav,1982-08-29,CHKRK2079R,rohit.yadav79@gmail.com,9124049430,VERIFIED,BR001,2026-05-16 10:42:25.5785657,2026-05-16 10:42:25.5785657
1429,Rahul,Verma,1999-04-28,HVXJZ2619S,rahul.verma11@gmail.com,9211538670,VERIFIED,BR001,2026-05-16 10:42:25.5785657,2026-05-16 10:42:25.5785657
1430,Ramesh,Gupta,1988-11-18,AENON3152R,ramesh.gupta7@gmail.com,9743359179,VERIFIED,BR004,2026-05-16 10:42:25.5785657,2026-05-16 10:42:25.5785657
1431,Kavita,Kumar,1997-05-15,VOSZO7794O,kavita.kumar38@gmail.com,8636729845,VERIFIED,BR004,2026-05-16 10:42:25.5785657,2026-05-16 10:42:25.5785657
1432,Rohit,Iyer,1983-12-09,XWMGJ7278N,rohit.iyer3@gmail.com,9008153400,VERIFIED,BR001,2026-05-16 10:42:25.5785657,2026-05-16 10:42:25.5785657
1433,Kavita,Mehta,1989-08-19,YNAVG0680F,kavita.mehta57@gmail.com,9719036836,VERIFIED,BR003,2026-05-16 10:42:25.5785657,2026-05-16 10:42:25.5785657
1434,Kavita,Kumar,1992-01-13,MJXGY6941X,kavita.kumar49@gmail.com,9478434296,PENDING,BR002,2026-05-16 10:42:25.5785657,2026-05-16 10:42:25.5785657
1435,Rohit,Iyer,1976-07-01,GGFVV3710V,rohit.iyer91@gmail.com,9281402069,VERIFIED,BR002,2026-05-16 10:42:25.5785657,2026-05-16 10:42:25.5785657
1436,Amit,Desai,1966-07-18,MAWYW3388S,amit.desai22@gmail.com,9415295351,VERIFIED,BR004,2026-05-16 10:42:25.5785657,2026-05-16 10:42:25.5785657
1437,Anjali,Singh,1988-10-24,WMZXH2507P,anjali.singh77@gmail.com,9491704386,PENDING,BR004,2026-05-16 10:42:25.5785657,2026-05-16 10:42:25.5785657
1438,Kavita,Reddy,1961-12-29,YAJWU4153A,kavita.reddy49@gmail.com,9659975102,VERIFIED,BR004,2026-05-16 10:42:25.5785657,2026-05-16 10:42:25.5785657
1439,Rohit,Patel,1979-08-19,AFPIP2524T,rohit.patel80@gmail.com,8062836434,VERIFIED,BR002,2026-05-16 10:42:25.5785657,2026-05-16 10:42:25.5785657
1440,Rohit,Desai,1995-03-31,IELKT3445S,rohit.desai49@gmail.com,9402506625,VERIFIED,BR002,2026-05-16 10:42:25.5785657,2026-05-16 10:42:25.5785657
1441,Sneha,Gupta,1960-01-31,RVSUO8187P,sneha.gupta41@gmail.com,9654219117,VERIFIED,BR001,2026-05-16 10:42:25.5785657,2026-05-16 10:42:25.5785657
1442,Priya,Desai,1990-04-02,UEMZW5773R,priya.desai24@gmail.com,9361515418,VERIFIED,BR003,2026-05-16 10:42:25.5785657,2026-05-16 10:42:25.5785657
1443,Pooja,Gupta,1988-04-28,WBCEF2807I,pooja.gupta96@gmail.com,8958182332,VERIFIED,BR004,2026-05-16 10:42:25.5785657,2026-05-16 10:42:25.5785657
1444,Amit,Patel,1979-12-15,JOYGA1891S,amit.patel37@gmail.com,9986692077,VERIFIED,BR001,2026-05-16 10:42:25.5785657,2026-05-16 10:42:25.5785657
1445,Suresh,Sharma,1994-07-13,QNZHI5740T,suresh.sharma13@gmail.com,8749115804,VERIFIED,BR002,2026-05-16 10:42:25.5785657,2026-05-16 10:42:25.5785657
1446,Pooja,Iyer,1979-11-11,HQDEV3658C,pooja.iyer96@gmail.com,8963660929,VERIFIED,BR001,2026-05-16 10:42:25.5785657,2026-05-16 10:42:25.5785657
1447,Priya,Reddy,1994-06-26,CIIQS6387L,priya.reddy41@gmail.com,9980583050,VERIFIED,BR002,2026-05-16 10:42:25.5785657,2026-05-16 10:42:25.5785657
1448,Priya,Yadav,1991-09-11,TNLEW1227X,priya.yadav63@gmail.com,9477114670,VERIFIED,BR003,2026-05-16 10:42:25.5785657,2026-05-16 10:42:25.5785657
1449,Priya,Yadav,1981-05-02,CECBW5037C,priya.yadav29@gmail.com,9431614754,PENDING,BR002,2026-05-16 10:42:25.5785657,2026-05-16 10:42:25.5785657
1450,Pooja,Iyer,1970-01-23,CQCYK2741Q,pooja.iyer10@gmail.com,9211869225,VERIFIED,BR001,2026-05-16 10:42:25.5785657,2026-05-16 10:42:25.5785657
1451,Vikram,Verma,1984-12-18,VARWI4952O,vikram.verma86@gmail.com,9389343412,VERIFIED,BR003,2026-05-16 10:42:25.5785657,2026-05-16 10:42:25.5785657
1452,Anjali,Kumar,1972-10-01,DYOPL7846R,anjali.kumar66@gmail.com,9935898405,VERIFIED,BR002,2026-05-16 10:42:25.5785657,2026-05-16 10:42:25.5785657
1453,Rohit,Sharma,1994-09-06,IJOUL3230Y,rohit.sharma7@gmail.com,9292578428,VERIFIED,BR004,2026-05-16 10:42:25.5785657,2026-05-16 10:42:25.5785657
1454,Anjali,Iyer,1982-07-07,WIMAX9404J,anjali.iyer19@gmail.com,9185844609,VERIFIED,BR002,2026-05-16 10:42:25.5785657,2026-05-16 10:42:25.5785657
1455,Rahul,Yadav,1960-04-25,PUOEW4276M,rahul.yadav3@gmail.com,9433008436,VERIFIED,BR003,2026-05-16 10:42:25.5785657,2026-05-16 10:42:25.5785657
1456,Vikram,Desai,1999-10-10,FCQNU6626R,vikram.desai37@gmail.com,9660401084,REJECTED,BR001,2026-05-16 10:42:25.5785657,2026-05-16 10:42:25.5785657
1457,Suresh,Kumar,2000-02-15,VKWEH6626G,suresh.kumar3@gmail.com,9011828455,PENDING,BR003,2026-05-16 10:42:25.5785657,2026-05-16 10:42:25.5785657
1458,Anjali,Sharma,1967-07-19,IDZAZ2140C,anjali.sharma34@gmail.com,9669768318,PENDING,BR001,2026-05-16 10:42:25.5785657,2026-05-16 10:42:25.5785657
1459,Neha,Singh,1968-10-15,DMIIU9473Y,neha.singh10@gmail.com,9712723592,PENDING,BR002,2026-05-16 10:42:25.5785657,2026-05-16 10:42:25.5785657
1460,Priya,Singh,1994-05-05,YBUBM1888D,priya.singh91@gmail.com,9704757635,VERIFIED,BR002,2026-05-16 10:42:25.5785657,2026-05-16 10:42:25.5785657
1461,Kavita,Kumar,1995-03-31,ZSKZG9170V,kavita.kumar2@gmail.com,9669607805,VERIFIED,BR003,2026-05-16 10:42:25.5785657,2026-05-16 10:42:25.5785657
1462,Rahul,Iyer,1996-02-28,ZMRII6095I,rahul.iyer59@gmail.com,9726274973,PENDING,BR004,2026-05-16 10:42:25.5785657,2026-05-16 10:42:25.5785657
1463,Amit,Gupta,1986-10-07,MHJBR9240Z,amit.gupta14@gmail.com,9146147674,VERIFIED,BR002,2026-05-16 10:42:25.5785657,2026-05-16 10:42:25.5785657
1464,Suresh,Gupta,1974-01-30,HDUAB7453C,suresh.gupta73@gmail.com,9118923738,REJECTED,BR004,2026-05-16 10:42:25.5785657,2026-05-16 10:42:25.5785657
1465,Rahul,Desai,1981-04-22,GMRIZ7031R,rahul.desai9@gmail.com,9185920738,VERIFIED,BR004,2026-05-16 10:42:25.5785657,2026-05-16 10:42:25.5785657
1466,Priya,Sharma,1987-12-26,UDGZU7841W,priya.sharma18@gmail.com,9974519878,VERIFIED,BR003,2026-05-16 10:42:25.5785657,2026-05-16 10:42:25.5785657
1467,Kavita,Sharma,1975-06-22,JSGBS5545R,kavita.sharma77@gmail.com,9254799831,VERIFIED,BR002,2026-05-16 10:42:25.5785657,2026-05-16 10:42:25.5785657
1468,Vikram,Kumar,1982-12-19,JTHVX5012I,vikram.kumar36@gmail.com,9533906528,REJECTED,BR004,2026-05-16 10:42:25.5785657,2026-05-16 10:42:25.5785657
1469,Kavita,Mehta,1990-05-12,OLUNT8636K,kavita.mehta32@gmail.com,9641550239,VERIFIED,BR002,2026-05-16 10:42:25.5785657,2026-05-16 10:42:25.5785657
1470,Pooja,Singh,1966-03-20,SROKN4563U,pooja.singh89@gmail.com,9879468390,VERIFIED,BR001,2026-05-16 10:42:25.5785657,2026-05-16 10:42:25.5785657
1471,Kavita,Sharma,1985-01-14,ICRBY1011B,kavita.sharma32@gmail.com,9388636959,VERIFIED,BR004,2026-05-16 10:42:25.5785657,2026-05-16 10:42:25.5785657
1472,Pooja,Kumar,1985-11-21,OVRNS2360G,pooja.kumar59@gmail.com,9594401123,VERIFIED,BR003,2026-05-16 10:42:25.5785657,2026-05-16 10:42:25.5785657
1473,Vikram,Patel,1984-01-24,RYVMQ3788Z,vikram.patel8@gmail.com,9773124028,VERIFIED,BR003,2026-05-16 10:42:25.5785657,2026-05-16 10:42:25.5785657
1474,Ramesh,Verma,1962-11-04,SVGBB3990X,ramesh.verma24@gmail.com,9216811442,VERIFIED,BR004,2026-05-16 10:42:25.5785657,2026-05-16 10:42:25.5785657
1475,Priya,Patel,1985-08-17,GKFRO9557Y,priya.patel55@gmail.com,9911861687,VERIFIED,BR002,2026-05-16 10:42:25.5785657,2026-05-16 10:42:25.5785657
1476,Pooja,Reddy,1969-09-01,QJLRW1143F,pooja.reddy47@gmail.com,9815686024,VERIFIED,BR001,2026-05-16 10:42:25.5785657,2026-05-16 10:42:25.5785657
1477,Amit,Iyer,1972-08-28,NPYXO9846X,amit.iyer57@gmail.com,9130195735,VERIFIED,BR001,2026-05-16 10:42:25.5785657,2026-05-16 10:42:25.5785657
1478,Kavita,Desai,1979-07-31,IGOJO7349A,kavita.desai68@gmail.com,9211229026,VERIFIED,BR003,2026-05-16 10:42:25.5785657,2026-05-16 10:42:25.5785657
1479,Kavita,Sharma,1970-02-24,SZPNZ3328A,kavita.sharma13@gmail.com,9797904066,VERIFIED,BR003,2026-05-16 10:42:25.5785657,2026-05-16 10:42:25.5785657
1480,Amit,Reddy,1974-03-30,UYVXN5504E,amit.reddy38@gmail.com,9092872678,VERIFIED,BR002,2026-05-16 10:42:25.5785657,2026-05-16 10:42:25.5785657
1481,Neha,Yadav,1962-01-04,DJPGV0397X,neha.yadav80@gmail.com,9829691344,REJECTED,BR003,2026-05-16 10:42:25.5785657,2026-05-16 10:42:25.5785657
1482,Rohit,Reddy,1961-10-21,IMMXS8060Z,rohit.reddy51@gmail.com,9516091957,VERIFIED,BR002,2026-05-16 10:42:25.5785657,2026-05-16 10:42:25.5785657
1483,Ramesh,Kumar,2000-03-24,OCBUJ8488H,ramesh.kumar29@gmail.com,9350993155,VERIFIED,BR004,2026-05-16 10:42:25.5785657,2026-05-16 10:42:25.5785657
1484,Suresh,Sharma,1974-08-05,TWYQQ0535K,suresh.sharma46@gmail.com,9605694195,VERIFIED,BR001,2026-05-16 10:42:25.5785657,2026-05-16 10:42:25.5785657
1485,Pooja,Verma,1979-03-30,NFBTK4552J,pooja.verma41@gmail.com,9193732991,VERIFIED,BR004,2026-05-16 10:42:25.5785657,2026-05-16 10:42:25.5785657
1486,Amit,Iyer,1977-09-26,UDIMT5234W,amit.iyer4@gmail.com,9242344022,VERIFIED,BR003,2026-05-16 10:42:25.5785657,2026-05-16 10:42:25.5785657
1487,Vikram,Kumar,1979-07-09,DDOMQ1672C,vikram.kumar11@gmail.com,9646624174,VERIFIED,BR001,2026-05-16 10:42:25.5785657,2026-05-16 10:42:25.5785657
1488,Pooja,Kumar,1991-10-19,GLROC4313U,pooja.kumar75@gmail.com,9478981457,VERIFIED,BR001,2026-05-16 10:42:25.5785657,2026-05-16 10:42:25.5785657
1489,Rohit,Desai,1986-11-02,AHZQZ4108G,rohit.desai27@gmail.com,9306649498,VERIFIED,BR004,2026-05-16 10:42:25.5785657,2026-05-16 10:42:25.5785657
1490,Vikram,Desai,1973-04-14,RESCT2618J,vikram.desai48@gmail.com,8064758984,VERIFIED,BR002,2026-05-16 10:42:25.5785657,2026-05-16 10:42:25.5785657
1491,Rahul,Singh,1966-02-14,ASCLA2525I,rahul.singh27@gmail.com,9847932907,VERIFIED,BR001,2026-05-16 10:42:25.5785657,2026-05-16 10:42:25.5785657
1492,Priya,Singh,1982-09-16,OQZSR3952B,priya.singh9@gmail.com,8793447533,VERIFIED,BR002,2026-05-16 10:42:25.5785657,2026-05-16 10:42:25.5785657
1493,Kavita,Gupta,1971-10-24,HUQBR0328V,kavita.gupta85@gmail.com,9842289228,VERIFIED,BR004,2026-05-16 10:42:25.5785657,2026-05-16 10:42:25.5785657
1494,Rahul,Mehta,1992-03-26,JCHWK9579P,rahul.mehta11@gmail.com,9133345022,VERIFIED,BR004,2026-05-16 10:42:25.5785657,2026-05-16 10:42:25.5785657
1495,Pooja,Sharma,1982-06-12,WNENL9025K,pooja.sharma4@gmail.com,8395272286,VERIFIED,BR002,2026-05-16 10:42:25.5785657,2026-05-16 10:42:25.5785657
1496,Rohit,Sharma,1976-12-16,MTARJ3992B,rohit.sharma15@gmail.com,9171126942,VERIFIED,BR004,2026-05-16 10:42:25.5785657,2026-05-16 10:42:25.5785657
1497,Ramesh,Jain,1981-03-16,QWXVA5218V,ramesh.jain93@gmail.com,9839563584,VERIFIED,BR001,2026-05-16 10:42:25.5785657,2026-05-16 10:42:25.5785657
1498,Priya,Reddy,1965-01-26,DSNRW6454J,priya.reddy42@gmail.com,9745538517,VERIFIED,BR004,2026-05-16 10:42:25.5785657,2026-05-16 10:42:25.5785657
1499,Pooja,Sharma,1991-03-22,XIOFD5883W,pooja.sharma66@gmail.com,9624441408,PENDING,BR004,2026-05-16 10:42:25.5785657,2026-05-16 10:42:25.5785657
1500,Amit,Sharma,1984-02-08,XXLXU6510R,amit.sharma39@gmail.com,9948937312,VERIFIED,BR001,2026-05-16 10:42:25.5785657,2026-05-16 10:42:25.5785657
1501,Anjali,Mehta,1989-09-16,YDIWS7844O,anjali.mehta48@gmail.com,9306537124,VERIFIED,BR002,2026-05-16 10:42:25.5785657,2026-05-16 10:42:25.5785657
1502,Pooja,Yadav,1984-11-10,TVQTD1109T,pooja.yadav51@gmail.com,9705413624,VERIFIED,BR004,2026-05-16 10:42:25.5785657,2026-05-16 10:42:25.5785657
1503,Priya,Singh,1967-06-11,GOGGR3645T,priya.singh57@gmail.com,9286908729,REJECTED,BR002,2026-05-16 10:42:25.5785657,2026-05-16 10:42:25.5785657
1504,Kavita,Singh,1977-07-09,MQEKM1249I,kavita.singh29@gmail.com,9338854331,PENDING,BR001,2026-05-16 10:42:25.5785657,2026-05-16 10:42:25.5785657
1505,Kavita,Verma,1962-05-28,YFRFF1946W,kavita.verma12@gmail.com,9932393766,PENDING,BR002,2026-05-16 10:42:25.5785657,2026-05-16 10:42:25.5785657
1506,Pooja,Sharma,1996-03-19,ILGKB7336X,pooja.sharma29@gmail.com,9490394972,VERIFIED,BR002,2026-05-16 10:42:25.5785657,2026-05-16 10:42:25.5785657
1507,Vikram,Mehta,1973-12-26,ONQSB1488H,vikram.mehta62@gmail.com,9976484065,VERIFIED,BR003,2026-05-16 10:42:25.5785657,2026-05-16 10:42:25.5785657
1508,Anjali,Iyer,1965-04-23,NKTON6023J,anjali.iyer8@gmail.com,9367908017,VERIFIED,BR003,2026-05-16 10:42:25.5785657,2026-05-16 10:42:25.5785657
1509,Amit,Singh,1983-06-08,UHEHX6946C,amit.singh89@gmail.com,9294301745,VERIFIED,BR004,2026-05-16 10:42:25.5785657,2026-05-16 10:42:25.5785657
1510,Pooja,Mehta,1961-06-06,SCUYS1441S,pooja.mehta6@gmail.com,8263995689,VERIFIED,BR003,2026-05-16 10:42:25.5785657,2026-05-16 10:42:25.5785657
1511,Vikram,Patel,1969-06-16,XXWCI6717C,vikram.patel93@gmail.com,9307326815,VERIFIED,BR003,2026-05-16 10:42:25.5785657,2026-05-16 10:42:25.5785657
1512,Kavita,Yadav,1979-02-18,CLJNJ7593M,kavita.yadav90@gmail.com,9793256069,VERIFIED,BR003,2026-05-16 10:42:25.5785657,2026-05-16 10:42:25.5785657
1513,Kavita,Sharma,1982-04-08,BEIWW1170J,kavita.sharma92@gmail.com,9372352822,VERIFIED,BR002,2026-05-16 10:42:25.5785657,2026-05-16 10:42:25.5785657
1514,Rohit,Verma,1984-12-18,ITLQD1262O,rohit.verma9@gmail.com,9978588835,VERIFIED,BR002,2026-05-16 10:42:25.5785657,2026-05-16 10:42:25.5785657
1515,Pooja,Reddy,1986-02-06,MMUPM2644T,pooja.reddy86@gmail.com,9075752217,VERIFIED,BR003,2026-05-16 10:42:25.5785657,2026-05-16 10:42:25.5785657
1516,Anjali,Singh,1960-12-06,PGOQO8016B,anjali.singh89@gmail.com,9472825265,VERIFIED,BR001,2026-05-16 10:42:25.5785657,2026-05-16 10:42:25.5785657
1517,Neha,Patel,1983-09-21,DAPPI0191J,neha.patel60@gmail.com,9829967612,VERIFIED,BR003,2026-05-16 10:42:25.5785657,2026-05-16 10:42:25.5785657
1518,Anjali,Iyer,1985-04-07,PRPUE4590J,anjali.iyer36@gmail.com,9627697945,VERIFIED,BR001,2026-05-16 10:42:25.5785657,2026-05-16 10:42:25.5785657
1519,Kavita,Mehta,1990-10-18,IXVTV0418K,kavita.mehta73@gmail.com,9880818686,VERIFIED,BR002,2026-05-16 10:42:25.5785657,2026-05-16 10:42:25.5785657
1520,Kavita,Desai,1985-05-28,NNSPC7694W,kavita.desai25@gmail.com,8447441384,VERIFIED,BR001,2026-05-16 10:42:25.5785657,2026-05-16 10:42:25.5785657
1521,Rahul,Kumar,1977-12-09,PUSLW2569T,rahul.kumar12@gmail.com,9859092523,VERIFIED,BR002,2026-05-16 10:42:25.5785657,2026-05-16 10:42:25.5785657
1522,Kavita,Sharma,1993-02-26,ONQME6790A,kavita.sharma58@gmail.com,9540676363,VERIFIED,BR001,2026-05-16 10:42:25.5785657,2026-05-16 10:42:25.5785657
1523,Amit,Sharma,2000-08-19,MUTFP4038G,amit.sharma47@gmail.com,9742006127,VERIFIED,BR002,2026-05-16 10:42:25.5785657,2026-05-16 10:42:25.5785657
1524,Suresh,Patel,1997-06-06,AFHUI5306K,suresh.patel54@gmail.com,9652971862,VERIFIED,BR002,2026-05-16 10:42:25.5785657,2026-05-16 10:42:25.5785657
1525,Pooja,Mehta,1974-07-26,KOYVF8944B,pooja.mehta4@gmail.com,9791243036,VERIFIED,BR003,2026-05-16 10:42:25.5785657,2026-05-16 10:42:25.5785657
1526,Anjali,Gupta,1990-06-07,QMQXN3747Q,anjali.gupta64@gmail.com,9601671866,VERIFIED,BR004,2026-05-16 10:42:25.5785657,2026-05-16 10:42:25.5785657
1527,Suresh,Sharma,1998-03-15,HSINF6783E,suresh.sharma30@gmail.com,8400127918,VERIFIED,BR004,2026-05-16 10:42:25.5785657,2026-05-16 10:42:25.5785657
1528,Vikram,Gupta,1977-10-11,HAZQV5358Y,vikram.gupta1@gmail.com,9549327501,PENDING,BR002,2026-05-16 10:42:25.5785657,2026-05-16 10:42:25.5785657
1529,Neha,Iyer,1989-08-20,IWSHC8383Q,neha.iyer24@gmail.com,9235519333,PENDING,BR003,2026-05-16 10:42:25.5785657,2026-05-16 10:42:25.5785657
1530,Amit,Desai,1970-08-28,HCUUX4045G,amit.desai14@gmail.com,9106169683,VERIFIED,BR004,2026-05-16 10:42:25.5785657,2026-05-16 10:42:25.5785657
1531,Priya,Patel,1969-12-29,IMWII7095E,priya.patel91@gmail.com,9375350237,PENDING,BR004,2026-05-16 10:42:25.5785657,2026-05-16 10:42:25.5785657
1532,Sneha,Mehta,1995-09-04,FAKWD3088K,sneha.mehta90@gmail.com,9859011164,PENDING,BR003,2026-05-16 10:42:25.5785657,2026-05-16 10:42:25.5785657
1533,Anjali,Mehta,1973-05-20,MBNRI5383G,anjali.mehta57@gmail.com,9603285920,PENDING,BR003,2026-05-16 10:42:25.5785657,2026-05-16 10:42:25.5785657
1534,Suresh,Jain,1983-10-15,HNURH1195D,suresh.jain28@gmail.com,9920272450,VERIFIED,BR004,2026-05-16 10:42:25.5785657,2026-05-16 10:42:25.5785657
1535,Priya,Iyer,1992-07-28,FJIDS2206K,priya.iyer59@gmail.com,9998458498,VERIFIED,BR004,2026-05-16 10:42:25.5785657,2026-05-16 10:42:25.5785657
1536,Neha,Iyer,1992-04-24,OBAXB3037S,neha.iyer28@gmail.com,9144646797,REJECTED,BR001,2026-05-16 10:42:25.5785657,2026-05-16 10:42:25.5785657
1537,Rahul,Yadav,1976-11-21,QRLJI1780Y,rahul.yadav31@gmail.com,9201344861,VERIFIED,BR001,2026-05-16 10:42:25.5785657,2026-05-16 10:42:25.5785657
1538,Priya,Kumar,1994-05-30,TOCUS0367P,priya.kumar77@gmail.com,9944023575,VERIFIED,BR002,2026-05-16 10:42:25.5785657,2026-05-16 10:42:25.5785657
1539,Amit,Singh,1969-02-26,GFWQX3667K,amit.singh62@gmail.com,9699930957,PENDING,BR004,2026-05-16 10:42:25.5785657,2026-05-16 10:42:25.5785657
1540,Amit,Singh,1996-06-22,LAMJL1761D,amit.singh82@gmail.com,9808580232,VERIFIED,BR003,2026-05-16 10:42:25.5785657,2026-05-16 10:42:25.5785657
1541,Rahul,Jain,1996-12-09,KSCOB3452H,rahul.jain85@gmail.com,9487799199,VERIFIED,BR003,2026-05-16 10:42:25.5785657,2026-05-16 10:42:25.5785657
1542,Sneha,Reddy,1960-07-03,OZJIV5747R,sneha.reddy6@gmail.com,9734344366,VERIFIED,BR004,2026-05-16 10:42:25.5785657,2026-05-16 10:42:25.5785657
1543,Pooja,Verma,1978-02-15,SERTS8153D,pooja.verma11@gmail.com,9401438357,PENDING,BR002,2026-05-16 10:42:25.5785657,2026-05-16 10:42:25.5785657
1544,Priya,Patel,1982-02-14,VEYBC8734V,priya.patel1@gmail.com,9423050688,VERIFIED,BR003,2026-05-16 10:42:25.5785657,2026-05-16 10:42:25.5785657
1545,Rahul,Desai,1990-01-31,BFDPT8764J,rahul.desai13@gmail.com,9443129438,VERIFIED,BR004,2026-05-16 10:42:25.5785657,2026-05-16 10:42:25.5785657
1546,Amit,Mehta,1994-12-31,KPFRI5939N,amit.mehta85@gmail.com,9572386627,VERIFIED,BR004,2026-05-16 10:42:25.5785657,2026-05-16 10:42:25.5785657
1547,Amit,Kumar,1989-11-09,SXZPP5880R,amit.kumar38@gmail.com,9813711407,VERIFIED,BR002,2026-05-16 10:42:25.5785657,2026-05-16 10:42:25.5785657
1548,Suresh,Gupta,1999-08-27,ZAOZC2045U,suresh.gupta73@gmail.com,9606111720,VERIFIED,BR004,2026-05-16 10:42:25.5785657,2026-05-16 10:42:25.5785657
1549,Kavita,Patel,1963-10-29,IJJOR4139N,kavita.patel22@gmail.com,9562639883,PENDING,BR003,2026-05-16 10:42:25.5785657,2026-05-16 10:42:25.5785657
1550,Sneha,Reddy,1984-07-28,EZRDB0744E,sneha.reddy53@gmail.com,9378245406,PENDING,BR001,2026-05-16 10:42:25.5785657,2026-05-16 10:42:25.5785657
1551,Priya,Patel,2000-10-08,CQKLU6415R,priya.patel21@gmail.com,9153385752,VERIFIED,BR002,2026-05-16 10:42:25.5785657,2026-05-16 10:42:25.5785657
1552,Priya,Reddy,1977-04-01,VKFLA4772R,priya.reddy10@gmail.com,8904209317,VERIFIED,BR004,2026-05-16 10:42:25.5785657,2026-05-16 10:42:25.5785657
1553,Neha,Mehta,1979-11-19,OAAMJ5907Q,neha.mehta71@gmail.com,9052376715,VERIFIED,BR002,2026-05-16 10:42:25.5785657,2026-05-16 10:42:25.5785657
1554,Rahul,Verma,1973-01-02,ZZUMC8047V,rahul.verma79@gmail.com,9460950543,VERIFIED,BR004,2026-05-16 10:42:25.5785657,2026-05-16 10:42:25.5785657
1555,Neha,Reddy,1991-12-27,CQUIB3745P,neha.reddy21@gmail.com,9520084285,VERIFIED,BR001,2026-05-16 10:42:25.5785657,2026-05-16 10:42:25.5785657
1556,Rahul,Mehta,1980-09-21,OIJZH1653Z,rahul.mehta21@gmail.com,9608306763,PENDING,BR002,2026-05-16 10:42:25.5785657,2026-05-16 10:42:25.5785657
1557,Vikram,Mehta,1973-01-26,OBMEB9862C,vikram.mehta93@gmail.com,9864620763,PENDING,BR004,2026-05-16 10:42:25.5785657,2026-05-16 10:42:25.5785657
1558,Amit,Verma,1983-09-04,DBUGQ2276S,amit.verma87@gmail.com,9526262071,VERIFIED,BR001,2026-05-16 10:42:25.5785657,2026-05-16 10:42:25.5785657
1559,Kavita,Singh,1974-08-16,TRJEU2150C,kavita.singh34@gmail.com,9698816935,VERIFIED,BR003,2026-05-16 10:42:25.5785657,2026-05-16 10:42:25.5785657
1560,Suresh,Patel,1966-04-15,ZPVVT4367F,suresh.patel2@gmail.com,9851373386,VERIFIED,BR004,2026-05-16 10:42:25.5785657,2026-05-16 10:42:25.5785657
1561,Kavita,Jain,1962-04-20,FTIQT1133X,kavita.jain1@gmail.com,9548799885,VERIFIED,BR001,2026-05-16 10:42:25.5785657,2026-05-16 10:42:25.5785657
1562,Kavita,Sharma,1970-10-31,YXGRK2542Z,kavita.sharma54@gmail.com,8708750262,VERIFIED,BR001,2026-05-16 10:42:25.5785657,2026-05-16 10:42:25.5785657
1563,Kavita,Sharma,1996-09-11,LRZRB9694U,kavita.sharma10@gmail.com,9815753697,PENDING,BR002,2026-05-16 10:42:25.5785657,2026-05-16 10:42:25.5785657
1564,Neha,Jain,1984-02-20,WIGCR3777S,neha.jain27@gmail.com,9539476588,PENDING,BR004,2026-05-16 10:42:25.5785657,2026-05-16 10:42:25.5785657
1565,Rahul,Gupta,1960-12-16,UNRZI0004Q,rahul.gupta68@gmail.com,9481356208,VERIFIED,BR003,2026-05-16 10:42:25.5785657,2026-05-16 10:42:25.5785657
1566,Ramesh,Iyer,1988-10-10,CLFHF0096G,ramesh.iyer49@gmail.com,9864107301,PENDING,BR004,2026-05-16 10:42:25.5785657,2026-05-16 10:42:25.5785657
1567,Vikram,Gupta,1970-06-14,YQSDW1685F,vikram.gupta43@gmail.com,9972973194,VERIFIED,BR001,2026-05-16 10:42:25.5785657,2026-05-16 10:42:25.5785657
1568,Anjali,Iyer,1996-02-02,XSGMY6924V,anjali.iyer35@gmail.com,9768596245,VERIFIED,BR003,2026-05-16 10:42:25.5785657,2026-05-16 10:42:25.5785657
1569,Kavita,Jain,1982-03-01,UIEBU3309I,kavita.jain89@gmail.com,9575077858,VERIFIED,BR001,2026-05-16 10:42:25.5785657,2026-05-16 10:42:25.5785657
1570,Pooja,Sharma,1984-05-06,EBZFK6154T,pooja.sharma76@gmail.com,9156686127,VERIFIED,BR002,2026-05-16 10:42:25.5785657,2026-05-16 10:42:25.5785657
1571,Neha,Desai,1992-03-24,QXSCB5248E,neha.desai55@gmail.com,9689202264,PENDING,BR004,2026-05-16 10:42:25.5785657,2026-05-16 10:42:25.5785657
1572,Sneha,Sharma,1971-06-05,QAAKD3307Y,sneha.sharma52@gmail.com,9687157425,VERIFIED,BR001,2026-05-16 10:42:25.5785657,2026-05-16 10:42:25.5785657
1573,Suresh,Gupta,1960-05-22,MLVUU5098P,suresh.gupta7@gmail.com,9760506178,VERIFIED,BR001,2026-05-16 10:42:25.5785657,2026-05-16 10:42:25.5785657
1574,Anjali,Kumar,1996-09-30,DNZIH0963K,anjali.kumar22@gmail.com,9910228236,VERIFIED,BR004,2026-05-16 10:42:25.5785657,2026-05-16 10:42:25.5785657
1575,Ramesh,Jain,2000-03-01,CLTQE0316D,ramesh.jain84@gmail.com,9585423178,VERIFIED,BR003,2026-05-16 10:42:25.5785657,2026-05-16 10:42:25.5785657
1576,Pooja,Gupta,1977-09-19,QJCQT1175P,pooja.gupta41@gmail.com,9963607812,VERIFIED,BR001,2026-05-16 10:42:25.5785657,2026-05-16 10:42:25.5785657
1577,Ramesh,Desai,1978-06-22,KUQMZ8903K,ramesh.desai11@gmail.com,9174757898,VERIFIED,BR004,2026-05-16 10:42:25.5785657,2026-05-16 10:42:25.5785657
1578,Anjali,Patel,1968-05-28,UBDUR4681S,anjali.patel35@gmail.com,9724222803,VERIFIED,BR002,2026-05-16 10:42:25.5785657,2026-05-16 10:42:25.5785657
1579,Kavita,Iyer,1982-04-14,GBTMA9626A,kavita.iyer32@gmail.com,9653802231,VERIFIED,BR002,2026-05-16 10:42:25.5785657,2026-05-16 10:42:25.5785657
1580,Pooja,Sharma,1991-11-23,EBHUL1581P,pooja.sharma44@gmail.com,9411088694,VERIFIED,BR004,2026-05-16 10:42:25.5785657,2026-05-16 10:42:25.5785657
1581,Ramesh,Verma,2000-10-01,PQBFI8741V,ramesh.verma70@gmail.com,8028436924,VERIFIED,BR001,2026-05-16 10:42:25.5785657,2026-05-16 10:42:25.5785657
1582,Suresh,Kumar,1962-12-16,ODVUT5311N,suresh.kumar93@gmail.com,9598247326,VERIFIED,BR004,2026-05-16 10:42:25.5785657,2026-05-16 10:42:25.5785657
1583,Rahul,Mehta,1973-08-18,EJEGP1763F,rahul.mehta6@gmail.com,9383817270,VERIFIED,BR004,2026-05-16 10:42:25.5785657,2026-05-16 10:42:25.5785657
1584,Amit,Desai,1989-01-06,AMAEC6848Y,amit.desai36@gmail.com,9812939985,PENDING,BR001,2026-05-16 10:42:25.5785657,2026-05-16 10:42:25.5785657
1585,Rahul,Gupta,1996-12-24,MDDHL2165W,rahul.gupta61@gmail.com,9015855553,VERIFIED,BR003,2026-05-16 10:42:25.5785657,2026-05-16 10:42:25.5785657
1586,Anjali,Iyer,1998-05-05,MYQUJ0215D,anjali.iyer11@gmail.com,9672512867,VERIFIED,BR003,2026-05-16 10:42:25.5785657,2026-05-16 10:42:25.5785657
1587,Neha,Verma,1987-09-24,QWZNM6201E,neha.verma9@gmail.com,8895197744,VERIFIED,BR002,2026-05-16 10:42:25.5785657,2026-05-16 10:42:25.5785657
1588,Amit,Reddy,1995-06-23,RZMER0624K,amit.reddy72@gmail.com,9023122484,VERIFIED,BR003,2026-05-16 10:42:25.5785657,2026-05-16 10:42:25.5785657
1589,Vikram,Singh,1972-01-12,QXLCB5105C,vikram.singh92@gmail.com,9577118757,VERIFIED,BR004,2026-05-16 10:42:25.5785657,2026-05-16 10:42:25.5785657
1590,Suresh,Sharma,1972-08-04,XSPIF6373D,suresh.sharma4@gmail.com,9230520209,VERIFIED,BR001,2026-05-16 10:42:25.5785657,2026-05-16 10:42:25.5785657
1591,Vikram,Singh,1977-08-25,GKFXB5042T,vikram.singh5@gmail.com,8130930717,VERIFIED,BR002,2026-05-16 10:42:25.5785657,2026-05-16 10:42:25.5785657
1592,Pooja,Desai,1961-12-24,LKDSQ9216B,pooja.desai39@gmail.com,9224817413,VERIFIED,BR003,2026-05-16 10:42:25.5785657,2026-05-16 10:42:25.5785657
1593,Priya,Reddy,1988-06-09,HCMKT2217T,priya.reddy44@gmail.com,9811999025,VERIFIED,BR004,2026-05-16 10:42:25.5785657,2026-05-16 10:42:25.5785657
1594,Amit,Reddy,1982-08-31,XPOFK5824O,amit.reddy7@gmail.com,9271419890,VERIFIED,BR002,2026-05-16 10:42:25.5785657,2026-05-16 10:42:25.5785657
1595,Vikram,Reddy,1978-09-29,HSTGI5851S,vikram.reddy11@gmail.com,9204249041,VERIFIED,BR001,2026-05-16 10:42:25.5785657,2026-05-16 10:42:25.5785657
1596,Vikram,Mehta,1967-05-25,XKBZT5438W,vikram.mehta41@gmail.com,9595699291,VERIFIED,BR003,2026-05-16 10:42:25.5785657,2026-05-16 10:42:25.5785657
1597,Ramesh,Desai,1998-04-23,VLGOA7912U,ramesh.desai96@gmail.com,9959163657,VERIFIED,BR004,2026-05-16 10:42:25.5785657,2026-05-16 10:42:25.5785657
1598,Rahul,Patel,1962-07-10,ZAREL5594E,rahul.patel32@gmail.com,9142952978,VERIFIED,BR001,2026-05-16 10:42:25.5785657,2026-05-16 10:42:25.5785657
1599,Ramesh,Singh,1969-07-15,WKUJM6808K,ramesh.singh9@gmail.com,9753575965,VERIFIED,BR004,2026-05-16 10:42:25.5785657,2026-05-16 10:42:25.5785657
1600,Amit,Patel,1979-07-19,NHTSP5266K,amit.patel91@gmail.com,9976254852,VERIFIED,BR004,2026-05-16 10:42:25.5785657,2026-05-16 10:42:25.5785657
1601,Amit,Verma,1967-09-15,TBYRX1363F,amit.verma15@gmail.com,9702297831,VERIFIED,BR004,2026-05-16 10:42:25.5785657,2026-05-16 10:42:25.5785657
1602,Anjali,Yadav,1981-06-30,QSOUD3567Y,anjali.yadav74@gmail.com,9315405100,VERIFIED,BR001,2026-05-16 10:42:25.5785657,2026-05-16 10:42:25.5785657
1603,Ramesh,Kumar,1976-05-20,PYFTF3262C,ramesh.kumar42@gmail.com,9959117898,PENDING,BR002,2026-05-16 10:42:25.5785657,2026-05-16 10:42:25.5785657
1604,Rohit,Kumar,1990-12-16,JLNVM5884L,rohit.kumar79@gmail.com,9006694111,VERIFIED,BR004,2026-05-16 10:42:25.5785657,2026-05-16 10:42:25.5785657
1605,Sneha,Patel,1970-12-29,UYVYB8408J,sneha.patel81@gmail.com,9605749342,VERIFIED,BR002,2026-05-16 10:42:25.5785657,2026-05-16 10:42:25.5785657
1606,Rahul,Yadav,1998-12-29,YCECD1290N,rahul.yadav53@gmail.com,9504809365,VERIFIED,BR002,2026-05-16 10:42:25.5785657,2026-05-16 10:42:25.5785657
1607,Amit,Yadav,1993-03-02,ZODJL6208H,amit.yadav8@gmail.com,9599031986,VERIFIED,BR003,2026-05-16 10:42:25.5785657,2026-05-16 10:42:25.5785657
1608,Anjali,Sharma,1968-08-06,VNIPR7465R,anjali.sharma20@gmail.com,9412639456,VERIFIED,BR003,2026-05-16 10:42:25.5785657,2026-05-16 10:42:25.5785657
1609,Priya,Verma,1988-05-21,LHDUE2497B,priya.verma62@gmail.com,9019207453,VERIFIED,BR002,2026-05-16 10:42:25.5785657,2026-05-16 10:42:25.5785657
1610,Ramesh,Desai,1975-02-15,DHYQE5117V,ramesh.desai52@gmail.com,9439980320,VERIFIED,BR003,2026-05-16 10:42:25.5785657,2026-05-16 10:42:25.5785657
1611,Rahul,Yadav,1991-07-23,UEDZO4327V,rahul.yadav77@gmail.com,9140610183,VERIFIED,BR003,2026-05-16 10:42:25.5785657,2026-05-16 10:42:25.5785657
1612,Priya,Gupta,1983-09-04,IIJOE3944E,priya.gupta25@gmail.com,9002873827,VERIFIED,BR002,2026-05-16 10:42:25.5785657,2026-05-16 10:42:25.5785657
1613,Ramesh,Jain,1994-05-31,YYEZO5628Y,ramesh.jain90@gmail.com,9992279806,VERIFIED,BR001,2026-05-16 10:42:25.5785657,2026-05-16 10:42:25.5785657
1614,Vikram,Kumar,1978-09-08,ZODOX4679E,vikram.kumar36@gmail.com,9295820118,VERIFIED,BR003,2026-05-16 10:42:25.5785657,2026-05-16 10:42:25.5785657
1615,Priya,Gupta,1960-01-02,RDAQF3361Q,priya.gupta97@gmail.com,8228425851,VERIFIED,BR003,2026-05-16 10:42:25.5785657,2026-05-16 10:42:25.5785657
1616,Anjali,Verma,1969-08-15,FYHAN4605G,anjali.verma64@gmail.com,8397150983,VERIFIED,BR001,2026-05-16 10:42:25.5785657,2026-05-16 10:42:25.5785657
1617,Rahul,Yadav,1977-05-24,MPNBR3743A,rahul.yadav63@gmail.com,9342713811,VERIFIED,BR001,2026-05-16 10:42:25.5785657,2026-05-16 10:42:25.5785657
1618,Kavita,Singh,1971-03-12,HJZWC7498J,kavita.singh78@gmail.com,9283976420,VERIFIED,BR001,2026-05-16 10:42:25.5785657,2026-05-16 10:42:25.5785657
1619,Pooja,Kumar,1964-09-25,ESXSK8513Q,pooja.kumar56@gmail.com,9623582337,VERIFIED,BR002,2026-05-16 10:42:25.5785657,2026-05-16 10:42:25.5785657
1620,Pooja,Sharma,2000-10-23,ZBYTC4945W,pooja.sharma54@gmail.com,9828219443,PENDING,BR001,2026-05-16 10:42:25.5785657,2026-05-16 10:42:25.5785657
1621,Rahul,Iyer,1964-09-06,OXFVH4835P,rahul.iyer7@gmail.com,9819403408,VERIFIED,BR002,2026-05-16 10:42:25.5785657,2026-05-16 10:42:25.5785657
1622,Priya,Sharma,1978-05-13,OMAAG9846J,priya.sharma42@gmail.com,8465130491,VERIFIED,BR004,2026-05-16 10:42:25.5785657,2026-05-16 10:42:25.5785657
1623,Ramesh,Jain,2000-05-03,KMRGD2907S,ramesh.jain33@gmail.com,9912402469,PENDING,BR004,2026-05-16 10:42:25.5785657,2026-05-16 10:42:25.5785657
1624,Anjali,Reddy,1972-12-26,MLGRZ8370I,anjali.reddy65@gmail.com,9636188692,VERIFIED,BR001,2026-05-16 10:42:25.5785657,2026-05-16 10:42:25.5785657
1625,Sneha,Iyer,1989-04-03,EBIWD1249L,sneha.iyer43@gmail.com,9103828610,VERIFIED,BR001,2026-05-16 10:42:25.5785657,2026-05-16 10:42:25.5785657
1626,Pooja,Mehta,1974-03-13,BHQBF6751K,pooja.mehta49@gmail.com,9769382007,PENDING,BR004,2026-05-16 10:42:25.5785657,2026-05-16 10:42:25.5785657
1627,Anjali,Yadav,1993-11-10,WVRHR6058A,anjali.yadav20@gmail.com,9266774555,VERIFIED,BR002,2026-05-16 10:42:25.5785657,2026-05-16 10:42:25.5785657
1628,Pooja,Verma,1977-09-11,DHUKX1258Z,pooja.verma41@gmail.com,9373359222,VERIFIED,BR002,2026-05-16 10:42:25.5785657,2026-05-16 10:42:25.5785657
1629,Vikram,Kumar,1981-01-06,XPVNN5714C,vikram.kumar61@gmail.com,9536577232,VERIFIED,BR001,2026-05-16 10:42:25.5785657,2026-05-16 10:42:25.5785657
1630,Ramesh,Mehta,1979-08-22,DDAJR1495K,ramesh.mehta45@gmail.com,9159782573,VERIFIED,BR001,2026-05-16 10:42:25.5785657,2026-05-16 10:42:25.5785657
1631,Vikram,Verma,1977-04-02,EHTDD6632C,vikram.verma2@gmail.com,8068738516,VERIFIED,BR001,2026-05-16 10:42:25.5785657,2026-05-16 10:42:25.5785657
1632,Pooja,Jain,1972-09-24,LTCAM4106S,pooja.jain35@gmail.com,9894130530,VERIFIED,BR004,2026-05-16 10:42:25.5785657,2026-05-16 10:42:25.5785657
1633,Kavita,Patel,1963-12-02,BDGBR7792G,kavita.patel22@gmail.com,8266741156,VERIFIED,BR003,2026-05-16 10:42:25.5785657,2026-05-16 10:42:25.5785657
1634,Kavita,Yadav,1962-04-08,EJCVY9315X,kavita.yadav23@gmail.com,9968840755,PENDING,BR001,2026-05-16 10:42:25.5785657,2026-05-16 10:42:25.5785657
1635,Vikram,Desai,1979-07-24,PNBVT5791Y,vikram.desai40@gmail.com,9414187767,PENDING,BR002,2026-05-16 10:42:25.5785657,2026-05-16 10:42:25.5785657
1636,Kavita,Desai,1997-09-19,NZCFN7354D,kavita.desai52@gmail.com,9861078302,PENDING,BR003,2026-05-16 10:42:25.5785657,2026-05-16 10:42:25.5785657
1637,Pooja,Yadav,1992-03-08,EJJFF1911E,pooja.yadav34@gmail.com,9152060282,PENDING,BR002,2026-05-16 10:42:25.5785657,2026-05-16 10:42:25.5785657
1638,Rahul,Iyer,1988-10-14,MJHSC4347V,rahul.iyer97@gmail.com,9964786004,VERIFIED,BR003,2026-05-16 10:42:25.5785657,2026-05-16 10:42:25.5785657
1639,Vikram,Reddy,1992-02-15,ZLOHW1084V,vikram.reddy8@gmail.com,8777074274,VERIFIED,BR004,2026-05-16 10:42:25.5785657,2026-05-16 10:42:25.5785657
1640,Sneha,Reddy,1983-07-06,JARRK5613W,sneha.reddy50@gmail.com,9200010270,VERIFIED,BR003,2026-05-16 10:42:25.5785657,2026-05-16 10:42:25.5785657
1641,Sneha,Iyer,1976-08-07,PCYZB9359D,sneha.iyer76@gmail.com,9454404722,PENDING,BR002,2026-05-16 10:42:25.5785657,2026-05-16 10:42:25.5785657
1642,Neha,Desai,1960-10-27,GLMTT5789L,neha.desai34@gmail.com,9698746440,VERIFIED,BR003,2026-05-16 10:42:25.5785657,2026-05-16 10:42:25.5785657
1643,Priya,Singh,1982-02-12,MPKMH7124U,priya.singh85@gmail.com,9096984054,VERIFIED,BR004,2026-05-16 10:42:25.5785657,2026-05-16 10:42:25.5785657
1644,Ramesh,Iyer,1986-03-06,YATVM0163J,ramesh.iyer96@gmail.com,9023673853,VERIFIED,BR002,2026-05-16 10:42:25.5785657,2026-05-16 10:42:25.5785657
1645,Kavita,Kumar,1989-08-01,QCBTT7264I,kavita.kumar89@gmail.com,9097804819,VERIFIED,BR001,2026-05-16 10:42:25.5785657,2026-05-16 10:42:25.5785657
1646,Kavita,Desai,1982-05-14,OVOAT9814M,kavita.desai65@gmail.com,9711752963,VERIFIED,BR003,2026-05-16 10:42:25.5785657,2026-05-16 10:42:25.5785657
1647,Priya,Singh,1995-09-16,LAERU8143M,priya.singh54@gmail.com,9809878975,VERIFIED,BR002,2026-05-16 10:42:25.5785657,2026-05-16 10:42:25.5785657
1648,Amit,Jain,1962-08-07,MCRRR5485M,amit.jain97@gmail.com,9771794540,VERIFIED,BR003,2026-05-16 10:42:25.5785657,2026-05-16 10:42:25.5785657
1649,Rohit,Mehta,1979-08-01,GPJRT2051L,rohit.mehta15@gmail.com,8141747171,VERIFIED,BR004,2026-05-16 10:42:25.5785657,2026-05-16 10:42:25.5785657
1650,Vikram,Singh,1985-10-30,JTAXI0333V,vikram.singh94@gmail.com,8254584300,VERIFIED,BR002,2026-05-16 10:42:25.5785657,2026-05-16 10:42:25.5785657
1651,Suresh,Mehta,1961-03-04,GGICR8115B,suresh.mehta98@gmail.com,9341080782,VERIFIED,BR001,2026-05-16 10:42:25.5785657,2026-05-16 10:42:25.5785657
1652,Kavita,Verma,1962-09-19,LWOXG6593M,kavita.verma63@gmail.com,9383397917,VERIFIED,BR001,2026-05-16 10:42:25.5785657,2026-05-16 10:42:25.5785657
1653,Ramesh,Gupta,1977-12-24,ICMRF4861J,ramesh.gupta44@gmail.com,9867982534,VERIFIED,BR003,2026-05-16 10:42:25.5785657,2026-05-16 10:42:25.5785657
1654,Neha,Verma,1971-10-14,JLMWU8520S,neha.verma34@gmail.com,9383911274,VERIFIED,BR004,2026-05-16 10:42:25.5785657,2026-05-16 10:42:25.5785657
1655,Sneha,Desai,1963-06-04,KFTCV0308P,sneha.desai14@gmail.com,9232662498,PENDING,BR004,2026-05-16 10:42:25.5785657,2026-05-16 10:42:25.5785657
1656,Kavita,Mehta,1962-06-14,LJBVN2634I,kavita.mehta95@gmail.com,9911466601,VERIFIED,BR003,2026-05-16 10:42:25.5785657,2026-05-16 10:42:25.5785657
1657,Neha,Desai,1987-03-03,QLTEA7852X,neha.desai67@gmail.com,9548743817,VERIFIED,BR002,2026-05-16 10:42:25.5785657,2026-05-16 10:42:25.5785657
1658,Pooja,Iyer,1961-01-05,YGQVW9970G,pooja.iyer21@gmail.com,9541098626,VERIFIED,BR002,2026-05-16 10:42:25.5785657,2026-05-16 10:42:25.5785657
1659,Pooja,Yadav,1994-02-05,JDDRH4380G,pooja.yadav64@gmail.com,9948745017,VERIFIED,BR003,2026-05-16 10:42:25.5785657,2026-05-16 10:42:25.5785657
1660,Rohit,Kumar,1993-07-15,VGHER2210Z,rohit.kumar64@gmail.com,9646859627,PENDING,BR002,2026-05-16 10:42:25.5785657,2026-05-16 10:42:25.5785657
1661,Rahul,Sharma,1989-09-05,VMOLQ0112Z,rahul.sharma14@gmail.com,9148589968,VERIFIED,BR002,2026-05-16 10:42:25.5785657,2026-05-16 10:42:25.5785657
1662,Suresh,Desai,1979-10-21,HOQBS7083J,suresh.desai15@gmail.com,9793492861,VERIFIED,BR002,2026-05-16 10:42:25.5785657,2026-05-16 10:42:25.5785657
1663,Amit,Kumar,1991-08-09,WXKJR0971D,amit.kumar39@gmail.com,9115561942,VERIFIED,BR003,2026-05-16 10:42:25.5785657,2026-05-16 10:42:25.5785657
1664,Rohit,Iyer,1996-08-20,ONDRP7540T,rohit.iyer72@gmail.com,9978743752,PENDING,BR001,2026-05-16 10:42:25.5785657,2026-05-16 10:42:25.5785657
1665,Anjali,Singh,1991-09-18,DUIPK7241F,anjali.singh72@gmail.com,9435796320,VERIFIED,BR004,2026-05-16 10:42:25.5785657,2026-05-16 10:42:25.5785657
1666,Amit,Iyer,1972-01-13,FHKWB5615P,amit.iyer13@gmail.com,9800682478,VERIFIED,BR001,2026-05-16 10:42:25.5785657,2026-05-16 10:42:25.5785657
1667,Vikram,Jain,1984-03-17,RZWYJ7809T,vikram.jain49@gmail.com,9539559293,VERIFIED,BR002,2026-05-16 10:42:25.5785657,2026-05-16 10:42:25.5785657
1668,Ramesh,Verma,1988-09-07,ATUBX6236W,ramesh.verma8@gmail.com,9972351175,PENDING,BR003,2026-05-16 10:42:25.5785657,2026-05-16 10:42:25.5785657
1669,Anjali,Singh,1992-03-20,JVDWW3939I,anjali.singh48@gmail.com,8103475672,VERIFIED,BR004,2026-05-16 10:42:25.5785657,2026-05-16 10:42:25.5785657
1670,Anjali,Sharma,1977-06-04,HYTHW1438U,anjali.sharma72@gmail.com,9986028437,VERIFIED,BR002,2026-05-16 10:42:25.5785657,2026-05-16 10:42:25.5785657
1671,Rohit,Mehta,1969-06-07,KAWVY4487D,rohit.mehta3@gmail.com,9034903093,VERIFIED,BR004,2026-05-16 10:42:25.5785657,2026-05-16 10:42:25.5785657
1672,Priya,Yadav,1970-08-24,VSNJP8740B,priya.yadav10@gmail.com,9713102251,VERIFIED,BR004,2026-05-16 10:42:25.5785657,2026-05-16 10:42:25.5785657
1673,Rahul,Kumar,1973-04-15,QELQA2351H,rahul.kumar73@gmail.com,9589350268,VERIFIED,BR001,2026-05-16 10:42:25.5785657,2026-05-16 10:42:25.5785657
1674,Priya,Yadav,1995-02-26,NZVTW6734X,priya.yadav64@gmail.com,9334777180,VERIFIED,BR002,2026-05-16 10:42:25.5785657,2026-05-16 10:42:25.5785657
1675,Rohit,Gupta,1992-07-08,DEPIH0333S,rohit.gupta86@gmail.com,9668068201,VERIFIED,BR004,2026-05-16 10:42:25.5785657,2026-05-16 10:42:25.5785657
1676,Vikram,Iyer,1963-12-21,FYYQQ9917F,vikram.iyer43@gmail.com,9410332441,REJECTED,BR001,2026-05-16 10:42:25.5785657,2026-05-16 10:42:25.5785657
1677,Sneha,Desai,1983-01-14,BQPDY1505Y,sneha.desai46@gmail.com,9061898842,VERIFIED,BR003,2026-05-16 10:42:25.5785657,2026-05-16 10:42:25.5785657
1678,Kavita,Mehta,1965-08-11,XLRDS1872P,kavita.mehta63@gmail.com,9602742588,VERIFIED,BR004,2026-05-16 10:42:25.5785657,2026-05-16 10:42:25.5785657
1679,Kavita,Gupta,1967-03-15,JLFFV7117A,kavita.gupta6@gmail.com,8671244368,VERIFIED,BR002,2026-05-16 10:42:25.5785657,2026-05-16 10:42:25.5785657
1680,Rahul,Iyer,1987-05-17,HGQXJ6401K,rahul.iyer72@gmail.com,8178502738,VERIFIED,BR003,2026-05-16 10:42:25.5785657,2026-05-16 10:42:25.5785657
1681,Vikram,Patel,1987-10-19,ZKFJL5050H,vikram.patel22@gmail.com,9780471553,PENDING,BR004,2026-05-16 10:42:25.5785657,2026-05-16 10:42:25.5785657
1682,Rahul,Desai,1967-08-02,MJPRU7805M,rahul.desai52@gmail.com,8764154091,VERIFIED,BR004,2026-05-16 10:42:25.5785657,2026-05-16 10:42:25.5785657
1683,Neha,Singh,1977-04-04,HKJZO5259O,neha.singh63@gmail.com,9794863695,VERIFIED,BR002,2026-05-16 10:42:25.5785657,2026-05-16 10:42:25.5785657
1684,Priya,Verma,1987-07-03,DINDD0188X,priya.verma95@gmail.com,9519232791,REJECTED,BR004,2026-05-16 10:42:25.5785657,2026-05-16 10:42:25.5785657
1685,Kavita,Kumar,1961-01-02,JLXGV9541X,kavita.kumar71@gmail.com,9016617843,VERIFIED,BR002,2026-05-16 10:42:25.5785657,2026-05-16 10:42:25.5785657
1686,Anjali,Jain,1977-10-13,ZTDWR7012B,anjali.jain49@gmail.com,8803799773,VERIFIED,BR002,2026-05-16 10:42:25.5785657,2026-05-16 10:42:25.5785657
1687,Priya,Sharma,1968-12-17,MEMDX4495O,priya.sharma42@gmail.com,9941723298,VERIFIED,BR002,2026-05-16 10:42:25.5785657,2026-05-16 10:42:25.5785657
1688,Suresh,Sharma,1999-08-09,MVWDC8115I,suresh.sharma6@gmail.com,9068679581,PENDING,BR002,2026-05-16 10:42:25.5785657,2026-05-16 10:42:25.5785657
1689,Ramesh,Singh,2000-12-09,ORFZA7192P,ramesh.singh34@gmail.com,9642847181,VERIFIED,BR004,2026-05-16 10:42:25.5785657,2026-05-16 10:42:25.5785657
1690,Vikram,Reddy,1960-02-07,RXARR3598E,vikram.reddy35@gmail.com,9374020803,VERIFIED,BR003,2026-05-16 10:42:25.5785657,2026-05-16 10:42:25.5785657
1691,Amit,Sharma,1989-10-06,ALSMQ2630T,amit.sharma94@gmail.com,9463112513,PENDING,BR003,2026-05-16 10:42:25.5785657,2026-05-16 10:42:25.5785657
1692,Rahul,Kumar,1972-10-23,YITTY5206K,rahul.kumar38@gmail.com,9353584403,VERIFIED,BR001,2026-05-16 10:42:25.5785657,2026-05-16 10:42:25.5785657
1693,Priya,Singh,1971-09-26,UTOPC2273A,priya.singh12@gmail.com,9663655997,VERIFIED,BR002,2026-05-16 10:42:25.5785657,2026-05-16 10:42:25.5785657
1694,Ramesh,Mehta,1989-11-05,WEUHT6144Z,ramesh.mehta39@gmail.com,9287147467,VERIFIED,BR004,2026-05-16 10:42:25.5785657,2026-05-16 10:42:25.5785657
1695,Priya,Sharma,1976-02-28,XXPJC3143I,priya.sharma36@gmail.com,9178470515,PENDING,BR004,2026-05-16 10:42:25.5785657,2026-05-16 10:42:25.5785657
1696,Amit,Yadav,1986-03-05,OKTVP4403O,amit.yadav96@gmail.com,9667516412,VERIFIED,BR001,2026-05-16 10:42:25.5785657,2026-05-16 10:42:25.5785657
1697,Ramesh,Singh,1971-02-12,RQSYN6040Z,ramesh.singh18@gmail.com,9670587383,PENDING,BR003,2026-05-16 10:42:25.5785657,2026-05-16 10:42:25.5785657
1698,Suresh,Kumar,1989-08-19,MDDXV5200B,suresh.kumar80@gmail.com,8382776844,VERIFIED,BR004,2026-05-16 10:42:25.5785657,2026-05-16 10:42:25.5785657
1699,Amit,Yadav,1993-06-15,NNKMS8357A,amit.yadav34@gmail.com,9202527037,VERIFIED,BR001,2026-05-16 10:42:25.5785657,2026-05-16 10:42:25.5785657
1700,Rohit,Desai,1994-01-26,CREEK0825O,rohit.desai99@gmail.com,9739171536,PENDING,BR003,2026-05-16 10:42:25.5785657,2026-05-16 10:42:25.5785657
1701,Pooja,Desai,1964-07-01,TLVIX8209I,pooja.desai19@gmail.com,9777416758,VERIFIED,BR004,2026-05-16 10:42:25.5785657,2026-05-16 10:42:25.5785657
1702,Rohit,Sharma,1977-11-26,WCNAD1468X,rohit.sharma96@gmail.com,9164306048,VERIFIED,BR002,2026-05-16 10:42:25.5785657,2026-05-16 10:42:25.5785657
1703,Kavita,Yadav,1978-08-28,PMQZJ6633E,kavita.yadav52@gmail.com,9754622329,VERIFIED,BR001,2026-05-16 10:42:25.5785657,2026-05-16 10:42:25.5785657
1704,Priya,Verma,1965-11-04,DEVSE0412U,priya.verma64@gmail.com,8486820187,VERIFIED,BR004,2026-05-16 10:42:25.5785657,2026-05-16 10:42:25.5785657
1705,Pooja,Iyer,1977-08-10,WOCUD4197O,pooja.iyer81@gmail.com,9262488312,VERIFIED,BR001,2026-05-16 10:42:25.5785657,2026-05-16 10:42:25.5785657
1706,Rohit,Desai,1980-05-03,ZMWPF5800U,rohit.desai3@gmail.com,9421389240,PENDING,BR001,2026-05-16 10:42:25.5785657,2026-05-16 10:42:25.5785657
1707,Pooja,Verma,1973-06-29,WLKMP7903Q,pooja.verma68@gmail.com,9436840919,VERIFIED,BR001,2026-05-16 10:42:25.5785657,2026-05-16 10:42:25.5785657
1708,Sneha,Mehta,1976-09-25,PPRVM7543C,sneha.mehta69@gmail.com,9349403635,VERIFIED,BR002,2026-05-16 10:42:25.5785657,2026-05-16 10:42:25.5785657
1709,Priya,Singh,1984-09-19,GQXDQ6441X,priya.singh8@gmail.com,9310054382,VERIFIED,BR003,2026-05-16 10:42:25.5785657,2026-05-16 10:42:25.5785657
1710,Pooja,Iyer,1997-10-31,EIGFX3686E,pooja.iyer90@gmail.com,8697777283,VERIFIED,BR003,2026-05-16 10:42:25.5785657,2026-05-16 10:42:25.5785657
1711,Anjali,Gupta,1990-01-02,WSKKY6349F,anjali.gupta45@gmail.com,9814283730,VERIFIED,BR004,2026-05-16 10:42:25.5785657,2026-05-16 10:42:25.5785657
1712,Rahul,Kumar,1966-11-30,QHTRD1614P,rahul.kumar6@gmail.com,9856051655,PENDING,BR002,2026-05-16 10:42:25.5785657,2026-05-16 10:42:25.5785657
1713,Rahul,Jain,1982-05-25,HFBAW3188B,rahul.jain9@gmail.com,9575645552,VERIFIED,BR003,2026-05-16 10:42:25.5785657,2026-05-16 10:42:25.5785657
1714,Anjali,Singh,1988-08-21,UICFO4977Y,anjali.singh43@gmail.com,9816460305,VERIFIED,BR004,2026-05-16 10:42:25.5785657,2026-05-16 10:42:25.5785657
1715,Ramesh,Iyer,1977-01-16,WGDRN6794O,ramesh.iyer16@gmail.com,9074710576,VERIFIED,BR004,2026-05-16 10:42:25.5785657,2026-05-16 10:42:25.5785657
1716,Neha,Kumar,1962-05-08,ZTZUP8155F,neha.kumar30@gmail.com,9314373661,VERIFIED,BR001,2026-05-16 10:42:25.5785657,2026-05-16 10:42:25.5785657
1717,Ramesh,Iyer,1971-06-18,QWXEH4570U,ramesh.iyer57@gmail.com,8814429429,VERIFIED,BR002,2026-05-16 10:42:25.5785657,2026-05-16 10:42:25.5785657
1718,Amit,Yadav,1963-11-04,JVDFZ7084J,amit.yadav86@gmail.com,9068951377,VERIFIED,BR003,2026-05-16 10:42:25.5785657,2026-05-16 10:42:25.5785657
1719,Amit,Mehta,1982-08-25,NCJTJ6174H,amit.mehta66@gmail.com,9498736943,VERIFIED,BR002,2026-05-16 10:42:25.5785657,2026-05-16 10:42:25.5785657
1720,Pooja,Patel,1998-11-04,DLXXY5694Y,pooja.patel85@gmail.com,9051486335,VERIFIED,BR002,2026-05-16 10:42:25.5785657,2026-05-16 10:42:25.5785657
1721,Rohit,Jain,1977-11-04,AUYCI9107V,rohit.jain54@gmail.com,9447264589,VERIFIED,BR003,2026-05-16 10:42:25.5785657,2026-05-16 10:42:25.5785657
1722,Rohit,Sharma,1971-09-05,XDOZZ7894V,rohit.sharma99@gmail.com,8202999436,VERIFIED,BR003,2026-05-16 10:42:25.5785657,2026-05-16 10:42:25.5785657
1723,Rahul,Iyer,1989-03-31,SWSII8961M,rahul.iyer23@gmail.com,8105002477,VERIFIED,BR002,2026-05-16 10:42:25.5785657,2026-05-16 10:42:25.5785657
1724,Vikram,Kumar,1974-11-25,LFOUQ6874G,vikram.kumar53@gmail.com,9158929611,PENDING,BR004,2026-05-16 10:42:25.5785657,2026-05-16 10:42:25.5785657
1725,Ramesh,Kumar,1983-10-15,WCNKS8552Q,ramesh.kumar66@gmail.com,9335448832,PENDING,BR002,2026-05-16 10:42:25.5785657,2026-05-16 10:42:25.5785657
1726,Sneha,Yadav,1980-02-23,ONTEA7527X,sneha.yadav33@gmail.com,9003635634,VERIFIED,BR003,2026-05-16 10:42:25.5785657,2026-05-16 10:42:25.5785657
1727,Priya,Verma,1993-05-28,KNTVG5179O,priya.verma80@gmail.com,9547572803,VERIFIED,BR002,2026-05-16 10:42:25.5785657,2026-05-16 10:42:25.5785657
1728,Kavita,Singh,1999-05-23,HTLZU9586R,kavita.singh57@gmail.com,9176569628,VERIFIED,BR003,2026-05-16 10:42:25.5785657,2026-05-16 10:42:25.5785657
1729,Suresh,Patel,1989-08-11,VGHRV5137D,suresh.patel6@gmail.com,9034867994,PENDING,BR004,2026-05-16 10:42:25.5785657,2026-05-16 10:42:25.5785657
1730,Rohit,Reddy,1997-09-03,IPVJC7800E,rohit.reddy38@gmail.com,8729143246,VERIFIED,BR002,2026-05-16 10:42:25.5785657,2026-05-16 10:42:25.5785657
1731,Priya,Sharma,1983-08-08,MLJNP5324N,priya.sharma19@gmail.com,9623842807,VERIFIED,BR004,2026-05-16 10:42:25.5785657,2026-05-16 10:42:25.5785657
1732,Suresh,Gupta,1960-08-30,ZRYTK1544W,suresh.gupta33@gmail.com,9952417117,VERIFIED,BR002,2026-05-16 10:42:25.5785657,2026-05-16 10:42:25.5785657
1733,Priya,Reddy,1975-08-01,NNSLA1591N,priya.reddy9@gmail.com,9929262754,VERIFIED,BR002,2026-05-16 10:42:25.5785657,2026-05-16 10:42:25.5785657
1734,Pooja,Singh,1973-09-02,CJHND3320E,pooja.singh53@gmail.com,9694698926,VERIFIED,BR003,2026-05-16 10:42:25.5785657,2026-05-16 10:42:25.5785657
1735,Suresh,Sharma,1970-09-13,DPBXX2841L,suresh.sharma93@gmail.com,9439709947,VERIFIED,BR001,2026-05-16 10:42:25.5785657,2026-05-16 10:42:25.5785657
1736,Kavita,Kumar,1961-03-31,BBMIL3388E,kavita.kumar73@gmail.com,9496553867,VERIFIED,BR003,2026-05-16 10:42:25.5785657,2026-05-16 10:42:25.5785657
1737,Priya,Gupta,1963-05-11,TNLLL8376N,priya.gupta86@gmail.com,8500832239,VERIFIED,BR002,2026-05-16 10:42:25.5785657,2026-05-16 10:42:25.5785657
1738,Anjali,Iyer,1993-10-16,KXIBR4201A,anjali.iyer65@gmail.com,9846695912,VERIFIED,BR001,2026-05-16 10:42:25.5785657,2026-05-16 10:42:25.5785657
1739,Kavita,Verma,1990-01-14,OUSOD5165B,kavita.verma15@gmail.com,9780568799,VERIFIED,BR001,2026-05-16 10:42:25.5785657,2026-05-16 10:42:25.5785657
1740,Suresh,Patel,1964-07-13,YNTNA6592G,suresh.patel38@gmail.com,9769385665,VERIFIED,BR004,2026-05-16 10:42:25.5785657,2026-05-16 10:42:25.5785657
1741,Kavita,Iyer,1991-08-29,GSXLU6408A,kavita.iyer20@gmail.com,9101380203,VERIFIED,BR002,2026-05-16 10:42:25.5785657,2026-05-16 10:42:25.5785657
1742,Priya,Verma,1985-02-20,IEANJ0952F,priya.verma1@gmail.com,9102179308,VERIFIED,BR003,2026-05-16 10:42:25.5785657,2026-05-16 10:42:25.5785657
1743,Neha,Mehta,2000-11-25,GCHKE6300M,neha.mehta57@gmail.com,9215640765,VERIFIED,BR001,2026-05-16 10:42:25.5785657,2026-05-16 10:42:25.5785657
1744,Priya,Yadav,1988-11-11,CDXGY8025H,priya.yadav49@gmail.com,8694934268,VERIFIED,BR001,2026-05-16 10:42:25.5785657,2026-05-16 10:42:25.5785657
1745,Priya,Sharma,1992-07-11,MTKCB4444H,priya.sharma85@gmail.com,9072953174,VERIFIED,BR003,2026-05-16 10:42:25.5785657,2026-05-16 10:42:25.5785657
1746,Pooja,Iyer,1978-05-30,XAOPC7615O,pooja.iyer69@gmail.com,9419913379,VERIFIED,BR003,2026-05-16 10:42:25.5785657,2026-05-16 10:42:25.5785657
1747,Ramesh,Verma,1998-04-13,CQFZJ9754R,ramesh.verma11@gmail.com,9791799663,VERIFIED,BR001,2026-05-16 10:42:25.5785657,2026-05-16 10:42:25.5785657
1748,Anjali,Reddy,1965-08-27,LAMVH9094T,anjali.reddy57@gmail.com,8340403503,VERIFIED,BR003,2026-05-16 10:42:25.5785657,2026-05-16 10:42:25.5785657
1749,Sneha,Yadav,1988-02-22,GRZVF8215C,sneha.yadav84@gmail.com,9075007829,VERIFIED,BR004,2026-05-16 10:42:25.5785657,2026-05-16 10:42:25.5785657
1750,Rohit,Verma,1991-11-22,HKDDO2469K,rohit.verma2@gmail.com,9427124202,VERIFIED,BR001,2026-05-16 10:42:25.5785657,2026-05-16 10:42:25.5785657
1751,Amit,Desai,1962-09-03,WYQZS2632T,amit.desai6@gmail.com,9632615883,VERIFIED,BR004,2026-05-16 10:42:25.5785657,2026-05-16 10:42:25.5785657
1752,Ramesh,Mehta,1974-02-07,IXDXP0015W,ramesh.mehta55@gmail.com,9877486797,VERIFIED,BR002,2026-05-16 10:42:25.5785657,2026-05-16 10:42:25.5785657
1753,Amit,Singh,1987-07-19,STNUQ0086V,amit.singh69@gmail.com,9961011851,VERIFIED,BR004,2026-05-16 10:42:25.5785657,2026-05-16 10:42:25.5785657
1754,Pooja,Iyer,2000-10-03,DZJPK8891L,pooja.iyer10@gmail.com,9789797452,VERIFIED,BR003,2026-05-16 10:42:25.5785657,2026-05-16 10:42:25.5785657
1755,Anjali,Patel,1996-08-03,YLFAH9306J,anjali.patel34@gmail.com,9220895864,VERIFIED,BR001,2026-05-16 10:42:25.5785657,2026-05-16 10:42:25.5785657
1756,Priya,Mehta,1960-12-18,VFZZA4760U,priya.mehta29@gmail.com,9660310304,VERIFIED,BR004,2026-05-16 10:42:25.5785657,2026-05-16 10:42:25.5785657
1757,Rahul,Yadav,1984-07-13,KWOMO6565C,rahul.yadav55@gmail.com,9956748925,VERIFIED,BR003,2026-05-16 10:42:25.5785657,2026-05-16 10:42:25.5785657
1758,Rohit,Desai,1979-12-14,PTDYW8728A,rohit.desai47@gmail.com,9640841551,VERIFIED,BR003,2026-05-16 10:42:25.5785657,2026-05-16 10:42:25.5785657
1759,Neha,Sharma,1981-09-24,ZSNGO4969B,neha.sharma74@gmail.com,9687474674,PENDING,BR004,2026-05-16 10:42:25.5785657,2026-05-16 10:42:25.5785657
1760,Rahul,Reddy,1980-06-06,WIVKD5450X,rahul.reddy61@gmail.com,9016541234,VERIFIED,BR001,2026-05-16 10:42:25.5785657,2026-05-16 10:42:25.5785657
1761,Pooja,Patel,1999-06-25,FHKLA1050X,pooja.patel20@gmail.com,9921606460,VERIFIED,BR004,2026-05-16 10:42:25.5785657,2026-05-16 10:42:25.5785657
1762,Ramesh,Iyer,1992-12-09,FRYXF3060N,ramesh.iyer86@gmail.com,9994983568,VERIFIED,BR002,2026-05-16 10:42:25.5785657,2026-05-16 10:42:25.5785657
1763,Neha,Patel,1975-10-29,VPQIG1230K,neha.patel29@gmail.com,8327079070,VERIFIED,BR004,2026-05-16 10:42:25.5785657,2026-05-16 10:42:25.5785657
1764,Kavita,Mehta,1964-04-15,NGBPL0419B,kavita.mehta77@gmail.com,9071384462,VERIFIED,BR004,2026-05-16 10:42:25.5785657,2026-05-16 10:42:25.5785657
1765,Suresh,Yadav,1966-02-08,JXSUB8064D,suresh.yadav96@gmail.com,9397438378,VERIFIED,BR001,2026-05-16 10:42:25.5785657,2026-05-16 10:42:25.5785657
1766,Neha,Sharma,1976-07-20,ROHJC7256A,neha.sharma84@gmail.com,8300414133,VERIFIED,BR004,2026-05-16 10:42:25.5785657,2026-05-16 10:42:25.5785657
1767,Sneha,Kumar,1976-09-04,LMLQC6605S,sneha.kumar60@gmail.com,9134001376,VERIFIED,BR003,2026-05-16 10:42:25.5785657,2026-05-16 10:42:25.5785657
1768,Pooja,Desai,1978-02-10,FCPBU1562N,pooja.desai51@gmail.com,8963887033,VERIFIED,BR001,2026-05-16 10:42:25.5785657,2026-05-16 10:42:25.5785657
1769,Vikram,Iyer,1976-11-03,MQEDB1556L,vikram.iyer53@gmail.com,9719416442,PENDING,BR003,2026-05-16 10:42:25.5785657,2026-05-16 10:42:25.5785657
1770,Suresh,Kumar,1996-09-16,IXUDI3305V,suresh.kumar95@gmail.com,9589090137,VERIFIED,BR001,2026-05-16 10:42:25.5785657,2026-05-16 10:42:25.5785657
1771,Amit,Reddy,1978-03-29,DGVOB3962C,amit.reddy14@gmail.com,9764145586,VERIFIED,BR002,2026-05-16 10:42:25.5785657,2026-05-16 10:42:25.5785657
1772,Rohit,Sharma,1975-10-03,IRSZP3596N,rohit.sharma88@gmail.com,9667727721,VERIFIED,BR002,2026-05-16 10:42:25.5785657,2026-05-16 10:42:25.5785657
1773,Amit,Jain,1978-12-16,ICWXM9664G,amit.jain7@gmail.com,9144557571,VERIFIED,BR002,2026-05-16 10:42:25.5785657,2026-05-16 10:42:25.5785657
1774,Neha,Jain,1962-10-02,GTYIT2193C,neha.jain41@gmail.com,9592845931,VERIFIED,BR004,2026-05-16 10:42:25.5785657,2026-05-16 10:42:25.5785657
1775,Amit,Sharma,1996-12-30,JODLQ9391J,amit.sharma33@gmail.com,9134867649,VERIFIED,BR002,2026-05-16 10:42:25.5785657,2026-05-16 10:42:25.5785657
1776,Sneha,Desai,1965-01-18,EXSIO1089A,sneha.desai16@gmail.com,9261553595,VERIFIED,BR001,2026-05-16 10:42:25.5785657,2026-05-16 10:42:25.5785657
1777,Pooja,Gupta,1970-12-24,VDRXI2433F,pooja.gupta59@gmail.com,9012258635,VERIFIED,BR002,2026-05-16 10:42:25.5785657,2026-05-16 10:42:25.5785657
1778,Kavita,Kumar,1983-06-16,YZZWW0197G,kavita.kumar11@gmail.com,9491645844,VERIFIED,BR001,2026-05-16 10:42:25.5785657,2026-05-16 10:42:25.5785657
1779,Ramesh,Verma,1985-09-30,NSILQ9758J,ramesh.verma42@gmail.com,9747896260,VERIFIED,BR003,2026-05-16 10:42:25.5785657,2026-05-16 10:42:25.5785657
1780,Rohit,Patel,1971-11-24,UIBUW8982C,rohit.patel5@gmail.com,9990649578,VERIFIED,BR004,2026-05-16 10:42:25.5785657,2026-05-16 10:42:25.5785657
1781,Sneha,Iyer,1989-05-06,UUPEK8735F,sneha.iyer4@gmail.com,8917411716,VERIFIED,BR003,2026-05-16 10:42:25.5785657,2026-05-16 10:42:25.5785657
1782,Sneha,Gupta,1999-08-25,IJSSM2495B,sneha.gupta64@gmail.com,9722541352,VERIFIED,BR003,2026-05-16 10:42:25.5785657,2026-05-16 10:42:25.5785657
1783,Amit,Verma,1989-07-19,FXLGF4318I,amit.verma56@gmail.com,9668701349,VERIFIED,BR002,2026-05-16 10:42:25.5785657,2026-05-16 10:42:25.5785657
1784,Amit,Yadav,1987-05-06,ODCLJ5464O,amit.yadav2@gmail.com,8563482125,VERIFIED,BR002,2026-05-16 10:42:25.5785657,2026-05-16 10:42:25.5785657
1785,Neha,Iyer,1965-09-20,LJMHA4209J,neha.iyer11@gmail.com,9504562266,REJECTED,BR002,2026-05-16 10:42:25.5785657,2026-05-16 10:42:25.5785657
1786,Ramesh,Iyer,1980-02-14,VNQUY0002G,ramesh.iyer89@gmail.com,9580589489,VERIFIED,BR003,2026-05-16 10:42:25.5785657,2026-05-16 10:42:25.5785657
1787,Rahul,Jain,1999-05-09,RGTTV1618W,rahul.jain59@gmail.com,9579683038,VERIFIED,BR004,2026-05-16 10:42:25.5785657,2026-05-16 10:42:25.5785657
1788,Amit,Desai,1984-11-21,TXAHV7445U,amit.desai45@gmail.com,8833676814,VERIFIED,BR004,2026-05-16 10:42:25.5785657,2026-05-16 10:42:25.5785657
1789,Pooja,Yadav,1966-10-14,ARZYW2722S,pooja.yadav97@gmail.com,9723251049,VERIFIED,BR003,2026-05-16 10:42:25.5785657,2026-05-16 10:42:25.5785657
1790,Vikram,Patel,1969-03-06,UTSLU3176G,vikram.patel15@gmail.com,9641163970,VERIFIED,BR004,2026-05-16 10:42:25.5785657,2026-05-16 10:42:25.5785657
1791,Rohit,Singh,1980-05-27,LWADW3746L,rohit.singh91@gmail.com,9992010430,VERIFIED,BR003,2026-05-16 10:42:25.5785657,2026-05-16 10:42:25.5785657
1792,Priya,Verma,1965-02-11,IKRKU5307E,priya.verma96@gmail.com,9888967662,VERIFIED,BR003,2026-05-16 10:42:25.5785657,2026-05-16 10:42:25.5785657
1793,Amit,Jain,1970-04-25,DYIQP6892M,amit.jain69@gmail.com,9503225661,PENDING,BR004,2026-05-16 10:42:25.5785657,2026-05-16 10:42:25.5785657
1794,Pooja,Iyer,1997-03-24,BKMIZ6316F,pooja.iyer1@gmail.com,9480784804,VERIFIED,BR001,2026-05-16 10:42:25.5785657,2026-05-16 10:42:25.5785657
1795,Pooja,Gupta,1979-10-03,ARMEB9226C,pooja.gupta1@gmail.com,9896938358,VERIFIED,BR001,2026-05-16 10:42:25.5785657,2026-05-16 10:42:25.5785657
1796,Rohit,Jain,1962-04-23,LJAIX3914X,rohit.jain58@gmail.com,9811239321,PENDING,BR002,2026-05-16 10:42:25.5785657,2026-05-16 10:42:25.5785657
1797,Rahul,Verma,1964-12-17,BYWDF4746J,rahul.verma61@gmail.com,9399371853,VERIFIED,BR004,2026-05-16 10:42:25.5785657,2026-05-16 10:42:25.5785657
1798,Pooja,Verma,1966-01-25,PNRHA1038Q,pooja.verma71@gmail.com,9045192043,VERIFIED,BR002,2026-05-16 10:42:25.5785657,2026-05-16 10:42:25.5785657
1799,Vikram,Desai,1960-05-10,IOMMB0693W,vikram.desai33@gmail.com,9943675704,VERIFIED,BR003,2026-05-16 10:42:25.5785657,2026-05-16 10:42:25.5785657
1800,Pooja,Iyer,1979-06-21,UKVWK1643V,pooja.iyer23@gmail.com,9841785408,VERIFIED,BR001,2026-05-16 10:42:25.5785657,2026-05-16 10:42:25.5785657
1801,Pooja,Yadav,1995-01-31,EOKYG8262C,pooja.yadav65@gmail.com,9608965681,VERIFIED,BR004,2026-05-16 10:42:25.5785657,2026-05-16 10:42:25.5785657
1802,Pooja,Kumar,1961-11-27,SSFMZ5901Y,pooja.kumar37@gmail.com,8996443276,VERIFIED,BR004,2026-05-16 10:42:25.5785657,2026-05-16 10:42:25.5785657
1803,Kavita,Singh,1987-05-28,UKEFB0664K,kavita.singh48@gmail.com,9590650150,PENDING,BR004,2026-05-16 10:42:25.5785657,2026-05-16 10:42:25.5785657
1804,Kavita,Desai,1969-02-05,TWKAC9374C,kavita.desai47@gmail.com,9309751427,REJECTED,BR001,2026-05-16 10:42:25.5785657,2026-05-16 10:42:25.5785657
1805,Rahul,Reddy,1961-12-15,CRSLM2186F,rahul.reddy59@gmail.com,9395365529,PENDING,BR002,2026-05-16 10:42:25.5785657,2026-05-16 10:42:25.5785657
1806,Amit,Iyer,1966-09-27,HNKCT6132B,amit.iyer56@gmail.com,8693544651,VERIFIED,BR001,2026-05-16 10:42:25.5785657,2026-05-16 10:42:25.5785657
1807,Pooja,Desai,1982-08-02,XNLBQ5661W,pooja.desai14@gmail.com,9696353433,VERIFIED,BR002,2026-05-16 10:42:25.5785657,2026-05-16 10:42:25.5785657
1808,Ramesh,Patel,1973-07-10,IBAUT9320N,ramesh.patel68@gmail.com,9289039592,VERIFIED,BR003,2026-05-16 10:42:25.5785657,2026-05-16 10:42:25.5785657
1809,Amit,Singh,1961-10-22,AAVRB9086X,amit.singh81@gmail.com,9310089679,VERIFIED,BR003,2026-05-16 10:42:25.5785657,2026-05-16 10:42:25.5785657
1810,Rahul,Jain,1965-09-19,EKCIO1259D,rahul.jain55@gmail.com,9033388803,VERIFIED,BR002,2026-05-16 10:42:25.5785657,2026-05-16 10:42:25.5785657
1811,Anjali,Sharma,1989-01-31,GCIAR0226I,anjali.sharma62@gmail.com,9053343558,PENDING,BR003,2026-05-16 10:42:25.5785657,2026-05-16 10:42:25.5785657
1812,Amit,Reddy,1969-10-29,QJBFH5915S,amit.reddy62@gmail.com,9462064215,VERIFIED,BR003,2026-05-16 10:42:25.5785657,2026-05-16 10:42:25.5785657
1813,Amit,Mehta,1982-10-10,EYPZS6963U,amit.mehta6@gmail.com,9573167593,PENDING,BR004,2026-05-16 10:42:25.5785657,2026-05-16 10:42:25.5785657
1814,Suresh,Desai,1985-02-06,TRZRB0945X,suresh.desai56@gmail.com,9850492078,PENDING,BR004,2026-05-16 10:42:25.5785657,2026-05-16 10:42:25.5785657
1815,Neha,Verma,1977-02-02,GPZGQ8377T,neha.verma55@gmail.com,9162006044,REJECTED,BR001,2026-05-16 10:42:25.5785657,2026-05-16 10:42:25.5785657
1816,Priya,Kumar,1960-06-09,CDMFJ6279O,priya.kumar63@gmail.com,9624991282,PENDING,BR001,2026-05-16 10:42:25.5785657,2026-05-16 10:42:25.5785657
1817,Suresh,Sharma,1996-02-21,TIHQT5962A,suresh.sharma17@gmail.com,9692931497,VERIFIED,BR001,2026-05-16 10:42:25.5785657,2026-05-16 10:42:25.5785657
1818,Vikram,Desai,1996-02-01,FTIFB9986H,vikram.desai89@gmail.com,9238714684,VERIFIED,BR004,2026-05-16 10:42:25.5785657,2026-05-16 10:42:25.5785657
1819,Kavita,Desai,1988-08-09,PJILA8016E,kavita.desai12@gmail.com,9485457990,VERIFIED,BR001,2026-05-16 10:42:25.5785657,2026-05-16 10:42:25.5785657
1820,Kavita,Gupta,1980-04-30,YDEOU2544F,kavita.gupta78@gmail.com,8717672586,VERIFIED,BR001,2026-05-16 10:42:25.5785657,2026-05-16 10:42:25.5785657
1821,Neha,Gupta,1980-03-05,SGEGH4627C,neha.gupta93@gmail.com,9389826979,VERIFIED,BR004,2026-05-16 10:42:25.5785657,2026-05-16 10:42:25.5785657
1822,Rohit,Sharma,1964-12-20,YJJMK6419P,rohit.sharma21@gmail.com,8884372519,VERIFIED,BR002,2026-05-16 10:42:25.5785657,2026-05-16 10:42:25.5785657
1823,Rohit,Yadav,1983-06-18,AJWTX5172O,rohit.yadav23@gmail.com,9978981689,PENDING,BR004,2026-05-16 10:42:25.5785657,2026-05-16 10:42:25.5785657
1824,Rahul,Jain,1988-12-29,HHOMI7190Q,rahul.jain71@gmail.com,9892486310,VERIFIED,BR002,2026-05-16 10:42:25.5785657,2026-05-16 10:42:25.5785657
1825,Sneha,Gupta,1975-05-25,SJKKK7339C,sneha.gupta98@gmail.com,9089413452,VERIFIED,BR004,2026-05-16 10:42:25.5785657,2026-05-16 10:42:25.5785657
1826,Neha,Verma,1974-09-01,KBXKO1429X,neha.verma30@gmail.com,9762862944,VERIFIED,BR001,2026-05-16 10:42:25.5785657,2026-05-16 10:42:25.5785657
1827,Priya,Reddy,1981-05-24,JSQJB3424L,priya.reddy39@gmail.com,9686062972,VERIFIED,BR003,2026-05-16 10:42:25.5785657,2026-05-16 10:42:25.5785657
1828,Amit,Mehta,1971-05-28,QRSQG4626V,amit.mehta76@gmail.com,9814142861,VERIFIED,BR003,2026-05-16 10:42:25.5785657,2026-05-16 10:42:25.5785657
1829,Rohit,Singh,1979-06-21,VAUQX3595G,rohit.singh16@gmail.com,9603154750,VERIFIED,BR002,2026-05-16 10:42:25.5785657,2026-05-16 10:42:25.5785657
1830,Priya,Mehta,1962-07-01,WELRN5857Y,priya.mehta34@gmail.com,9320360931,VERIFIED,BR002,2026-05-16 10:42:25.5785657,2026-05-16 10:42:25.5785657
1831,Pooja,Mehta,1995-09-24,WSCQU3179M,pooja.mehta27@gmail.com,9140421395,VERIFIED,BR002,2026-05-16 10:42:25.5785657,2026-05-16 10:42:25.5785657
1832,Sneha,Singh,1969-12-02,SAEMC7442N,sneha.singh2@gmail.com,9111787436,VERIFIED,BR003,2026-05-16 10:42:25.5785657,2026-05-16 10:42:25.5785657
1833,Ramesh,Gupta,1971-07-23,EJSFE9481B,ramesh.gupta82@gmail.com,9941153999,VERIFIED,BR002,2026-05-16 10:42:25.5785657,2026-05-16 10:42:25.5785657
1834,Amit,Sharma,1977-04-05,TVEZW4916C,amit.sharma76@gmail.com,9212736404,VERIFIED,BR004,2026-05-16 10:42:25.5785657,2026-05-16 10:42:25.5785657
1835,Vikram,Singh,1996-03-26,HJHIP4610Y,vikram.singh20@gmail.com,8310747876,VERIFIED,BR004,2026-05-16 10:42:25.5785657,2026-05-16 10:42:25.5785657
1836,Pooja,Jain,1994-06-17,YRUBF7359I,pooja.jain15@gmail.com,9458018723,VERIFIED,BR003,2026-05-16 10:42:25.5785657,2026-05-16 10:42:25.5785657
1837,Pooja,Jain,1964-04-07,YMILJ8989V,pooja.jain47@gmail.com,8102015873,VERIFIED,BR004,2026-05-16 10:42:25.5785657,2026-05-16 10:42:25.5785657
1838,Neha,Iyer,1976-04-03,KPZWU0848E,neha.iyer21@gmail.com,9192509804,VERIFIED,BR002,2026-05-16 10:42:25.5785657,2026-05-16 10:42:25.5785657
1839,Sneha,Patel,1976-08-23,ADNYT2468Q,sneha.patel58@gmail.com,9863613226,VERIFIED,BR003,2026-05-16 10:42:25.5785657,2026-05-16 10:42:25.5785657
1840,Rahul,Yadav,1960-04-02,KEZYV0308K,rahul.yadav23@gmail.com,9310362916,VERIFIED,BR002,2026-05-16 10:42:25.5785657,2026-05-16 10:42:25.5785657
1841,Vikram,Reddy,1988-02-09,RGMTU3994V,vikram.reddy96@gmail.com,9208248506,VERIFIED,BR004,2026-05-16 10:42:25.5785657,2026-05-16 10:42:25.5785657
1842,Rohit,Kumar,1991-12-27,WXTHF1558Q,rohit.kumar47@gmail.com,8372660324,VERIFIED,BR002,2026-05-16 10:42:25.5785657,2026-05-16 10:42:25.5785657
1843,Priya,Gupta,1994-07-01,AMCVZ9489P,priya.gupta80@gmail.com,9991505635,VERIFIED,BR003,2026-05-16 10:42:25.5785657,2026-05-16 10:42:25.5785657
1844,Neha,Yadav,1978-01-11,RGFTR0471K,neha.yadav63@gmail.com,9142594540,VERIFIED,BR002,2026-05-16 10:42:25.5785657,2026-05-16 10:42:25.5785657
1845,Rohit,Singh,1962-11-04,XTFGM8115X,rohit.singh69@gmail.com,9802850831,VERIFIED,BR004,2026-05-16 10:42:25.5785657,2026-05-16 10:42:25.5785657
1846,Neha,Patel,1966-05-21,MUIFO9039X,neha.patel29@gmail.com,9411886403,VERIFIED,BR001,2026-05-16 10:42:25.5785657,2026-05-16 10:42:25.5785657
1847,Neha,Kumar,1983-01-14,TJQOW8210C,neha.kumar26@gmail.com,9923263037,VERIFIED,BR003,2026-05-16 10:42:25.5785657,2026-05-16 10:42:25.5785657
1848,Neha,Reddy,1966-04-17,IPEYO1337J,neha.reddy55@gmail.com,9665842048,VERIFIED,BR002,2026-05-16 10:42:25.5785657,2026-05-16 10:42:25.5785657
1849,Sneha,Reddy,1972-03-05,BNWZI3675T,sneha.reddy60@gmail.com,9298417248,VERIFIED,BR003,2026-05-16 10:42:25.5785657,2026-05-16 10:42:25.5785657
1850,Rahul,Gupta,1995-06-24,PCAWI8226E,rahul.gupta36@gmail.com,9081683043,VERIFIED,BR002,2026-05-16 10:42:25.5785657,2026-05-16 10:42:25.5785657
1851,Neha,Singh,2000-05-28,PDRUS5391W,neha.singh89@gmail.com,9314892298,VERIFIED,BR001,2026-05-16 10:42:25.5785657,2026-05-16 10:42:25.5785657
1852,Anjali,Yadav,1960-02-01,OQFHZ0817X,anjali.yadav7@gmail.com,9329413316,VERIFIED,BR004,2026-05-16 10:42:25.5785657,2026-05-16 10:42:25.5785657
1853,Ramesh,Sharma,1973-07-04,YFTYU8728F,ramesh.sharma68@gmail.com,9852468766,VERIFIED,BR002,2026-05-16 10:42:25.5785657,2026-05-16 10:42:25.5785657
1854,Rohit,Yadav,1972-05-06,ZOIRZ7352W,rohit.yadav87@gmail.com,9448706293,VERIFIED,BR002,2026-05-16 10:42:25.5785657,2026-05-16 10:42:25.5785657
1855,Amit,Yadav,1996-01-03,XSOCI7809J,amit.yadav74@gmail.com,9006023306,VERIFIED,BR001,2026-05-16 10:42:25.5785657,2026-05-16 10:42:25.5785657
1856,Suresh,Reddy,1995-10-02,LEDSH1277A,suresh.reddy14@gmail.com,9769810456,VERIFIED,BR003,2026-05-16 10:42:25.5785657,2026-05-16 10:42:25.5785657
1857,Priya,Sharma,1970-10-05,JWCUW3961B,priya.sharma22@gmail.com,9615286655,VERIFIED,BR004,2026-05-16 10:42:25.5785657,2026-05-16 10:42:25.5785657
1858,Vikram,Sharma,1977-07-17,CZEBZ6596M,vikram.sharma88@gmail.com,8377833129,VERIFIED,BR002,2026-05-16 10:42:25.5785657,2026-05-16 10:42:25.5785657
1859,Kavita,Gupta,1973-11-13,GDKHP1779V,kavita.gupta99@gmail.com,9124331575,VERIFIED,BR002,2026-05-16 10:42:25.5785657,2026-05-16 10:42:25.5785657
1860,Rahul,Kumar,1989-12-10,RUWQH6310P,rahul.kumar6@gmail.com,9869214470,VERIFIED,BR004,2026-05-16 10:42:25.5785657,2026-05-16 10:42:25.5785657
1861,Amit,Desai,1962-03-02,QXFPZ4605M,amit.desai45@gmail.com,9001626994,PENDING,BR001,2026-05-16 10:42:25.5785657,2026-05-16 10:42:25.5785657
1862,Pooja,Mehta,1973-10-07,MQLOC0971W,pooja.mehta76@gmail.com,9766202583,VERIFIED,BR003,2026-05-16 10:42:25.5785657,2026-05-16 10:42:25.5785657
1863,Anjali,Mehta,1975-10-24,AONVM5577D,anjali.mehta75@gmail.com,9677455668,VERIFIED,BR004,2026-05-16 10:42:25.5785657,2026-05-16 10:42:25.5785657
1864,Kavita,Reddy,1976-10-04,TFRDW6043B,kavita.reddy35@gmail.com,9951182613,VERIFIED,BR003,2026-05-16 10:42:25.5785657,2026-05-16 10:42:25.5785657
1865,Suresh,Desai,1999-04-27,DFEOW0953R,suresh.desai37@gmail.com,9271001974,PENDING,BR001,2026-05-16 10:42:25.5785657,2026-05-16 10:42:25.5785657
1866,Amit,Kumar,1986-10-11,EZRGB9925E,amit.kumar89@gmail.com,9894555799,VERIFIED,BR001,2026-05-16 10:42:25.5785657,2026-05-16 10:42:25.5785657
1867,Kavita,Desai,1991-10-21,PSNZJ5208H,kavita.desai60@gmail.com,9213741560,REJECTED,BR004,2026-05-16 10:42:25.5785657,2026-05-16 10:42:25.5785657
1868,Amit,Gupta,1973-02-25,ADWFD5527N,amit.gupta81@gmail.com,9881872331,PENDING,BR002,2026-05-16 10:42:25.5785657,2026-05-16 10:42:25.5785657
1869,Priya,Yadav,1978-12-11,BGJXK0246R,priya.yadav99@gmail.com,9845113221,VERIFIED,BR001,2026-05-16 10:42:25.5785657,2026-05-16 10:42:25.5785657
1870,Anjali,Reddy,1997-04-24,FQHQQ7565F,anjali.reddy51@gmail.com,9186491239,PENDING,BR001,2026-05-16 10:42:25.5785657,2026-05-16 10:42:25.5785657
1871,Suresh,Sharma,1992-01-28,KDZLA6011R,suresh.sharma76@gmail.com,9162164845,VERIFIED,BR004,2026-05-16 10:42:25.5785657,2026-05-16 10:42:25.5785657
1872,Pooja,Jain,1989-01-29,KICXU1720H,pooja.jain95@gmail.com,9080136242,PENDING,BR004,2026-05-16 10:42:25.5785657,2026-05-16 10:42:25.5785657
1873,Neha,Reddy,1995-10-25,JCYES3845W,neha.reddy69@gmail.com,9116132601,VERIFIED,BR004,2026-05-16 10:42:25.5785657,2026-05-16 10:42:25.5785657
1874,Rohit,Mehta,1977-04-04,OHHCB3718V,rohit.mehta70@gmail.com,9377088452,VERIFIED,BR001,2026-05-16 10:42:25.5785657,2026-05-16 10:42:25.5785657
1875,Pooja,Kumar,1972-09-25,ZNPWM1051E,pooja.kumar4@gmail.com,8430394663,VERIFIED,BR003,2026-05-16 10:42:25.5785657,2026-05-16 10:42:25.5785657
1876,Neha,Desai,1966-01-21,DOGXQ3764O,neha.desai12@gmail.com,8106323047,VERIFIED,BR001,2026-05-16 10:42:25.5785657,2026-05-16 10:42:25.5785657
1877,Sneha,Kumar,1977-04-19,EZUNH4988J,sneha.kumar23@gmail.com,9675595345,VERIFIED,BR004,2026-05-16 10:42:25.5785657,2026-05-16 10:42:25.5785657
1878,Sneha,Gupta,1999-05-09,QCHUV6020S,sneha.gupta86@gmail.com,9453556999,VERIFIED,BR002,2026-05-16 10:42:25.5785657,2026-05-16 10:42:25.5785657
1879,Sneha,Reddy,1981-11-22,BTOMW9457P,sneha.reddy22@gmail.com,9185586212,VERIFIED,BR002,2026-05-16 10:42:25.5785657,2026-05-16 10:42:25.5785657
1880,Rahul,Singh,1975-12-03,MRRND0180N,rahul.singh44@gmail.com,9656023183,VERIFIED,BR004,2026-05-16 10:42:25.5785657,2026-05-16 10:42:25.5785657
1881,Ramesh,Reddy,1987-04-08,STGTY8856T,ramesh.reddy97@gmail.com,9798922141,VERIFIED,BR002,2026-05-16 10:42:25.5785657,2026-05-16 10:42:25.5785657
1882,Vikram,Sharma,1995-03-26,LEYTX1313B,vikram.sharma52@gmail.com,9754958935,VERIFIED,BR001,2026-05-16 10:42:25.5785657,2026-05-16 10:42:25.5785657
1883,Vikram,Reddy,1974-05-26,KJJCX2571J,vikram.reddy17@gmail.com,9720107638,VERIFIED,BR003,2026-05-16 10:42:25.5785657,2026-05-16 10:42:25.5785657
1884,Sneha,Patel,1971-01-25,MGAQK9995B,sneha.patel8@gmail.com,9072479762,VERIFIED,BR001,2026-05-16 10:42:25.5785657,2026-05-16 10:42:25.5785657
1885,Rohit,Gupta,1960-11-01,YXWBA4213X,rohit.gupta69@gmail.com,8385054222,VERIFIED,BR004,2026-05-16 10:42:25.5785657,2026-05-16 10:42:25.5785657
1886,Suresh,Verma,1970-09-28,EJCMC5114E,suresh.verma28@gmail.com,9450955334,VERIFIED,BR001,2026-05-16 10:42:25.5785657,2026-05-16 10:42:25.5785657
1887,Anjali,Gupta,1986-02-01,UGMJJ8529V,anjali.gupta54@gmail.com,9135291223,VERIFIED,BR002,2026-05-16 10:42:25.5785657,2026-05-16 10:42:25.5785657
1888,Suresh,Desai,1961-11-02,VEJLJ8110M,suresh.desai13@gmail.com,9717950190,REJECTED,BR001,2026-05-16 10:42:25.5785657,2026-05-16 10:42:25.5785657
1889,Anjali,Jain,1964-11-09,KIARY9914P,anjali.jain96@gmail.com,9655605878,VERIFIED,BR003,2026-05-16 10:42:25.5785657,2026-05-16 10:42:25.5785657
1890,Suresh,Verma,1963-12-25,USITW5983D,suresh.verma2@gmail.com,9537310750,PENDING,BR002,2026-05-16 10:42:25.5785657,2026-05-16 10:42:25.5785657
1891,Ramesh,Desai,1971-06-27,YUDIA6084T,ramesh.desai72@gmail.com,9022679697,VERIFIED,BR003,2026-05-16 10:42:25.5785657,2026-05-16 10:42:25.5785657
1892,Rahul,Desai,2000-05-27,TLHMT2152Y,rahul.desai70@gmail.com,9281443225,VERIFIED,BR003,2026-05-16 10:42:25.5785657,2026-05-16 10:42:25.5785657
1893,Rahul,Sharma,1967-07-18,CGSRL4717T,rahul.sharma5@gmail.com,9822938109,VERIFIED,BR003,2026-05-16 10:42:25.5785657,2026-05-16 10:42:25.5785657
1894,Sneha,Sharma,1967-05-17,EZPQF1099N,sneha.sharma20@gmail.com,9472325778,PENDING,BR001,2026-05-16 10:42:25.5785657,2026-05-16 10:42:25.5785657
1895,Neha,Iyer,1971-12-18,AFWJN7924B,neha.iyer46@gmail.com,9536489515,VERIFIED,BR001,2026-05-16 10:42:25.5785657,2026-05-16 10:42:25.5785657
1896,Kavita,Yadav,1990-10-07,NQHHH3430B,kavita.yadav63@gmail.com,9551393121,VERIFIED,BR001,2026-05-16 10:42:25.5785657,2026-05-16 10:42:25.5785657
1897,Rahul,Mehta,1969-11-26,ARIHH6424K,rahul.mehta85@gmail.com,9708007476,VERIFIED,BR001,2026-05-16 10:42:25.5785657,2026-05-16 10:42:25.5785657
1898,Rahul,Yadav,1992-06-08,HCAOW3737Q,rahul.yadav5@gmail.com,9639866032,VERIFIED,BR002,2026-05-16 10:42:25.5785657,2026-05-16 10:42:25.5785657
1899,Pooja,Yadav,2000-01-03,PGHPC1660U,pooja.yadav9@gmail.com,9106324450,PENDING,BR001,2026-05-16 10:42:25.5785657,2026-05-16 10:42:25.5785657
1900,Pooja,Jain,1974-03-26,VFLCY6347R,pooja.jain52@gmail.com,9827951344,VERIFIED,BR002,2026-05-16 10:42:25.5785657,2026-05-16 10:42:25.5785657
1901,Neha,Mehta,1963-10-12,SBEOG8899L,neha.mehta84@gmail.com,9012209195,VERIFIED,BR003,2026-05-16 10:42:25.5785657,2026-05-16 10:42:25.5785657
1902,Priya,Singh,1967-10-26,LSXBK9505W,priya.singh22@gmail.com,9827909293,VERIFIED,BR002,2026-05-16 10:42:25.5785657,2026-05-16 10:42:25.5785657
1903,Kavita,Verma,1974-07-16,ZHYBZ1845Q,kavita.verma92@gmail.com,9556976144,VERIFIED,BR004,2026-05-16 10:42:25.5785657,2026-05-16 10:42:25.5785657
1904,Rohit,Kumar,1992-07-04,ZETJU4211G,rohit.kumar7@gmail.com,9032580299,VERIFIED,BR001,2026-05-16 10:42:25.5785657,2026-05-16 10:42:25.5785657
1905,Pooja,Yadav,1997-03-06,PAYNN7282I,pooja.yadav95@gmail.com,9610861834,VERIFIED,BR004,2026-05-16 10:42:25.5785657,2026-05-16 10:42:25.5785657
1906,Rohit,Jain,1974-06-18,OEBGB1892Z,rohit.jain84@gmail.com,9238737315,PENDING,BR002,2026-05-16 10:42:25.5785657,2026-05-16 10:42:25.5785657
1907,Amit,Iyer,1997-11-22,BZZFD6693W,amit.iyer51@gmail.com,9628685317,VERIFIED,BR001,2026-05-16 10:42:25.5785657,2026-05-16 10:42:25.5785657
1908,Pooja,Reddy,1982-12-25,WGDXH9603X,pooja.reddy92@gmail.com,9462283432,PENDING,BR004,2026-05-16 10:42:25.5785657,2026-05-16 10:42:25.5785657
1909,Ramesh,Reddy,1983-03-18,ZEZNZ7717M,ramesh.reddy31@gmail.com,9631606292,VERIFIED,BR001,2026-05-16 10:42:25.5785657,2026-05-16 10:42:25.5785657
1910,Priya,Desai,1988-08-23,YGQPF4326Y,priya.desai59@gmail.com,9199702124,VERIFIED,BR002,2026-05-16 10:42:25.5785657,2026-05-16 10:42:25.5785657
1911,Kavita,Mehta,1964-10-13,KLSLD4448F,kavita.mehta8@gmail.com,9284311401,VERIFIED,BR004,2026-05-16 10:42:25.5785657,2026-05-16 10:42:25.5785657
1912,Neha,Desai,1985-10-20,EMSQA1136C,neha.desai29@gmail.com,9211033638,VERIFIED,BR002,2026-05-16 10:42:25.5785657,2026-05-16 10:42:25.5785657
1913,Amit,Jain,1966-01-01,DLLQK7170D,amit.jain48@gmail.com,9424109496,VERIFIED,BR004,2026-05-16 10:42:25.5785657,2026-05-16 10:42:25.5785657
1914,Kavita,Patel,1999-07-08,JAVTQ0201U,kavita.patel44@gmail.com,9924594943,VERIFIED,BR003,2026-05-16 10:42:25.5785657,2026-05-16 10:42:25.5785657
1915,Sneha,Patel,1967-01-14,PUAUO8801Y,sneha.patel80@gmail.com,9481541802,VERIFIED,BR003,2026-05-16 10:42:25.5785657,2026-05-16 10:42:25.5785657
1916,Ramesh,Iyer,1971-02-28,OLEIE0661B,ramesh.iyer46@gmail.com,8956422268,VERIFIED,BR003,2026-05-16 10:42:25.5785657,2026-05-16 10:42:25.5785657
1917,Kavita,Kumar,2000-08-16,CHNVD9041U,kavita.kumar80@gmail.com,9196463266,VERIFIED,BR003,2026-05-16 10:42:25.5785657,2026-05-16 10:42:25.5785657
1918,Ramesh,Sharma,1983-06-17,HXRRS9492J,ramesh.sharma14@gmail.com,8832459732,VERIFIED,BR003,2026-05-16 10:42:25.5785657,2026-05-16 10:42:25.5785657
1919,Ramesh,Sharma,1997-11-07,JQDYX8615T,ramesh.sharma41@gmail.com,9299104889,VERIFIED,BR002,2026-05-16 10:42:25.5785657,2026-05-16 10:42:25.5785657
1920,Rohit,Mehta,1995-02-22,ELXRQ2824L,rohit.mehta16@gmail.com,8408849889,VERIFIED,BR003,2026-05-16 10:42:25.5785657,2026-05-16 10:42:25.5785657
1921,Suresh,Mehta,1985-02-06,YVSBA9163M,suresh.mehta51@gmail.com,9318139505,VERIFIED,BR002,2026-05-16 10:42:25.5785657,2026-05-16 10:42:25.5785657
1922,Sneha,Yadav,1993-02-18,LUZVC4713E,sneha.yadav57@gmail.com,9384007727,VERIFIED,BR003,2026-05-16 10:42:25.5785657,2026-05-16 10:42:25.5785657
1923,Amit,Patel,1997-07-22,EKILS4738U,amit.patel49@gmail.com,8110515345,VERIFIED,BR001,2026-05-16 10:42:25.5785657,2026-05-16 10:42:25.5785657
1924,Kavita,Yadav,1995-04-27,XJOOM5207Q,kavita.yadav97@gmail.com,9698696878,PENDING,BR003,2026-05-16 10:42:25.5785657,2026-05-16 10:42:25.5785657
1925,Anjali,Sharma,1991-06-10,PSTSG0905E,anjali.sharma10@gmail.com,9616901172,VERIFIED,BR001,2026-05-16 10:42:25.5785657,2026-05-16 10:42:25.5785657
1926,Amit,Verma,1988-01-13,XBJWW8218N,amit.verma56@gmail.com,8361263684,VERIFIED,BR002,2026-05-16 10:42:25.5785657,2026-05-16 10:42:25.5785657
1927,Suresh,Verma,1970-06-05,GVBDZ7309L,suresh.verma91@gmail.com,8103128328,VERIFIED,BR003,2026-05-16 10:42:25.5785657,2026-05-16 10:42:25.5785657
1928,Amit,Mehta,1988-06-26,BCPMP1112A,amit.mehta53@gmail.com,9934513671,VERIFIED,BR004,2026-05-16 10:42:25.5785657,2026-05-16 10:42:25.5785657
1929,Rahul,Desai,1982-04-29,OVDET7624K,rahul.desai20@gmail.com,8510491789,VERIFIED,BR002,2026-05-16 10:42:25.5785657,2026-05-16 10:42:25.5785657
1930,Anjali,Sharma,1962-11-17,LQACB6611M,anjali.sharma74@gmail.com,9320483069,VERIFIED,BR003,2026-05-16 10:42:25.5785657,2026-05-16 10:42:25.5785657
1931,Suresh,Verma,1992-05-01,VRWOV9574F,suresh.verma52@gmail.com,9525657115,VERIFIED,BR002,2026-05-16 10:42:25.5785657,2026-05-16 10:42:25.5785657
1932,Rohit,Sharma,1997-07-18,HCJYT4038R,rohit.sharma45@gmail.com,9027526598,VERIFIED,BR004,2026-05-16 10:42:25.5785657,2026-05-16 10:42:25.5785657
1933,Kavita,Gupta,1998-12-08,PCSMQ4303N,kavita.gupta70@gmail.com,9557094480,VERIFIED,BR003,2026-05-16 10:42:25.5785657,2026-05-16 10:42:25.5785657
1934,Priya,Reddy,1990-04-26,FCCPW0250T,priya.reddy51@gmail.com,9304953828,VERIFIED,BR004,2026-05-16 10:42:25.5785657,2026-05-16 10:42:25.5785657
1935,Vikram,Patel,1968-09-03,AXEFY2050Z,vikram.patel96@gmail.com,9108156072,VERIFIED,BR003,2026-05-16 10:42:25.5785657,2026-05-16 10:42:25.5785657
1936,Suresh,Yadav,1987-11-24,MBCIZ7953M,suresh.yadav25@gmail.com,9929746599,VERIFIED,BR001,2026-05-16 10:42:25.5785657,2026-05-16 10:42:25.5785657
1937,Neha,Sharma,1992-12-07,SZSCK7181S,neha.sharma50@gmail.com,9820779186,VERIFIED,BR002,2026-05-16 10:42:25.5785657,2026-05-16 10:42:25.5785657
1938,Kavita,Reddy,1971-05-10,UMWAE6069H,kavita.reddy7@gmail.com,8626011827,VERIFIED,BR004,2026-05-16 10:42:25.5785657,2026-05-16 10:42:25.5785657
1939,Sneha,Gupta,1967-02-11,WURTE9576Y,sneha.gupta17@gmail.com,9241476133,VERIFIED,BR002,2026-05-16 10:42:25.5785657,2026-05-16 10:42:25.5785657
1940,Suresh,Yadav,1986-12-22,IUIJW4873G,suresh.yadav47@gmail.com,9855043591,VERIFIED,BR004,2026-05-16 10:42:25.5785657,2026-05-16 10:42:25.5785657
1941,Rahul,Sharma,1984-12-13,ZPYOZ0073Z,rahul.sharma32@gmail.com,9277458116,VERIFIED,BR002,2026-05-16 10:42:25.5785657,2026-05-16 10:42:25.5785657
1942,Vikram,Mehta,1984-12-25,UCCIY1230F,vikram.mehta49@gmail.com,9671016137,VERIFIED,BR002,2026-05-16 10:42:25.5785657,2026-05-16 10:42:25.5785657
1943,Rahul,Reddy,1990-04-22,SLZZT4999P,rahul.reddy66@gmail.com,9963103019,VERIFIED,BR002,2026-05-16 10:42:25.5785657,2026-05-16 10:42:25.5785657
1944,Vikram,Yadav,1985-09-20,BWKWX1389L,vikram.yadav63@gmail.com,9031738653,VERIFIED,BR001,2026-05-16 10:42:25.5785657,2026-05-16 10:42:25.5785657
1945,Sneha,Sharma,1998-05-09,CKLWZ0907W,sneha.sharma25@gmail.com,9150201124,PENDING,BR003,2026-05-16 10:42:25.5785657,2026-05-16 10:42:25.5785657
1946,Priya,Reddy,1977-03-27,VAWHE3034C,priya.reddy19@gmail.com,9838310515,VERIFIED,BR001,2026-05-16 10:42:25.5785657,2026-05-16 10:42:25.5785657
1947,Neha,Gupta,1996-05-29,JMNVC1193N,neha.gupta8@gmail.com,9658564006,VERIFIED,BR002,2026-05-16 10:42:25.5785657,2026-05-16 10:42:25.5785657
1948,Kavita,Sharma,1984-04-18,FIIZM7420E,kavita.sharma80@gmail.com,9853640908,VERIFIED,BR004,2026-05-16 10:42:25.5785657,2026-05-16 10:42:25.5785657
1949,Rohit,Sharma,1962-08-12,YDFOZ7087P,rohit.sharma19@gmail.com,9722060910,VERIFIED,BR002,2026-05-16 10:42:25.5785657,2026-05-16 10:42:25.5785657
1950,Rahul,Sharma,1991-11-24,FFATK2112C,rahul.sharma23@gmail.com,9102538077,VERIFIED,BR003,2026-05-16 10:42:25.5785657,2026-05-16 10:42:25.5785657
1951,Rahul,Iyer,1971-02-25,HSWNR2809K,rahul.iyer42@gmail.com,9073555134,PENDING,BR001,2026-05-16 10:42:25.5785657,2026-05-16 10:42:25.5785657
1952,Ramesh,Kumar,1976-10-25,ZHFYM5794W,ramesh.kumar36@gmail.com,9397795476,VERIFIED,BR003,2026-05-16 10:42:25.5785657,2026-05-16 10:42:25.5785657
1953,Vikram,Iyer,1986-09-03,OVOXF7516X,vikram.iyer47@gmail.com,8389191517,VERIFIED,BR004,2026-05-16 10:42:25.5785657,2026-05-16 10:42:25.5785657
1954,Pooja,Mehta,1976-10-31,TTIDL1819N,pooja.mehta6@gmail.com,9780071647,PENDING,BR003,2026-05-16 10:42:25.5785657,2026-05-16 10:42:25.5785657
1955,Priya,Gupta,1971-05-02,GSZYW6650X,priya.gupta71@gmail.com,9836616054,VERIFIED,BR001,2026-05-16 10:42:25.5785657,2026-05-16 10:42:25.5785657
1956,Kavita,Iyer,1991-12-13,ZKOEJ3995A,kavita.iyer3@gmail.com,8941957952,VERIFIED,BR004,2026-05-16 10:42:25.5785657,2026-05-16 10:42:25.5785657
1957,Vikram,Yadav,1964-09-18,JJHHV1494L,vikram.yadav50@gmail.com,9280319440,VERIFIED,BR003,2026-05-16 10:42:25.5785657,2026-05-16 10:42:25.5785657
1958,Ramesh,Jain,1966-02-06,JONTC1415R,ramesh.jain79@gmail.com,9258640900,VERIFIED,BR001,2026-05-16 10:42:25.5785657,2026-05-16 10:42:25.5785657
1959,Amit,Kumar,1977-04-25,LHRRQ7990C,amit.kumar35@gmail.com,9626217118,VERIFIED,BR001,2026-05-16 10:42:25.5785657,2026-05-16 10:42:25.5785657
1960,Vikram,Desai,1996-09-16,UCQQK4790O,vikram.desai3@gmail.com,8296123375,VERIFIED,BR002,2026-05-16 10:42:25.5785657,2026-05-16 10:42:25.5785657
1961,Rohit,Jain,1987-07-19,NURWF7518D,rohit.jain79@gmail.com,9677585277,VERIFIED,BR003,2026-05-16 10:42:25.5785657,2026-05-16 10:42:25.5785657
1962,Kavita,Kumar,1981-08-17,JUMXQ7397Q,kavita.kumar57@gmail.com,9084796081,VERIFIED,BR004,2026-05-16 10:42:25.5785657,2026-05-16 10:42:25.5785657
1963,Priya,Patel,1965-03-06,HWGVU4294A,priya.patel72@gmail.com,8741906250,VERIFIED,BR002,2026-05-16 10:42:25.5785657,2026-05-16 10:42:25.5785657
1964,Ramesh,Patel,1996-01-27,AUVNT3154R,ramesh.patel60@gmail.com,9047101041,VERIFIED,BR003,2026-05-16 10:42:25.5785657,2026-05-16 10:42:25.5785657
1965,Amit,Sharma,1991-02-12,ZFQVU5169F,amit.sharma27@gmail.com,9603557545,VERIFIED,BR003,2026-05-16 10:42:25.5785657,2026-05-16 10:42:25.5785657
1966,Anjali,Kumar,1983-06-02,KIEGS1153Y,anjali.kumar84@gmail.com,9194381400,PENDING,BR004,2026-05-16 10:42:25.5785657,2026-05-16 10:42:25.5785657
1967,Ramesh,Desai,1963-10-27,QGOYF0465A,ramesh.desai72@gmail.com,8452318867,VERIFIED,BR002,2026-05-16 10:42:25.5785657,2026-05-16 10:42:25.5785657
1968,Anjali,Kumar,1967-01-30,QOZOA7967F,anjali.kumar64@gmail.com,9845666710,VERIFIED,BR002,2026-05-16 10:42:25.5785657,2026-05-16 10:42:25.5785657
1969,Kavita,Mehta,1987-07-03,GXHNG7776I,kavita.mehta13@gmail.com,9221588528,VERIFIED,BR004,2026-05-16 10:42:25.5785657,2026-05-16 10:42:25.5785657
1970,Rahul,Jain,1975-06-20,CDAZW1911I,rahul.jain69@gmail.com,9160295800,VERIFIED,BR002,2026-05-16 10:42:25.5785657,2026-05-16 10:42:25.5785657
1971,Ramesh,Mehta,1974-12-24,XCMJV3400U,ramesh.mehta26@gmail.com,8016466337,VERIFIED,BR001,2026-05-16 10:42:25.5785657,2026-05-16 10:42:25.5785657
1972,Neha,Desai,1960-07-13,BRJIX8101S,neha.desai82@gmail.com,9813847135,VERIFIED,BR004,2026-05-16 10:42:25.5785657,2026-05-16 10:42:25.5785657
1973,Anjali,Kumar,1999-01-09,QWDIJ9505I,anjali.kumar37@gmail.com,9078030646,VERIFIED,BR003,2026-05-16 10:42:25.5785657,2026-05-16 10:42:25.5785657
1974,Rohit,Reddy,1973-12-30,YFAAN1812K,rohit.reddy16@gmail.com,9033877951,VERIFIED,BR004,2026-05-16 10:42:25.5785657,2026-05-16 10:42:25.5785657
1975,Neha,Mehta,1961-04-28,DCRDH1076O,neha.mehta97@gmail.com,9585534944,PENDING,BR001,2026-05-16 10:42:25.5785657,2026-05-16 10:42:25.5785657
1976,Suresh,Mehta,1990-12-19,TMNKF1682M,suresh.mehta8@gmail.com,8086390555,VERIFIED,BR004,2026-05-16 10:42:25.5785657,2026-05-16 10:42:25.5785657
1977,Suresh,Verma,2000-11-02,CUPEF7445I,suresh.verma7@gmail.com,9952613087,VERIFIED,BR003,2026-05-16 10:42:25.5785657,2026-05-16 10:42:25.5785657
1978,Amit,Kumar,1975-09-03,VQPLO3601B,amit.kumar82@gmail.com,9645762628,VERIFIED,BR003,2026-05-16 10:42:25.5785657,2026-05-16 10:42:25.5785657
1979,Priya,Mehta,1980-08-02,YGKPW9531Z,priya.mehta1@gmail.com,9774378490,VERIFIED,BR004,2026-05-16 10:42:25.5785657,2026-05-16 10:42:25.5785657
1980,Rahul,Iyer,1971-12-29,IUJBR3713A,rahul.iyer56@gmail.com,9428559889,VERIFIED,BR004,2026-05-16 10:42:25.5785657,2026-05-16 10:42:25.5785657
1981,Kavita,Gupta,1998-09-29,SFOIG0222R,kavita.gupta50@gmail.com,9583553025,VERIFIED,BR001,2026-05-16 10:42:25.5785657,2026-05-16 10:42:25.5785657
1982,Ramesh,Kumar,1982-09-21,HPWWB8473K,ramesh.kumar42@gmail.com,9924427211,VERIFIED,BR001,2026-05-16 10:42:25.5785657,2026-05-16 10:42:25.5785657
1983,Pooja,Patel,1987-04-26,FBMBH1465H,pooja.patel70@gmail.com,9266535816,VERIFIED,BR003,2026-05-16 10:42:25.5785657,2026-05-16 10:42:25.5785657
1984,Rohit,Verma,1994-11-19,OHQWZ9284R,rohit.verma38@gmail.com,9993214477,VERIFIED,BR002,2026-05-16 10:42:25.5785657,2026-05-16 10:42:25.5785657
1985,Anjali,Mehta,1965-05-25,XBQBC8727M,anjali.mehta66@gmail.com,9891419255,VERIFIED,BR002,2026-05-16 10:42:25.5785657,2026-05-16 10:42:25.5785657
1986,Kavita,Verma,1986-07-16,CUMBH9469L,kavita.verma37@gmail.com,9232358278,VERIFIED,BR002,2026-05-16 10:42:25.5785657,2026-05-16 10:42:25.5785657
1987,Neha,Patel,1970-07-18,YCFVD9872C,neha.patel31@gmail.com,9990939344,VERIFIED,BR002,2026-05-16 10:42:25.5785657,2026-05-16 10:42:25.5785657
1988,Sneha,Desai,1962-06-15,EXJXZ9827D,sneha.desai92@gmail.com,8121037053,VERIFIED,BR003,2026-05-16 10:42:25.5785657,2026-05-16 10:42:25.5785657
1989,Suresh,Desai,1976-05-28,BHGRU3695D,suresh.desai97@gmail.com,9696788883,VERIFIED,BR002,2026-05-16 10:42:25.5785657,2026-05-16 10:42:25.5785657
1990,Sneha,Jain,1973-12-04,DWTXZ4415S,sneha.jain73@gmail.com,9445300737,VERIFIED,BR002,2026-05-16 10:42:25.5785657,2026-05-16 10:42:25.5785657
1991,Rohit,Kumar,1978-10-30,MMHUM0773H,rohit.kumar30@gmail.com,9143097510,VERIFIED,BR004,2026-05-16 10:42:25.5785657,2026-05-16 10:42:25.5785657
1992,Pooja,Patel,1987-02-19,RTFCZ0028G,pooja.patel4@gmail.com,9495730022,VERIFIED,BR002,2026-05-16 10:42:25.5785657,2026-05-16 10:42:25.5785657
1993,Ramesh,Singh,1975-03-31,MIVTN3976Q,ramesh.singh97@gmail.com,9388329341,VERIFIED,BR004,2026-05-16 10:42:25.5785657,2026-05-16 10:42:25.5785657
1994,Amit,Jain,1978-09-13,CDXKL6240N,amit.jain1@gmail.com,9318801358,VERIFIED,BR003,2026-05-16 10:42:25.5785657,2026-05-16 10:42:25.5785657
1995,Pooja,Singh,1964-06-20,EHWQD8728F,pooja.singh36@gmail.com,9550107677,PENDING,BR004,2026-05-16 10:42:25.5785657,2026-05-16 10:42:25.5785657
1996,Rohit,Kumar,1974-10-02,GMNJD5323N,rohit.kumar56@gmail.com,9094081756,VERIFIED,BR001,2026-05-16 10:42:25.5785657,2026-05-16 10:42:25.5785657
1997,Pooja,Sharma,1992-09-18,NBHCQ7424T,pooja.sharma8@gmail.com,8708517134,VERIFIED,BR004,2026-05-16 10:42:25.5785657,2026-05-16 10:42:25.5785657
1998,Rohit,Verma,1976-01-23,HPNCB2118S,rohit.verma29@gmail.com,9383829224,PENDING,BR002,2026-05-16 10:42:25.5785657,2026-05-16 10:42:25.5785657
1999,Rohit,Verma,1998-07-15,GBCFQ7317W,rohit.verma90@gmail.com,9969784462,VERIFIED,BR004,2026-05-16 10:42:25.5785657,2026-05-16 10:42:25.5785657
2000,Vikram,Desai,1994-11-30,GFUJH5705W,vikram.desai41@gmail.com,9756438375,VERIFIED,BR004,2026-05-16 10:42:25.5785657,2026-05-16 10:42:25.5785657
2001,Anjali,Singh,1982-11-18,QTWRE6134A,anjali.singh84@gmail.com,9242368653,VERIFIED,BR003,2026-05-16 10:42:25.5785657,2026-05-16 10:42:25.5785657
2002,Sneha,Iyer,1972-12-17,RLAZW1703P,sneha.iyer92@gmail.com,9316483045,VERIFIED,BR003,2026-05-16 10:42:25.5785657,2026-05-16 10:42:25.5785657
2003,Suresh,Yadav,1961-09-01,PMGCV5985F,suresh.yadav54@gmail.com,9290296444,VERIFIED,BR002,2026-05-16 10:42:25.5785657,2026-05-16 10:42:25.5785657
2004,Vikram,Mehta,1963-09-27,TUCUI4356I,vikram.mehta1@gmail.com,9147991547,VERIFIED,BR001,2026-05-16 10:42:25.5785657,2026-05-16 10:42:25.5785657
2005,Ramesh,Mehta,1977-01-09,JAJSX7895D,ramesh.mehta91@gmail.com,9984899865,VERIFIED,BR001,2026-05-16 10:42:25.5785657,2026-05-16 10:42:25.5785657
2006,Vikram,Mehta,1983-10-20,HNQDK2930S,vikram.mehta69@gmail.com,9536771060,VERIFIED,BR004,2026-05-16 10:42:25.5785657,2026-05-16 10:42:25.5785657
2007,Rahul,Desai,1970-11-09,TZJTF9698V,rahul.desai78@gmail.com,9835218424,VERIFIED,BR001,2026-05-16 10:42:25.5785657,2026-05-16 10:42:25.5785657
2008,Rahul,Patel,1983-07-01,OXZWE9335I,rahul.patel90@gmail.com,9078730086,VERIFIED,BR003,2026-05-16 10:42:25.5785657,2026-05-16 10:42:25.5785657
2009,Suresh,Iyer,1965-06-22,IBNIP4497J,suresh.iyer81@gmail.com,8356248717,VERIFIED,BR002,2026-05-16 10:42:25.5785657,2026-05-16 10:42:25.5785657
2010,Pooja,Reddy,1983-08-07,CAYDR5251P,pooja.reddy64@gmail.com,9531644074,VERIFIED,BR002,2026-05-16 10:42:25.5785657,2026-05-16 10:42:25.5785657
2011,Anjali,Singh,1966-11-06,HUABH5034V,anjali.singh5@gmail.com,9775641863,VERIFIED,BR003,2026-05-16 10:42:25.5785657,2026-05-16 10:42:25.5785657
2012,Suresh,Iyer,1990-08-05,VBDWU5959W,suresh.iyer50@gmail.com,9813723936,VERIFIED,BR002,2026-05-16 10:42:25.5785657,2026-05-16 10:42:25.5785657
2013,Rohit,Jain,1968-07-24,HZFPC2438U,rohit.jain36@gmail.com,9967599133,VERIFIED,BR004,2026-05-16 10:42:25.5785657,2026-05-16 10:42:25.5785657
2014,Neha,Singh,1960-09-23,KKXXX5148Z,neha.singh73@gmail.com,9208187065,VERIFIED,BR002,2026-05-16 10:42:25.5785657,2026-05-16 10:42:25.5785657
2015,Anjali,Iyer,1985-07-01,PRFDO3056R,anjali.iyer88@gmail.com,8488653648,VERIFIED,BR001,2026-05-16 10:42:25.5785657,2026-05-16 10:42:25.5785657
2016,Priya,Yadav,1984-06-29,EUVCN6563L,priya.yadav32@gmail.com,9834426118,VERIFIED,BR002,2026-05-16 10:42:25.5785657,2026-05-16 10:42:25.5785657
2017,Sneha,Iyer,1964-06-02,LKKAO9476J,sneha.iyer61@gmail.com,9016958238,VERIFIED,BR002,2026-05-16 10:42:25.5785657,2026-05-16 10:42:25.5785657
2018,Anjali,Iyer,1987-08-11,UPJQX8081V,anjali.iyer48@gmail.com,9962565357,VERIFIED,BR003,2026-05-16 10:42:25.5785657,2026-05-16 10:42:25.5785657
2019,Rohit,Iyer,1993-02-13,AUWLB0863D,rohit.iyer80@gmail.com,9257857449,VERIFIED,BR003,2026-05-16 10:42:25.5785657,2026-05-16 10:42:25.5785657
2020,Rohit,Verma,1993-06-06,VORWD5577Q,rohit.verma1@gmail.com,9101936259,VERIFIED,BR001,2026-05-16 10:42:25.5785657,2026-05-16 10:42:25.5785657
2021,Amit,Sharma,1990-05-24,DTMFR8339A,amit.sharma37@gmail.com,9763902598,VERIFIED,BR003,2026-05-16 10:42:25.5785657,2026-05-16 10:42:25.5785657
2022,Suresh,Kumar,1978-07-08,UQFBD8521A,suresh.kumar37@gmail.com,9182738954,PENDING,BR001,2026-05-16 10:42:25.5785657,2026-05-16 10:42:25.5785657
2023,Rohit,Jain,1982-07-18,VLBDK9885T,rohit.jain60@gmail.com,9923990767,VERIFIED,BR004,2026-05-16 10:42:25.5785657,2026-05-16 10:42:25.5785657
2024,Rahul,Jain,1981-01-24,RWQLQ1861X,rahul.jain79@gmail.com,9609456850,VERIFIED,BR001,2026-05-16 10:42:25.5785657,2026-05-16 10:42:25.5785657
2025,Ramesh,Verma,2000-12-27,SFMHC5323Z,ramesh.verma7@gmail.com,9011730163,VERIFIED,BR002,2026-05-16 10:42:25.5785657,2026-05-16 10:42:25.5785657
2026,Neha,Patel,1962-02-26,CKLAL5036V,neha.patel82@gmail.com,9250213394,VERIFIED,BR001,2026-05-16 10:42:25.5785657,2026-05-16 10:42:25.5785657
2027,Sneha,Kumar,1993-11-19,QBXZM7293Q,sneha.kumar41@gmail.com,9059436721,VERIFIED,BR004,2026-05-16 10:42:25.5785657,2026-05-16 10:42:25.5785657
2028,Suresh,Singh,1991-04-17,FXNNE1654Z,suresh.singh96@gmail.com,9702747249,PENDING,BR002,2026-05-16 10:42:25.5785657,2026-05-16 10:42:25.5785657
2029,Kavita,Patel,1994-08-29,DURYB8496F,kavita.patel71@gmail.com,8439866851,VERIFIED,BR001,2026-05-16 10:42:25.5785657,2026-05-16 10:42:25.5785657
2030,Rahul,Kumar,1968-05-23,OYUND3936M,rahul.kumar32@gmail.com,9298827940,VERIFIED,BR003,2026-05-16 10:42:25.5785657,2026-05-16 10:42:25.5785657
2031,Priya,Yadav,1987-11-11,BATGR4632Y,priya.yadav8@gmail.com,9331682394,VERIFIED,BR003,2026-05-16 10:42:25.5785657,2026-05-16 10:42:25.5785657
2032,Pooja,Yadav,1969-01-19,VTGXE8740T,pooja.yadav34@gmail.com,9120160399,PENDING,BR003,2026-05-16 10:42:25.5785657,2026-05-16 10:42:25.5785657
2033,Rohit,Gupta,1967-08-12,GATLJ6011O,rohit.gupta61@gmail.com,9557124119,VERIFIED,BR001,2026-05-16 10:42:25.5785657,2026-05-16 10:42:25.5785657
2034,Kavita,Reddy,1980-05-08,JZOFG4221Q,kavita.reddy2@gmail.com,9746404669,VERIFIED,BR001,2026-05-16 10:42:25.5785657,2026-05-16 10:42:25.5785657
2035,Rohit,Yadav,1979-05-08,VEPQR2883N,rohit.yadav17@gmail.com,9668388384,VERIFIED,BR004,2026-05-16 10:42:25.5785657,2026-05-16 10:42:25.5785657
2036,Anjali,Singh,1967-03-10,OWIRY7512P,anjali.singh63@gmail.com,9690218645,VERIFIED,BR002,2026-05-16 10:42:25.5785657,2026-05-16 10:42:25.5785657
2037,Rahul,Sharma,1977-02-15,NJXWU4685E,rahul.sharma84@gmail.com,9410232688,VERIFIED,BR002,2026-05-16 10:42:25.5785657,2026-05-16 10:42:25.5785657
2038,Anjali,Mehta,1998-01-07,UHDFP3299I,anjali.mehta68@gmail.com,8631753542,VERIFIED,BR002,2026-05-16 10:42:25.5785657,2026-05-16 10:42:25.5785657
2039,Amit,Gupta,1967-06-02,KJWEH5256J,amit.gupta74@gmail.com,9853711183,VERIFIED,BR002,2026-05-16 10:42:25.5785657,2026-05-16 10:42:25.5785657
2040,Anjali,Mehta,1981-09-17,KBSCM9203I,anjali.mehta4@gmail.com,9840131027,VERIFIED,BR001,2026-05-16 10:42:25.5785657,2026-05-16 10:42:25.5785657
2041,Amit,Jain,1961-08-16,FXBFV3790P,amit.jain21@gmail.com,9895802998,VERIFIED,BR001,2026-05-16 10:42:25.5785657,2026-05-16 10:42:25.5785657
2042,Priya,Iyer,1963-09-04,BYXST0995T,priya.iyer59@gmail.com,9739068567,PENDING,BR004,2026-05-16 10:42:25.5785657,2026-05-16 10:42:25.5785657
2043,Amit,Reddy,1961-05-12,YXMDS1423P,amit.reddy55@gmail.com,9618682673,VERIFIED,BR002,2026-05-16 10:42:25.5785657,2026-05-16 10:42:25.5785657
2044,Kavita,Jain,1968-05-19,HWZAB7858V,kavita.jain34@gmail.com,9157188894,VERIFIED,BR001,2026-05-16 10:42:25.5785657,2026-05-16 10:42:25.5785657
2045,Rohit,Kumar,1983-04-01,RAMKJ1751D,rohit.kumar48@gmail.com,9690819311,VERIFIED,BR001,2026-05-16 10:42:25.5785657,2026-05-16 10:42:25.5785657
2046,Pooja,Jain,1969-10-03,XZJFL0252X,pooja.jain15@gmail.com,9527375523,VERIFIED,BR001,2026-05-16 10:42:25.5785657,2026-05-16 10:42:25.5785657
2047,Sneha,Desai,1986-11-27,TVNBU8200O,sneha.desai25@gmail.com,8195064469,VERIFIED,BR001,2026-05-16 10:42:25.5785657,2026-05-16 10:42:25.5785657
2048,Anjali,Yadav,1990-05-11,EBJRG2641C,anjali.yadav1@gmail.com,9860145740,VERIFIED,BR002,2026-05-16 10:42:25.5785657,2026-05-16 10:42:25.5785657
2049,Sneha,Sharma,1972-09-21,BYFSV8843L,sneha.sharma88@gmail.com,8767543818,VERIFIED,BR002,2026-05-16 10:42:25.5785657,2026-05-16 10:42:25.5785657
2050,Rahul,Reddy,1961-01-20,UHQNG6509W,rahul.reddy99@gmail.com,9429068339,PENDING,BR001,2026-05-16 10:42:25.5785657,2026-05-16 10:42:25.5785657
2051,Amit,Mehta,1988-08-06,YMCXV5351X,amit.mehta7@gmail.com,9177996382,VERIFIED,BR003,2026-05-16 10:42:25.5785657,2026-05-16 10:42:25.5785657
2052,Rohit,Gupta,1975-10-31,VDZSQ4140I,rohit.gupta42@gmail.com,9094876383,VERIFIED,BR004,2026-05-16 10:42:25.5785657,2026-05-16 10:42:25.5785657
2053,Neha,Yadav,1974-12-28,PHZBW3034H,neha.yadav81@gmail.com,9447972692,VERIFIED,BR002,2026-05-16 10:42:25.5785657,2026-05-16 10:42:25.5785657
2054,Suresh,Singh,1962-12-28,FELBH5306K,suresh.singh7@gmail.com,9730988179,VERIFIED,BR002,2026-05-16 10:42:25.5785657,2026-05-16 10:42:25.5785657
2055,Kavita,Yadav,1992-10-22,XXVPT3844X,kavita.yadav16@gmail.com,9242704519,VERIFIED,BR003,2026-05-16 10:42:25.5785657,2026-05-16 10:42:25.5785657
2056,Pooja,Gupta,1962-02-19,YTUOY9295N,pooja.gupta80@gmail.com,9189662471,VERIFIED,BR002,2026-05-16 10:42:25.5785657,2026-05-16 10:42:25.5785657
2057,Vikram,Gupta,1999-03-15,OONEJ7910Z,vikram.gupta70@gmail.com,9782231244,VERIFIED,BR003,2026-05-16 10:42:25.5785657,2026-05-16 10:42:25.5785657
2058,Kavita,Desai,2000-06-13,RHZUH5022I,kavita.desai42@gmail.com,9499406085,VERIFIED,BR003,2026-05-16 10:42:25.5785657,2026-05-16 10:42:25.5785657
2059,Priya,Yadav,1972-03-23,UVPDO3214O,priya.yadav63@gmail.com,9818174766,VERIFIED,BR001,2026-05-16 10:42:25.5785657,2026-05-16 10:42:25.5785657
2060,Neha,Jain,1978-06-17,AAJQO4508R,neha.jain43@gmail.com,9236003569,VERIFIED,BR002,2026-05-16 10:42:25.5785657,2026-05-16 10:42:25.5785657
2061,Suresh,Yadav,1994-12-15,IBETH8161T,suresh.yadav39@gmail.com,9803666004,VERIFIED,BR004,2026-05-16 10:42:25.5785657,2026-05-16 10:42:25.5785657
2062,Neha,Iyer,1979-10-27,RGREN4352W,neha.iyer62@gmail.com,9433925775,VERIFIED,BR003,2026-05-16 10:42:25.5785657,2026-05-16 10:42:25.5785657
2063,Anjali,Desai,1972-08-04,ZZAVW5021Q,anjali.desai27@gmail.com,9946523931,VERIFIED,BR004,2026-05-16 10:42:25.5785657,2026-05-16 10:42:25.5785657
2064,Amit,Patel,1986-11-14,LNGIJ8468E,amit.patel70@gmail.com,9152396853,REJECTED,BR001,2026-05-16 10:42:25.5785657,2026-05-16 10:42:25.5785657
2065,Pooja,Patel,1973-09-26,APJZX3920L,pooja.patel66@gmail.com,9614230489,PENDING,BR002,2026-05-16 10:42:25.5785657,2026-05-16 10:42:25.5785657
2066,Ramesh,Iyer,1979-06-08,BYXAP8575S,ramesh.iyer1@gmail.com,9428604102,VERIFIED,BR001,2026-05-16 10:42:25.5785657,2026-05-16 10:42:25.5785657
2067,Amit,Kumar,1987-01-31,SYJPR1769H,amit.kumar70@gmail.com,9750426581,VERIFIED,BR001,2026-05-16 10:42:25.5785657,2026-05-16 10:42:25.5785657
2068,Ramesh,Patel,1998-06-25,OZQTO1876V,ramesh.patel37@gmail.com,9644776606,VERIFIED,BR004,2026-05-16 10:42:25.5785657,2026-05-16 10:42:25.5785657
2069,Sneha,Iyer,1960-04-18,NLGVH2273O,sneha.iyer24@gmail.com,9356363480,VERIFIED,BR004,2026-05-16 10:42:25.5785657,2026-05-16 10:42:25.5785657
2070,Suresh,Verma,1986-02-13,IZSLY4050L,suresh.verma63@gmail.com,9755100453,VERIFIED,BR003,2026-05-16 10:42:25.5785657,2026-05-16 10:42:25.5785657
2071,Rohit,Jain,1978-11-15,QPLKO8157N,rohit.jain40@gmail.com,9380421312,VERIFIED,BR002,2026-05-16 10:42:25.5785657,2026-05-16 10:42:25.5785657
2072,Vikram,Yadav,1981-03-18,RRPUI1451P,vikram.yadav4@gmail.com,8104165800,VERIFIED,BR001,2026-05-16 10:42:25.5785657,2026-05-16 10:42:25.5785657
2073,Rahul,Jain,1979-03-23,QUXWA1259X,rahul.jain49@gmail.com,9652967996,VERIFIED,BR003,2026-05-16 10:42:25.5785657,2026-05-16 10:42:25.5785657
2074,Amit,Iyer,1993-02-17,CWVAE0553N,amit.iyer21@gmail.com,8772492279,VERIFIED,BR003,2026-05-16 10:42:25.5785657,2026-05-16 10:42:25.5785657
2075,Pooja,Sharma,1972-09-28,JKOSD8856X,pooja.sharma66@gmail.com,9207307544,VERIFIED,BR001,2026-05-16 10:42:25.5785657,2026-05-16 10:42:25.5785657
2076,Priya,Yadav,1988-06-26,BTJLK4824E,priya.yadav22@gmail.com,9927678532,VERIFIED,BR001,2026-05-16 10:42:25.5785657,2026-05-16 10:42:25.5785657
2077,Priya,Verma,1969-11-14,TSPVN1056O,priya.verma65@gmail.com,9992067171,VERIFIED,BR003,2026-05-16 10:42:25.5785657,2026-05-16 10:42:25.5785657
2078,Neha,Verma,1975-02-05,JLNPY0235Q,neha.verma42@gmail.com,9499520568,VERIFIED,BR001,2026-05-16 10:42:25.5785657,2026-05-16 10:42:25.5785657
2079,Pooja,Jain,1987-09-01,PVLII1187X,pooja.jain1@gmail.com,8785270533,VERIFIED,BR001,2026-05-16 10:42:25.5785657,2026-05-16 10:42:25.5785657
2080,Suresh,Mehta,1960-03-04,FNOQC2124F,suresh.mehta57@gmail.com,9120098443,VERIFIED,BR004,2026-05-16 10:42:25.5785657,2026-05-16 10:42:25.5785657
2081,Sneha,Yadav,1962-12-15,HXZTY6128Y,sneha.yadav21@gmail.com,9724656070,PENDING,BR002,2026-05-16 10:42:25.5785657,2026-05-16 10:42:25.5785657
2082,Ramesh,Reddy,1980-06-13,EPBXN1483J,ramesh.reddy45@gmail.com,9082086725,VERIFIED,BR003,2026-05-16 10:42:25.5785657,2026-05-16 10:42:25.5785657
2083,Neha,Verma,1995-10-01,YOTNV2178O,neha.verma41@gmail.com,9090788751,VERIFIED,BR001,2026-05-16 10:42:25.5785657,2026-05-16 10:42:25.5785657
2084,Priya,Sharma,1972-04-21,XMCDH6987H,priya.sharma29@gmail.com,9657017922,VERIFIED,BR003,2026-05-16 10:42:25.5785657,2026-05-16 10:42:25.5785657
2085,Rahul,Desai,1996-05-17,SINHQ5773B,rahul.desai24@gmail.com,9442359835,VERIFIED,BR002,2026-05-16 10:42:25.5785657,2026-05-16 10:42:25.5785657
2086,Rahul,Kumar,1995-03-10,LYUIV6806A,rahul.kumar2@gmail.com,9836582337,VERIFIED,BR003,2026-05-16 10:42:25.5785657,2026-05-16 10:42:25.5785657
2087,Amit,Mehta,1999-04-29,GPWFF4414E,amit.mehta48@gmail.com,9389652491,VERIFIED,BR003,2026-05-16 10:42:25.5785657,2026-05-16 10:42:25.5785657
2088,Suresh,Desai,1966-12-21,FWYWT0052F,suresh.desai89@gmail.com,9167872517,PENDING,BR003,2026-05-16 10:42:25.5785657,2026-05-16 10:42:25.5785657
2089,Rohit,Mehta,1984-09-27,BRPQG3598H,rohit.mehta18@gmail.com,8872764815,VERIFIED,BR004,2026-05-16 10:42:25.5785657,2026-05-16 10:42:25.5785657
2090,Priya,Sharma,1976-10-13,WRMQP5229Y,priya.sharma69@gmail.com,9653888798,VERIFIED,BR002,2026-05-16 10:42:25.5785657,2026-05-16 10:42:25.5785657
2091,Suresh,Jain,1986-03-14,TKLGL1963M,suresh.jain47@gmail.com,8749348663,VERIFIED,BR002,2026-05-16 10:42:25.5785657,2026-05-16 10:42:25.5785657
2092,Sneha,Gupta,1993-02-21,SUMUM4225Z,sneha.gupta10@gmail.com,9548463944,VERIFIED,BR003,2026-05-16 10:42:25.5785657,2026-05-16 10:42:25.5785657
2093,Ramesh,Yadav,1997-02-17,KOIRK8420P,ramesh.yadav41@gmail.com,9268504085,VERIFIED,BR003,2026-05-16 10:42:25.5785657,2026-05-16 10:42:25.5785657
2094,Pooja,Iyer,1974-04-08,SIVIK5126T,pooja.iyer48@gmail.com,8376184022,VERIFIED,BR002,2026-05-16 10:42:25.5785657,2026-05-16 10:42:25.5785657
2095,Priya,Singh,1996-06-19,PDOYA3733Y,priya.singh8@gmail.com,9974543028,VERIFIED,BR001,2026-05-16 10:42:25.5785657,2026-05-16 10:42:25.5785657
2096,Rahul,Reddy,1980-11-17,ORNJF1582Z,rahul.reddy15@gmail.com,9938073048,REJECTED,BR004,2026-05-16 10:42:25.5785657,2026-05-16 10:42:25.5785657
2097,Pooja,Desai,1962-09-30,EJKOG0875Q,pooja.desai25@gmail.com,9202654516,VERIFIED,BR002,2026-05-16 10:42:25.5785657,2026-05-16 10:42:25.5785657
2098,Pooja,Yadav,1968-12-12,KMEHF7221Z,pooja.yadav43@gmail.com,9501761637,VERIFIED,BR003,2026-05-16 10:42:25.5785657,2026-05-16 10:42:25.5785657
2099,Pooja,Reddy,1962-01-31,JKVWW0577A,pooja.reddy21@gmail.com,9846255464,PENDING,BR001,2026-05-16 10:42:25.5785657,2026-05-16 10:42:25.5785657
2100,Rahul,Gupta,1980-08-09,AVPDT7163K,rahul.gupta33@gmail.com,9778670166,VERIFIED,BR001,2026-05-16 10:42:25.5785657,2026-05-16 10:42:25.5785657
2101,Sneha,Singh,1998-03-09,LTHLC9534H,sneha.singh60@gmail.com,9327208380,REJECTED,BR001,2026-05-16 10:42:25.5785657,2026-05-16 10:42:25.5785657
2102,Kavita,Reddy,2000-08-14,ZOMXN2043L,kavita.reddy11@gmail.com,9585317716,PENDING,BR004,2026-05-16 10:42:25.5785657,2026-05-16 10:42:25.5785657
2103,Anjali,Reddy,1988-03-15,TSLPA7441J,anjali.reddy12@gmail.com,9683248989,PENDING,BR004,2026-05-16 10:42:25.5785657,2026-05-16 10:42:25.5785657
2104,Ramesh,Desai,1985-11-28,IVZCE8421T,ramesh.desai57@gmail.com,9241663425,VERIFIED,BR002,2026-05-16 10:42:25.5785657,2026-05-16 10:42:25.5785657
2105,Kavita,Patel,1974-05-26,VNVTB4478B,kavita.patel71@gmail.com,8024650670,VERIFIED,BR002,2026-05-16 10:42:25.5785657,2026-05-16 10:42:25.5785657
2106,Ramesh,Singh,1966-06-05,IOKAR7753U,ramesh.singh66@gmail.com,9408044077,VERIFIED,BR002,2026-05-16 10:42:25.5785657,2026-05-16 10:42:25.5785657
2107,Neha,Yadav,1977-06-13,GLMOT7940E,neha.yadav61@gmail.com,9557089856,REJECTED,BR002,2026-05-16 10:42:25.5785657,2026-05-16 10:42:25.5785657
2108,Suresh,Gupta,1984-01-05,TETEL9041Z,suresh.gupta87@gmail.com,9012953313,VERIFIED,BR003,2026-05-16 10:42:25.5785657,2026-05-16 10:42:25.5785657
2109,Suresh,Singh,1976-07-08,NDWKA1978I,suresh.singh98@gmail.com,8209893891,VERIFIED,BR004,2026-05-16 10:42:25.5785657,2026-05-16 10:42:25.5785657
2110,Vikram,Jain,1969-07-31,NPJQD5267Q,vikram.jain45@gmail.com,8753014185,VERIFIED,BR001,2026-05-16 10:42:25.5785657,2026-05-16 10:42:25.5785657
2111,Suresh,Sharma,1998-03-14,PMFIT9917P,suresh.sharma2@gmail.com,9307770640,VERIFIED,BR003,2026-05-16 10:42:25.5785657,2026-05-16 10:42:25.5785657
2112,Rahul,Jain,1960-06-07,AKDBZ3165K,rahul.jain93@gmail.com,8064329476,VERIFIED,BR002,2026-05-16 10:42:25.5785657,2026-05-16 10:42:25.5785657
2113,Rohit,Patel,1970-09-10,CQPBQ8301J,rohit.patel47@gmail.com,9383605422,VERIFIED,BR002,2026-05-16 10:42:25.5785657,2026-05-16 10:42:25.5785657
2114,Amit,Sharma,1960-07-15,VWPHQ4256C,amit.sharma16@gmail.com,9034487450,VERIFIED,BR003,2026-05-16 10:42:25.5785657,2026-05-16 10:42:25.5785657
2115,Vikram,Gupta,1967-05-13,PCFEO1563S,vikram.gupta27@gmail.com,9823328547,VERIFIED,BR001,2026-05-16 10:42:25.5785657,2026-05-16 10:42:25.5785657
2116,Amit,Desai,1960-02-27,UPHUW6417G,amit.desai80@gmail.com,9082956137,REJECTED,BR004,2026-05-16 10:42:25.5785657,2026-05-16 10:42:25.5785657
2117,Ramesh,Desai,1983-10-01,CUDEW3805O,ramesh.desai96@gmail.com,9829321764,VERIFIED,BR004,2026-05-16 10:42:25.5785657,2026-05-16 10:42:25.5785657
2118,Amit,Gupta,1981-08-29,LMHTG3773Q,amit.gupta89@gmail.com,9091402611,VERIFIED,BR001,2026-05-16 10:42:25.5785657,2026-05-16 10:42:25.5785657
2119,Amit,Mehta,1979-08-17,ICPFE6214O,amit.mehta16@gmail.com,9797925777,VERIFIED,BR004,2026-05-16 10:42:25.5785657,2026-05-16 10:42:25.5785657
2120,Vikram,Gupta,1980-07-06,MUROL3034V,vikram.gupta68@gmail.com,9551006982,VERIFIED,BR002,2026-05-16 10:42:25.5785657,2026-05-16 10:42:25.5785657
2121,Neha,Jain,1982-07-27,ILQWX1399G,neha.jain82@gmail.com,9696881528,VERIFIED,BR002,2026-05-16 10:42:25.5785657,2026-05-16 10:42:25.5785657
2122,Pooja,Patel,1989-05-01,LNAIC3296B,pooja.patel35@gmail.com,9447169125,PENDING,BR002,2026-05-16 10:42:25.5785657,2026-05-16 10:42:25.5785657
2123,Suresh,Verma,1972-11-27,QQKZS2050W,suresh.verma12@gmail.com,9157700125,VERIFIED,BR002,2026-05-16 10:42:25.5785657,2026-05-16 10:42:25.5785657
2124,Suresh,Desai,1990-02-01,YZQMM8780A,suresh.desai66@gmail.com,9599621404,VERIFIED,BR001,2026-05-16 10:42:25.5785657,2026-05-16 10:42:25.5785657
2125,Rahul,Kumar,1966-01-02,PSSEW0814W,rahul.kumar4@gmail.com,9174480198,VERIFIED,BR004,2026-05-16 10:42:25.5785657,2026-05-16 10:42:25.5785657
2126,Vikram,Patel,1991-03-13,BCOZF6088K,vikram.patel46@gmail.com,9297522292,VERIFIED,BR004,2026-05-16 10:42:25.5785657,2026-05-16 10:42:25.5785657
2127,Rahul,Iyer,1992-09-24,XEZSJ0646B,rahul.iyer96@gmail.com,9475413380,VERIFIED,BR003,2026-05-16 10:42:25.5785657,2026-05-16 10:42:25.5785657
2128,Rohit,Patel,1960-01-15,BVNSC4215F,rohit.patel12@gmail.com,9299022447,VERIFIED,BR001,2026-05-16 10:42:25.5785657,2026-05-16 10:42:25.5785657
2129,Rohit,Patel,1994-12-19,QVYIO1480O,rohit.patel38@gmail.com,9416506231,VERIFIED,BR004,2026-05-16 10:42:25.5785657,2026-05-16 10:42:25.5785657
2130,Rahul,Reddy,1974-07-10,CXECI6010U,rahul.reddy14@gmail.com,8780666158,VERIFIED,BR004,2026-05-16 10:42:25.5785657,2026-05-16 10:42:25.5785657
2131,Vikram,Patel,1983-01-11,JCSGV6917E,vikram.patel17@gmail.com,9986429199,VERIFIED,BR003,2026-05-16 10:42:25.5785657,2026-05-16 10:42:25.5785657
2132,Rahul,Desai,1982-09-13,IJHHO4821J,rahul.desai3@gmail.com,9281952503,VERIFIED,BR002,2026-05-16 10:42:25.5785657,2026-05-16 10:42:25.5785657
2133,Suresh,Verma,1985-07-10,GLCJJ7586F,suresh.verma92@gmail.com,9131548230,VERIFIED,BR004,2026-05-16 10:42:25.5785657,2026-05-16 10:42:25.5785657
2134,Kavita,Verma,2000-06-23,AVKNF7387G,kavita.verma1@gmail.com,9220422042,VERIFIED,BR002,2026-05-16 10:42:25.5785657,2026-05-16 10:42:25.5785657
2135,Anjali,Patel,1961-06-08,IZOTG5222D,anjali.patel64@gmail.com,9733725628,PENDING,BR003,2026-05-16 10:42:25.5785657,2026-05-16 10:42:25.5785657
2136,Amit,Iyer,1989-12-15,NQMMI5693D,amit.iyer34@gmail.com,9672355305,VERIFIED,BR004,2026-05-16 10:42:25.5785657,2026-05-16 10:42:25.5785657
2137,Anjali,Sharma,1972-06-10,QWAKI6193O,anjali.sharma81@gmail.com,9643847776,VERIFIED,BR002,2026-05-16 10:42:25.5785657,2026-05-16 10:42:25.5785657
2138,Vikram,Desai,1971-09-21,OTLQP6742X,vikram.desai6@gmail.com,9041707913,PENDING,BR001,2026-05-16 10:42:25.5785657,2026-05-16 10:42:25.5785657
2139,Sneha,Desai,1967-09-26,JIRHZ8795N,sneha.desai36@gmail.com,9649285422,VERIFIED,BR002,2026-05-16 10:42:25.5785657,2026-05-16 10:42:25.5785657
2140,Anjali,Iyer,1983-09-05,LHPPE1356Q,anjali.iyer95@gmail.com,9943986607,VERIFIED,BR002,2026-05-16 10:42:25.5785657,2026-05-16 10:42:25.5785657
2141,Rohit,Singh,1999-01-31,FZTDI9937Z,rohit.singh48@gmail.com,9578501768,VERIFIED,BR002,2026-05-16 10:42:25.5785657,2026-05-16 10:42:25.5785657
2142,Ramesh,Jain,1962-06-17,IKLRF1318N,ramesh.jain9@gmail.com,9551951116,VERIFIED,BR002,2026-05-16 10:42:25.5785657,2026-05-16 10:42:25.5785657
2143,Amit,Iyer,1975-09-25,CGRVJ4346W,amit.iyer43@gmail.com,9821664001,VERIFIED,BR001,2026-05-16 10:42:25.5785657,2026-05-16 10:42:25.5785657
2144,Pooja,Iyer,1966-10-15,FMJMG9339M,pooja.iyer55@gmail.com,9855903079,VERIFIED,BR003,2026-05-16 10:42:25.5785657,2026-05-16 10:42:25.5785657
2145,Sneha,Yadav,1965-01-24,UXVSL3047S,sneha.yadav75@gmail.com,9159134955,VERIFIED,BR002,2026-05-16 10:42:25.5785657,2026-05-16 10:42:25.5785657
2146,Vikram,Mehta,1976-04-10,AXEGJ5053C,vikram.mehta78@gmail.com,9536869172,VERIFIED,BR002,2026-05-16 10:42:25.5785657,2026-05-16 10:42:25.5785657
2147,Amit,Iyer,1982-04-02,QDEFL3642M,amit.iyer28@gmail.com,9825846045,REJECTED,BR004,2026-05-16 10:42:25.5785657,2026-05-16 10:42:25.5785657
2148,Anjali,Mehta,1983-07-24,RMGYE3518L,anjali.mehta28@gmail.com,9470332059,VERIFIED,BR004,2026-05-16 10:42:25.5785657,2026-05-16 10:42:25.5785657
2149,Rohit,Sharma,1989-04-28,RCWUA3534P,rohit.sharma99@gmail.com,9735903901,VERIFIED,BR001,2026-05-16 10:42:25.5785657,2026-05-16 10:42:25.5785657
2150,Neha,Mehta,1976-05-25,QRKBL7189Q,neha.mehta20@gmail.com,8839914833,VERIFIED,BR001,2026-05-16 10:42:25.5785657,2026-05-16 10:42:25.5785657
2151,Kavita,Singh,1962-09-05,JMINJ7953V,kavita.singh61@gmail.com,8485933922,VERIFIED,BR001,2026-05-16 10:42:25.5785657,2026-05-16 10:42:25.5785657
2152,Pooja,Iyer,1981-04-25,CAYSG5684O,pooja.iyer53@gmail.com,9544668771,VERIFIED,BR004,2026-05-16 10:42:25.5785657,2026-05-16 10:42:25.5785657
2153,Sneha,Iyer,1985-12-08,HDMJX6232A,sneha.iyer90@gmail.com,8133307717,VERIFIED,BR002,2026-05-16 10:42:25.5785657,2026-05-16 10:42:25.5785657
2154,Kavita,Gupta,1960-02-13,OEJAI6530X,kavita.gupta80@gmail.com,9494439988,VERIFIED,BR004,2026-05-16 10:42:25.5785657,2026-05-16 10:42:25.5785657
2155,Amit,Mehta,1966-12-02,KENDD4834T,amit.mehta19@gmail.com,9757368734,VERIFIED,BR003,2026-05-16 10:42:25.5785657,2026-05-16 10:42:25.5785657
2156,Rohit,Desai,1973-04-02,GVVTN4031X,rohit.desai49@gmail.com,9736604087,VERIFIED,BR001,2026-05-16 10:42:25.5785657,2026-05-16 10:42:25.5785657
2157,Rohit,Iyer,1978-10-24,QWJZC9740X,rohit.iyer72@gmail.com,9792142316,VERIFIED,BR001,2026-05-16 10:42:25.5785657,2026-05-16 10:42:25.5785657
2158,Anjali,Jain,1983-04-03,GQWVL1123Q,anjali.jain74@gmail.com,9420363575,VERIFIED,BR001,2026-05-16 10:42:25.5785657,2026-05-16 10:42:25.5785657
2159,Suresh,Gupta,1982-05-18,OUSBO2926F,suresh.gupta75@gmail.com,9948162243,VERIFIED,BR003,2026-05-16 10:42:25.5785657,2026-05-16 10:42:25.5785657
2160,Anjali,Mehta,1968-12-06,HRPXR2404E,anjali.mehta34@gmail.com,9038918558,VERIFIED,BR002,2026-05-16 10:42:25.5785657,2026-05-16 10:42:25.5785657
2161,Suresh,Desai,1966-09-22,HMUQC2726X,suresh.desai58@gmail.com,9658673634,VERIFIED,BR002,2026-05-16 10:42:25.5785657,2026-05-16 10:42:25.5785657
2162,Suresh,Desai,1972-05-13,SVPQI3903L,suresh.desai29@gmail.com,9264520790,VERIFIED,BR002,2026-05-16 10:42:25.5785657,2026-05-16 10:42:25.5785657
2163,Pooja,Patel,1980-10-14,VDWMN1346S,pooja.patel66@gmail.com,9700588045,VERIFIED,BR001,2026-05-16 10:42:25.5785657,2026-05-16 10:42:25.5785657
2164,Anjali,Verma,1997-06-09,ZQOIF9323V,anjali.verma60@gmail.com,9182379570,VERIFIED,BR002,2026-05-16 10:42:25.5785657,2026-05-16 10:42:25.5785657
2165,Priya,Sharma,1994-10-18,MEPQO4772X,priya.sharma79@gmail.com,9565646339,VERIFIED,BR004,2026-05-16 10:42:25.5785657,2026-05-16 10:42:25.5785657
2166,Neha,Singh,1976-08-05,MGXDP8029S,neha.singh26@gmail.com,9538457882,VERIFIED,BR001,2026-05-16 10:42:25.5785657,2026-05-16 10:42:25.5785657
2167,Sneha,Reddy,1974-07-14,HWTZZ5329I,sneha.reddy6@gmail.com,8712370436,VERIFIED,BR003,2026-05-16 10:42:25.5785657,2026-05-16 10:42:25.5785657
2168,Rahul,Iyer,1986-07-13,IJCXY7353M,rahul.iyer73@gmail.com,9094360529,VERIFIED,BR003,2026-05-16 10:42:25.5785657,2026-05-16 10:42:25.5785657
2169,Rahul,Yadav,1965-08-10,MMVLY1253O,rahul.yadav20@gmail.com,9913573309,VERIFIED,BR002,2026-05-16 10:42:25.5785657,2026-05-16 10:42:25.5785657
2170,Anjali,Mehta,1968-07-11,RRCPK4102T,anjali.mehta87@gmail.com,9674055092,PENDING,BR001,2026-05-16 10:42:25.5785657,2026-05-16 10:42:25.5785657
2171,Anjali,Mehta,1961-03-17,QZPTY3254C,anjali.mehta48@gmail.com,9504016308,VERIFIED,BR004,2026-05-16 10:42:25.5785657,2026-05-16 10:42:25.5785657
2172,Kavita,Gupta,1995-09-07,YAPUK5194X,kavita.gupta23@gmail.com,8685100679,VERIFIED,BR004,2026-05-16 10:42:25.5785657,2026-05-16 10:42:25.5785657
2173,Sneha,Gupta,1968-07-01,WEYXI2824H,sneha.gupta27@gmail.com,9711587372,VERIFIED,BR001,2026-05-16 10:42:25.5785657,2026-05-16 10:42:25.5785657
2174,Sneha,Yadav,1989-01-26,RLGEL6888F,sneha.yadav78@gmail.com,9529911955,VERIFIED,BR002,2026-05-16 10:42:25.5785657,2026-05-16 10:42:25.5785657
2175,Pooja,Mehta,1988-03-29,GSBTR4543Z,pooja.mehta7@gmail.com,9149653962,PENDING,BR003,2026-05-16 10:42:25.5785657,2026-05-16 10:42:25.5785657
2176,Anjali,Kumar,1969-05-13,KGSDU6504X,anjali.kumar49@gmail.com,9050806544,VERIFIED,BR003,2026-05-16 10:42:25.5785657,2026-05-16 10:42:25.5785657
2177,Sneha,Singh,1979-04-10,BVVSB3964Z,sneha.singh7@gmail.com,9273950786,VERIFIED,BR004,2026-05-16 10:42:25.5785657,2026-05-16 10:42:25.5785657
2178,Kavita,Mehta,1973-12-13,DDGVT1143H,kavita.mehta47@gmail.com,9144885452,PENDING,BR004,2026-05-16 10:42:25.5785657,2026-05-16 10:42:25.5785657
2179,Suresh,Iyer,1964-10-28,UFCQB8422J,suresh.iyer53@gmail.com,9134690898,PENDING,BR004,2026-05-16 10:42:25.5785657,2026-05-16 10:42:25.5785657
2180,Rohit,Verma,1971-08-03,RILGH0150L,rohit.verma26@gmail.com,8450511122,VERIFIED,BR003,2026-05-16 10:42:25.5785657,2026-05-16 10:42:25.5785657
2181,Rohit,Yadav,1979-06-07,OSHSO3761Z,rohit.yadav53@gmail.com,8849170123,VERIFIED,BR004,2026-05-16 10:42:25.5785657,2026-05-16 10:42:25.5785657
2182,Suresh,Iyer,1993-04-15,SDHJQ0235I,suresh.iyer6@gmail.com,9087089393,VERIFIED,BR003,2026-05-16 10:42:25.5785657,2026-05-16 10:42:25.5785657
2183,Vikram,Kumar,1989-08-26,JNWNM9965Q,vikram.kumar57@gmail.com,9846911358,VERIFIED,BR003,2026-05-16 10:42:25.5785657,2026-05-16 10:42:25.5785657
2184,Kavita,Singh,1986-12-29,IJWME5180C,kavita.singh11@gmail.com,9478258909,VERIFIED,BR002,2026-05-16 10:42:25.5785657,2026-05-16 10:42:25.5785657
2185,Sneha,Mehta,1999-12-26,IIFHU7634U,sneha.mehta20@gmail.com,9343122081,PENDING,BR002,2026-05-16 10:42:25.5785657,2026-05-16 10:42:25.5785657
2186,Priya,Reddy,1983-06-01,XVVUN2263D,priya.reddy39@gmail.com,9935449709,VERIFIED,BR002,2026-05-16 10:42:25.5785657,2026-05-16 10:42:25.5785657
2187,Kavita,Patel,1971-05-01,YNHZW5074Q,kavita.patel16@gmail.com,8709094551,VERIFIED,BR004,2026-05-16 10:42:25.5785657,2026-05-16 10:42:25.5785657
2188,Suresh,Iyer,1987-07-07,GGTRQ2640T,suresh.iyer27@gmail.com,9585947418,VERIFIED,BR003,2026-05-16 10:42:25.5785657,2026-05-16 10:42:25.5785657
2189,Neha,Verma,1990-07-24,GHTTX9132H,neha.verma62@gmail.com,9621409914,VERIFIED,BR004,2026-05-16 10:42:25.5785657,2026-05-16 10:42:25.5785657
2190,Ramesh,Reddy,1962-05-30,PPMNU3611C,ramesh.reddy27@gmail.com,9308190379,REJECTED,BR003,2026-05-16 10:42:25.5785657,2026-05-16 10:42:25.5785657
2191,Amit,Jain,1998-07-04,MCPPH0497O,amit.jain79@gmail.com,9898099526,VERIFIED,BR002,2026-05-16 10:42:25.5785657,2026-05-16 10:42:25.5785657
2192,Suresh,Gupta,1987-08-28,UFUPL0764F,suresh.gupta39@gmail.com,8108109209,VERIFIED,BR002,2026-05-16 10:42:25.5785657,2026-05-16 10:42:25.5785657
2193,Priya,Iyer,1962-12-14,IMHQG5365U,priya.iyer79@gmail.com,9743709972,PENDING,BR004,2026-05-16 10:42:25.5785657,2026-05-16 10:42:25.5785657
2194,Sneha,Gupta,1977-11-08,LZYMI9410N,sneha.gupta12@gmail.com,9104628187,VERIFIED,BR003,2026-05-16 10:42:25.5785657,2026-05-16 10:42:25.5785657
2195,Priya,Mehta,1997-10-27,RCWIR8112J,priya.mehta18@gmail.com,9836729822,VERIFIED,BR004,2026-05-16 10:42:25.5785657,2026-05-16 10:42:25.5785657
2196,Priya,Gupta,1982-04-08,NINCH6511Y,priya.gupta83@gmail.com,9138852940,VERIFIED,BR001,2026-05-16 10:42:25.5785657,2026-05-16 10:42:25.5785657
2197,Anjali,Jain,1968-12-05,KEERI5454X,anjali.jain41@gmail.com,9362091497,VERIFIED,BR004,2026-05-16 10:42:25.5785657,2026-05-16 10:42:25.5785657
2198,Anjali,Verma,1960-07-13,HYMWH1337O,anjali.verma69@gmail.com,9540198883,VERIFIED,BR002,2026-05-16 10:42:25.5785657,2026-05-16 10:42:25.5785657
2199,Pooja,Singh,1961-11-02,IOTAY0461O,pooja.singh9@gmail.com,9498018315,PENDING,BR003,2026-05-16 10:42:25.5785657,2026-05-16 10:42:25.5785657
2200,Suresh,Desai,1963-07-13,TASFS2337K,suresh.desai73@gmail.com,9181064753,VERIFIED,BR003,2026-05-16 10:42:25.5785657,2026-05-16 10:42:25.5785657
2201,Pooja,Sharma,1973-10-04,OTUQL2017X,pooja.sharma29@gmail.com,8482738065,VERIFIED,BR004,2026-05-16 10:42:25.5785657,2026-05-16 10:42:25.5785657
2202,Suresh,Yadav,1963-04-20,PYYUK9729S,suresh.yadav56@gmail.com,9348111296,PENDING,BR002,2026-05-16 10:42:25.5785657,2026-05-16 10:42:25.5785657
2203,Kavita,Singh,1983-03-27,JCQHJ9117K,kavita.singh50@gmail.com,9426933869,VERIFIED,BR001,2026-05-16 10:42:25.5785657,2026-05-16 10:42:25.5785657
2204,Amit,Desai,1991-02-01,ZTVWP5543R,amit.desai75@gmail.com,8816850182,VERIFIED,BR004,2026-05-16 10:42:25.5785657,2026-05-16 10:42:25.5785657
2205,Priya,Kumar,1996-09-01,TGNHA7077K,priya.kumar37@gmail.com,8147498559,VERIFIED,BR003,2026-05-16 10:42:25.5785657,2026-05-16 10:42:25.5785657
2206,Kavita,Iyer,1997-10-08,YJUTF3231W,kavita.iyer25@gmail.com,9647903964,VERIFIED,BR002,2026-05-16 10:42:25.5785657,2026-05-16 10:42:25.5785657
2207,Ramesh,Iyer,1986-06-19,GPYDQ4878B,ramesh.iyer56@gmail.com,9889957446,PENDING,BR003,2026-05-16 10:42:25.5785657,2026-05-16 10:42:25.5785657
2208,Rohit,Verma,1990-06-03,XNALA5774S,rohit.verma39@gmail.com,9167770988,VERIFIED,BR003,2026-05-16 10:42:25.5785657,2026-05-16 10:42:25.5785657
2209,Rahul,Iyer,1968-06-06,IBBCO1158S,rahul.iyer27@gmail.com,8064580528,VERIFIED,BR003,2026-05-16 10:42:25.5785657,2026-05-16 10:42:25.5785657
2210,Suresh,Reddy,1970-07-03,XPZTT4248X,suresh.reddy55@gmail.com,9193334870,VERIFIED,BR003,2026-05-16 10:42:25.5785657,2026-05-16 10:42:25.5785657
2211,Ramesh,Desai,1980-02-08,DIEOL7798M,ramesh.desai45@gmail.com,9283461772,VERIFIED,BR001,2026-05-16 10:42:25.5785657,2026-05-16 10:42:25.5785657
2212,Rohit,Verma,1971-06-26,OAVAF4226K,rohit.verma87@gmail.com,8904017963,VERIFIED,BR002,2026-05-16 10:42:25.5785657,2026-05-16 10:42:25.5785657
2213,Sneha,Patel,1963-12-27,NQFVY8751E,sneha.patel89@gmail.com,9074873433,VERIFIED,BR004,2026-05-16 10:42:25.5785657,2026-05-16 10:42:25.5785657
2214,Vikram,Reddy,1985-03-06,FEAPV7593K,vikram.reddy25@gmail.com,9599514716,VERIFIED,BR002,2026-05-16 10:42:25.5785657,2026-05-16 10:42:25.5785657
2215,Amit,Iyer,1976-01-27,YRFEZ2970O,amit.iyer11@gmail.com,9262279894,VERIFIED,BR002,2026-05-16 10:42:25.5785657,2026-05-16 10:42:25.5785657
2216,Pooja,Gupta,1988-04-10,DYAWW2041Y,pooja.gupta85@gmail.com,9728595127,VERIFIED,BR002,2026-05-16 10:42:25.5785657,2026-05-16 10:42:25.5785657
2217,Pooja,Jain,1961-04-17,JVCEX7171P,pooja.jain40@gmail.com,9667276333,VERIFIED,BR004,2026-05-16 10:42:25.5785657,2026-05-16 10:42:25.5785657
2218,Kavita,Gupta,1966-03-24,TJZKF0545O,kavita.gupta95@gmail.com,8083101331,VERIFIED,BR002,2026-05-16 10:42:25.5785657,2026-05-16 10:42:25.5785657
2219,Anjali,Reddy,1970-06-10,AJKZC3309U,anjali.reddy41@gmail.com,9465230025,VERIFIED,BR004,2026-05-16 10:42:25.5785657,2026-05-16 10:42:25.5785657
2220,Rohit,Kumar,1971-02-02,HZCQK4926K,rohit.kumar89@gmail.com,9291423917,VERIFIED,BR004,2026-05-16 10:42:25.5785657,2026-05-16 10:42:25.5785657
2221,Vikram,Iyer,1986-04-24,BWEAN1405G,vikram.iyer77@gmail.com,9327998778,VERIFIED,BR001,2026-05-16 10:42:25.5785657,2026-05-16 10:42:25.5785657
2222,Ramesh,Kumar,1982-12-15,WRJKE1997Z,ramesh.kumar36@gmail.com,9480446606,PENDING,BR003,2026-05-16 10:42:25.5785657,2026-05-16 10:42:25.5785657
2223,Amit,Kumar,1984-11-07,RJYUA2438T,amit.kumar48@gmail.com,9652672517,VERIFIED,BR004,2026-05-16 10:42:25.5785657,2026-05-16 10:42:25.5785657
2224,Rohit,Desai,1967-03-05,IUIXA8903T,rohit.desai54@gmail.com,9392157751,VERIFIED,BR003,2026-05-16 10:42:25.5785657,2026-05-16 10:42:25.5785657
2225,Vikram,Yadav,1992-04-27,SECJF4094N,vikram.yadav71@gmail.com,9956857870,PENDING,BR002,2026-05-16 10:42:25.5785657,2026-05-16 10:42:25.5785657
2226,Rahul,Desai,1965-02-10,WNDPQ3491V,rahul.desai98@gmail.com,9255933310,PENDING,BR003,2026-05-16 10:42:25.5785657,2026-05-16 10:42:25.5785657
2227,Suresh,Mehta,1989-07-23,OYRCM8515Z,suresh.mehta16@gmail.com,8314597137,VERIFIED,BR003,2026-05-16 10:42:25.5785657,2026-05-16 10:42:25.5785657
2228,Pooja,Sharma,1965-03-08,YFCCK8121V,pooja.sharma48@gmail.com,9731473889,VERIFIED,BR003,2026-05-16 10:42:25.5785657,2026-05-16 10:42:25.5785657
2229,Ramesh,Reddy,1996-05-16,HSMPN9283L,ramesh.reddy5@gmail.com,9384837854,VERIFIED,BR002,2026-05-16 10:42:25.5785657,2026-05-16 10:42:25.5785657
2230,Pooja,Singh,1961-03-08,RPYAX3011E,pooja.singh97@gmail.com,9202325327,VERIFIED,BR002,2026-05-16 10:42:25.5785657,2026-05-16 10:42:25.5785657
2231,Ramesh,Sharma,1993-02-01,QVGKA4818S,ramesh.sharma70@gmail.com,9061997655,PENDING,BR004,2026-05-16 10:42:25.5785657,2026-05-16 10:42:25.5785657
2232,Kavita,Patel,1972-11-05,KZLGL7653F,kavita.patel75@gmail.com,9210360562,VERIFIED,BR004,2026-05-16 10:42:25.5785657,2026-05-16 10:42:25.5785657
2233,Anjali,Jain,1993-04-23,GUMOR6350L,anjali.jain41@gmail.com,9976171930,VERIFIED,BR001,2026-05-16 10:42:25.5785657,2026-05-16 10:42:25.5785657
2234,Ramesh,Desai,1977-02-08,LAOCZ8171L,ramesh.desai14@gmail.com,9447489682,VERIFIED,BR002,2026-05-16 10:42:25.5785657,2026-05-16 10:42:25.5785657
2235,Pooja,Desai,1982-11-24,HLZCW5399G,pooja.desai38@gmail.com,9553426009,VERIFIED,BR001,2026-05-16 10:42:25.5785657,2026-05-16 10:42:25.5785657
2236,Kavita,Verma,1985-11-06,DRUFT5755B,kavita.verma49@gmail.com,9643854383,VERIFIED,BR002,2026-05-16 10:42:25.5785657,2026-05-16 10:42:25.5785657
2237,Ramesh,Sharma,1995-09-20,UJFYN3116T,ramesh.sharma90@gmail.com,9010390126,PENDING,BR003,2026-05-16 10:42:25.5785657,2026-05-16 10:42:25.5785657
2238,Rahul,Verma,1998-12-18,FYSOY4209M,rahul.verma30@gmail.com,9173544692,VERIFIED,BR001,2026-05-16 10:42:25.5785657,2026-05-16 10:42:25.5785657
2239,Anjali,Singh,1982-06-07,HXZXM1902R,anjali.singh84@gmail.com,9062116289,VERIFIED,BR001,2026-05-16 10:42:25.5785657,2026-05-16 10:42:25.5785657
2240,Ramesh,Verma,1993-09-05,RFTPB7141Z,ramesh.verma14@gmail.com,9740839139,VERIFIED,BR001,2026-05-16 10:42:25.5785657,2026-05-16 10:42:25.5785657
2241,Kavita,Sharma,1974-04-27,ZZKEK5232I,kavita.sharma69@gmail.com,9767888303,VERIFIED,BR002,2026-05-16 10:42:25.5785657,2026-05-16 10:42:25.5785657
2242,Sneha,Reddy,1979-10-07,DKSPR2123U,sneha.reddy58@gmail.com,9923352341,VERIFIED,BR004,2026-05-16 10:42:25.5785657,2026-05-16 10:42:25.5785657
2243,Rohit,Iyer,1983-05-31,DICQM6217O,rohit.iyer80@gmail.com,9525191759,PENDING,BR001,2026-05-16 10:42:25.5785657,2026-05-16 10:42:25.5785657
2244,Neha,Iyer,1980-07-18,DWTSW9082U,neha.iyer71@gmail.com,9778550369,VERIFIED,BR004,2026-05-16 10:42:25.5785657,2026-05-16 10:42:25.5785657
2245,Vikram,Jain,1978-06-07,MPWRU7219T,vikram.jain75@gmail.com,8091020900,VERIFIED,BR002,2026-05-16 10:42:25.5785657,2026-05-16 10:42:25.5785657
2246,Neha,Patel,1969-12-12,YWGWM7401Y,neha.patel62@gmail.com,9498747960,VERIFIED,BR001,2026-05-16 10:42:25.5785657,2026-05-16 10:42:25.5785657
2247,Sneha,Desai,1997-03-31,HSHGN4890D,sneha.desai53@gmail.com,8015598243,VERIFIED,BR002,2026-05-16 10:42:25.5785657,2026-05-16 10:42:25.5785657
2248,Neha,Singh,1986-12-05,SMPFL2984T,neha.singh30@gmail.com,9062784629,VERIFIED,BR004,2026-05-16 10:42:25.5785657,2026-05-16 10:42:25.5785657
2249,Sneha,Desai,1973-02-06,VJNYJ6579S,sneha.desai31@gmail.com,9458023135,VERIFIED,BR004,2026-05-16 10:42:25.5785657,2026-05-16 10:42:25.5785657
2250,Amit,Mehta,1996-07-04,CZGPS6870U,amit.mehta87@gmail.com,8572934428,VERIFIED,BR001,2026-05-16 10:42:25.5785657,2026-05-16 10:42:25.5785657
2251,Sneha,Jain,1988-07-18,UWONY8676A,sneha.jain98@gmail.com,9392689545,VERIFIED,BR004,2026-05-16 10:42:25.5785657,2026-05-16 10:42:25.5785657
2252,Sneha,Patel,1960-12-31,FEQIH4048L,sneha.patel6@gmail.com,9373968116,VERIFIED,BR003,2026-05-16 10:42:25.5785657,2026-05-16 10:42:25.5785657
2253,Priya,Yadav,1983-11-11,VIZGL0492Z,priya.yadav17@gmail.com,9470052068,VERIFIED,BR003,2026-05-16 10:42:25.5785657,2026-05-16 10:42:25.5785657
2254,Sneha,Verma,1962-06-24,EOWQT7714C,sneha.verma26@gmail.com,8349063153,VERIFIED,BR001,2026-05-16 10:42:25.5785657,2026-05-16 10:42:25.5785657
2255,Rahul,Gupta,1961-05-17,IQTVF8176K,rahul.gupta2@gmail.com,9968195189,VERIFIED,BR002,2026-05-16 10:42:25.5785657,2026-05-16 10:42:25.5785657
2256,Rohit,Sharma,1965-02-08,QQTFW4343F,rohit.sharma36@gmail.com,9482424977,VERIFIED,BR002,2026-05-16 10:42:25.5785657,2026-05-16 10:42:25.5785657
2257,Suresh,Desai,1980-04-02,YICPX7575M,suresh.desai20@gmail.com,9434612367,VERIFIED,BR002,2026-05-16 10:42:25.5785657,2026-05-16 10:42:25.5785657
2258,Ramesh,Verma,1969-06-03,QBCSX6813L,ramesh.verma27@gmail.com,9045538391,VERIFIED,BR003,2026-05-16 10:42:25.5785657,2026-05-16 10:42:25.5785657
2259,Vikram,Singh,1997-07-18,KXCYV8250H,vikram.singh31@gmail.com,9535362710,VERIFIED,BR004,2026-05-16 10:42:25.5785657,2026-05-16 10:42:25.5785657
2260,Anjali,Desai,1965-07-08,LBORH4892H,anjali.desai29@gmail.com,9101995675,PENDING,BR003,2026-05-16 10:42:25.5785657,2026-05-16 10:42:25.5785657
2261,Rohit,Yadav,1983-08-18,LVDHZ8445S,rohit.yadav89@gmail.com,8543049228,VERIFIED,BR004,2026-05-16 10:42:25.5785657,2026-05-16 10:42:25.5785657
2262,Pooja,Iyer,1988-06-14,EENKO9327L,pooja.iyer67@gmail.com,9703449821,VERIFIED,BR003,2026-05-16 10:42:25.5785657,2026-05-16 10:42:25.5785657
2263,Suresh,Patel,1968-10-31,UGJXY3391W,suresh.patel68@gmail.com,9707136184,VERIFIED,BR002,2026-05-16 10:42:25.5785657,2026-05-16 10:42:25.5785657
2264,Amit,Jain,1992-09-11,GNDZU5438T,amit.jain81@gmail.com,9097015747,VERIFIED,BR002,2026-05-16 10:42:25.5785657,2026-05-16 10:42:25.5785657
2265,Amit,Patel,1965-08-29,FJSZV2284O,amit.patel98@gmail.com,9423134938,VERIFIED,BR002,2026-05-16 10:42:25.5785657,2026-05-16 10:42:25.5785657
2266,Sneha,Iyer,1977-08-12,MLYEO5038E,sneha.iyer31@gmail.com,9686346907,REJECTED,BR001,2026-05-16 10:42:25.5785657,2026-05-16 10:42:25.5785657
2267,Rohit,Desai,1994-12-19,BJYHG8054Y,rohit.desai14@gmail.com,9141721969,PENDING,BR001,2026-05-16 10:42:25.5785657,2026-05-16 10:42:25.5785657
2268,Kavita,Singh,1971-03-07,YZFLN6358N,kavita.singh85@gmail.com,9546297224,PENDING,BR004,2026-05-16 10:42:25.5785657,2026-05-16 10:42:25.5785657
2269,Priya,Patel,2000-12-08,DORIA6731C,priya.patel73@gmail.com,9385566973,PENDING,BR001,2026-05-16 10:42:25.5785657,2026-05-16 10:42:25.5785657
2270,Neha,Patel,1977-12-24,PNSTG6711U,neha.patel50@gmail.com,9750130942,VERIFIED,BR003,2026-05-16 10:42:25.5785657,2026-05-16 10:42:25.5785657
2271,Pooja,Yadav,1982-05-10,YSICK7683P,pooja.yadav1@gmail.com,9665996266,VERIFIED,BR003,2026-05-16 10:42:25.5785657,2026-05-16 10:42:25.5785657
2272,Amit,Sharma,1960-06-23,DICJS8414H,amit.sharma99@gmail.com,9295240246,VERIFIED,BR004,2026-05-16 10:42:25.5785657,2026-05-16 10:42:25.5785657
2273,Vikram,Singh,1960-07-03,JQCLC2805V,vikram.singh19@gmail.com,9468487825,VERIFIED,BR004,2026-05-16 10:42:25.5785657,2026-05-16 10:42:25.5785657
2274,Amit,Singh,1968-03-07,JEZNA3095C,amit.singh42@gmail.com,8461893169,VERIFIED,BR002,2026-05-16 10:42:25.5785657,2026-05-16 10:42:25.5785657
2275,Anjali,Reddy,1982-04-28,YEQEF3895S,anjali.reddy4@gmail.com,9123301111,VERIFIED,BR001,2026-05-16 10:42:25.5785657,2026-05-16 10:42:25.5785657
2276,Ramesh,Iyer,1975-09-18,ELVUN8469Z,ramesh.iyer79@gmail.com,9530735291,VERIFIED,BR002,2026-05-16 10:42:25.5785657,2026-05-16 10:42:25.5785657
2277,Amit,Reddy,1986-03-23,YUIHJ1594T,amit.reddy93@gmail.com,9824222888,PENDING,BR001,2026-05-16 10:42:25.5785657,2026-05-16 10:42:25.5785657
2278,Anjali,Iyer,1974-06-24,EPILR8796C,anjali.iyer92@gmail.com,9559625629,VERIFIED,BR001,2026-05-16 10:42:25.5785657,2026-05-16 10:42:25.5785657
2279,Rohit,Patel,1984-02-25,IJGVE4399Z,rohit.patel85@gmail.com,9162915748,PENDING,BR004,2026-05-16 10:42:25.5785657,2026-05-16 10:42:25.5785657
2280,Rohit,Iyer,1988-06-28,VRTPW0695W,rohit.iyer20@gmail.com,9365050519,VERIFIED,BR002,2026-05-16 10:42:25.5785657,2026-05-16 10:42:25.5785657
2281,Priya,Gupta,1963-07-05,NKOFI4194N,priya.gupta64@gmail.com,9922967617,VERIFIED,BR002,2026-05-16 10:42:25.5785657,2026-05-16 10:42:25.5785657
2282,Suresh,Reddy,1965-05-13,JMMIM3472V,suresh.reddy3@gmail.com,9333410025,VERIFIED,BR001,2026-05-16 10:42:25.5785657,2026-05-16 10:42:25.5785657
2283,Amit,Patel,1989-09-06,SNBYH5956X,amit.patel34@gmail.com,9666422966,VERIFIED,BR001,2026-05-16 10:42:25.5785657,2026-05-16 10:42:25.5785657
2284,Vikram,Kumar,1992-11-03,BAZKJ5864Q,vikram.kumar1@gmail.com,9822283029,VERIFIED,BR004,2026-05-16 10:42:25.5785657,2026-05-16 10:42:25.5785657
2285,Amit,Mehta,1971-02-01,NEJSX0987C,amit.mehta4@gmail.com,9881099068,VERIFIED,BR003,2026-05-16 10:42:25.5785657,2026-05-16 10:42:25.5785657
2286,Vikram,Mehta,1967-04-23,SMOPB3912H,vikram.mehta40@gmail.com,9726424643,VERIFIED,BR002,2026-05-16 10:42:25.5785657,2026-05-16 10:42:25.5785657
2287,Rahul,Singh,1974-06-17,RXIEK2941T,rahul.singh32@gmail.com,9554407742,VERIFIED,BR002,2026-05-16 10:42:25.5785657,2026-05-16 10:42:25.5785657
2288,Sneha,Gupta,1973-09-06,GRWKO8628X,sneha.gupta70@gmail.com,9295499159,VERIFIED,BR004,2026-05-16 10:42:25.5785657,2026-05-16 10:42:25.5785657
2289,Suresh,Yadav,1983-08-21,XKAVJ8172A,suresh.yadav56@gmail.com,9792635283,VERIFIED,BR004,2026-05-16 10:42:25.5785657,2026-05-16 10:42:25.5785657
2290,Rahul,Sharma,1964-02-02,QKSLR2619P,rahul.sharma49@gmail.com,9164751606,VERIFIED,BR002,2026-05-16 10:42:25.5785657,2026-05-16 10:42:25.5785657
2291,Amit,Reddy,1985-11-18,BNETY7622S,amit.reddy55@gmail.com,9420561214,VERIFIED,BR002,2026-05-16 10:42:25.5785657,2026-05-16 10:42:25.5785657
2292,Suresh,Kumar,1963-10-15,GTKXF0825B,suresh.kumar66@gmail.com,9487840478,VERIFIED,BR001,2026-05-16 10:42:25.5785657,2026-05-16 10:42:25.5785657
2293,Rahul,Patel,1979-10-25,MCFVE7826O,rahul.patel39@gmail.com,9013364843,VERIFIED,BR003,2026-05-16 10:42:25.5785657,2026-05-16 10:42:25.5785657
2294,Neha,Gupta,1993-07-27,TLTRN9770A,neha.gupta60@gmail.com,8641867056,VERIFIED,BR002,2026-05-16 10:42:25.5785657,2026-05-16 10:42:25.5785657
2295,Amit,Singh,1991-09-11,YIYXJ2631J,amit.singh6@gmail.com,9741365870,VERIFIED,BR004,2026-05-16 10:42:25.5785657,2026-05-16 10:42:25.5785657
2296,Rahul,Jain,1977-06-27,NFQIS0486J,rahul.jain64@gmail.com,9012782609,VERIFIED,BR001,2026-05-16 10:42:25.5785657,2026-05-16 10:42:25.5785657
2297,Neha,Reddy,1961-02-19,ODZBR4561K,neha.reddy84@gmail.com,9521581336,VERIFIED,BR001,2026-05-16 10:42:25.5785657,2026-05-16 10:42:25.5785657
2298,Neha,Gupta,1967-10-17,JDCGJ5871H,neha.gupta20@gmail.com,9916085807,VERIFIED,BR004,2026-05-16 10:42:25.5785657,2026-05-16 10:42:25.5785657
2299,Rohit,Reddy,1993-01-08,TAOAV4536M,rohit.reddy50@gmail.com,9219421736,VERIFIED,BR004,2026-05-16 10:42:25.5785657,2026-05-16 10:42:25.5785657
2300,Priya,Jain,1996-03-20,LTRPI9491R,priya.jain6@gmail.com,9728697164,VERIFIED,BR001,2026-05-16 10:42:25.5785657,2026-05-16 10:42:25.5785657
2301,Amit,Sharma,1998-01-28,WFHTZ3217N,amit.sharma95@gmail.com,9385266185,VERIFIED,BR004,2026-05-16 10:42:25.5785657,2026-05-16 10:42:25.5785657
2302,Neha,Sharma,1968-11-02,UDLSO2483M,neha.sharma21@gmail.com,9615875525,VERIFIED,BR001,2026-05-16 10:42:25.5785657,2026-05-16 10:42:25.5785657
2303,Rohit,Yadav,1971-12-30,KKTLK3337G,rohit.yadav60@gmail.com,9640985997,VERIFIED,BR004,2026-05-16 10:42:25.5785657,2026-05-16 10:42:25.5785657
2304,Rahul,Mehta,1980-03-29,GSOYS7348Z,rahul.mehta41@gmail.com,9585975443,VERIFIED,BR001,2026-05-16 10:42:25.5785657,2026-05-16 10:42:25.5785657
2305,Anjali,Iyer,1990-12-06,KQFDC6387T,anjali.iyer62@gmail.com,9654828513,VERIFIED,BR002,2026-05-16 10:42:25.5785657,2026-05-16 10:42:25.5785657
2306,Amit,Verma,1994-01-17,KFIXR9490G,amit.verma94@gmail.com,9036493827,VERIFIED,BR002,2026-05-16 10:42:25.5785657,2026-05-16 10:42:25.5785657
2307,Suresh,Verma,1978-03-15,KRHTO1471N,suresh.verma65@gmail.com,9975151216,VERIFIED,BR004,2026-05-16 10:42:25.5785657,2026-05-16 10:42:25.5785657
2308,Vikram,Reddy,1986-04-28,IGTTM6756B,vikram.reddy78@gmail.com,9498493139,VERIFIED,BR003,2026-05-16 10:42:25.5785657,2026-05-16 10:42:25.5785657
2309,Vikram,Jain,1979-02-14,RUCAW0839G,vikram.jain54@gmail.com,9499810122,VERIFIED,BR002,2026-05-16 10:42:25.5785657,2026-05-16 10:42:25.5785657
2310,Rahul,Yadav,1997-10-27,TYHBQ3943F,rahul.yadav55@gmail.com,9738544351,REJECTED,BR001,2026-05-16 10:42:25.5785657,2026-05-16 10:42:25.5785657
2311,Kavita,Verma,1968-05-12,HCOXD4561R,kavita.verma26@gmail.com,9415743733,REJECTED,BR003,2026-05-16 10:42:25.5785657,2026-05-16 10:42:25.5785657
2312,Kavita,Iyer,1985-01-26,QSHWG1990B,kavita.iyer53@gmail.com,9764876726,VERIFIED,BR001,2026-05-16 10:42:25.5785657,2026-05-16 10:42:25.5785657
2313,Rahul,Singh,1966-08-21,DJJEA6895F,rahul.singh65@gmail.com,9546506741,VERIFIED,BR001,2026-05-16 10:42:25.5785657,2026-05-16 10:42:25.5785657
2314,Neha,Verma,2000-04-28,LAMRI3031T,neha.verma4@gmail.com,9104730280,VERIFIED,BR002,2026-05-16 10:42:25.5785657,2026-05-16 10:42:25.5785657
2315,Priya,Desai,1987-09-12,HKDZU6937Z,priya.desai46@gmail.com,9950704759,VERIFIED,BR004,2026-05-16 10:42:25.5785657,2026-05-16 10:42:25.5785657
2316,Amit,Patel,1971-04-22,CPUAX4181I,amit.patel27@gmail.com,9188144254,PENDING,BR004,2026-05-16 10:42:25.5785657,2026-05-16 10:42:25.5785657
2317,Vikram,Yadav,1968-02-18,ZXAIE6729K,vikram.yadav63@gmail.com,9721370161,REJECTED,BR001,2026-05-16 10:42:25.5785657,2026-05-16 10:42:25.5785657
2318,Vikram,Singh,1981-10-27,BTTLC5196X,vikram.singh25@gmail.com,9486826722,VERIFIED,BR002,2026-05-16 10:42:25.5785657,2026-05-16 10:42:25.5785657
2319,Priya,Gupta,1963-02-02,OHFMK6233Q,priya.gupta68@gmail.com,9415451246,VERIFIED,BR001,2026-05-16 10:42:25.5785657,2026-05-16 10:42:25.5785657
2320,Neha,Singh,1963-03-18,WUKIY7542O,neha.singh8@gmail.com,9690343355,VERIFIED,BR003,2026-05-16 10:42:25.5785657,2026-05-16 10:42:25.5785657
2321,Vikram,Mehta,1961-08-23,XCRIN1881C,vikram.mehta72@gmail.com,8668677725,VERIFIED,BR001,2026-05-16 10:42:25.5785657,2026-05-16 10:42:25.5785657
2322,Suresh,Gupta,2000-09-22,EBOGC0773T,suresh.gupta68@gmail.com,9381968995,PENDING,BR002,2026-05-16 10:42:25.5785657,2026-05-16 10:42:25.5785657
2323,Amit,Kumar,1993-10-07,BPZZQ3660E,amit.kumar19@gmail.com,9575619101,PENDING,BR001,2026-05-16 10:42:25.5785657,2026-05-16 10:42:25.5785657
2324,Ramesh,Patel,1966-07-03,FTCCY0720C,ramesh.patel26@gmail.com,9439753409,VERIFIED,BR002,2026-05-16 10:42:25.5785657,2026-05-16 10:42:25.5785657
2325,Vikram,Patel,1988-05-06,KQFVS4747S,vikram.patel25@gmail.com,9313811319,VERIFIED,BR004,2026-05-16 10:42:25.5785657,2026-05-16 10:42:25.5785657
2326,Rahul,Patel,1987-12-06,WBEAE1159W,rahul.patel6@gmail.com,9522671927,VERIFIED,BR002,2026-05-16 10:42:25.5785657,2026-05-16 10:42:25.5785657
2327,Suresh,Jain,1985-10-17,DTEWT2382N,suresh.jain73@gmail.com,9018102095,VERIFIED,BR003,2026-05-16 10:42:25.5785657,2026-05-16 10:42:25.5785657
2328,Vikram,Patel,1977-02-04,NHLVT5692Y,vikram.patel59@gmail.com,8593481213,VERIFIED,BR002,2026-05-16 10:42:25.5785657,2026-05-16 10:42:25.5785657
2329,Sneha,Reddy,1987-02-08,EBMXB7468O,sneha.reddy4@gmail.com,9210170684,VERIFIED,BR003,2026-05-16 10:42:25.5785657,2026-05-16 10:42:25.5785657
2330,Suresh,Patel,1997-06-01,ATCPX3660I,suresh.patel12@gmail.com,9048692171,VERIFIED,BR003,2026-05-16 10:42:25.5785657,2026-05-16 10:42:25.5785657
2331,Rohit,Iyer,1992-01-07,SIJVJ3457H,rohit.iyer78@gmail.com,8517097902,VERIFIED,BR001,2026-05-16 10:42:25.5785657,2026-05-16 10:42:25.5785657
2332,Ramesh,Patel,1995-08-25,PBJMM9894O,ramesh.patel75@gmail.com,9599737392,PENDING,BR003,2026-05-16 10:42:25.5785657,2026-05-16 10:42:25.5785657
2333,Pooja,Patel,2000-06-19,LDTKA1396M,pooja.patel70@gmail.com,9342669860,VERIFIED,BR002,2026-05-16 10:42:25.5785657,2026-05-16 10:42:25.5785657
2334,Rahul,Jain,1960-09-11,JLVXD9204I,rahul.jain22@gmail.com,9804857961,PENDING,BR004,2026-05-16 10:42:25.5785657,2026-05-16 10:42:25.5785657
2335,Rahul,Yadav,1996-08-31,IAKHY5247N,rahul.yadav38@gmail.com,9884770932,PENDING,BR002,2026-05-16 10:42:25.5785657,2026-05-16 10:42:25.5785657
2336,Amit,Reddy,1978-09-08,LWMRJ1976E,amit.reddy60@gmail.com,9711791227,PENDING,BR004,2026-05-16 10:42:25.5785657,2026-05-16 10:42:25.5785657
2337,Priya,Jain,1967-12-05,GYUKA3166N,priya.jain64@gmail.com,9896205537,VERIFIED,BR003,2026-05-16 10:42:25.5785657,2026-05-16 10:42:25.5785657
2338,Suresh,Sharma,1995-09-11,PPNIJ6154A,suresh.sharma7@gmail.com,9442365593,VERIFIED,BR001,2026-05-16 10:42:25.5785657,2026-05-16 10:42:25.5785657
2339,Neha,Singh,1971-10-22,LKFIG8399Z,neha.singh81@gmail.com,9020444906,VERIFIED,BR003,2026-05-16 10:42:25.5785657,2026-05-16 10:42:25.5785657
2340,Rahul,Singh,1974-01-02,HIUSX9759W,rahul.singh88@gmail.com,9894416742,VERIFIED,BR003,2026-05-16 10:42:25.5785657,2026-05-16 10:42:25.5785657
2341,Suresh,Gupta,1981-05-09,PGVMM0507T,suresh.gupta60@gmail.com,9032632610,VERIFIED,BR004,2026-05-16 10:42:25.5785657,2026-05-16 10:42:25.5785657
2342,Suresh,Yadav,1991-04-27,INMXY7031Y,suresh.yadav47@gmail.com,9933635506,VERIFIED,BR002,2026-05-16 10:42:25.5785657,2026-05-16 10:42:25.5785657
2343,Sneha,Desai,1996-04-26,HDWBG6384E,sneha.desai13@gmail.com,8697624919,VERIFIED,BR001,2026-05-16 10:42:25.5785657,2026-05-16 10:42:25.5785657
2344,Anjali,Singh,1998-09-15,UYMIW2819T,anjali.singh68@gmail.com,9306789616,PENDING,BR001,2026-05-16 10:42:25.5785657,2026-05-16 10:42:25.5785657
2345,Anjali,Verma,1996-07-06,DTTFU2748A,anjali.verma89@gmail.com,9973294672,VERIFIED,BR001,2026-05-16 10:42:25.5785657,2026-05-16 10:42:25.5785657
2346,Pooja,Desai,1972-05-10,HFHAQ4379O,pooja.desai51@gmail.com,9364601909,VERIFIED,BR001,2026-05-16 10:42:25.5785657,2026-05-16 10:42:25.5785657
2347,Rohit,Patel,1984-08-13,QOPTC2274F,rohit.patel18@gmail.com,9583267269,VERIFIED,BR002,2026-05-16 10:42:25.5785657,2026-05-16 10:42:25.5785657
2348,Pooja,Patel,1990-02-20,PIABI4183A,pooja.patel14@gmail.com,9113576338,VERIFIED,BR001,2026-05-16 10:42:25.5785657,2026-05-16 10:42:25.5785657
2349,Vikram,Reddy,1991-12-14,QQKIV0255Q,vikram.reddy1@gmail.com,9146455075,PENDING,BR004,2026-05-16 10:42:25.5785657,2026-05-16 10:42:25.5785657
2350,Neha,Desai,1994-04-26,BSDBB1592Y,neha.desai73@gmail.com,9040598523,VERIFIED,BR004,2026-05-16 10:42:25.5785657,2026-05-16 10:42:25.5785657
2351,Vikram,Verma,1962-01-25,JJCIB4047W,vikram.verma65@gmail.com,9470697248,PENDING,BR001,2026-05-16 10:42:25.5785657,2026-05-16 10:42:25.5785657
2352,Kavita,Reddy,1970-04-12,EVVLC9226R,kavita.reddy85@gmail.com,8427894948,VERIFIED,BR001,2026-05-16 10:42:25.5785657,2026-05-16 10:42:25.5785657
2353,Vikram,Iyer,1997-05-19,AQSMB7991K,vikram.iyer81@gmail.com,9378292143,VERIFIED,BR002,2026-05-16 10:42:25.5785657,2026-05-16 10:42:25.5785657
2354,Amit,Jain,1976-01-16,ITRAT4665B,amit.jain84@gmail.com,9097334006,VERIFIED,BR002,2026-05-16 10:42:25.5785657,2026-05-16 10:42:25.5785657
2355,Vikram,Gupta,1968-06-16,FAFMJ0858M,vikram.gupta53@gmail.com,9891475003,VERIFIED,BR001,2026-05-16 10:42:25.5785657,2026-05-16 10:42:25.5785657
2356,Pooja,Desai,1982-07-28,FNXTH5512T,pooja.desai25@gmail.com,9481033847,VERIFIED,BR002,2026-05-16 10:42:25.5785657,2026-05-16 10:42:25.5785657
2357,Rahul,Yadav,1967-03-04,GFXKQ4496Y,rahul.yadav52@gmail.com,9274366521,VERIFIED,BR003,2026-05-16 10:42:25.5785657,2026-05-16 10:42:25.5785657
2358,Rahul,Patel,1975-08-13,KEBUT8257W,rahul.patel59@gmail.com,9438257262,VERIFIED,BR001,2026-05-16 10:42:25.5785657,2026-05-16 10:42:25.5785657
2359,Anjali,Patel,1977-03-02,RXVJB6582Q,anjali.patel68@gmail.com,9218596596,VERIFIED,BR002,2026-05-16 10:42:25.5785657,2026-05-16 10:42:25.5785657
2360,Priya,Mehta,1964-01-08,AAVWF9339T,priya.mehta88@gmail.com,9798432697,VERIFIED,BR004,2026-05-16 10:42:25.5785657,2026-05-16 10:42:25.5785657
2361,Neha,Jain,1988-04-19,TXMPU6901A,neha.jain23@gmail.com,9001500214,PENDING,BR001,2026-05-16 10:42:25.5785657,2026-05-16 10:42:25.5785657
2362,Neha,Jain,1996-08-04,WQWYY3351B,neha.jain65@gmail.com,9405554269,VERIFIED,BR001,2026-05-16 10:42:25.5785657,2026-05-16 10:42:25.5785657
2363,Amit,Reddy,1989-01-28,JQZTJ2620D,amit.reddy84@gmail.com,9509144408,VERIFIED,BR004,2026-05-16 10:42:25.5785657,2026-05-16 10:42:25.5785657
2364,Pooja,Sharma,1962-11-11,HGYXU2976A,pooja.sharma84@gmail.com,8207902547,VERIFIED,BR004,2026-05-16 10:42:25.5785657,2026-05-16 10:42:25.5785657
2365,Anjali,Sharma,1994-05-08,WYECS4862A,anjali.sharma9@gmail.com,8299838246,VERIFIED,BR002,2026-05-16 10:42:25.5785657,2026-05-16 10:42:25.5785657
2366,Sneha,Reddy,1990-04-30,SMTDB6048N,sneha.reddy55@gmail.com,9793267208,PENDING,BR004,2026-05-16 10:42:25.5785657,2026-05-16 10:42:25.5785657
2367,Kavita,Yadav,1981-05-05,EAXRY8772I,kavita.yadav70@gmail.com,9078047930,VERIFIED,BR003,2026-05-16 10:42:25.5785657,2026-05-16 10:42:25.5785657
2368,Neha,Kumar,1964-06-02,AHWGL0688N,neha.kumar74@gmail.com,9299217058,VERIFIED,BR001,2026-05-16 10:42:25.5785657,2026-05-16 10:42:25.5785657
2369,Rahul,Reddy,1986-12-22,OSUST2038R,rahul.reddy50@gmail.com,9299288253,VERIFIED,BR003,2026-05-16 10:42:25.5785657,2026-05-16 10:42:25.5785657
2370,Vikram,Yadav,1972-12-19,ERJOD7314O,vikram.yadav2@gmail.com,9140076411,REJECTED,BR002,2026-05-16 10:42:25.5785657,2026-05-16 10:42:25.5785657
2371,Vikram,Gupta,1979-08-07,ZTDRX6490I,vikram.gupta2@gmail.com,9274365917,PENDING,BR004,2026-05-16 10:42:25.5785657,2026-05-16 10:42:25.5785657
2372,Priya,Patel,1965-05-02,XIJMT8105U,priya.patel49@gmail.com,9689150826,PENDING,BR001,2026-05-16 10:42:25.5785657,2026-05-16 10:42:25.5785657
2373,Anjali,Verma,1976-08-27,DIQTW5978M,anjali.verma52@gmail.com,9892396900,VERIFIED,BR004,2026-05-16 10:42:25.5785657,2026-05-16 10:42:25.5785657
2374,Pooja,Kumar,1968-08-27,CKCNB1096F,pooja.kumar65@gmail.com,9688267338,VERIFIED,BR004,2026-05-16 10:42:25.5785657,2026-05-16 10:42:25.5785657
2375,Pooja,Desai,1999-03-21,TRUMI8395M,pooja.desai88@gmail.com,9339053543,PENDING,BR002,2026-05-16 10:42:25.5785657,2026-05-16 10:42:25.5785657
2376,Rohit,Kumar,1967-01-13,FJKTC6488G,rohit.kumar68@gmail.com,9989365219,VERIFIED,BR002,2026-05-16 10:42:25.5785657,2026-05-16 10:42:25.5785657
2377,Ramesh,Verma,1974-02-21,SXZUM9637J,ramesh.verma9@gmail.com,9007560427,VERIFIED,BR002,2026-05-16 10:42:25.5785657,2026-05-16 10:42:25.5785657
2378,Neha,Mehta,1966-10-01,VOCVA0117C,neha.mehta21@gmail.com,9489090804,VERIFIED,BR002,2026-05-16 10:42:25.5785657,2026-05-16 10:42:25.5785657
2379,Pooja,Jain,1972-11-19,BLDYR0533J,pooja.jain63@gmail.com,9441002423,PENDING,BR001,2026-05-16 10:42:25.5785657,2026-05-16 10:42:25.5785657
2380,Priya,Patel,1964-06-21,LPMPB4030W,priya.patel76@gmail.com,9979581696,VERIFIED,BR003,2026-05-16 10:42:25.5785657,2026-05-16 10:42:25.5785657
2381,Rahul,Sharma,1973-09-10,MUTUK5896A,rahul.sharma7@gmail.com,9820038461,VERIFIED,BR003,2026-05-16 10:42:25.5785657,2026-05-16 10:42:25.5785657
2382,Anjali,Yadav,1986-01-10,JZTCG0286D,anjali.yadav40@gmail.com,8582607306,VERIFIED,BR001,2026-05-16 10:42:25.5785657,2026-05-16 10:42:25.5785657
2383,Kavita,Reddy,1968-07-02,LTGZA3782N,kavita.reddy94@gmail.com,9612799715,VERIFIED,BR004,2026-05-16 10:42:25.5785657,2026-05-16 10:42:25.5785657
2384,Rohit,Reddy,1975-09-17,CRPRA5012S,rohit.reddy21@gmail.com,9966343134,VERIFIED,BR001,2026-05-16 10:42:25.5785657,2026-05-16 10:42:25.5785657
2385,Priya,Sharma,1990-02-09,KYQBP6492F,priya.sharma48@gmail.com,9056641883,VERIFIED,BR003,2026-05-16 10:42:25.5785657,2026-05-16 10:42:25.5785657
2386,Suresh,Kumar,1991-05-11,BPLRZ0423X,suresh.kumar22@gmail.com,9218351871,VERIFIED,BR003,2026-05-16 10:42:25.5785657,2026-05-16 10:42:25.5785657
2387,Amit,Patel,1965-08-04,UXUBE3682O,amit.patel70@gmail.com,9108254961,VERIFIED,BR001,2026-05-16 10:42:25.5785657,2026-05-16 10:42:25.5785657
2388,Kavita,Singh,1985-03-16,VYDED9604Z,kavita.singh87@gmail.com,8907733111,VERIFIED,BR002,2026-05-16 10:42:25.5785657,2026-05-16 10:42:25.5785657
2389,Suresh,Yadav,1996-02-05,SANSQ1425N,suresh.yadav35@gmail.com,9579780312,PENDING,BR004,2026-05-16 10:42:25.5785657,2026-05-16 10:42:25.5785657
2390,Sneha,Iyer,1986-01-03,BCWRM5291A,sneha.iyer49@gmail.com,9488192223,VERIFIED,BR001,2026-05-16 10:42:25.5785657,2026-05-16 10:42:25.5785657
2391,Vikram,Gupta,1985-04-29,EORLZ3207F,vikram.gupta42@gmail.com,9058588054,PENDING,BR003,2026-05-16 10:42:25.5785657,2026-05-16 10:42:25.5785657
2392,Amit,Verma,1996-06-24,PDBFH7335A,amit.verma65@gmail.com,9079842535,VERIFIED,BR002,2026-05-16 10:42:25.5785657,2026-05-16 10:42:25.5785657
2393,Neha,Kumar,1987-07-15,CRPAW1988G,neha.kumar3@gmail.com,8778281860,VERIFIED,BR004,2026-05-16 10:42:25.5785657,2026-05-16 10:42:25.5785657
2394,Rahul,Jain,1967-07-14,RMFEO6806Q,rahul.jain55@gmail.com,9831140613,VERIFIED,BR003,2026-05-16 10:42:25.5785657,2026-05-16 10:42:25.5785657
2395,Amit,Jain,1965-03-10,DTMZB1646H,amit.jain70@gmail.com,8934577359,VERIFIED,BR004,2026-05-16 10:42:25.5785657,2026-05-16 10:42:25.5785657
2396,Ramesh,Desai,1969-08-08,VKTBI3173O,ramesh.desai10@gmail.com,9931796461,VERIFIED,BR002,2026-05-16 10:42:25.5785657,2026-05-16 10:42:25.5785657
2397,Suresh,Mehta,1995-07-30,PWTDP7867F,suresh.mehta87@gmail.com,9092384210,VERIFIED,BR003,2026-05-16 10:42:25.5785657,2026-05-16 10:42:25.5785657
2398,Neha,Jain,1996-04-01,GNMBP4577Y,neha.jain58@gmail.com,9557212046,VERIFIED,BR002,2026-05-16 10:42:25.5785657,2026-05-16 10:42:25.5785657
2399,Ramesh,Reddy,1990-10-19,QJKMU9353J,ramesh.reddy77@gmail.com,9272244407,VERIFIED,BR001,2026-05-16 10:42:25.5785657,2026-05-16 10:42:25.5785657
2400,Vikram,Kumar,1981-06-30,WMMTV5565Z,vikram.kumar18@gmail.com,9935548938,VERIFIED,BR001,2026-05-16 10:42:25.5785657,2026-05-16 10:42:25.5785657
2401,Ramesh,Mehta,1989-11-24,OMCMI5622I,ramesh.mehta21@gmail.com,9789506852,VERIFIED,BR004,2026-05-16 10:42:25.5785657,2026-05-16 10:42:25.5785657
2402,Rohit,Verma,1980-01-29,WPFYI2191K,rohit.verma81@gmail.com,9024535127,VERIFIED,BR002,2026-05-16 10:42:25.5785657,2026-05-16 10:42:25.5785657
2403,Rohit,Reddy,2000-05-06,NKGLR7817J,rohit.reddy37@gmail.com,9666158154,VERIFIED,BR002,2026-05-16 10:42:25.5785657,2026-05-16 10:42:25.5785657
2404,Sneha,Reddy,1966-05-28,ERSOF4517J,sneha.reddy13@gmail.com,9640307938,VERIFIED,BR004,2026-05-16 10:42:25.5785657,2026-05-16 10:42:25.5785657
2405,Anjali,Singh,1989-02-12,QFUVE6424I,anjali.singh86@gmail.com,9098615763,VERIFIED,BR004,2026-05-16 10:42:25.5785657,2026-05-16 10:42:25.5785657
2406,Kavita,Iyer,1980-05-29,YLIGB1353C,kavita.iyer79@gmail.com,9135047414,VERIFIED,BR004,2026-05-16 10:42:25.5785657,2026-05-16 10:42:25.5785657
2407,Kavita,Kumar,1994-07-15,EYYLZ5251B,kavita.kumar79@gmail.com,9001421718,VERIFIED,BR001,2026-05-16 10:42:25.5785657,2026-05-16 10:42:25.5785657
2408,Neha,Patel,1962-05-01,ZQMCL3117B,neha.patel59@gmail.com,9133800694,PENDING,BR004,2026-05-16 10:42:25.5785657,2026-05-16 10:42:25.5785657
2409,Vikram,Sharma,1976-08-09,BBCND0740V,vikram.sharma78@gmail.com,9023145190,PENDING,BR001,2026-05-16 10:42:25.5785657,2026-05-16 10:42:25.5785657
2410,Pooja,Sharma,1975-12-07,OAIQH4265I,pooja.sharma57@gmail.com,9824501241,PENDING,BR004,2026-05-16 10:42:25.5785657,2026-05-16 10:42:25.5785657
2411,Sneha,Gupta,1965-06-15,YJGAP7193R,sneha.gupta2@gmail.com,9967193811,VERIFIED,BR002,2026-05-16 10:42:25.5785657,2026-05-16 10:42:25.5785657
2412,Rohit,Desai,1963-11-01,QYCTZ2408H,rohit.desai28@gmail.com,9882267637,VERIFIED,BR002,2026-05-16 10:42:25.5785657,2026-05-16 10:42:25.5785657
2413,Neha,Mehta,1993-12-21,GPXXH0648M,neha.mehta16@gmail.com,8110681500,VERIFIED,BR004,2026-05-16 10:42:25.5785657,2026-05-16 10:42:25.5785657
2414,Pooja,Kumar,1977-04-07,LGWKL1887A,pooja.kumar6@gmail.com,9928753840,VERIFIED,BR004,2026-05-16 10:42:25.5785657,2026-05-16 10:42:25.5785657
2415,Kavita,Jain,1990-12-21,OHWMU5346O,kavita.jain72@gmail.com,9055836326,VERIFIED,BR001,2026-05-16 10:42:25.5785657,2026-05-16 10:42:25.5785657
2416,Anjali,Yadav,1972-08-02,PJSPS3723M,anjali.yadav8@gmail.com,9119124954,VERIFIED,BR003,2026-05-16 10:42:25.5785657,2026-05-16 10:42:25.5785657
2417,Ramesh,Desai,1977-09-03,HSXJW9656C,ramesh.desai68@gmail.com,9213803648,VERIFIED,BR001,2026-05-16 10:42:25.5785657,2026-05-16 10:42:25.5785657
2418,Rohit,Singh,1976-09-06,LUKIJ4790I,rohit.singh28@gmail.com,9281566624,REJECTED,BR002,2026-05-16 10:42:25.5785657,2026-05-16 10:42:25.5785657
2419,Neha,Jain,1961-05-14,JGXGE2555G,neha.jain34@gmail.com,9612392650,VERIFIED,BR004,2026-05-16 10:42:25.5785657,2026-05-16 10:42:25.5785657
2420,Amit,Reddy,1986-07-08,VZJTC9060C,amit.reddy72@gmail.com,9410878739,VERIFIED,BR002,2026-05-16 10:42:25.5785657,2026-05-16 10:42:25.5785657
2421,Pooja,Patel,1975-04-18,NGDDL8141C,pooja.patel93@gmail.com,9250144300,VERIFIED,BR003,2026-05-16 10:42:25.5785657,2026-05-16 10:42:25.5785657
2422,Ramesh,Kumar,1996-07-17,GCBRU9915N,ramesh.kumar1@gmail.com,9944434178,VERIFIED,BR001,2026-05-16 10:42:25.5785657,2026-05-16 10:42:25.5785657
2423,Rohit,Iyer,1982-04-11,XGVFS0181D,rohit.iyer80@gmail.com,9228180421,VERIFIED,BR002,2026-05-16 10:42:25.5785657,2026-05-16 10:42:25.5785657
2424,Kavita,Desai,1989-03-21,UOJEN1731I,kavita.desai70@gmail.com,9707502217,VERIFIED,BR001,2026-05-16 10:42:25.5785657,2026-05-16 10:42:25.5785657
2425,Priya,Desai,1997-09-10,NANBD0118L,priya.desai45@gmail.com,9165147328,VERIFIED,BR004,2026-05-16 10:42:25.5785657,2026-05-16 10:42:25.5785657
2426,Vikram,Patel,1974-02-15,OHGEC2670M,vikram.patel93@gmail.com,9422281355,VERIFIED,BR002,2026-05-16 10:42:25.5785657,2026-05-16 10:42:25.5785657
2427,Pooja,Jain,1968-12-14,DHNMT5784U,pooja.jain34@gmail.com,9986791888,VERIFIED,BR003,2026-05-16 10:42:25.5785657,2026-05-16 10:42:25.5785657
2428,Kavita,Gupta,2000-09-06,YJPST7545P,kavita.gupta33@gmail.com,8180621579,VERIFIED,BR001,2026-05-16 10:42:25.5785657,2026-05-16 10:42:25.5785657
2429,Rohit,Mehta,1988-01-13,DABZV1932A,rohit.mehta68@gmail.com,9541983887,VERIFIED,BR001,2026-05-16 10:42:25.5785657,2026-05-16 10:42:25.5785657
2430,Pooja,Jain,1992-06-02,IFALQ1877U,pooja.jain59@gmail.com,9711066170,VERIFIED,BR003,2026-05-16 10:42:25.5785657,2026-05-16 10:42:25.5785657
2431,Sneha,Mehta,1989-08-17,UKDXX2373G,sneha.mehta71@gmail.com,9701629916,VERIFIED,BR002,2026-05-16 10:42:25.5785657,2026-05-16 10:42:25.5785657
2432,Ramesh,Desai,1977-10-11,MKBYX9204M,ramesh.desai74@gmail.com,9565372871,PENDING,BR002,2026-05-16 10:42:25.5785657,2026-05-16 10:42:25.5785657
2433,Rohit,Verma,1963-07-08,XWCHV5098C,rohit.verma6@gmail.com,9372135618,PENDING,BR001,2026-05-16 10:42:25.5785657,2026-05-16 10:42:25.5785657
2434,Sneha,Desai,1979-10-07,JFXEZ1720G,sneha.desai35@gmail.com,9579664636,VERIFIED,BR003,2026-05-16 10:42:25.5785657,2026-05-16 10:42:25.5785657
2435,Suresh,Desai,1990-03-08,QJLIP3338S,suresh.desai69@gmail.com,9878233654,VERIFIED,BR001,2026-05-16 10:42:25.5785657,2026-05-16 10:42:25.5785657
2436,Neha,Patel,1963-04-23,DLMTA7750E,neha.patel32@gmail.com,9185812556,VERIFIED,BR001,2026-05-16 10:42:25.5785657,2026-05-16 10:42:25.5785657
2437,Priya,Reddy,1998-03-04,YJRLS2190M,priya.reddy25@gmail.com,9194227860,VERIFIED,BR004,2026-05-16 10:42:25.5785657,2026-05-16 10:42:25.5785657
2438,Ramesh,Patel,1987-05-19,HFBAD4178N,ramesh.patel33@gmail.com,9215274762,VERIFIED,BR002,2026-05-16 10:42:25.5785657,2026-05-16 10:42:25.5785657
2439,Pooja,Kumar,1974-08-28,OGXAB8240O,pooja.kumar54@gmail.com,9506689469,REJECTED,BR002,2026-05-16 10:42:25.5785657,2026-05-16 10:42:25.5785657
2440,Vikram,Desai,1970-11-23,XERCR8373P,vikram.desai41@gmail.com,9301946625,VERIFIED,BR004,2026-05-16 10:42:25.5785657,2026-05-16 10:42:25.5785657
2441,Kavita,Mehta,1961-05-10,YGOXV3656W,kavita.mehta70@gmail.com,9032152315,REJECTED,BR002,2026-05-16 10:42:25.5785657,2026-05-16 10:42:25.5785657
2442,Amit,Yadav,1964-11-22,PRUUG8429J,amit.yadav49@gmail.com,9263816178,VERIFIED,BR002,2026-05-16 10:42:25.5785657,2026-05-16 10:42:25.5785657
2443,Kavita,Mehta,1971-07-15,MSKYH8112Z,kavita.mehta89@gmail.com,9859405498,VERIFIED,BR002,2026-05-16 10:42:25.5785657,2026-05-16 10:42:25.5785657
2444,Pooja,Iyer,1981-07-23,FYMDC5374K,pooja.iyer59@gmail.com,9641552720,VERIFIED,BR003,2026-05-16 10:42:25.5785657,2026-05-16 10:42:25.5785657
2445,Priya,Jain,1999-01-11,HGQYR7904N,priya.jain95@gmail.com,9378572531,VERIFIED,BR004,2026-05-16 10:42:25.5785657,2026-05-16 10:42:25.5785657
2446,Kavita,Sharma,1996-12-12,EMAYD2849S,kavita.sharma82@gmail.com,9686242361,VERIFIED,BR001,2026-05-16 10:42:25.5785657,2026-05-16 10:42:25.5785657
2447,Neha,Iyer,1968-02-11,FLGGU3558D,neha.iyer18@gmail.com,9090776542,VERIFIED,BR003,2026-05-16 10:42:25.5785657,2026-05-16 10:42:25.5785657
2448,Priya,Gupta,1998-01-07,CUAOM0986B,priya.gupta50@gmail.com,9874989100,VERIFIED,BR001,2026-05-16 10:42:25.5785657,2026-05-16 10:42:25.5785657
2449,Rohit,Singh,1984-12-05,AEDZJ6835B,rohit.singh8@gmail.com,9006215174,VERIFIED,BR004,2026-05-16 10:42:25.5785657,2026-05-16 10:42:25.5785657
2450,Sneha,Kumar,1967-02-14,EICZC0097M,sneha.kumar24@gmail.com,9907401256,VERIFIED,BR004,2026-05-16 10:42:25.5785657,2026-05-16 10:42:25.5785657
2451,Amit,Kumar,1988-02-15,VMGHV0614I,amit.kumar13@gmail.com,9283255852,VERIFIED,BR004,2026-05-16 10:42:25.5785657,2026-05-16 10:42:25.5785657
2452,Rahul,Gupta,1998-06-30,EUNMF2331P,rahul.gupta28@gmail.com,9866611410,VERIFIED,BR002,2026-05-16 10:42:25.5785657,2026-05-16 10:42:25.5785657
2453,Pooja,Yadav,1964-02-23,VJNHS4829J,pooja.yadav9@gmail.com,9183201168,VERIFIED,BR003,2026-05-16 10:42:25.5785657,2026-05-16 10:42:25.5785657
2454,Anjali,Singh,2000-09-14,RFLSA0819E,anjali.singh86@gmail.com,9856960173,VERIFIED,BR004,2026-05-16 10:42:25.5785657,2026-05-16 10:42:25.5785657
2455,Rahul,Reddy,1972-05-14,DBURP7416V,rahul.reddy65@gmail.com,9620510651,VERIFIED,BR001,2026-05-16 10:42:25.5785657,2026-05-16 10:42:25.5785657
2456,Kavita,Desai,1961-02-25,OPYFM0110B,kavita.desai89@gmail.com,9481816265,VERIFIED,BR002,2026-05-16 10:42:25.5785657,2026-05-16 10:42:25.5785657
2457,Pooja,Singh,1991-09-12,VUKVM9784K,pooja.singh4@gmail.com,9769481350,VERIFIED,BR002,2026-05-16 10:42:25.5785657,2026-05-16 10:42:25.5785657
2458,Sneha,Yadav,1977-10-07,TSRYT8181I,sneha.yadav55@gmail.com,9440977365,VERIFIED,BR003,2026-05-16 10:42:25.5785657,2026-05-16 10:42:25.5785657
2459,Suresh,Verma,1993-08-25,KMZDW2699X,suresh.verma91@gmail.com,9936831618,VERIFIED,BR003,2026-05-16 10:42:25.5785657,2026-05-16 10:42:25.5785657
2460,Sneha,Sharma,1990-12-01,EAAJI6317Q,sneha.sharma55@gmail.com,9558549658,VERIFIED,BR003,2026-05-16 10:42:25.5785657,2026-05-16 10:42:25.5785657
2461,Anjali,Singh,1988-07-02,FDRWT2355T,anjali.singh96@gmail.com,9275901123,PENDING,BR002,2026-05-16 10:42:25.5785657,2026-05-16 10:42:25.5785657
2462,Amit,Singh,1965-01-17,FUTBZ5294J,amit.singh94@gmail.com,9382471133,VERIFIED,BR004,2026-05-16 10:42:25.5785657,2026-05-16 10:42:25.5785657
2463,Sneha,Sharma,1981-03-10,IKQUM8996H,sneha.sharma54@gmail.com,9773189750,VERIFIED,BR001,2026-05-16 10:42:25.5785657,2026-05-16 10:42:25.5785657
2464,Vikram,Desai,1992-04-14,YVFGX8865M,vikram.desai39@gmail.com,9318162795,PENDING,BR004,2026-05-16 10:42:25.5785657,2026-05-16 10:42:25.5785657
2465,Suresh,Singh,1990-09-17,GNBYL3498I,suresh.singh8@gmail.com,9970442522,VERIFIED,BR001,2026-05-16 10:42:25.5785657,2026-05-16 10:42:25.5785657
2466,Rahul,Sharma,1977-04-29,NXYAW7777V,rahul.sharma41@gmail.com,9858371855,PENDING,BR004,2026-05-16 10:42:25.5785657,2026-05-16 10:42:25.5785657
2467,Rohit,Sharma,1988-10-28,BZFRH1295K,rohit.sharma82@gmail.com,9747537343,VERIFIED,BR003,2026-05-16 10:42:25.5785657,2026-05-16 10:42:25.5785657
2468,Neha,Sharma,1999-10-25,ERALI2409X,neha.sharma78@gmail.com,9222306517,VERIFIED,BR001,2026-05-16 10:42:25.5785657,2026-05-16 10:42:25.5785657
2469,Vikram,Patel,1985-06-09,GRRKX2109J,vikram.patel74@gmail.com,9259796787,REJECTED,BR002,2026-05-16 10:42:25.5785657,2026-05-16 10:42:25.5785657
2470,Suresh,Yadav,1983-12-22,ZRQBE1990Y,suresh.yadav61@gmail.com,9219913170,VERIFIED,BR001,2026-05-16 10:42:25.5785657,2026-05-16 10:42:25.5785657
2471,Rohit,Patel,1969-01-26,UYZCL1774D,rohit.patel82@gmail.com,9200455497,VERIFIED,BR002,2026-05-16 10:42:25.5785657,2026-05-16 10:42:25.5785657
2472,Rohit,Verma,1991-04-09,MPUJC1852A,rohit.verma88@gmail.com,9608333367,VERIFIED,BR004,2026-05-16 10:42:25.5785657,2026-05-16 10:42:25.5785657
2473,Pooja,Iyer,1963-05-18,XQZTZ1356G,pooja.iyer39@gmail.com,9217619161,VERIFIED,BR003,2026-05-16 10:42:25.5785657,2026-05-16 10:42:25.5785657
2474,Suresh,Reddy,1992-01-17,MYQAW7487M,suresh.reddy29@gmail.com,9189910479,VERIFIED,BR001,2026-05-16 10:42:25.5785657,2026-05-16 10:42:25.5785657
2475,Amit,Patel,1970-11-21,FEQUT0926Y,amit.patel82@gmail.com,9510649740,VERIFIED,BR002,2026-05-16 10:42:25.5785657,2026-05-16 10:42:25.5785657
2476,Kavita,Patel,1967-06-08,MUKQF0403V,kavita.patel4@gmail.com,9712785924,VERIFIED,BR004,2026-05-16 10:42:25.5785657,2026-05-16 10:42:25.5785657
2477,Anjali,Iyer,1991-08-28,YQKVZ8085R,anjali.iyer68@gmail.com,9475065611,VERIFIED,BR003,2026-05-16 10:42:25.5785657,2026-05-16 10:42:25.5785657
2478,Anjali,Yadav,1975-09-20,TPMOO7187U,anjali.yadav64@gmail.com,8091431495,VERIFIED,BR003,2026-05-16 10:42:25.5785657,2026-05-16 10:42:25.5785657
2479,Rahul,Iyer,1961-03-28,IIVHW0391I,rahul.iyer93@gmail.com,9399760996,VERIFIED,BR003,2026-05-16 10:42:25.5785657,2026-05-16 10:42:25.5785657
2480,Rahul,Reddy,1990-01-01,VZHWZ9347N,rahul.reddy72@gmail.com,9519576514,VERIFIED,BR004,2026-05-16 10:42:25.5785657,2026-05-16 10:42:25.5785657
2481,Anjali,Gupta,1970-04-06,AZISW9683D,anjali.gupta2@gmail.com,9220069589,PENDING,BR004,2026-05-16 10:42:25.5785657,2026-05-16 10:42:25.5785657
2482,Sneha,Sharma,1994-01-27,ZTIDO5003Y,sneha.sharma90@gmail.com,9778170704,VERIFIED,BR004,2026-05-16 10:42:25.5785657,2026-05-16 10:42:25.5785657
2483,Amit,Jain,1983-01-16,OOWVO5625J,amit.jain28@gmail.com,9468849755,VERIFIED,BR003,2026-05-16 10:42:25.5785657,2026-05-16 10:42:25.5785657
2484,Sneha,Kumar,1968-05-07,CKYIW0371D,sneha.kumar57@gmail.com,9606628785,VERIFIED,BR001,2026-05-16 10:42:25.5785657,2026-05-16 10:42:25.5785657
2485,Sneha,Reddy,1989-03-14,YPCMM3525R,sneha.reddy68@gmail.com,9127457875,VERIFIED,BR002,2026-05-16 10:42:25.5785657,2026-05-16 10:42:25.5785657
2486,Neha,Verma,1974-07-23,XGIEX7184X,neha.verma23@gmail.com,9561079576,VERIFIED,BR004,2026-05-16 10:42:25.5785657,2026-05-16 10:42:25.5785657
2487,Ramesh,Desai,1976-10-17,SEYWN9052Z,ramesh.desai83@gmail.com,9942718894,PENDING,BR001,2026-05-16 10:42:25.5785657,2026-05-16 10:42:25.5785657
2488,Kavita,Verma,1985-08-27,SVMGL6382E,kavita.verma43@gmail.com,9942067209,VERIFIED,BR002,2026-05-16 10:42:25.5785657,2026-05-16 10:42:25.5785657
2489,Neha,Sharma,1968-01-09,KPXHG8146P,neha.sharma91@gmail.com,9272122270,PENDING,BR003,2026-05-16 10:42:25.5785657,2026-05-16 10:42:25.5785657
2490,Pooja,Reddy,1996-07-22,ACPTR5859H,pooja.reddy31@gmail.com,9432702161,VERIFIED,BR001,2026-05-16 10:42:25.5785657,2026-05-16 10:42:25.5785657
2491,Ramesh,Verma,1962-08-03,DBZTT6129S,ramesh.verma57@gmail.com,9004080674,VERIFIED,BR003,2026-05-16 10:42:25.5785657,2026-05-16 10:42:25.5785657
2492,Ramesh,Verma,1971-09-20,AFCSK3416D,ramesh.verma14@gmail.com,9589230689,VERIFIED,BR002,2026-05-16 10:42:25.5785657,2026-05-16 10:42:25.5785657
2493,Suresh,Iyer,1986-09-22,WIKRR4262L,suresh.iyer17@gmail.com,9333620318,VERIFIED,BR004,2026-05-16 10:42:25.5785657,2026-05-16 10:42:25.5785657
2494,Amit,Gupta,1968-01-18,ERYGM2004B,amit.gupta54@gmail.com,9289477896,VERIFIED,BR003,2026-05-16 10:42:25.5785657,2026-05-16 10:42:25.5785657
2495,Amit,Gupta,1983-05-28,UVTNF1221Y,amit.gupta95@gmail.com,8895492367,VERIFIED,BR001,2026-05-16 10:42:25.5785657,2026-05-16 10:42:25.5785657
2496,Ramesh,Reddy,1960-05-18,AUNPJ6462P,ramesh.reddy68@gmail.com,9153760093,VERIFIED,BR004,2026-05-16 10:42:25.5785657,2026-05-16 10:42:25.5785657
2497,Sneha,Sharma,1992-10-03,ZHMLD7639R,sneha.sharma68@gmail.com,9007196230,PENDING,BR001,2026-05-16 10:42:25.5785657,2026-05-16 10:42:25.5785657
2498,Suresh,Patel,1979-08-28,NYCSN6267X,suresh.patel64@gmail.com,9458318885,PENDING,BR002,2026-05-16 10:42:25.5785657,2026-05-16 10:42:25.5785657
2499,Kavita,Mehta,1993-02-25,KBYCX2299T,kavita.mehta3@gmail.com,9939982530,VERIFIED,BR002,2026-05-16 10:42:25.5785657,2026-05-16 10:42:25.5785657
2500,Ramesh,Singh,1994-01-23,OYXQZ0936R,ramesh.singh37@gmail.com,8943093229,VERIFIED,BR004,2026-05-16 10:42:25.5785657,2026-05-16 10:42:25.5785657
2501,Vikram,Kumar,1962-12-21,KIMET7462G,vikram.kumar11@gmail.com,9748885831,VERIFIED,BR001,2026-05-16 10:42:25.5785657,2026-05-16 10:42:25.5785657
2502,Rahul,Singh,1971-08-28,QRYOJ3683K,rahul.singh43@gmail.com,9217822636,VERIFIED,BR001,2026-05-16 10:42:25.5785657,2026-05-16 10:42:25.5785657
2503,Rahul,Yadav,2000-02-04,JTNML5618H,rahul.yadav41@gmail.com,9860270183,PENDING,BR001,2026-05-16 10:42:25.5785657,2026-05-16 10:42:25.5785657
2504,Neha,Jain,1961-02-26,KBMNT1957H,neha.jain63@gmail.com,9138013087,VERIFIED,BR001,2026-05-16 10:42:25.5785657,2026-05-16 10:42:25.5785657
2505,Pooja,Gupta,1995-03-18,TFCGX4968G,pooja.gupta70@gmail.com,9405882530,VERIFIED,BR002,2026-05-16 10:42:25.5785657,2026-05-16 10:42:25.5785657
2506,Priya,Reddy,1995-07-10,CYPCG5792P,priya.reddy82@gmail.com,9002827517,VERIFIED,BR001,2026-05-16 10:42:25.5785657,2026-05-16 10:42:25.5785657
2507,Priya,Singh,1963-07-11,RORSA8824K,priya.singh13@gmail.com,9758864242,VERIFIED,BR002,2026-05-16 10:42:25.5785657,2026-05-16 10:42:25.5785657
2508,Rahul,Sharma,1988-12-27,CNFOA6975F,rahul.sharma31@gmail.com,9290828687,VERIFIED,BR001,2026-05-16 10:42:25.5785657,2026-05-16 10:42:25.5785657
2509,Rohit,Kumar,1998-10-25,ACQAH1177G,rohit.kumar81@gmail.com,8241963890,VERIFIED,BR001,2026-05-16 10:42:25.5785657,2026-05-16 10:42:25.5785657
2510,Neha,Singh,1967-05-06,VFHBL6077L,neha.singh94@gmail.com,9195078205,VERIFIED,BR003,2026-05-16 10:42:25.5785657,2026-05-16 10:42:25.5785657
2511,Priya,Kumar,1967-03-16,QWHRE0940L,priya.kumar57@gmail.com,9822920888,VERIFIED,BR003,2026-05-16 10:42:25.5785657,2026-05-16 10:42:25.5785657
2512,Rahul,Desai,1960-03-20,AEVKC1044W,rahul.desai26@gmail.com,9638345801,VERIFIED,BR001,2026-05-16 10:42:25.5785657,2026-05-16 10:42:25.5785657
2513,Pooja,Sharma,1994-09-11,VGNOR9989K,pooja.sharma92@gmail.com,9160177965,VERIFIED,BR002,2026-05-16 10:42:25.5785657,2026-05-16 10:42:25.5785657
2514,Priya,Jain,1998-07-18,XEZNO9467I,priya.jain10@gmail.com,9643217235,VERIFIED,BR001,2026-05-16 10:42:25.5785657,2026-05-16 10:42:25.5785657
2515,Sneha,Mehta,1992-09-07,IPYUV1274C,sneha.mehta37@gmail.com,9685211127,VERIFIED,BR003,2026-05-16 10:42:25.5785657,2026-05-16 10:42:25.5785657
2516,Sneha,Iyer,1972-09-29,WCSXF7914U,sneha.iyer22@gmail.com,9552044064,VERIFIED,BR001,2026-05-16 10:42:25.5785657,2026-05-16 10:42:25.5785657
2517,Amit,Verma,1974-09-05,PTDNO2195T,amit.verma16@gmail.com,8465402748,VERIFIED,BR003,2026-05-16 10:42:25.5785657,2026-05-16 10:42:25.5785657
2518,Amit,Kumar,1985-01-06,OBOCN0258B,amit.kumar62@gmail.com,9652036264,VERIFIED,BR001,2026-05-16 10:42:25.5785657,2026-05-16 10:42:25.5785657
2519,Kavita,Jain,1970-06-21,LWFUF6560X,kavita.jain86@gmail.com,9924389511,VERIFIED,BR004,2026-05-16 10:42:25.5785657,2026-05-16 10:42:25.5785657
2520,Ramesh,Sharma,1984-01-07,QCTLR9300A,ramesh.sharma44@gmail.com,9620860318,VERIFIED,BR001,2026-05-16 10:42:25.5785657,2026-05-16 10:42:25.5785657
2521,Vikram,Kumar,1981-01-27,URWSC1760W,vikram.kumar50@gmail.com,9355361592,VERIFIED,BR002,2026-05-16 10:42:25.5785657,2026-05-16 10:42:25.5785657
2522,Amit,Kumar,1985-11-06,EYCUO3776X,amit.kumar18@gmail.com,9954947789,VERIFIED,BR003,2026-05-16 10:42:25.5785657,2026-05-16 10:42:25.5785657
2523,Priya,Patel,1986-10-24,DJJCX6720E,priya.patel35@gmail.com,8674881548,VERIFIED,BR004,2026-05-16 10:42:25.5785657,2026-05-16 10:42:25.5785657
2524,Suresh,Patel,1975-11-18,POMMX0175Z,suresh.patel62@gmail.com,9155079784,VERIFIED,BR003,2026-05-16 10:42:25.5785657,2026-05-16 10:42:25.5785657
2525,Rahul,Iyer,1968-03-07,BJBLA5022L,rahul.iyer77@gmail.com,9694668716,PENDING,BR003,2026-05-16 10:42:25.5785657,2026-05-16 10:42:25.5785657
2526,Suresh,Jain,1981-03-25,QCSHD3147Q,suresh.jain78@gmail.com,9803093602,PENDING,BR002,2026-05-16 10:42:25.5785657,2026-05-16 10:42:25.5785657
2527,Pooja,Sharma,1993-09-07,FIRJV7307U,pooja.sharma36@gmail.com,9377222219,VERIFIED,BR001,2026-05-16 10:42:25.5785657,2026-05-16 10:42:25.5785657
2528,Amit,Iyer,1968-06-14,MKGPP4397Y,amit.iyer93@gmail.com,9551342249,VERIFIED,BR002,2026-05-16 10:42:25.5785657,2026-05-16 10:42:25.5785657
2529,Vikram,Patel,1966-10-09,QYYEB2013Q,vikram.patel33@gmail.com,9129109016,VERIFIED,BR001,2026-05-16 10:42:25.5785657,2026-05-16 10:42:25.5785657
2530,Pooja,Yadav,1960-10-18,DONAQ2819P,pooja.yadav32@gmail.com,9060603947,VERIFIED,BR004,2026-05-16 10:42:25.5785657,2026-05-16 10:42:25.5785657
2531,Rohit,Mehta,1970-09-07,WGFSE6326E,rohit.mehta26@gmail.com,9189237293,VERIFIED,BR002,2026-05-16 10:42:25.5785657,2026-05-16 10:42:25.5785657
2532,Rohit,Iyer,1983-01-22,SQHEO6741H,rohit.iyer15@gmail.com,9327998058,PENDING,BR002,2026-05-16 10:42:25.5785657,2026-05-16 10:42:25.5785657
2533,Suresh,Reddy,1978-08-15,WTDSV4192O,suresh.reddy64@gmail.com,8089936817,VERIFIED,BR003,2026-05-16 10:42:25.5785657,2026-05-16 10:42:25.5785657
2534,Ramesh,Iyer,1970-08-07,WVHZK3778B,ramesh.iyer70@gmail.com,8042275657,VERIFIED,BR002,2026-05-16 10:42:25.5785657,2026-05-16 10:42:25.5785657
2535,Neha,Sharma,1988-02-23,EUSJO1187V,neha.sharma21@gmail.com,9325454769,VERIFIED,BR001,2026-05-16 10:42:25.5785657,2026-05-16 10:42:25.5785657
2536,Ramesh,Sharma,1968-03-02,CJKHH5859Y,ramesh.sharma58@gmail.com,9840915774,VERIFIED,BR002,2026-05-16 10:42:25.5785657,2026-05-16 10:42:25.5785657
2537,Priya,Yadav,1996-11-02,FCGSN8271T,priya.yadav29@gmail.com,8744740145,VERIFIED,BR002,2026-05-16 10:42:25.5785657,2026-05-16 10:42:25.5785657
2538,Sneha,Gupta,1969-05-19,VBRAR0829G,sneha.gupta93@gmail.com,9625027155,VERIFIED,BR004,2026-05-16 10:42:25.5785657,2026-05-16 10:42:25.5785657
2539,Kavita,Gupta,1960-05-31,ZVFNP8178Z,kavita.gupta5@gmail.com,9677877265,VERIFIED,BR001,2026-05-16 10:42:25.5785657,2026-05-16 10:42:25.5785657
2540,Ramesh,Patel,1982-01-23,CCPNS7561S,ramesh.patel46@gmail.com,9126890564,VERIFIED,BR003,2026-05-16 10:42:25.5785657,2026-05-16 10:42:25.5785657
2541,Kavita,Reddy,1992-08-08,CRMDQ9040C,kavita.reddy84@gmail.com,9089790282,VERIFIED,BR001,2026-05-16 10:42:25.5785657,2026-05-16 10:42:25.5785657
2542,Kavita,Patel,1971-10-15,YXPNT3345N,kavita.patel79@gmail.com,9010242347,VERIFIED,BR004,2026-05-16 10:42:25.5785657,2026-05-16 10:42:25.5785657
2543,Vikram,Desai,1960-03-31,USNAX2085K,vikram.desai62@gmail.com,9208338616,VERIFIED,BR001,2026-05-16 10:42:25.5785657,2026-05-16 10:42:25.5785657
2544,Amit,Desai,1983-01-08,UCDPY2347I,amit.desai53@gmail.com,9128644157,VERIFIED,BR001,2026-05-16 10:42:25.5785657,2026-05-16 10:42:25.5785657
2545,Vikram,Verma,1989-10-22,SVPYX9863T,vikram.verma56@gmail.com,9951698643,VERIFIED,BR002,2026-05-16 10:42:25.5785657,2026-05-16 10:42:25.5785657
2546,Kavita,Desai,1966-09-09,UDBIB1572R,kavita.desai18@gmail.com,9531255819,VERIFIED,BR002,2026-05-16 10:42:25.5785657,2026-05-16 10:42:25.5785657
2547,Pooja,Gupta,1999-01-22,HGNIA1918F,pooja.gupta5@gmail.com,9262485713,VERIFIED,BR001,2026-05-16 10:42:25.5785657,2026-05-16 10:42:25.5785657
2548,Rohit,Mehta,1986-01-01,YPNBL3409W,rohit.mehta68@gmail.com,9489462273,VERIFIED,BR001,2026-05-16 10:42:25.5785657,2026-05-16 10:42:25.5785657
2549,Kavita,Desai,1994-01-03,TSDNY0307H,kavita.desai40@gmail.com,8375101809,VERIFIED,BR003,2026-05-16 10:42:25.5785657,2026-05-16 10:42:25.5785657
2550,Vikram,Patel,1999-07-16,MKLUB6117A,vikram.patel2@gmail.com,9582789310,VERIFIED,BR004,2026-05-16 10:42:25.5785657,2026-05-16 10:42:25.5785657
2551,Pooja,Kumar,1984-02-13,YYWBX3368Y,pooja.kumar57@gmail.com,9133922223,VERIFIED,BR002,2026-05-16 10:42:25.5785657,2026-05-16 10:42:25.5785657
2552,Vikram,Sharma,1986-07-22,AELIT0128L,vikram.sharma67@gmail.com,9290020954,VERIFIED,BR002,2026-05-16 10:42:25.5785657,2026-05-16 10:42:25.5785657
2553,Ramesh,Mehta,1975-10-27,BLOLC6476E,ramesh.mehta36@gmail.com,9202852966,PENDING,BR002,2026-05-16 10:42:25.5785657,2026-05-16 10:42:25.5785657
2554,Rahul,Mehta,1993-11-20,QZVHZ1357O,rahul.mehta92@gmail.com,9285127881,VERIFIED,BR002,2026-05-16 10:42:25.5785657,2026-05-16 10:42:25.5785657
2555,Suresh,Iyer,1997-01-22,UIGWX7542U,suresh.iyer52@gmail.com,9131814895,VERIFIED,BR001,2026-05-16 10:42:25.5785657,2026-05-16 10:42:25.5785657
2556,Neha,Patel,1975-12-29,JSBRL6603S,neha.patel33@gmail.com,9889702003,VERIFIED,BR001,2026-05-16 10:42:25.5785657,2026-05-16 10:42:25.5785657
2557,Sneha,Sharma,1963-12-18,PBHOY7428M,sneha.sharma2@gmail.com,9271747432,VERIFIED,BR003,2026-05-16 10:42:25.5785657,2026-05-16 10:42:25.5785657
2558,Vikram,Gupta,1994-04-18,TSQQT5372R,vikram.gupta98@gmail.com,9024173894,VERIFIED,BR002,2026-05-16 10:42:25.5785657,2026-05-16 10:42:25.5785657
2559,Neha,Mehta,1996-08-16,QTTRT8051Z,neha.mehta15@gmail.com,9759561372,VERIFIED,BR002,2026-05-16 10:42:25.5785657,2026-05-16 10:42:25.5785657
2560,Anjali,Verma,1971-02-07,JJYGI1053T,anjali.verma43@gmail.com,9560409591,VERIFIED,BR001,2026-05-16 10:42:25.5785657,2026-05-16 10:42:25.5785657
2561,Vikram,Patel,1964-07-22,UWYXC8827Y,vikram.patel57@gmail.com,9768584426,REJECTED,BR003,2026-05-16 10:42:25.5785657,2026-05-16 10:42:25.5785657
2562,Rahul,Mehta,1966-11-24,ZKOYK6943D,rahul.mehta58@gmail.com,9821195771,VERIFIED,BR001,2026-05-16 10:42:25.5785657,2026-05-16 10:42:25.5785657
2563,Neha,Reddy,1973-02-12,LKXQE2592T,neha.reddy38@gmail.com,9685436936,VERIFIED,BR002,2026-05-16 10:42:25.5785657,2026-05-16 10:42:25.5785657
2564,Sneha,Jain,1988-11-21,FRPJG9187J,sneha.jain53@gmail.com,9862385806,VERIFIED,BR002,2026-05-16 10:42:25.5785657,2026-05-16 10:42:25.5785657
2565,Kavita,Iyer,1962-09-27,VXYXD1663R,kavita.iyer50@gmail.com,8460393418,VERIFIED,BR004,2026-05-16 10:42:25.5785657,2026-05-16 10:42:25.5785657
2566,Vikram,Sharma,1963-03-03,UUKTO1605S,vikram.sharma18@gmail.com,8822465214,VERIFIED,BR004,2026-05-16 10:42:25.5785657,2026-05-16 10:42:25.5785657
2567,Amit,Desai,1975-11-21,JKBVA4466E,amit.desai15@gmail.com,9585582847,VERIFIED,BR004,2026-05-16 10:42:25.5785657,2026-05-16 10:42:25.5785657
2568,Suresh,Mehta,1995-03-02,TUIIY1873E,suresh.mehta77@gmail.com,9446381207,VERIFIED,BR003,2026-05-16 10:42:25.5785657,2026-05-16 10:42:25.5785657
2569,Rahul,Patel,1977-07-25,GUINQ0094H,rahul.patel79@gmail.com,9432627925,VERIFIED,BR001,2026-05-16 10:42:25.5785657,2026-05-16 10:42:25.5785657
2570,Priya,Desai,1965-01-06,ARNPX3919M,priya.desai90@gmail.com,9003151884,VERIFIED,BR002,2026-05-16 10:42:25.5785657,2026-05-16 10:42:25.5785657
2571,Priya,Jain,1998-05-15,NBRVI9800Q,priya.jain63@gmail.com,9048967549,PENDING,BR002,2026-05-16 10:42:25.5785657,2026-05-16 10:42:25.5785657
2572,Neha,Verma,1986-08-03,BQCQB7041U,neha.verma66@gmail.com,9140401619,VERIFIED,BR003,2026-05-16 10:42:25.5785657,2026-05-16 10:42:25.5785657
2573,Rahul,Desai,1971-10-22,NWYQQ0362P,rahul.desai85@gmail.com,9019623063,VERIFIED,BR002,2026-05-16 10:42:25.5785657,2026-05-16 10:42:25.5785657
2574,Pooja,Reddy,1995-12-11,LPKBY8774E,pooja.reddy41@gmail.com,9485398340,VERIFIED,BR002,2026-05-16 10:42:25.5785657,2026-05-16 10:42:25.5785657
2575,Sneha,Gupta,1974-05-08,PIOCW7899F,sneha.gupta55@gmail.com,9955151972,VERIFIED,BR001,2026-05-16 10:42:25.5785657,2026-05-16 10:42:25.5785657
2576,Suresh,Mehta,1993-09-22,OYBUA9629G,suresh.mehta44@gmail.com,8112830216,VERIFIED,BR004,2026-05-16 10:42:25.5785657,2026-05-16 10:42:25.5785657
2577,Kavita,Singh,1967-10-09,FGYYI7139D,kavita.singh81@gmail.com,9481235206,PENDING,BR004,2026-05-16 10:42:25.5785657,2026-05-16 10:42:25.5785657
2578,Vikram,Singh,1964-12-11,MYMFZ9601M,vikram.singh17@gmail.com,9847921712,VERIFIED,BR003,2026-05-16 10:42:25.5785657,2026-05-16 10:42:25.5785657
2579,Vikram,Desai,1983-07-10,CTGNR1453D,vikram.desai41@gmail.com,9868547891,VERIFIED,BR004,2026-05-16 10:42:25.5785657,2026-05-16 10:42:25.5785657
2580,Priya,Yadav,1973-11-10,ELXOH5715B,priya.yadav44@gmail.com,9697402770,VERIFIED,BR004,2026-05-16 10:42:25.5785657,2026-05-16 10:42:25.5785657
2581,Vikram,Sharma,1964-02-21,DKNZC2922I,vikram.sharma85@gmail.com,9995436010,VERIFIED,BR003,2026-05-16 10:42:25.5785657,2026-05-16 10:42:25.5785657
2582,Suresh,Iyer,1991-02-05,VKNYX7459C,suresh.iyer39@gmail.com,9964721231,VERIFIED,BR003,2026-05-16 10:42:25.5785657,2026-05-16 10:42:25.5785657
2583,Amit,Singh,1982-02-26,AECMV5162N,amit.singh20@gmail.com,9619964617,VERIFIED,BR004,2026-05-16 10:42:25.5785657,2026-05-16 10:42:25.5785657
2584,Anjali,Yadav,1987-03-05,EOTMT6248R,anjali.yadav34@gmail.com,9812885185,REJECTED,BR001,2026-05-16 10:42:25.5785657,2026-05-16 10:42:25.5785657
2585,Rohit,Singh,1972-04-09,GCNOZ4354X,rohit.singh43@gmail.com,9421607375,VERIFIED,BR003,2026-05-16 10:42:25.5785657,2026-05-16 10:42:25.5785657
2586,Ramesh,Yadav,1960-03-25,AUPSL6947M,ramesh.yadav72@gmail.com,9489058456,VERIFIED,BR002,2026-05-16 10:42:25.5785657,2026-05-16 10:42:25.5785657
2587,Neha,Sharma,1987-05-04,WMXNU8073E,neha.sharma55@gmail.com,9464077706,REJECTED,BR003,2026-05-16 10:42:25.5785657,2026-05-16 10:42:25.5785657
2588,Amit,Kumar,1990-09-08,CVEQI1966A,amit.kumar52@gmail.com,9842859952,VERIFIED,BR002,2026-05-16 10:42:25.5785657,2026-05-16 10:42:25.5785657
2589,Kavita,Singh,1975-05-30,UOLCG5757F,kavita.singh59@gmail.com,9068057551,VERIFIED,BR003,2026-05-16 10:42:25.5785657,2026-05-16 10:42:25.5785657
2590,Priya,Reddy,1963-05-02,BOIKL5057I,priya.reddy23@gmail.com,9740300162,VERIFIED,BR003,2026-05-16 10:42:25.5785657,2026-05-16 10:42:25.5785657
2591,Neha,Jain,1980-09-01,GQOUW9198Z,neha.jain79@gmail.com,9568355550,VERIFIED,BR004,2026-05-16 10:42:25.5785657,2026-05-16 10:42:25.5785657
2592,Vikram,Mehta,1998-01-14,APSRO9565J,vikram.mehta23@gmail.com,9518747395,VERIFIED,BR004,2026-05-16 10:42:25.5785657,2026-05-16 10:42:25.5785657
2593,Rahul,Yadav,1965-07-22,QHPVP5003U,rahul.yadav74@gmail.com,9406662799,PENDING,BR004,2026-05-16 10:42:25.5785657,2026-05-16 10:42:25.5785657
2594,Kavita,Jain,1996-05-12,OLVXS4318M,kavita.jain78@gmail.com,9560597729,VERIFIED,BR001,2026-05-16 10:42:25.5785657,2026-05-16 10:42:25.5785657
2595,Neha,Mehta,1983-05-14,LMOZE9430T,neha.mehta8@gmail.com,9009291696,VERIFIED,BR004,2026-05-16 10:42:25.5785657,2026-05-16 10:42:25.5785657
2596,Sneha,Patel,1998-11-26,BQZMN3169Q,sneha.patel60@gmail.com,9766337879,VERIFIED,BR004,2026-05-16 10:42:25.5785657,2026-05-16 10:42:25.5785657
2597,Vikram,Patel,1969-09-04,MVVDN1906K,vikram.patel21@gmail.com,9890985351,PENDING,BR003,2026-05-16 10:42:25.5785657,2026-05-16 10:42:25.5785657
2598,Neha,Iyer,1986-04-02,RAQRU3686L,neha.iyer18@gmail.com,9912556210,VERIFIED,BR003,2026-05-16 10:42:25.5785657,2026-05-16 10:42:25.5785657
2599,Rahul,Jain,1967-08-09,TKSIL0618F,rahul.jain92@gmail.com,9842484137,VERIFIED,BR001,2026-05-16 10:42:25.5785657,2026-05-16 10:42:25.5785657
2600,Sneha,Sharma,1993-02-10,UIJGY3513T,sneha.sharma54@gmail.com,9234410217,VERIFIED,BR002,2026-05-16 10:42:25.5785657,2026-05-16 10:42:25.5785657
2601,Vikram,Yadav,1987-02-26,HQQDN5238G,vikram.yadav61@gmail.com,9492463122,VERIFIED,BR003,2026-05-16 10:42:25.5785657,2026-05-16 10:42:25.5785657
2602,Anjali,Verma,1978-11-01,OXOCK2691Y,anjali.verma79@gmail.com,9620795281,PENDING,BR003,2026-05-16 10:42:25.5785657,2026-05-16 10:42:25.5785657
2603,Amit,Patel,1966-09-18,IZMXI1545W,amit.patel35@gmail.com,9205982273,PENDING,BR002,2026-05-16 10:42:25.5785657,2026-05-16 10:42:25.5785657
2604,Pooja,Sharma,1982-07-24,FNUJF9553L,pooja.sharma6@gmail.com,9708617309,VERIFIED,BR001,2026-05-16 10:42:25.5785657,2026-05-16 10:42:25.5785657
2605,Priya,Jain,1963-05-11,AQNYY5034V,priya.jain56@gmail.com,9971625172,VERIFIED,BR003,2026-05-16 10:42:25.5785657,2026-05-16 10:42:25.5785657
2606,Ramesh,Patel,1978-12-20,HGAHQ8880D,ramesh.patel86@gmail.com,9423729401,VERIFIED,BR004,2026-05-16 10:42:25.5785657,2026-05-16 10:42:25.5785657
2607,Suresh,Patel,1969-06-07,XPEFV3270L,suresh.patel4@gmail.com,8616347786,VERIFIED,BR001,2026-05-16 10:42:25.5785657,2026-05-16 10:42:25.5785657
2608,Priya,Verma,1974-12-05,FHILI3173G,priya.verma13@gmail.com,9461733623,VERIFIED,BR002,2026-05-16 10:42:25.5785657,2026-05-16 10:42:25.5785657
2609,Ramesh,Singh,1971-11-22,VMVNG4809I,ramesh.singh41@gmail.com,9861517298,VERIFIED,BR002,2026-05-16 10:42:25.5785657,2026-05-16 10:42:25.5785657
2610,Kavita,Desai,1994-10-28,YDWUH7071M,kavita.desai34@gmail.com,8836377618,VERIFIED,BR004,2026-05-16 10:42:25.5785657,2026-05-16 10:42:25.5785657
2611,Ramesh,Jain,1971-08-16,QYDPM0714I,ramesh.jain14@gmail.com,9833781653,REJECTED,BR004,2026-05-16 10:42:25.5785657,2026-05-16 10:42:25.5785657
2612,Vikram,Iyer,1984-03-07,JGNOT4895Z,vikram.iyer30@gmail.com,9083845341,VERIFIED,BR004,2026-05-16 10:42:25.5785657,2026-05-16 10:42:25.5785657
2613,Anjali,Kumar,1994-11-21,UKYWP4752F,anjali.kumar67@gmail.com,9219115802,PENDING,BR001,2026-05-16 10:42:25.5785657,2026-05-16 10:42:25.5785657
2614,Pooja,Patel,1990-11-10,DSNZX2674L,pooja.patel21@gmail.com,9856626382,VERIFIED,BR002,2026-05-16 10:42:25.5785657,2026-05-16 10:42:25.5785657
2615,Amit,Jain,2000-01-12,UISPE1999Z,amit.jain57@gmail.com,9383253589,VERIFIED,BR004,2026-05-16 10:42:25.5785657,2026-05-16 10:42:25.5785657
2616,Amit,Patel,1973-11-17,SZAYA0136S,amit.patel92@gmail.com,8433617846,VERIFIED,BR004,2026-05-16 10:42:25.5785657,2026-05-16 10:42:25.5785657
2617,Rahul,Reddy,1986-11-15,QGYDW8878C,rahul.reddy30@gmail.com,9656883200,VERIFIED,BR002,2026-05-16 10:42:25.5785657,2026-05-16 10:42:25.5785657
2618,Suresh,Kumar,1972-04-25,FIMNQ4762J,suresh.kumar72@gmail.com,9759533361,VERIFIED,BR003,2026-05-16 10:42:25.5785657,2026-05-16 10:42:25.5785657
2619,Neha,Verma,1996-06-05,WNJPZ4489H,neha.verma53@gmail.com,9550974409,VERIFIED,BR001,2026-05-16 10:42:25.5785657,2026-05-16 10:42:25.5785657
2620,Anjali,Mehta,1995-10-21,KXUSH4718X,anjali.mehta86@gmail.com,9502152974,VERIFIED,BR003,2026-05-16 10:42:25.5785657,2026-05-16 10:42:25.5785657
2621,Neha,Yadav,1990-07-16,SXHYB2878D,neha.yadav69@gmail.com,9014123718,PENDING,BR004,2026-05-16 10:42:25.5785657,2026-05-16 10:42:25.5785657
2622,Pooja,Patel,1985-10-18,TEBFD8030M,pooja.patel68@gmail.com,9467122755,PENDING,BR001,2026-05-16 10:42:25.5785657,2026-05-16 10:42:25.5785657
2623,Ramesh,Desai,1985-04-10,TXNKM2535Y,ramesh.desai28@gmail.com,9777630121,VERIFIED,BR003,2026-05-16 10:42:25.5785657,2026-05-16 10:42:25.5785657
2624,Amit,Yadav,1972-01-30,MNCLU8437L,amit.yadav31@gmail.com,9180883639,VERIFIED,BR002,2026-05-16 10:42:25.5785657,2026-05-16 10:42:25.5785657
2625,Pooja,Kumar,1986-12-12,OGDEO0108V,pooja.kumar79@gmail.com,9706760635,VERIFIED,BR004,2026-05-16 10:42:25.5785657,2026-05-16 10:42:25.5785657
2626,Ramesh,Yadav,1984-04-08,TJRGC0879U,ramesh.yadav18@gmail.com,9842468406,VERIFIED,BR001,2026-05-16 10:42:25.5785657,2026-05-16 10:42:25.5785657
2627,Amit,Singh,1992-07-30,MBRFU7969A,amit.singh26@gmail.com,9697670140,VERIFIED,BR001,2026-05-16 10:42:25.5785657,2026-05-16 10:42:25.5785657
2628,Ramesh,Patel,1971-08-24,IEOOP7897Z,ramesh.patel69@gmail.com,9069703014,VERIFIED,BR001,2026-05-16 10:42:25.5785657,2026-05-16 10:42:25.5785657
2629,Suresh,Yadav,1962-11-18,IWBHO1833H,suresh.yadav86@gmail.com,9347689710,VERIFIED,BR001,2026-05-16 10:42:25.5785657,2026-05-16 10:42:25.5785657
2630,Anjali,Mehta,1994-03-09,UWOIY2174X,anjali.mehta97@gmail.com,9380620195,VERIFIED,BR004,2026-05-16 10:42:25.5785657,2026-05-16 10:42:25.5785657
2631,Priya,Mehta,1980-05-20,WFVHY5228Y,priya.mehta78@gmail.com,9443289872,VERIFIED,BR004,2026-05-16 10:42:25.5785657,2026-05-16 10:42:25.5785657
2632,Sneha,Patel,1968-12-03,MSDXP8505O,sneha.patel68@gmail.com,9271550530,VERIFIED,BR002,2026-05-16 10:42:25.5785657,2026-05-16 10:42:25.5785657
2633,Kavita,Gupta,1978-05-15,BBGXM5414K,kavita.gupta50@gmail.com,9555649073,VERIFIED,BR002,2026-05-16 10:42:25.5785657,2026-05-16 10:42:25.5785657
2634,Pooja,Mehta,1991-03-23,DYYND0691L,pooja.mehta18@gmail.com,9949774881,REJECTED,BR002,2026-05-16 10:42:25.5785657,2026-05-16 10:42:25.5785657
2635,Pooja,Yadav,2000-04-23,KUWOE8256V,pooja.yadav20@gmail.com,9747097230,PENDING,BR003,2026-05-16 10:42:25.5785657,2026-05-16 10:42:25.5785657
2636,Sneha,Iyer,1968-02-16,XNNOJ2773Q,sneha.iyer46@gmail.com,9872766846,VERIFIED,BR002,2026-05-16 10:42:25.5785657,2026-05-16 10:42:25.5785657
2637,Priya,Sharma,1969-11-02,JGNYU9780A,priya.sharma83@gmail.com,9374821428,VERIFIED,BR004,2026-05-16 10:42:25.5785657,2026-05-16 10:42:25.5785657
2638,Rohit,Mehta,1993-07-17,HHXQV8510F,rohit.mehta33@gmail.com,9711023035,PENDING,BR003,2026-05-16 10:42:25.5785657,2026-05-16 10:42:25.5785657
2639,Vikram,Jain,2000-04-12,YWOYC7619S,vikram.jain55@gmail.com,9664359923,PENDING,BR004,2026-05-16 10:42:25.5785657,2026-05-16 10:42:25.5785657
2640,Suresh,Kumar,1994-12-13,TRCFH8508A,suresh.kumar84@gmail.com,9974353987,PENDING,BR003,2026-05-16 10:42:25.5785657,2026-05-16 10:42:25.5785657
2641,Suresh,Gupta,1969-11-30,OZCRM6136X,suresh.gupta65@gmail.com,9022760750,VERIFIED,BR002,2026-05-16 10:42:25.5785657,2026-05-16 10:42:25.5785657
2642,Sneha,Jain,1993-04-08,DFDRS4460T,sneha.jain95@gmail.com,9330440701,REJECTED,BR002,2026-05-16 10:42:25.5785657,2026-05-16 10:42:25.5785657
2643,Neha,Yadav,1980-09-06,URDJC9060E,neha.yadav54@gmail.com,9116310322,VERIFIED,BR002,2026-05-16 10:42:25.5785657,2026-05-16 10:42:25.5785657
2644,Ramesh,Verma,1999-11-01,SRYTY1670S,ramesh.verma24@gmail.com,9074388909,VERIFIED,BR003,2026-05-16 10:42:25.5785657,2026-05-16 10:42:25.5785657
2645,Vikram,Reddy,1977-09-26,FJFAE6635E,vikram.reddy73@gmail.com,8043635020,VERIFIED,BR004,2026-05-16 10:42:25.5785657,2026-05-16 10:42:25.5785657
2646,Anjali,Verma,1997-12-28,THCHU6613A,anjali.verma53@gmail.com,9774791712,VERIFIED,BR001,2026-05-16 10:42:25.5785657,2026-05-16 10:42:25.5785657
2647,Anjali,Singh,1979-12-02,OIDPJ0818L,anjali.singh56@gmail.com,9436154497,PENDING,BR004,2026-05-16 10:42:25.5785657,2026-05-16 10:42:25.5785657
2648,Sneha,Jain,1993-07-12,SVBTR8265E,sneha.jain12@gmail.com,9171918585,VERIFIED,BR002,2026-05-16 10:42:25.5785657,2026-05-16 10:42:25.5785657
2649,Suresh,Reddy,1965-09-01,UPVUF4119R,suresh.reddy8@gmail.com,9458685560,REJECTED,BR003,2026-05-16 10:42:25.5785657,2026-05-16 10:42:25.5785657
2650,Anjali,Singh,1968-08-10,IJHYF0987A,anjali.singh30@gmail.com,9718397204,VERIFIED,BR003,2026-05-16 10:42:25.5785657,2026-05-16 10:42:25.5785657
2651,Rohit,Reddy,1977-12-04,DMBDP4521T,rohit.reddy47@gmail.com,9813539508,REJECTED,BR002,2026-05-16 10:42:25.5785657,2026-05-16 10:42:25.5785657
2652,Pooja,Reddy,1969-09-15,BSZLW0212U,pooja.reddy52@gmail.com,9209331867,VERIFIED,BR003,2026-05-16 10:42:25.5785657,2026-05-16 10:42:25.5785657
2653,Rahul,Sharma,1974-08-17,YCIYE8607J,rahul.sharma48@gmail.com,9780131757,VERIFIED,BR002,2026-05-16 10:42:25.5785657,2026-05-16 10:42:25.5785657
2654,Kavita,Desai,1978-03-17,ABAJX9574N,kavita.desai64@gmail.com,8681131678,VERIFIED,BR004,2026-05-16 10:42:25.5785657,2026-05-16 10:42:25.5785657
2655,Sneha,Kumar,1963-02-25,XIBLR9341H,sneha.kumar35@gmail.com,9812340325,VERIFIED,BR003,2026-05-16 10:42:25.5785657,2026-05-16 10:42:25.5785657
2656,Neha,Verma,1994-06-17,GVDVM0001Z,neha.verma83@gmail.com,8711569083,VERIFIED,BR001,2026-05-16 10:42:25.5785657,2026-05-16 10:42:25.5785657
2657,Ramesh,Mehta,1967-07-11,NBAXU5137C,ramesh.mehta71@gmail.com,9919355473,VERIFIED,BR003,2026-05-16 10:42:25.5785657,2026-05-16 10:42:25.5785657
2658,Kavita,Yadav,1965-11-29,MLBAC7315X,kavita.yadav7@gmail.com,8702629003,VERIFIED,BR002,2026-05-16 10:42:25.5785657,2026-05-16 10:42:25.5785657
2659,Ramesh,Gupta,1963-10-02,CIBCN4107K,ramesh.gupta72@gmail.com,9703343555,VERIFIED,BR001,2026-05-16 10:42:25.5785657,2026-05-16 10:42:25.5785657
2660,Amit,Kumar,1995-07-11,CBWJN2381W,amit.kumar40@gmail.com,9626609621,VERIFIED,BR002,2026-05-16 10:42:25.5785657,2026-05-16 10:42:25.5785657
2661,Kavita,Singh,1981-02-25,FALJW6475P,kavita.singh26@gmail.com,9341153981,REJECTED,BR003,2026-05-16 10:42:25.5785657,2026-05-16 10:42:25.5785657
2662,Rahul,Sharma,1991-09-26,ADAFR8248O,rahul.sharma63@gmail.com,9567582533,VERIFIED,BR001,2026-05-16 10:42:25.5785657,2026-05-16 10:42:25.5785657
2663,Suresh,Singh,1994-05-06,XVXLD3021P,suresh.singh84@gmail.com,9466075999,VERIFIED,BR001,2026-05-16 10:42:25.5785657,2026-05-16 10:42:25.5785657
2664,Rohit,Desai,1962-05-27,ABGKC9600D,rohit.desai11@gmail.com,9965130735,VERIFIED,BR003,2026-05-16 10:42:25.5785657,2026-05-16 10:42:25.5785657
2665,Pooja,Gupta,1962-04-25,BPRDG0655R,pooja.gupta91@gmail.com,9237835272,VERIFIED,BR001,2026-05-16 10:42:25.5785657,2026-05-16 10:42:25.5785657
2666,Pooja,Sharma,1986-06-03,BSTWQ2029C,pooja.sharma40@gmail.com,9264957884,VERIFIED,BR004,2026-05-16 10:42:25.5785657,2026-05-16 10:42:25.5785657
2667,Rohit,Singh,1964-01-10,IEGPA5654M,rohit.singh99@gmail.com,9907936895,VERIFIED,BR001,2026-05-16 10:42:25.5785657,2026-05-16 10:42:25.5785657
2668,Vikram,Desai,1962-03-12,UNMFB4414T,vikram.desai75@gmail.com,9363584770,PENDING,BR001,2026-05-16 10:42:25.5785657,2026-05-16 10:42:25.5785657
2669,Amit,Yadav,2000-06-22,OHKJC2204I,amit.yadav21@gmail.com,9919308740,VERIFIED,BR004,2026-05-16 10:42:25.5785657,2026-05-16 10:42:25.5785657
2670,Ramesh,Yadav,1984-09-24,GVTLF6552S,ramesh.yadav53@gmail.com,9250447194,VERIFIED,BR002,2026-05-16 10:42:25.5785657,2026-05-16 10:42:25.5785657
2671,Rahul,Singh,1965-12-01,XZLAS9149V,rahul.singh19@gmail.com,9088475337,VERIFIED,BR002,2026-05-16 10:42:25.5785657,2026-05-16 10:42:25.5785657
2672,Anjali,Kumar,1988-04-12,DFBLX8148V,anjali.kumar62@gmail.com,9148635651,VERIFIED,BR004,2026-05-16 10:42:25.5785657,2026-05-16 10:42:25.5785657
2673,Kavita,Gupta,1969-11-24,RAUQC9997H,kavita.gupta30@gmail.com,9558860351,VERIFIED,BR001,2026-05-16 10:42:25.5785657,2026-05-16 10:42:25.5785657
2674,Amit,Patel,2000-09-07,JSPNN9598C,amit.patel81@gmail.com,9345998771,VERIFIED,BR003,2026-05-16 10:42:25.5785657,2026-05-16 10:42:25.5785657
2675,Sneha,Kumar,1999-06-27,ZZTNQ9958C,sneha.kumar47@gmail.com,9834499653,VERIFIED,BR004,2026-05-16 10:42:25.5785657,2026-05-16 10:42:25.5785657
2676,Kavita,Yadav,1989-08-21,ZYXHD7483Q,kavita.yadav1@gmail.com,9410968784,VERIFIED,BR003,2026-05-16 10:42:25.5785657,2026-05-16 10:42:25.5785657
2677,Rahul,Gupta,1984-02-04,TGZZJ9500R,rahul.gupta83@gmail.com,8105481249,VERIFIED,BR002,2026-05-16 10:42:25.5785657,2026-05-16 10:42:25.5785657
2678,Neha,Desai,1998-08-04,BMMCV8305C,neha.desai52@gmail.com,9346392817,PENDING,BR004,2026-05-16 10:42:25.5785657,2026-05-16 10:42:25.5785657
2679,Neha,Sharma,1998-08-20,TRYNM8216R,neha.sharma5@gmail.com,9093204956,VERIFIED,BR003,2026-05-16 10:42:25.5785657,2026-05-16 10:42:25.5785657
2680,Amit,Iyer,1968-06-02,XDSKY6860B,amit.iyer7@gmail.com,9463044288,VERIFIED,BR001,2026-05-16 10:42:25.5785657,2026-05-16 10:42:25.5785657
2681,Suresh,Jain,1992-10-13,PFDXC5144R,suresh.jain94@gmail.com,9001588844,VERIFIED,BR004,2026-05-16 10:42:25.5785657,2026-05-16 10:42:25.5785657
2682,Rahul,Reddy,1989-11-19,QEHXR5331O,rahul.reddy10@gmail.com,9991775892,VERIFIED,BR003,2026-05-16 10:42:25.5785657,2026-05-16 10:42:25.5785657
2683,Rahul,Singh,1982-01-11,PWRQE6897J,rahul.singh20@gmail.com,9819915711,PENDING,BR004,2026-05-16 10:42:25.5785657,2026-05-16 10:42:25.5785657
2684,Rohit,Iyer,1974-12-23,VJOSY4251O,rohit.iyer55@gmail.com,9597804644,VERIFIED,BR004,2026-05-16 10:42:25.5785657,2026-05-16 10:42:25.5785657
2685,Suresh,Verma,2000-02-09,AOCDZ3784R,suresh.verma53@gmail.com,9134037801,VERIFIED,BR002,2026-05-16 10:42:25.5785657,2026-05-16 10:42:25.5785657
2686,Ramesh,Gupta,1969-09-10,OAZYU2462B,ramesh.gupta37@gmail.com,9859772307,PENDING,BR002,2026-05-16 10:42:25.5785657,2026-05-16 10:42:25.5785657
2687,Ramesh,Jain,1963-05-20,WDGMZ7454T,ramesh.jain50@gmail.com,9206306631,VERIFIED,BR001,2026-05-16 10:42:25.5785657,2026-05-16 10:42:25.5785657
2688,Anjali,Mehta,1993-05-25,VCBZC8926T,anjali.mehta82@gmail.com,8060634725,VERIFIED,BR002,2026-05-16 10:42:25.5785657,2026-05-16 10:42:25.5785657
2689,Pooja,Desai,1960-07-13,QEVFK2440F,pooja.desai5@gmail.com,9618890377,VERIFIED,BR002,2026-05-16 10:42:25.5785657,2026-05-16 10:42:25.5785657
2690,Neha,Patel,1990-12-03,ZBGOC3801I,neha.patel75@gmail.com,8547631409,VERIFIED,BR002,2026-05-16 10:42:25.5785657,2026-05-16 10:42:25.5785657
2691,Sneha,Reddy,2000-08-15,TMGQL6862Z,sneha.reddy56@gmail.com,9221799490,VERIFIED,BR003,2026-05-16 10:42:25.5785657,2026-05-16 10:42:25.5785657
2692,Ramesh,Mehta,1996-05-11,OKBTM9771I,ramesh.mehta10@gmail.com,9427496067,PENDING,BR004,2026-05-16 10:42:25.5785657,2026-05-16 10:42:25.5785657
2693,Suresh,Patel,1966-02-19,POOBO9048E,suresh.patel37@gmail.com,9614319410,VERIFIED,BR002,2026-05-16 10:42:25.5785657,2026-05-16 10:42:25.5785657
2694,Rahul,Verma,1993-04-13,CCHNZ7869U,rahul.verma78@gmail.com,9332886576,VERIFIED,BR003,2026-05-16 10:42:25.5785657,2026-05-16 10:42:25.5785657
2695,Sneha,Yadav,1981-12-22,JGKRQ9656R,sneha.yadav5@gmail.com,9744568441,VERIFIED,BR004,2026-05-16 10:42:25.5785657,2026-05-16 10:42:25.5785657
2696,Priya,Kumar,1990-12-09,LYJIX0323V,priya.kumar73@gmail.com,8552927073,VERIFIED,BR002,2026-05-16 10:42:25.5785657,2026-05-16 10:42:25.5785657
2697,Ramesh,Singh,1973-05-30,BDDPE8792M,ramesh.singh11@gmail.com,9060532541,VERIFIED,BR002,2026-05-16 10:42:25.5785657,2026-05-16 10:42:25.5785657
2698,Rahul,Sharma,1991-08-02,XBCMK7257R,rahul.sharma1@gmail.com,9256379524,VERIFIED,BR004,2026-05-16 10:42:25.5785657,2026-05-16 10:42:25.5785657
2699,Ramesh,Patel,1988-06-06,UFIKS1523B,ramesh.patel7@gmail.com,9075893219,PENDING,BR003,2026-05-16 10:42:25.5785657,2026-05-16 10:42:25.5785657
2700,Neha,Reddy,1989-09-15,JAARO8292B,neha.reddy77@gmail.com,9838093019,PENDING,BR003,2026-05-16 10:42:25.5785657,2026-05-16 10:42:25.5785657
2701,Priya,Iyer,1977-10-02,HJJWU7544B,priya.iyer14@gmail.com,9513168430,REJECTED,BR001,2026-05-16 10:42:25.5785657,2026-05-16 10:42:25.5785657
2702,Kavita,Gupta,1961-09-17,ILEVY3844R,kavita.gupta56@gmail.com,9183850516,PENDING,BR004,2026-05-16 10:42:25.5785657,2026-05-16 10:42:25.5785657
2703,Ramesh,Yadav,1980-12-14,XOUII2780E,ramesh.yadav51@gmail.com,9683012526,VERIFIED,BR001,2026-05-16 10:42:25.5785657,2026-05-16 10:42:25.5785657
2704,Suresh,Gupta,1972-02-28,GUGKJ1673J,suresh.gupta46@gmail.com,9626064186,VERIFIED,BR003,2026-05-16 10:42:25.5785657,2026-05-16 10:42:25.5785657
2705,Ramesh,Reddy,1987-12-13,BKIPF0661F,ramesh.reddy86@gmail.com,8781851315,VERIFIED,BR002,2026-05-16 10:42:25.5785657,2026-05-16 10:42:25.5785657
2706,Pooja,Gupta,1993-02-27,DDETL9463E,pooja.gupta76@gmail.com,9174384121,VERIFIED,BR001,2026-05-16 10:42:25.5785657,2026-05-16 10:42:25.5785657
2707,Sneha,Patel,1991-05-27,TPKCE7039Q,sneha.patel42@gmail.com,9330283095,VERIFIED,BR003,2026-05-16 10:42:25.5785657,2026-05-16 10:42:25.5785657
2708,Sneha,Iyer,1999-08-19,VGUQZ0951S,sneha.iyer40@gmail.com,9856712182,VERIFIED,BR003,2026-05-16 10:42:25.5785657,2026-05-16 10:42:25.5785657
2709,Neha,Desai,1972-06-04,NKSZD8159O,neha.desai44@gmail.com,9807490366,VERIFIED,BR002,2026-05-16 10:42:25.5785657,2026-05-16 10:42:25.5785657
2710,Suresh,Gupta,1997-01-20,YXYHD7786N,suresh.gupta40@gmail.com,9184368357,PENDING,BR004,2026-05-16 10:42:25.5785657,2026-05-16 10:42:25.5785657
2711,Priya,Kumar,1970-04-12,BSXBN2742L,priya.kumar93@gmail.com,9538612877,VERIFIED,BR003,2026-05-16 10:42:25.5785657,2026-05-16 10:42:25.5785657
2712,Rohit,Iyer,1993-06-11,SSWNL3819Q,rohit.iyer32@gmail.com,9137701504,VERIFIED,BR001,2026-05-16 10:42:25.5785657,2026-05-16 10:42:25.5785657
2713,Suresh,Verma,1964-10-13,EDRSG3279I,suresh.verma5@gmail.com,9845591253,REJECTED,BR002,2026-05-16 10:42:25.5785657,2026-05-16 10:42:25.5785657
2714,Sneha,Sharma,1973-01-27,BRLHJ6311C,sneha.sharma7@gmail.com,9812986302,VERIFIED,BR004,2026-05-16 10:42:25.5785657,2026-05-16 10:42:25.5785657
2715,Pooja,Patel,1970-03-20,CYESL7679V,pooja.patel13@gmail.com,9375307746,VERIFIED,BR004,2026-05-16 10:42:25.5785657,2026-05-16 10:42:25.5785657
2716,Kavita,Jain,1972-03-14,YTZLX3266V,kavita.jain61@gmail.com,9566779678,VERIFIED,BR004,2026-05-16 10:42:25.5785657,2026-05-16 10:42:25.5785657
2717,Neha,Mehta,1999-01-02,TMAWO3104W,neha.mehta67@gmail.com,9088710941,PENDING,BR003,2026-05-16 10:42:25.5785657,2026-05-16 10:42:25.5785657
2718,Rohit,Iyer,1962-05-09,AOUBU9827G,rohit.iyer35@gmail.com,9404361417,VERIFIED,BR004,2026-05-16 10:42:25.5785657,2026-05-16 10:42:25.5785657
2719,Pooja,Jain,1972-03-17,APUFS5162H,pooja.jain52@gmail.com,9074050217,VERIFIED,BR003,2026-05-16 10:42:25.5785657,2026-05-16 10:42:25.5785657
2720,Priya,Jain,1966-10-05,WAWWU7573P,priya.jain17@gmail.com,9953215582,VERIFIED,BR002,2026-05-16 10:42:25.5785657,2026-05-16 10:42:25.5785657
2721,Priya,Jain,1960-07-23,NNBLZ2263I,priya.jain84@gmail.com,8819867433,VERIFIED,BR002,2026-05-16 10:42:25.5785657,2026-05-16 10:42:25.5785657
2722,Pooja,Reddy,1990-06-07,LVFNJ0627R,pooja.reddy95@gmail.com,9805154144,PENDING,BR004,2026-05-16 10:42:25.5785657,2026-05-16 10:42:25.5785657
2723,Amit,Yadav,1961-07-01,CQQXS3615Q,amit.yadav63@gmail.com,9297385650,PENDING,BR002,2026-05-16 10:42:25.5785657,2026-05-16 10:42:25.5785657
2724,Neha,Iyer,1981-02-04,NGOKQ5957Y,neha.iyer94@gmail.com,9509876278,VERIFIED,BR001,2026-05-16 10:42:25.5785657,2026-05-16 10:42:25.5785657
2725,Suresh,Patel,1981-11-28,RBZIP1424E,suresh.patel39@gmail.com,9764712959,VERIFIED,BR001,2026-05-16 10:42:25.5785657,2026-05-16 10:42:25.5785657
2726,Rahul,Desai,1982-05-19,GGVWZ5971E,rahul.desai98@gmail.com,9158928462,REJECTED,BR003,2026-05-16 10:42:25.5785657,2026-05-16 10:42:25.5785657
2727,Kavita,Jain,1968-08-05,XVQPE2519U,kavita.jain84@gmail.com,8437540951,VERIFIED,BR004,2026-05-16 10:42:25.5785657,2026-05-16 10:42:25.5785657
2728,Rahul,Yadav,1988-06-01,RMKVY5955B,rahul.yadav89@gmail.com,8069445102,VERIFIED,BR003,2026-05-16 10:42:25.5785657,2026-05-16 10:42:25.5785657
2729,Suresh,Kumar,1984-03-17,SOFDB1110C,suresh.kumar21@gmail.com,8401635792,VERIFIED,BR002,2026-05-16 10:42:25.5785657,2026-05-16 10:42:25.5785657
2730,Suresh,Reddy,1960-07-09,RKLCX5665Z,suresh.reddy1@gmail.com,9878528654,VERIFIED,BR004,2026-05-16 10:42:25.5785657,2026-05-16 10:42:25.5785657
2731,Neha,Yadav,1992-05-29,RSDOV1300X,neha.yadav83@gmail.com,9182893975,VERIFIED,BR003,2026-05-16 10:42:25.5785657,2026-05-16 10:42:25.5785657
2732,Suresh,Gupta,1979-06-10,GOYQQ0504N,suresh.gupta41@gmail.com,9775314081,VERIFIED,BR004,2026-05-16 10:42:25.5785657,2026-05-16 10:42:25.5785657
2733,Sneha,Patel,1983-04-14,UTODI4936D,sneha.patel24@gmail.com,9861416572,VERIFIED,BR004,2026-05-16 10:42:25.5785657,2026-05-16 10:42:25.5785657
2734,Amit,Verma,1995-12-19,AFUAV4138K,amit.verma92@gmail.com,8557562334,VERIFIED,BR003,2026-05-16 10:42:25.5785657,2026-05-16 10:42:25.5785657
2735,Rohit,Reddy,1975-05-31,YPLBA6496N,rohit.reddy17@gmail.com,9363670022,VERIFIED,BR004,2026-05-16 10:42:25.5785657,2026-05-16 10:42:25.5785657
2736,Suresh,Singh,1999-06-19,GBXKJ8778H,suresh.singh44@gmail.com,8609303312,VERIFIED,BR002,2026-05-16 10:42:25.5785657,2026-05-16 10:42:25.5785657
2737,Rahul,Kumar,1969-07-21,ZALIK8926B,rahul.kumar86@gmail.com,9861679829,VERIFIED,BR001,2026-05-16 10:42:25.5785657,2026-05-16 10:42:25.5785657
2738,Suresh,Jain,1978-12-16,NAUTL5215S,suresh.jain87@gmail.com,9188912396,VERIFIED,BR001,2026-05-16 10:42:25.5785657,2026-05-16 10:42:25.5785657
2739,Priya,Sharma,1992-04-21,OKKLA2458S,priya.sharma71@gmail.com,9299605336,VERIFIED,BR004,2026-05-16 10:42:25.5785657,2026-05-16 10:42:25.5785657
2740,Amit,Reddy,1984-05-20,DNRQU0084L,amit.reddy74@gmail.com,9512269799,VERIFIED,BR001,2026-05-16 10:42:25.5785657,2026-05-16 10:42:25.5785657
2741,Sneha,Desai,1970-01-30,LCLJS2004W,sneha.desai65@gmail.com,8382395264,VERIFIED,BR004,2026-05-16 10:42:25.5785657,2026-05-16 10:42:25.5785657
2742,Sneha,Patel,1993-09-12,TJWQP8109R,sneha.patel59@gmail.com,9225316576,VERIFIED,BR003,2026-05-16 10:42:25.5785657,2026-05-16 10:42:25.5785657
2743,Ramesh,Gupta,1990-08-12,WTZOY9735D,ramesh.gupta88@gmail.com,9484102541,REJECTED,BR002,2026-05-16 10:42:25.5785657,2026-05-16 10:42:25.5785657
2744,Sneha,Sharma,1999-02-11,LLSRD2670V,sneha.sharma26@gmail.com,9561877449,VERIFIED,BR001,2026-05-16 10:42:25.5785657,2026-05-16 10:42:25.5785657
2745,Ramesh,Sharma,1975-07-17,UQDCS4121T,ramesh.sharma8@gmail.com,9325950224,VERIFIED,BR003,2026-05-16 10:42:25.5785657,2026-05-16 10:42:25.5785657
2746,Pooja,Kumar,1967-11-17,YIPLV8927I,pooja.kumar64@gmail.com,9523280395,VERIFIED,BR002,2026-05-16 10:42:25.5785657,2026-05-16 10:42:25.5785657
2747,Kavita,Yadav,1962-06-29,XCORJ8045A,kavita.yadav26@gmail.com,9231150650,VERIFIED,BR001,2026-05-16 10:42:25.5785657,2026-05-16 10:42:25.5785657
2748,Anjali,Desai,1971-11-21,VDVJV7070M,anjali.desai21@gmail.com,9684115101,VERIFIED,BR001,2026-05-16 10:42:25.5785657,2026-05-16 10:42:25.5785657
2749,Sneha,Yadav,1971-10-07,FSIHB1828F,sneha.yadav14@gmail.com,9689638124,VERIFIED,BR002,2026-05-16 10:42:25.5785657,2026-05-16 10:42:25.5785657
2750,Rohit,Gupta,1983-09-17,NXPXX2046Q,rohit.gupta53@gmail.com,9170801897,VERIFIED,BR003,2026-05-16 10:42:25.5785657,2026-05-16 10:42:25.5785657
2751,Priya,Sharma,1960-03-12,ERSGD4399Z,priya.sharma51@gmail.com,9979420435,VERIFIED,BR003,2026-05-16 10:42:25.5785657,2026-05-16 10:42:25.5785657
2752,Vikram,Desai,1983-11-24,UABUY6701L,vikram.desai48@gmail.com,9739532443,VERIFIED,BR001,2026-05-16 10:42:25.5785657,2026-05-16 10:42:25.5785657
2753,Pooja,Desai,1984-03-01,ZPVXC8010B,pooja.desai52@gmail.com,9217342319,PENDING,BR002,2026-05-16 10:42:25.5785657,2026-05-16 10:42:25.5785657
2754,Sneha,Mehta,1969-11-03,TFVUB5100N,sneha.mehta73@gmail.com,9349294880,PENDING,BR003,2026-05-16 10:42:25.5785657,2026-05-16 10:42:25.5785657
2755,Kavita,Patel,1999-01-15,PRAMX8685J,kavita.patel14@gmail.com,9813870669,VERIFIED,BR002,2026-05-16 10:42:25.5785657,2026-05-16 10:42:25.5785657
2756,Ramesh,Sharma,1968-08-07,OIHVD5455N,ramesh.sharma6@gmail.com,9181500701,VERIFIED,BR002,2026-05-16 10:42:25.5785657,2026-05-16 10:42:25.5785657
2757,Rahul,Sharma,1998-03-03,IPHMD8067E,rahul.sharma96@gmail.com,9009529640,VERIFIED,BR001,2026-05-16 10:42:25.5785657,2026-05-16 10:42:25.5785657
2758,Vikram,Desai,1973-05-12,ZFINF7703E,vikram.desai58@gmail.com,9319254774,VERIFIED,BR002,2026-05-16 10:42:25.5785657,2026-05-16 10:42:25.5785657
2759,Kavita,Yadav,1981-09-28,JOPFE4297X,kavita.yadav8@gmail.com,9957173825,VERIFIED,BR002,2026-05-16 10:42:25.5785657,2026-05-16 10:42:25.5785657
2760,Kavita,Sharma,1973-11-09,JGTVI9408R,kavita.sharma81@gmail.com,9628982202,VERIFIED,BR004,2026-05-16 10:42:25.5785657,2026-05-16 10:42:25.5785657
2761,Sneha,Desai,1982-04-30,LTLPF7225G,sneha.desai69@gmail.com,9043482912,VERIFIED,BR002,2026-05-16 10:42:25.5785657,2026-05-16 10:42:25.5785657
2762,Pooja,Sharma,1968-10-11,OZIFX7684E,pooja.sharma87@gmail.com,9601156027,VERIFIED,BR003,2026-05-16 10:42:25.5785657,2026-05-16 10:42:25.5785657
2763,Vikram,Desai,1998-10-24,OIBVY7343C,vikram.desai86@gmail.com,9113065572,VERIFIED,BR001,2026-05-16 10:42:25.5785657,2026-05-16 10:42:25.5785657
2764,Neha,Mehta,1999-11-09,JKFEV5537D,neha.mehta52@gmail.com,9338644672,PENDING,BR001,2026-05-16 10:42:25.5785657,2026-05-16 10:42:25.5785657
2765,Anjali,Patel,1965-12-28,BQIAZ1299O,anjali.patel97@gmail.com,8834232651,VERIFIED,BR002,2026-05-16 10:42:25.5785657,2026-05-16 10:42:25.5785657
2766,Neha,Desai,1968-02-20,UYCZA3296B,neha.desai9@gmail.com,9271683740,PENDING,BR002,2026-05-16 10:42:25.5785657,2026-05-16 10:42:25.5785657
2767,Priya,Iyer,1962-09-26,REQKQ9392C,priya.iyer16@gmail.com,9639709963,VERIFIED,BR003,2026-05-16 10:42:25.5785657,2026-05-16 10:42:25.5785657
2768,Vikram,Sharma,1991-08-13,RZXRE9793B,vikram.sharma64@gmail.com,9630107382,PENDING,BR004,2026-05-16 10:42:25.5785657,2026-05-16 10:42:25.5785657
2769,Neha,Gupta,1975-01-26,AWTSB3389L,neha.gupta12@gmail.com,9099830252,VERIFIED,BR001,2026-05-16 10:42:25.5785657,2026-05-16 10:42:25.5785657
2770,Sneha,Patel,1995-12-21,ZRRGQ6029P,sneha.patel28@gmail.com,9289798934,VERIFIED,BR004,2026-05-16 10:42:25.5785657,2026-05-16 10:42:25.5785657
2771,Amit,Mehta,1999-02-03,CLEDP0376U,amit.mehta86@gmail.com,9802097310,VERIFIED,BR003,2026-05-16 10:42:25.5785657,2026-05-16 10:42:25.5785657
2772,Ramesh,Jain,1975-05-11,AFTBA3969Y,ramesh.jain33@gmail.com,9263417201,VERIFIED,BR001,2026-05-16 10:42:25.5785657,2026-05-16 10:42:25.5785657
2773,Amit,Desai,1961-07-17,SFXDH1020T,amit.desai1@gmail.com,9111521092,PENDING,BR003,2026-05-16 10:42:25.5785657,2026-05-16 10:42:25.5785657
2774,Suresh,Gupta,1978-07-10,STBOQ9993T,suresh.gupta82@gmail.com,8698907928,VERIFIED,BR002,2026-05-16 10:42:25.5785657,2026-05-16 10:42:25.5785657
2775,Neha,Desai,1966-10-14,QEOIT9630M,neha.desai19@gmail.com,9242743027,VERIFIED,BR003,2026-05-16 10:42:25.5785657,2026-05-16 10:42:25.5785657
2776,Priya,Yadav,1982-06-02,BBZOP6349R,priya.yadav46@gmail.com,9545583783,VERIFIED,BR002,2026-05-16 10:42:25.5785657,2026-05-16 10:42:25.5785657
2777,Suresh,Sharma,1974-01-27,BOSMB6242V,suresh.sharma5@gmail.com,9933236633,VERIFIED,BR004,2026-05-16 10:42:25.5785657,2026-05-16 10:42:25.5785657
2778,Rahul,Reddy,1999-02-04,DXFFW3698A,rahul.reddy3@gmail.com,9124024829,VERIFIED,BR001,2026-05-16 10:42:25.5785657,2026-05-16 10:42:25.5785657
2779,Rohit,Kumar,1981-05-10,AMJWE3268C,rohit.kumar53@gmail.com,9554086927,VERIFIED,BR001,2026-05-16 10:42:25.5785657,2026-05-16 10:42:25.5785657
2780,Rahul,Verma,1992-03-24,MZIDK2425U,rahul.verma35@gmail.com,9386565246,VERIFIED,BR004,2026-05-16 10:42:25.5785657,2026-05-16 10:42:25.5785657
2781,Vikram,Yadav,1962-01-16,EYSDU3807B,vikram.yadav23@gmail.com,9503305823,PENDING,BR002,2026-05-16 10:42:25.5785657,2026-05-16 10:42:25.5785657
2782,Kavita,Gupta,1971-12-30,OQXVB2695N,kavita.gupta19@gmail.com,9220376963,REJECTED,BR001,2026-05-16 10:42:25.5785657,2026-05-16 10:42:25.5785657
2783,Ramesh,Yadav,1967-06-14,NGDXC3219J,ramesh.yadav59@gmail.com,9489478638,VERIFIED,BR003,2026-05-16 10:42:25.5785657,2026-05-16 10:42:25.5785657
2784,Neha,Singh,1978-10-27,XIZXI8575K,neha.singh54@gmail.com,9590052913,VERIFIED,BR002,2026-05-16 10:42:25.5785657,2026-05-16 10:42:25.5785657
2785,Priya,Desai,1967-02-13,WWCPP4109H,priya.desai33@gmail.com,8068921757,VERIFIED,BR001,2026-05-16 10:42:25.5785657,2026-05-16 10:42:25.5785657
2786,Priya,Desai,1960-06-04,KUEAS4312O,priya.desai32@gmail.com,9532081225,VERIFIED,BR003,2026-05-16 10:42:25.5785657,2026-05-16 10:42:25.5785657
2787,Pooja,Iyer,1973-06-16,XSDXC8827A,pooja.iyer40@gmail.com,9069633135,VERIFIED,BR003,2026-05-16 10:42:25.5785657,2026-05-16 10:42:25.5785657
2788,Rohit,Verma,1997-05-07,ELYCU7139Z,rohit.verma74@gmail.com,9048916483,REJECTED,BR001,2026-05-16 10:42:25.5785657,2026-05-16 10:42:25.5785657
2789,Anjali,Verma,1991-03-14,DOMAJ0114R,anjali.verma83@gmail.com,9341703619,VERIFIED,BR004,2026-05-16 10:42:25.5785657,2026-05-16 10:42:25.5785657
2790,Anjali,Singh,1997-11-18,JOCPI7647D,anjali.singh40@gmail.com,9816670100,REJECTED,BR004,2026-05-16 10:42:25.5785657,2026-05-16 10:42:25.5785657
2791,Anjali,Sharma,1968-09-30,JNSTU9476G,anjali.sharma98@gmail.com,9169241795,PENDING,BR001,2026-05-16 10:42:25.5785657,2026-05-16 10:42:25.5785657
2792,Neha,Kumar,1966-11-17,BZPEX4153J,neha.kumar86@gmail.com,9897757586,PENDING,BR003,2026-05-16 10:42:25.5785657,2026-05-16 10:42:25.5785657
2793,Anjali,Reddy,1977-01-02,WRZDS4012J,anjali.reddy53@gmail.com,8305850841,VERIFIED,BR004,2026-05-16 10:42:25.5785657,2026-05-16 10:42:25.5785657
2794,Sneha,Jain,1974-07-02,NQVFR1224I,sneha.jain44@gmail.com,9110352801,VERIFIED,BR004,2026-05-16 10:42:25.5785657,2026-05-16 10:42:25.5785657
2795,Amit,Reddy,1985-08-20,RTYWT0995W,amit.reddy18@gmail.com,9127190392,VERIFIED,BR004,2026-05-16 10:42:25.5785657,2026-05-16 10:42:25.5785657
2796,Priya,Mehta,1995-05-11,FADQA0209W,priya.mehta56@gmail.com,9366265258,VERIFIED,BR002,2026-05-16 10:42:25.5785657,2026-05-16 10:42:25.5785657
2797,Rohit,Iyer,1998-11-13,DWDLJ9613G,rohit.iyer87@gmail.com,9813509763,VERIFIED,BR004,2026-05-16 10:42:25.5785657,2026-05-16 10:42:25.5785657
2798,Amit,Jain,1994-08-29,BUDCI0216B,amit.jain88@gmail.com,8680115031,VERIFIED,BR001,2026-05-16 10:42:25.5785657,2026-05-16 10:42:25.5785657
2799,Kavita,Mehta,1985-07-29,IUGVL3905E,kavita.mehta46@gmail.com,9169801236,VERIFIED,BR001,2026-05-16 10:42:25.5785657,2026-05-16 10:42:25.5785657
2800,Rohit,Sharma,1973-05-05,TRQZC6890J,rohit.sharma8@gmail.com,9300589463,VERIFIED,BR002,2026-05-16 10:42:25.5785657,2026-05-16 10:42:25.5785657
2801,Amit,Mehta,1980-02-25,JPWET5172X,amit.mehta41@gmail.com,9833422470,REJECTED,BR002,2026-05-16 10:42:25.5941699,2026-05-16 10:42:25.5941699
2802,Rohit,Mehta,1963-08-26,OHQKD0894A,rohit.mehta25@gmail.com,9270006188,PENDING,BR001,2026-05-16 10:42:25.5941699,2026-05-16 10:42:25.5941699
2803,Kavita,Singh,1973-06-06,NJOJV8947B,kavita.singh37@gmail.com,9623529534,VERIFIED,BR002,2026-05-16 10:42:25.5941699,2026-05-16 10:42:25.5941699
2804,Suresh,Singh,1967-10-09,JSYCN3332Y,suresh.singh64@gmail.com,9113247907,VERIFIED,BR004,2026-05-16 10:42:25.5941699,2026-05-16 10:42:25.5941699
2805,Sneha,Mehta,1970-11-11,UHAZK1377S,sneha.mehta63@gmail.com,8300406603,VERIFIED,BR003,2026-05-16 10:42:25.5941699,2026-05-16 10:42:25.5941699
2806,Neha,Yadav,1975-01-17,KAQJL1118D,neha.yadav87@gmail.com,9500780020,VERIFIED,BR003,2026-05-16 10:42:25.5941699,2026-05-16 10:42:25.5941699
2807,Neha,Jain,1977-05-27,CZGUR9795K,neha.jain34@gmail.com,9784309916,VERIFIED,BR003,2026-05-16 10:42:25.5941699,2026-05-16 10:42:25.5941699
2808,Priya,Patel,1989-11-09,GDRWQ9549V,priya.patel11@gmail.com,8486470779,VERIFIED,BR001,2026-05-16 10:42:25.5941699,2026-05-16 10:42:25.5941699
2809,Anjali,Patel,1964-10-26,QTYDG3806V,anjali.patel11@gmail.com,9479479196,VERIFIED,BR002,2026-05-16 10:42:25.5941699,2026-05-16 10:42:25.5941699
2810,Sneha,Sharma,1999-04-02,JFOUX7924F,sneha.sharma53@gmail.com,8281868111,VERIFIED,BR003,2026-05-16 10:42:25.5941699,2026-05-16 10:42:25.5941699
2811,Rahul,Reddy,2000-10-14,XRJGG9906C,rahul.reddy2@gmail.com,9104976575,PENDING,BR004,2026-05-16 10:42:25.5941699,2026-05-16 10:42:25.5941699
2812,Anjali,Iyer,1992-08-04,CVWNK3734X,anjali.iyer21@gmail.com,9663258450,VERIFIED,BR004,2026-05-16 10:42:25.5941699,2026-05-16 10:42:25.5941699
2813,Priya,Verma,1968-10-28,KRRMU4779X,priya.verma66@gmail.com,9393527109,VERIFIED,BR004,2026-05-16 10:42:25.5941699,2026-05-16 10:42:25.5941699
2814,Vikram,Sharma,1984-06-13,UXQYJ2348M,vikram.sharma48@gmail.com,9429121531,VERIFIED,BR002,2026-05-16 10:42:25.5941699,2026-05-16 10:42:25.5941699
2815,Sneha,Mehta,1997-04-16,KSUJU4911J,sneha.mehta90@gmail.com,9066233888,VERIFIED,BR003,2026-05-16 10:42:25.5941699,2026-05-16 10:42:25.5941699
2816,Amit,Singh,1973-07-30,JNXOY9930K,amit.singh74@gmail.com,9222431009,VERIFIED,BR004,2026-05-16 10:42:25.5941699,2026-05-16 10:42:25.5941699
2817,Rohit,Desai,1967-02-01,EKDUJ3341H,rohit.desai46@gmail.com,9387960859,VERIFIED,BR002,2026-05-16 10:42:25.5941699,2026-05-16 10:42:25.5941699
2818,Rahul,Yadav,1967-06-02,AWHGU5111J,rahul.yadav25@gmail.com,9514954069,VERIFIED,BR004,2026-05-16 10:42:25.5941699,2026-05-16 10:42:25.5941699
2819,Sneha,Gupta,1961-09-29,BRGOF7141Y,sneha.gupta92@gmail.com,9223063132,VERIFIED,BR003,2026-05-16 10:42:25.5941699,2026-05-16 10:42:25.5941699
2820,Kavita,Singh,1982-08-31,IISBO2729V,kavita.singh71@gmail.com,9624245188,VERIFIED,BR003,2026-05-16 10:42:25.5941699,2026-05-16 10:42:25.5941699
2821,Vikram,Patel,2000-03-22,XAQTM5319C,vikram.patel69@gmail.com,9968204000,VERIFIED,BR003,2026-05-16 10:42:25.5941699,2026-05-16 10:42:25.5941699
2822,Kavita,Iyer,1961-03-07,JOCYH1392F,kavita.iyer93@gmail.com,9123976978,VERIFIED,BR003,2026-05-16 10:42:25.5941699,2026-05-16 10:42:25.5941699
2823,Neha,Jain,1977-10-24,LXUGV6604U,neha.jain64@gmail.com,9197260462,VERIFIED,BR003,2026-05-16 10:42:25.5941699,2026-05-16 10:42:25.5941699
2824,Neha,Singh,1967-06-12,ZWYRR4371O,neha.singh44@gmail.com,8492724680,VERIFIED,BR004,2026-05-16 10:42:25.5941699,2026-05-16 10:42:25.5941699
2825,Anjali,Yadav,1992-01-23,MDLRK1020B,anjali.yadav46@gmail.com,9836971520,VERIFIED,BR003,2026-05-16 10:42:25.5941699,2026-05-16 10:42:25.5941699
2826,Amit,Jain,1964-10-29,YQJDL5093Q,amit.jain77@gmail.com,9201834881,PENDING,BR004,2026-05-16 10:42:25.5941699,2026-05-16 10:42:25.5941699
2827,Rahul,Verma,1973-04-14,RBADW1133V,rahul.verma82@gmail.com,9669622048,VERIFIED,BR003,2026-05-16 10:42:25.5941699,2026-05-16 10:42:25.5941699
2828,Ramesh,Mehta,1988-07-20,WFLPF5772M,ramesh.mehta72@gmail.com,9022850380,VERIFIED,BR004,2026-05-16 10:42:25.5941699,2026-05-16 10:42:25.5941699
2829,Vikram,Desai,2000-11-06,NQCZX1163E,vikram.desai64@gmail.com,9327866709,VERIFIED,BR003,2026-05-16 10:42:25.5941699,2026-05-16 10:42:25.5941699
2830,Vikram,Patel,1962-10-07,NKXAQ5642E,vikram.patel41@gmail.com,9466658657,VERIFIED,BR004,2026-05-16 10:42:25.5941699,2026-05-16 10:42:25.5941699
2831,Sneha,Patel,1996-10-11,SZJXR2216Y,sneha.patel73@gmail.com,8342709266,VERIFIED,BR003,2026-05-16 10:42:25.5941699,2026-05-16 10:42:25.5941699
2832,Anjali,Iyer,1993-09-17,VFQXP1286Z,anjali.iyer95@gmail.com,9473969180,VERIFIED,BR002,2026-05-16 10:42:25.5941699,2026-05-16 10:42:25.5941699
2833,Neha,Kumar,1989-04-19,VUFFL5940B,neha.kumar24@gmail.com,9840584853,VERIFIED,BR004,2026-05-16 10:42:25.5941699,2026-05-16 10:42:25.5941699
2834,Anjali,Reddy,1991-11-11,OLNKM9788G,anjali.reddy8@gmail.com,8169764121,VERIFIED,BR002,2026-05-16 10:42:25.5941699,2026-05-16 10:42:25.5941699
2835,Rohit,Verma,1968-02-26,JCMEC6992R,rohit.verma34@gmail.com,9208399030,VERIFIED,BR004,2026-05-16 10:42:25.5941699,2026-05-16 10:42:25.5941699
2836,Sneha,Patel,1986-11-04,RQECW6847I,sneha.patel93@gmail.com,9553150378,VERIFIED,BR004,2026-05-16 10:42:25.5941699,2026-05-16 10:42:25.5941699
2837,Sneha,Reddy,1962-05-24,NGKFL2199W,sneha.reddy9@gmail.com,9951507128,VERIFIED,BR004,2026-05-16 10:42:25.5941699,2026-05-16 10:42:25.5941699
2838,Rahul,Patel,1989-01-23,ZDESA1621R,rahul.patel87@gmail.com,9844195210,VERIFIED,BR001,2026-05-16 10:42:25.5941699,2026-05-16 10:42:25.5941699
2839,Amit,Jain,1976-12-07,ZWOSR6819M,amit.jain45@gmail.com,8036356579,VERIFIED,BR003,2026-05-16 10:42:25.5941699,2026-05-16 10:42:25.5941699
2840,Priya,Mehta,1983-12-19,BEXZI3038U,priya.mehta42@gmail.com,9649866301,VERIFIED,BR002,2026-05-16 10:42:25.5941699,2026-05-16 10:42:25.5941699
2841,Suresh,Reddy,1999-06-17,UMUBQ5264D,suresh.reddy21@gmail.com,9520178915,VERIFIED,BR002,2026-05-16 10:42:25.5941699,2026-05-16 10:42:25.5941699
2842,Priya,Yadav,1972-02-11,VARFO3151V,priya.yadav68@gmail.com,9496905973,VERIFIED,BR004,2026-05-16 10:42:25.5941699,2026-05-16 10:42:25.5941699
2843,Pooja,Kumar,1961-07-26,BUERN2357V,pooja.kumar95@gmail.com,9825887499,VERIFIED,BR002,2026-05-16 10:42:25.5941699,2026-05-16 10:42:25.5941699
2844,Pooja,Mehta,1981-04-21,JBSUB3579V,pooja.mehta22@gmail.com,9175934187,VERIFIED,BR002,2026-05-16 10:42:25.5941699,2026-05-16 10:42:25.5941699
2845,Sneha,Yadav,1974-06-09,BCZGC7632S,sneha.yadav98@gmail.com,9531441944,VERIFIED,BR002,2026-05-16 10:42:25.5941699,2026-05-16 10:42:25.5941699
2846,Anjali,Desai,1976-03-18,YCSPF3531P,anjali.desai30@gmail.com,9986352046,VERIFIED,BR002,2026-05-16 10:42:25.5941699,2026-05-16 10:42:25.5941699
2847,Rohit,Verma,1983-03-13,UVAEZ6084E,rohit.verma7@gmail.com,9429889750,VERIFIED,BR001,2026-05-16 10:42:25.5941699,2026-05-16 10:42:25.5941699
2848,Rahul,Verma,1981-09-10,SCHYO7494R,rahul.verma13@gmail.com,8339126707,VERIFIED,BR004,2026-05-16 10:42:25.5941699,2026-05-16 10:42:25.5941699
2849,Ramesh,Gupta,1999-04-24,OLAYM0482Z,ramesh.gupta52@gmail.com,9451779949,VERIFIED,BR002,2026-05-16 10:42:25.5941699,2026-05-16 10:42:25.5941699
2850,Pooja,Gupta,1971-08-26,PUDQR0969R,pooja.gupta36@gmail.com,9946702911,VERIFIED,BR001,2026-05-16 10:42:25.5941699,2026-05-16 10:42:25.5941699
2851,Rahul,Reddy,1972-06-07,QQKGQ2659W,rahul.reddy94@gmail.com,8681341631,VERIFIED,BR001,2026-05-16 10:42:25.5941699,2026-05-16 10:42:25.5941699
2852,Sneha,Jain,1982-09-21,ICCUI1967U,sneha.jain30@gmail.com,9584831769,VERIFIED,BR004,2026-05-16 10:42:25.5941699,2026-05-16 10:42:25.5941699
2853,Amit,Verma,1989-10-31,IGDEP3038I,amit.verma3@gmail.com,9209158089,VERIFIED,BR003,2026-05-16 10:42:25.5941699,2026-05-16 10:42:25.5941699
2854,Kavita,Iyer,1976-06-27,ZOLXM7045M,kavita.iyer85@gmail.com,8613519970,VERIFIED,BR003,2026-05-16 10:42:25.5941699,2026-05-16 10:42:25.5941699
2855,Priya,Reddy,1993-05-18,HOTMH4439N,priya.reddy32@gmail.com,9475188907,VERIFIED,BR003,2026-05-16 10:42:25.5941699,2026-05-16 10:42:25.5941699
2856,Rohit,Gupta,1971-08-16,VKJRA8043W,rohit.gupta81@gmail.com,9191876897,VERIFIED,BR002,2026-05-16 10:42:25.5941699,2026-05-16 10:42:25.5941699
2857,Neha,Desai,1961-12-19,FFPKH4140U,neha.desai18@gmail.com,9308596658,VERIFIED,BR004,2026-05-16 10:42:25.5941699,2026-05-16 10:42:25.5941699
2858,Rahul,Patel,1986-05-09,OJOJI0340L,rahul.patel78@gmail.com,9335545674,VERIFIED,BR003,2026-05-16 10:42:25.5941699,2026-05-16 10:42:25.5941699
2859,Amit,Yadav,1961-01-08,JEEKF2986Q,amit.yadav64@gmail.com,9451173913,VERIFIED,BR002,2026-05-16 10:42:25.5941699,2026-05-16 10:42:25.5941699
2860,Ramesh,Jain,1973-06-22,QOOIK9442K,ramesh.jain59@gmail.com,9324997723,VERIFIED,BR004,2026-05-16 10:42:25.5941699,2026-05-16 10:42:25.5941699
2861,Suresh,Singh,1969-10-05,TWYHF7773D,suresh.singh91@gmail.com,9858209401,PENDING,BR002,2026-05-16 10:42:25.5941699,2026-05-16 10:42:25.5941699
2862,Priya,Reddy,1990-11-11,KYPTG7824H,priya.reddy36@gmail.com,9304018281,VERIFIED,BR003,2026-05-16 10:42:25.5941699,2026-05-16 10:42:25.5941699
2863,Neha,Desai,1985-11-01,OHKAT8612S,neha.desai38@gmail.com,9514411586,VERIFIED,BR003,2026-05-16 10:42:25.5941699,2026-05-16 10:42:25.5941699
2864,Priya,Yadav,1998-04-14,IKPMY9657Q,priya.yadav83@gmail.com,9917054713,VERIFIED,BR001,2026-05-16 10:42:25.5941699,2026-05-16 10:42:25.5941699
2865,Sneha,Verma,1973-12-10,PYCEZ9740F,sneha.verma37@gmail.com,9038912139,VERIFIED,BR001,2026-05-16 10:42:25.5941699,2026-05-16 10:42:25.5941699
2866,Suresh,Patel,1962-08-22,CMBIX5167L,suresh.patel30@gmail.com,9267872987,VERIFIED,BR004,2026-05-16 10:42:25.5941699,2026-05-16 10:42:25.5941699
2867,Priya,Yadav,1974-08-06,IUDUA0358M,priya.yadav30@gmail.com,9747779142,PENDING,BR002,2026-05-16 10:42:25.5941699,2026-05-16 10:42:25.5941699
2868,Ramesh,Kumar,1961-02-10,YDPOV1731D,ramesh.kumar92@gmail.com,9554402122,VERIFIED,BR002,2026-05-16 10:42:25.5941699,2026-05-16 10:42:25.5941699
2869,Amit,Gupta,1977-05-31,FWIKJ7333V,amit.gupta19@gmail.com,9230666168,VERIFIED,BR003,2026-05-16 10:42:25.5941699,2026-05-16 10:42:25.5941699
2870,Pooja,Yadav,1992-01-18,VZOLU9692L,pooja.yadav76@gmail.com,9010245024,VERIFIED,BR003,2026-05-16 10:42:25.5941699,2026-05-16 10:42:25.5941699
2871,Suresh,Singh,1997-06-14,OESKF0950G,suresh.singh90@gmail.com,9331541882,REJECTED,BR004,2026-05-16 10:42:25.5941699,2026-05-16 10:42:25.5941699
2872,Sneha,Desai,1977-07-29,HEVER1814F,sneha.desai40@gmail.com,9482220626,VERIFIED,BR001,2026-05-16 10:42:25.5941699,2026-05-16 10:42:25.5941699
2873,Neha,Patel,1978-03-22,GFCHR7476V,neha.patel45@gmail.com,9183480727,VERIFIED,BR003,2026-05-16 10:42:25.5941699,2026-05-16 10:42:25.5941699
2874,Anjali,Iyer,1969-10-14,KVVAU9678S,anjali.iyer87@gmail.com,9259582267,VERIFIED,BR002,2026-05-16 10:42:25.5941699,2026-05-16 10:42:25.5941699
2875,Vikram,Mehta,1990-10-12,WJPBX6694J,vikram.mehta59@gmail.com,9873392480,VERIFIED,BR003,2026-05-16 10:42:25.5941699,2026-05-16 10:42:25.5941699
2876,Rahul,Yadav,1970-07-30,BGZHV0278B,rahul.yadav68@gmail.com,8887755586,VERIFIED,BR001,2026-05-16 10:42:25.5941699,2026-05-16 10:42:25.5941699
2877,Priya,Iyer,1991-11-02,EVPHK1777Y,priya.iyer55@gmail.com,9653432643,VERIFIED,BR002,2026-05-16 10:42:25.5941699,2026-05-16 10:42:25.5941699
2878,Pooja,Iyer,1964-05-27,EFNDU0035D,pooja.iyer64@gmail.com,9425035359,VERIFIED,BR001,2026-05-16 10:42:25.5941699,2026-05-16 10:42:25.5941699
2879,Suresh,Sharma,1987-04-22,FWFFG4066N,suresh.sharma89@gmail.com,9720171477,VERIFIED,BR004,2026-05-16 10:42:25.5941699,2026-05-16 10:42:25.5941699
2880,Priya,Singh,1989-04-12,UJVLL7638H,priya.singh83@gmail.com,9116726130,VERIFIED,BR004,2026-05-16 10:42:25.5941699,2026-05-16 10:42:25.5941699
2881,Kavita,Singh,1984-06-13,XBHJB9125Y,kavita.singh94@gmail.com,9253683579,VERIFIED,BR001,2026-05-16 10:42:25.5941699,2026-05-16 10:42:25.5941699
2882,Rahul,Sharma,1970-08-16,GMGFS9112C,rahul.sharma37@gmail.com,9137405094,VERIFIED,BR002,2026-05-16 10:42:25.5941699,2026-05-16 10:42:25.5941699
2883,Anjali,Kumar,1980-09-22,YUVUX0411Z,anjali.kumar91@gmail.com,9365039220,PENDING,BR001,2026-05-16 10:42:25.5941699,2026-05-16 10:42:25.5941699
2884,Ramesh,Mehta,1995-12-05,DBJLW4865X,ramesh.mehta7@gmail.com,9039509239,VERIFIED,BR003,2026-05-16 10:42:25.5941699,2026-05-16 10:42:25.5941699
2885,Vikram,Gupta,1960-06-01,UCXQR3217T,vikram.gupta38@gmail.com,9324216817,REJECTED,BR003,2026-05-16 10:42:25.5941699,2026-05-16 10:42:25.5941699
2886,Amit,Desai,1971-04-14,YEGKQ2847P,amit.desai61@gmail.com,9606339907,PENDING,BR001,2026-05-16 10:42:25.5941699,2026-05-16 10:42:25.5941699
2887,Priya,Patel,1991-09-09,QIWBE5856M,priya.patel59@gmail.com,8181594025,VERIFIED,BR003,2026-05-16 10:42:25.5941699,2026-05-16 10:42:25.5941699
2888,Anjali,Desai,1976-05-01,KNSXS1221S,anjali.desai17@gmail.com,9264439281,VERIFIED,BR001,2026-05-16 10:42:25.5941699,2026-05-16 10:42:25.5941699
2889,Anjali,Mehta,1998-10-11,UBEDC0590W,anjali.mehta34@gmail.com,9067256135,VERIFIED,BR003,2026-05-16 10:42:25.5941699,2026-05-16 10:42:25.5941699
2890,Ramesh,Desai,1986-03-31,JRKXP6884B,ramesh.desai82@gmail.com,9382871586,VERIFIED,BR001,2026-05-16 10:42:25.5941699,2026-05-16 10:42:25.5941699
2891,Rohit,Sharma,1984-08-01,WMSUY5356I,rohit.sharma82@gmail.com,8046092513,VERIFIED,BR003,2026-05-16 10:42:25.5941699,2026-05-16 10:42:25.5941699
2892,Ramesh,Singh,1986-01-03,SEIXT4114M,ramesh.singh98@gmail.com,9593120128,VERIFIED,BR002,2026-05-16 10:42:25.5941699,2026-05-16 10:42:25.5941699
2893,Priya,Desai,1996-07-30,TGOEA8111V,priya.desai51@gmail.com,8965823920,VERIFIED,BR002,2026-05-16 10:42:25.5941699,2026-05-16 10:42:25.5941699
2894,Rohit,Reddy,1987-10-15,IVPQW1176G,rohit.reddy93@gmail.com,9118807832,VERIFIED,BR003,2026-05-16 10:42:25.5941699,2026-05-16 10:42:25.5941699
2895,Rohit,Iyer,1996-02-23,FHHWV3845K,rohit.iyer36@gmail.com,9633812631,VERIFIED,BR001,2026-05-16 10:42:25.5941699,2026-05-16 10:42:25.5941699
2896,Pooja,Iyer,1964-01-20,AMUAJ6760Y,pooja.iyer80@gmail.com,8209286273,VERIFIED,BR003,2026-05-16 10:42:25.5941699,2026-05-16 10:42:25.5941699
2897,Pooja,Yadav,1996-05-15,WERMQ9362T,pooja.yadav62@gmail.com,9607552936,VERIFIED,BR004,2026-05-16 10:42:25.5941699,2026-05-16 10:42:25.5941699
2898,Neha,Mehta,1961-05-01,TKGLM3195A,neha.mehta20@gmail.com,9404598129,REJECTED,BR004,2026-05-16 10:42:25.5941699,2026-05-16 10:42:25.5941699
2899,Suresh,Kumar,1988-01-08,KXJCV1659E,suresh.kumar95@gmail.com,9246041006,VERIFIED,BR001,2026-05-16 10:42:25.5941699,2026-05-16 10:42:25.5941699
2900,Suresh,Jain,1970-03-23,PDIWY4053V,suresh.jain66@gmail.com,9353352479,REJECTED,BR003,2026-05-16 10:42:25.5941699,2026-05-16 10:42:25.5941699
2901,Sneha,Jain,1964-11-07,SKLMS1487V,sneha.jain28@gmail.com,9831867403,VERIFIED,BR003,2026-05-16 10:42:25.5941699,2026-05-16 10:42:25.5941699
2902,Amit,Reddy,1960-08-30,TELBR6063G,amit.reddy85@gmail.com,9427541265,VERIFIED,BR002,2026-05-16 10:42:25.5941699,2026-05-16 10:42:25.5941699
2903,Suresh,Sharma,1988-02-26,FCRTB2587F,suresh.sharma38@gmail.com,9373419264,VERIFIED,BR001,2026-05-16 10:42:25.5941699,2026-05-16 10:42:25.5941699
2904,Pooja,Verma,1974-06-19,BQEDY1075D,pooja.verma14@gmail.com,9152543061,VERIFIED,BR004,2026-05-16 10:42:25.5941699,2026-05-16 10:42:25.5941699
2905,Neha,Sharma,1980-05-01,SNWON9207D,neha.sharma73@gmail.com,9283878228,PENDING,BR004,2026-05-16 10:42:25.5941699,2026-05-16 10:42:25.5941699
2906,Neha,Iyer,1961-05-11,NGNKZ7860M,neha.iyer2@gmail.com,9957178134,VERIFIED,BR001,2026-05-16 10:42:25.5941699,2026-05-16 10:42:25.5941699
2907,Rohit,Kumar,1981-09-08,EYXMQ4857M,rohit.kumar53@gmail.com,9773216249,PENDING,BR004,2026-05-16 10:42:25.5941699,2026-05-16 10:42:25.5941699
2908,Sneha,Kumar,1961-06-15,QHWTU1412F,sneha.kumar58@gmail.com,9352359651,VERIFIED,BR001,2026-05-16 10:42:25.5941699,2026-05-16 10:42:25.5941699
2909,Ramesh,Reddy,1994-10-29,CDYVE1060F,ramesh.reddy81@gmail.com,9821874525,VERIFIED,BR004,2026-05-16 10:42:25.5941699,2026-05-16 10:42:25.5941699
2910,Amit,Yadav,1975-03-12,PNUCT9958D,amit.yadav85@gmail.com,9528960681,PENDING,BR004,2026-05-16 10:42:25.5941699,2026-05-16 10:42:25.5941699
2911,Priya,Mehta,1975-09-15,CWLVK6926D,priya.mehta10@gmail.com,9721129764,VERIFIED,BR001,2026-05-16 10:42:25.5941699,2026-05-16 10:42:25.5941699
2912,Rohit,Gupta,1960-06-30,QNFTA2447X,rohit.gupta3@gmail.com,9323770116,VERIFIED,BR001,2026-05-16 10:42:25.5941699,2026-05-16 10:42:25.5941699
2913,Ramesh,Singh,1964-01-01,EAAYT5138A,ramesh.singh5@gmail.com,9948354889,PENDING,BR004,2026-05-16 10:42:25.5941699,2026-05-16 10:42:25.5941699
2914,Suresh,Reddy,1991-04-07,IBVHX8503W,suresh.reddy77@gmail.com,9166439591,PENDING,BR004,2026-05-16 10:42:25.5941699,2026-05-16 10:42:25.5941699
2915,Sneha,Kumar,1984-07-29,EKVEU7045N,sneha.kumar74@gmail.com,9457691728,REJECTED,BR002,2026-05-16 10:42:25.5941699,2026-05-16 10:42:25.5941699
2916,Rohit,Jain,1987-02-28,ELLGF8928T,rohit.jain57@gmail.com,9226451523,PENDING,BR003,2026-05-16 10:42:25.5941699,2026-05-16 10:42:25.5941699
2917,Rahul,Verma,1965-02-21,XRWFV4756U,rahul.verma72@gmail.com,8670883624,VERIFIED,BR001,2026-05-16 10:42:25.5941699,2026-05-16 10:42:25.5941699
2918,Suresh,Patel,1977-07-16,ZXTTE4259D,suresh.patel38@gmail.com,9163816227,PENDING,BR001,2026-05-16 10:42:25.5941699,2026-05-16 10:42:25.5941699
2919,Ramesh,Kumar,1979-07-06,ABENE9716Q,ramesh.kumar38@gmail.com,8325355920,VERIFIED,BR003,2026-05-16 10:42:25.5941699,2026-05-16 10:42:25.5941699
2920,Amit,Yadav,1995-10-10,TFXLP8539X,amit.yadav23@gmail.com,9595118997,REJECTED,BR002,2026-05-16 10:42:25.5941699,2026-05-16 10:42:25.5941699
2921,Priya,Yadav,1995-09-23,YAYMK6463S,priya.yadav79@gmail.com,9634347238,VERIFIED,BR004,2026-05-16 10:42:25.5941699,2026-05-16 10:42:25.5941699
2922,Ramesh,Kumar,1996-02-07,EQYNW8201T,ramesh.kumar66@gmail.com,9270471416,VERIFIED,BR004,2026-05-16 10:42:25.5941699,2026-05-16 10:42:25.5941699
2923,Rohit,Yadav,1967-02-15,LKLNC9486R,rohit.yadav22@gmail.com,9335190999,VERIFIED,BR002,2026-05-16 10:42:25.5941699,2026-05-16 10:42:25.5941699
2924,Rohit,Reddy,1991-06-09,SJMTA7773W,rohit.reddy75@gmail.com,8184840917,VERIFIED,BR002,2026-05-16 10:42:25.5941699,2026-05-16 10:42:25.5941699
2925,Priya,Kumar,1997-04-20,YKJEW5032T,priya.kumar73@gmail.com,9796412103,VERIFIED,BR003,2026-05-16 10:42:25.5941699,2026-05-16 10:42:25.5941699
2926,Anjali,Kumar,2000-12-26,NOYIF2467X,anjali.kumar32@gmail.com,9518309968,PENDING,BR003,2026-05-16 10:42:25.5941699,2026-05-16 10:42:25.5941699
2927,Amit,Mehta,1969-06-26,HDWAG4745J,amit.mehta9@gmail.com,9973866403,PENDING,BR004,2026-05-16 10:42:25.5941699,2026-05-16 10:42:25.5941699
2928,Kavita,Singh,1967-12-04,BLQMO5536I,kavita.singh49@gmail.com,9553898183,VERIFIED,BR002,2026-05-16 10:42:25.5941699,2026-05-16 10:42:25.5941699
2929,Suresh,Verma,1987-04-19,ORWHH9165J,suresh.verma82@gmail.com,9759988515,VERIFIED,BR002,2026-05-16 10:42:25.5941699,2026-05-16 10:42:25.5941699
2930,Neha,Yadav,1989-04-23,CMHLY3358D,neha.yadav34@gmail.com,9664266648,VERIFIED,BR004,2026-05-16 10:42:25.5941699,2026-05-16 10:42:25.5941699
2931,Priya,Mehta,1980-03-15,ZHPAH0665M,priya.mehta17@gmail.com,9422000979,VERIFIED,BR004,2026-05-16 10:42:25.5941699,2026-05-16 10:42:25.5941699
2932,Amit,Iyer,1999-09-21,WIEVZ1143J,amit.iyer16@gmail.com,9387153834,VERIFIED,BR004,2026-05-16 10:42:25.5941699,2026-05-16 10:42:25.5941699
2933,Neha,Iyer,1983-07-06,OXAOH8312R,neha.iyer17@gmail.com,9034847722,PENDING,BR004,2026-05-16 10:42:25.5941699,2026-05-16 10:42:25.5941699
2934,Amit,Gupta,1994-09-18,WOERB4652T,amit.gupta65@gmail.com,9420428471,VERIFIED,BR004,2026-05-16 10:42:25.5941699,2026-05-16 10:42:25.5941699
2935,Amit,Gupta,1983-06-15,TGWZO4809O,amit.gupta17@gmail.com,9641492939,VERIFIED,BR003,2026-05-16 10:42:25.5941699,2026-05-16 10:42:25.5941699
2936,Ramesh,Desai,1964-03-31,UXBFR7745Y,ramesh.desai55@gmail.com,9064515631,VERIFIED,BR004,2026-05-16 10:42:25.5941699,2026-05-16 10:42:25.5941699
2937,Amit,Reddy,1975-09-12,PQAZJ2571O,amit.reddy46@gmail.com,9124080789,VERIFIED,BR002,2026-05-16 10:42:25.5941699,2026-05-16 10:42:25.5941699
2938,Anjali,Reddy,1973-06-16,ZRXHL0799U,anjali.reddy65@gmail.com,9584834527,VERIFIED,BR001,2026-05-16 10:42:25.5941699,2026-05-16 10:42:25.5941699
2939,Kavita,Sharma,1966-08-06,DMKQA1748D,kavita.sharma45@gmail.com,9520904499,VERIFIED,BR003,2026-05-16 10:42:25.5941699,2026-05-16 10:42:25.5941699
2940,Rohit,Verma,1983-06-07,BHHYG6932K,rohit.verma78@gmail.com,9094966224,VERIFIED,BR002,2026-05-16 10:42:25.5941699,2026-05-16 10:42:25.5941699
2941,Vikram,Jain,1988-08-13,YOYVJ3017D,vikram.jain61@gmail.com,9083382014,VERIFIED,BR001,2026-05-16 10:42:25.5941699,2026-05-16 10:42:25.5941699
2942,Neha,Kumar,1968-12-19,IIPWD9718D,neha.kumar7@gmail.com,9870302056,PENDING,BR003,2026-05-16 10:42:25.5941699,2026-05-16 10:42:25.5941699
2943,Rohit,Yadav,1975-09-23,PIFQR4044M,rohit.yadav99@gmail.com,8755614896,VERIFIED,BR004,2026-05-16 10:42:25.5941699,2026-05-16 10:42:25.5941699
2944,Vikram,Verma,1966-09-23,HHUJF4188R,vikram.verma24@gmail.com,9189237854,VERIFIED,BR003,2026-05-16 10:42:25.5941699,2026-05-16 10:42:25.5941699
2945,Kavita,Desai,1965-05-20,FAVZH7218T,kavita.desai37@gmail.com,9697984938,VERIFIED,BR004,2026-05-16 10:42:25.5941699,2026-05-16 10:42:25.5941699
2946,Kavita,Iyer,1981-04-03,BTKRY9074Y,kavita.iyer67@gmail.com,9088300387,PENDING,BR004,2026-05-16 10:42:25.5941699,2026-05-16 10:42:25.5941699
2947,Neha,Iyer,1980-04-19,QQMEU5523K,neha.iyer76@gmail.com,9230252876,VERIFIED,BR004,2026-05-16 10:42:25.5941699,2026-05-16 10:42:25.5941699
2948,Neha,Sharma,1998-05-08,SIIER1818D,neha.sharma10@gmail.com,9706299883,PENDING,BR001,2026-05-16 10:42:25.5941699,2026-05-16 10:42:25.5941699
2949,Kavita,Mehta,1986-12-16,KZIJC0308B,kavita.mehta1@gmail.com,8360326755,VERIFIED,BR003,2026-05-16 10:42:25.5941699,2026-05-16 10:42:25.5941699
2950,Vikram,Verma,1990-03-18,JPGLH2327J,vikram.verma44@gmail.com,9022259175,VERIFIED,BR004,2026-05-16 10:42:25.5941699,2026-05-16 10:42:25.5941699
2951,Priya,Mehta,1978-10-19,LNTTC7433Z,priya.mehta83@gmail.com,9835291229,VERIFIED,BR002,2026-05-16 10:42:25.5941699,2026-05-16 10:42:25.5941699
2952,Amit,Gupta,1980-12-20,ZLGWP0250G,amit.gupta47@gmail.com,8092812692,VERIFIED,BR003,2026-05-16 10:42:25.5941699,2026-05-16 10:42:25.5941699
2953,Suresh,Iyer,1972-09-22,DFCUR2699N,suresh.iyer61@gmail.com,9346206203,VERIFIED,BR002,2026-05-16 10:42:25.5941699,2026-05-16 10:42:25.5941699
2954,Sneha,Yadav,1961-07-30,YNNXV5315G,sneha.yadav73@gmail.com,9553192788,VERIFIED,BR001,2026-05-16 10:42:25.5941699,2026-05-16 10:42:25.5941699
2955,Rahul,Desai,1981-08-18,AVLIB1433V,rahul.desai74@gmail.com,9976606538,PENDING,BR001,2026-05-16 10:42:25.5941699,2026-05-16 10:42:25.5941699
2956,Sneha,Kumar,1977-07-10,FIFVU0583V,sneha.kumar73@gmail.com,9526088248,PENDING,BR003,2026-05-16 10:42:25.5941699,2026-05-16 10:42:25.5941699
2957,Rohit,Jain,1967-04-11,MHWMT4318S,rohit.jain12@gmail.com,9193336661,VERIFIED,BR001,2026-05-16 10:42:25.5941699,2026-05-16 10:42:25.5941699
2958,Ramesh,Iyer,1966-09-19,YZFVD6237I,ramesh.iyer47@gmail.com,9489548900,VERIFIED,BR001,2026-05-16 10:42:25.5941699,2026-05-16 10:42:25.5941699
2959,Rohit,Yadav,1969-06-08,ZIPOU6155P,rohit.yadav99@gmail.com,9956062510,VERIFIED,BR003,2026-05-16 10:42:25.5941699,2026-05-16 10:42:25.5941699
2960,Ramesh,Jain,1996-03-30,FAXVR3005V,ramesh.jain68@gmail.com,9456272829,VERIFIED,BR002,2026-05-16 10:42:25.5941699,2026-05-16 10:42:25.5941699
2961,Vikram,Jain,1995-01-01,NXEHH9727V,vikram.jain96@gmail.com,9634086570,VERIFIED,BR004,2026-05-16 10:42:25.5941699,2026-05-16 10:42:25.5941699
2962,Ramesh,Singh,1972-08-27,PLJEX3746S,ramesh.singh34@gmail.com,9802761376,PENDING,BR003,2026-05-16 10:42:25.5941699,2026-05-16 10:42:25.5941699
2963,Neha,Reddy,1965-02-16,JNYTV0145X,neha.reddy30@gmail.com,9143346880,REJECTED,BR003,2026-05-16 10:42:25.5941699,2026-05-16 10:42:25.5941699
2964,Priya,Desai,1983-07-19,ORRQB1516O,priya.desai34@gmail.com,9955944712,VERIFIED,BR004,2026-05-16 10:42:25.5941699,2026-05-16 10:42:25.5941699
2965,Suresh,Verma,1960-08-22,XMYTN9230I,suresh.verma87@gmail.com,9811394571,PENDING,BR002,2026-05-16 10:42:25.5941699,2026-05-16 10:42:25.5941699
2966,Suresh,Yadav,1966-05-23,UFMWN3507U,suresh.yadav45@gmail.com,9822257741,VERIFIED,BR004,2026-05-16 10:42:25.5941699,2026-05-16 10:42:25.5941699
2967,Neha,Iyer,1969-11-07,ANILN7569R,neha.iyer49@gmail.com,9497066044,VERIFIED,BR004,2026-05-16 10:42:25.5941699,2026-05-16 10:42:25.5941699
2968,Priya,Iyer,1969-01-09,CYIAV7699X,priya.iyer45@gmail.com,9207838793,VERIFIED,BR002,2026-05-16 10:42:25.5941699,2026-05-16 10:42:25.5941699
2969,Anjali,Iyer,1999-07-09,OVVLP3189S,anjali.iyer15@gmail.com,9923519665,VERIFIED,BR002,2026-05-16 10:42:25.5941699,2026-05-16 10:42:25.5941699
2970,Sneha,Patel,1995-11-01,FVJQR7507X,sneha.patel84@gmail.com,9002884246,VERIFIED,BR004,2026-05-16 10:42:25.5941699,2026-05-16 10:42:25.5941699
2971,Vikram,Reddy,1978-07-30,AVIDK7157C,vikram.reddy19@gmail.com,9895055097,VERIFIED,BR004,2026-05-16 10:42:25.5941699,2026-05-16 10:42:25.5941699
2972,Sneha,Reddy,1980-01-04,AYNWZ3631X,sneha.reddy99@gmail.com,9487067985,VERIFIED,BR003,2026-05-16 10:42:25.5941699,2026-05-16 10:42:25.5941699
2973,Anjali,Patel,1991-02-14,LORIN1512B,anjali.patel29@gmail.com,8324662363,VERIFIED,BR002,2026-05-16 10:42:25.5941699,2026-05-16 10:42:25.5941699
2974,Anjali,Jain,1988-09-13,WHSFB3674M,anjali.jain37@gmail.com,9942885389,REJECTED,BR001,2026-05-16 10:42:25.5941699,2026-05-16 10:42:25.5941699
2975,Rohit,Jain,1962-09-27,TDLFJ7423Z,rohit.jain27@gmail.com,9716274153,VERIFIED,BR002,2026-05-16 10:42:25.5941699,2026-05-16 10:42:25.5941699
2976,Kavita,Iyer,1999-07-19,QSQOZ9843J,kavita.iyer34@gmail.com,8747110964,VERIFIED,BR004,2026-05-16 10:42:25.5941699,2026-05-16 10:42:25.5941699
2977,Rohit,Sharma,1994-05-25,LGQWV2413D,rohit.sharma36@gmail.com,9366425862,VERIFIED,BR004,2026-05-16 10:42:25.5941699,2026-05-16 10:42:25.5941699
2978,Kavita,Sharma,1993-01-23,CHKRB1524O,kavita.sharma8@gmail.com,8476115342,VERIFIED,BR004,2026-05-16 10:42:25.5941699,2026-05-16 10:42:25.5941699
2979,Rahul,Patel,1972-09-02,AEPZQ4321C,rahul.patel92@gmail.com,8126145121,VERIFIED,BR004,2026-05-16 10:42:25.5941699,2026-05-16 10:42:25.5941699
2980,Ramesh,Singh,1960-12-18,JGBSK0194K,ramesh.singh60@gmail.com,9871021432,PENDING,BR001,2026-05-16 10:42:25.5941699,2026-05-16 10:42:25.5941699
2981,Priya,Gupta,1979-03-24,QFNVX4299B,priya.gupta89@gmail.com,9953230310,VERIFIED,BR002,2026-05-16 10:42:25.5941699,2026-05-16 10:42:25.5941699
2982,Kavita,Patel,1965-07-19,EOAMF2421Q,kavita.patel4@gmail.com,9767690907,PENDING,BR001,2026-05-16 10:42:25.5941699,2026-05-16 10:42:25.5941699
2983,Sneha,Gupta,1984-02-17,WGGHD7232A,sneha.gupta66@gmail.com,8714601161,VERIFIED,BR001,2026-05-16 10:42:25.5941699,2026-05-16 10:42:25.5941699
2984,Neha,Yadav,1999-11-07,OOBMG7986W,neha.yadav99@gmail.com,9284717086,VERIFIED,BR004,2026-05-16 10:42:25.5941699,2026-05-16 10:42:25.5941699
2985,Rohit,Singh,1987-07-30,XOENW9578Y,rohit.singh3@gmail.com,9087087497,PENDING,BR001,2026-05-16 10:42:25.5941699,2026-05-16 10:42:25.5941699
2986,Priya,Jain,1961-03-20,YCSVT5814O,priya.jain54@gmail.com,9760455082,PENDING,BR004,2026-05-16 10:42:25.5941699,2026-05-16 10:42:25.5941699
2987,Vikram,Desai,1964-04-06,GFQLO5113I,vikram.desai84@gmail.com,9942956813,REJECTED,BR004,2026-05-16 10:42:25.5941699,2026-05-16 10:42:25.5941699
2988,Priya,Jain,1979-05-05,UTAHF5504R,priya.jain28@gmail.com,9579926859,VERIFIED,BR004,2026-05-16 10:42:25.5941699,2026-05-16 10:42:25.5941699
2989,Ramesh,Gupta,2000-07-30,MQJNT2240I,ramesh.gupta10@gmail.com,9407703575,PENDING,BR001,2026-05-16 10:42:25.5941699,2026-05-16 10:42:25.5941699
2990,Rahul,Reddy,1977-03-18,CSPQC9188A,rahul.reddy94@gmail.com,9763448114,PENDING,BR004,2026-05-16 10:42:25.5941699,2026-05-16 10:42:25.5941699
2991,Kavita,Yadav,1986-01-13,EDDGE0261H,kavita.yadav31@gmail.com,9793445464,PENDING,BR001,2026-05-16 10:42:25.5941699,2026-05-16 10:42:25.5941699
2992,Rahul,Reddy,1981-11-02,XPSJM0700W,rahul.reddy76@gmail.com,9267489726,VERIFIED,BR002,2026-05-16 10:42:25.5941699,2026-05-16 10:42:25.5941699
2993,Vikram,Singh,1975-04-18,MPSCF2925C,vikram.singh43@gmail.com,8546404374,VERIFIED,BR004,2026-05-16 10:42:25.5941699,2026-05-16 10:42:25.5941699
2994,Anjali,Jain,1987-01-27,BMQCQ1754S,anjali.jain79@gmail.com,9500069889,PENDING,BR003,2026-05-16 10:42:25.5941699,2026-05-16 10:42:25.5941699
2995,Suresh,Gupta,1970-04-17,SODKG9413P,suresh.gupta84@gmail.com,9631396660,VERIFIED,BR003,2026-05-16 10:42:25.5941699,2026-05-16 10:42:25.5941699
2996,Vikram,Mehta,1973-11-02,VUEAV6610R,vikram.mehta38@gmail.com,9599439093,VERIFIED,BR003,2026-05-16 10:42:25.5941699,2026-05-16 10:42:25.5941699
2997,Pooja,Singh,1970-06-27,VBFJL6241M,pooja.singh31@gmail.com,9004690350,VERIFIED,BR003,2026-05-16 10:42:25.5941699,2026-05-16 10:42:25.5941699
2998,Vikram,Singh,1968-04-04,LQBYU0373Z,vikram.singh42@gmail.com,9352164143,VERIFIED,BR003,2026-05-16 10:42:25.5941699,2026-05-16 10:42:25.5941699
2999,Rahul,Mehta,1979-05-31,KDOFY5046A,rahul.mehta58@gmail.com,9136555898,VERIFIED,BR001,2026-05-16 10:42:25.5941699,2026-05-16 10:42:25.5941699
3000,Priya,Yadav,1966-05-06,BMDYO0724G,priya.yadav70@gmail.com,9373032767,VERIFIED,BR002,2026-05-16 10:42:25.5941699,2026-05-16 10:42:25.5941699
3001,Neha,Gupta,1999-10-24,TALEC5305C,neha.gupta96@gmail.com,9899961081,PENDING,BR001,2026-05-16 10:42:25.5941699,2026-05-16 10:42:25.5941699
3002,Rohit,Gupta,1982-10-17,RMEAV3977Z,rohit.gupta84@gmail.com,8057084823,VERIFIED,BR004,2026-05-16 10:42:25.5941699,2026-05-16 10:42:25.5941699
3003,Neha,Iyer,1993-11-04,CMOOZ0843N,neha.iyer35@gmail.com,8332868417,VERIFIED,BR002,2026-05-16 10:42:25.5941699,2026-05-16 10:42:25.5941699
3004,Rahul,Reddy,1996-11-30,BZVTH7911U,rahul.reddy42@gmail.com,9274476621,VERIFIED,BR002,2026-05-16 10:42:25.5941699,2026-05-16 10:42:25.5941699
3005,Rohit,Singh,1978-01-11,KDEXH0996A,rohit.singh80@gmail.com,9583017620,VERIFIED,BR002,2026-05-16 10:42:25.5941699,2026-05-16 10:42:25.5941699
3006,Pooja,Singh,1965-04-13,PHVUM1621U,pooja.singh3@gmail.com,9422099958,VERIFIED,BR002,2026-05-16 10:42:25.5941699,2026-05-16 10:42:25.5941699
3007,Suresh,Kumar,1983-06-13,QIFDK6635V,suresh.kumar96@gmail.com,9231983962,VERIFIED,BR003,2026-05-16 10:42:25.5941699,2026-05-16 10:42:25.5941699
3008,Ramesh,Desai,1986-06-03,DYVJO1015D,ramesh.desai61@gmail.com,9159928771,VERIFIED,BR004,2026-05-16 10:42:25.5941699,2026-05-16 10:42:25.5941699
3009,Sneha,Singh,1961-03-08,IYPVE4897X,sneha.singh27@gmail.com,9854121604,PENDING,BR002,2026-05-16 10:42:25.5941699,2026-05-16 10:42:25.5941699
3010,Rahul,Verma,1964-12-24,PNKML8961O,rahul.verma89@gmail.com,9862066496,VERIFIED,BR002,2026-05-16 10:42:25.5941699,2026-05-16 10:42:25.5941699
3011,Priya,Desai,1990-02-04,JBANI2528R,priya.desai94@gmail.com,9847657128,VERIFIED,BR003,2026-05-16 10:42:25.5941699,2026-05-16 10:42:25.5941699
3012,Kavita,Verma,1965-06-25,ZZCAH8140M,kavita.verma16@gmail.com,9719011595,VERIFIED,BR001,2026-05-16 10:42:25.5941699,2026-05-16 10:42:25.5941699
3013,Rahul,Gupta,1981-06-01,OSNVX9396G,rahul.gupta20@gmail.com,9604582681,VERIFIED,BR001,2026-05-16 10:42:25.5941699,2026-05-16 10:42:25.5941699
3014,Rahul,Desai,1964-03-24,UZHGL4951S,rahul.desai67@gmail.com,9866698800,VERIFIED,BR001,2026-05-16 10:42:25.5941699,2026-05-16 10:42:25.5941699
3015,Rohit,Singh,1992-10-04,ZKHES0017P,rohit.singh21@gmail.com,9791566511,PENDING,BR004,2026-05-16 10:42:25.5941699,2026-05-16 10:42:25.5941699
3016,Amit,Mehta,1992-08-27,RTWJI8700R,amit.mehta10@gmail.com,8881759896,VERIFIED,BR001,2026-05-16 10:42:25.5941699,2026-05-16 10:42:25.5941699
3017,Vikram,Reddy,1986-05-21,NGHSK2105S,vikram.reddy82@gmail.com,9370957495,VERIFIED,BR002,2026-05-16 10:42:25.5941699,2026-05-16 10:42:25.5941699
3018,Priya,Verma,1971-05-07,TOCGK0580S,priya.verma13@gmail.com,9545512211,VERIFIED,BR003,2026-05-16 10:42:25.5941699,2026-05-16 10:42:25.5941699
3019,Amit,Iyer,1981-09-22,TQVDM9755Y,amit.iyer10@gmail.com,9357635077,VERIFIED,BR003,2026-05-16 10:42:25.5941699,2026-05-16 10:42:25.5941699
3020,Pooja,Desai,1970-11-07,PLSBA7358C,pooja.desai24@gmail.com,9170104397,REJECTED,BR001,2026-05-16 10:42:25.5941699,2026-05-16 10:42:25.5941699
3021,Kavita,Singh,1982-09-25,YWOMG2098S,kavita.singh51@gmail.com,8466995332,VERIFIED,BR003,2026-05-16 10:42:25.5941699,2026-05-16 10:42:25.5941699
3022,Suresh,Desai,1988-01-02,NRGDC8900C,suresh.desai40@gmail.com,9824661837,VERIFIED,BR002,2026-05-16 10:42:25.5941699,2026-05-16 10:42:25.5941699
3023,Anjali,Singh,1976-07-15,IROJG5793A,anjali.singh82@gmail.com,9367102288,VERIFIED,BR001,2026-05-16 10:42:25.5941699,2026-05-16 10:42:25.5941699
3024,Pooja,Singh,1992-03-01,EGWAJ3240K,pooja.singh20@gmail.com,9934581791,VERIFIED,BR002,2026-05-16 10:42:25.5941699,2026-05-16 10:42:25.5941699
3025,Anjali,Singh,1965-04-12,JOPHX2447D,anjali.singh13@gmail.com,9260604983,VERIFIED,BR004,2026-05-16 10:42:25.5941699,2026-05-16 10:42:25.5941699
3026,Priya,Kumar,1981-12-16,BDWSV7505E,priya.kumar85@gmail.com,9892635255,VERIFIED,BR002,2026-05-16 10:42:25.5941699,2026-05-16 10:42:25.5941699
3027,Priya,Reddy,1985-06-02,QNPTZ1815Q,priya.reddy66@gmail.com,9693143089,VERIFIED,BR002,2026-05-16 10:42:25.5941699,2026-05-16 10:42:25.5941699
3028,Anjali,Mehta,1996-04-22,XMRXM7394F,anjali.mehta11@gmail.com,9126894333,VERIFIED,BR002,2026-05-16 10:42:25.5941699,2026-05-16 10:42:25.5941699
3029,Priya,Mehta,1985-11-11,YFZAH1079R,priya.mehta41@gmail.com,9317790624,VERIFIED,BR002,2026-05-16 10:42:25.5941699,2026-05-16 10:42:25.5941699
3030,Suresh,Desai,1964-07-25,SCDKB1635J,suresh.desai33@gmail.com,9825957670,VERIFIED,BR004,2026-05-16 10:42:25.5941699,2026-05-16 10:42:25.5941699
3031,Neha,Desai,1960-01-12,RXCAM1040C,neha.desai34@gmail.com,8393704857,VERIFIED,BR001,2026-05-16 10:42:25.5941699,2026-05-16 10:42:25.5941699
3032,Amit,Singh,1973-10-13,DGDCC8929S,amit.singh99@gmail.com,9600569960,VERIFIED,BR002,2026-05-16 10:42:25.5941699,2026-05-16 10:42:25.5941699
3033,Rahul,Kumar,1992-10-31,TYLJD6253P,rahul.kumar64@gmail.com,8831418617,VERIFIED,BR001,2026-05-16 10:42:25.5941699,2026-05-16 10:42:25.5941699
3034,Ramesh,Singh,1983-12-09,TLIYU7923B,ramesh.singh71@gmail.com,9207433066,PENDING,BR003,2026-05-16 10:42:25.5941699,2026-05-16 10:42:25.5941699
3035,Anjali,Kumar,1988-05-04,ZHEDL9828A,anjali.kumar65@gmail.com,8937782006,VERIFIED,BR002,2026-05-16 10:42:25.5941699,2026-05-16 10:42:25.5941699
3036,Kavita,Singh,1993-11-07,CCGJS7993E,kavita.singh75@gmail.com,9166642552,VERIFIED,BR002,2026-05-16 10:42:25.5941699,2026-05-16 10:42:25.5941699
3037,Pooja,Verma,1994-02-02,GJYCZ5131V,pooja.verma28@gmail.com,9273161789,VERIFIED,BR003,2026-05-16 10:42:25.5941699,2026-05-16 10:42:25.5941699
3038,Neha,Verma,1962-02-09,DLYKZ5873L,neha.verma99@gmail.com,9121907786,VERIFIED,BR001,2026-05-16 10:42:25.5941699,2026-05-16 10:42:25.5941699
3039,Anjali,Gupta,1982-09-11,YUYWH0988N,anjali.gupta60@gmail.com,9346210817,VERIFIED,BR004,2026-05-16 10:42:25.5941699,2026-05-16 10:42:25.5941699
3040,Neha,Singh,1998-01-23,WLWHQ4865U,neha.singh82@gmail.com,8239366494,VERIFIED,BR002,2026-05-16 10:42:25.5941699,2026-05-16 10:42:25.5941699
3041,Neha,Reddy,1974-07-08,FAKYU3599E,neha.reddy59@gmail.com,9524771986,VERIFIED,BR003,2026-05-16 10:42:25.5941699,2026-05-16 10:42:25.5941699
3042,Anjali,Iyer,1986-01-24,GWVHH4731D,anjali.iyer7@gmail.com,9103971112,REJECTED,BR003,2026-05-16 10:42:25.5941699,2026-05-16 10:42:25.5941699
3043,Rohit,Gupta,1988-06-17,DIQVP7127A,rohit.gupta63@gmail.com,9157462722,VERIFIED,BR002,2026-05-16 10:42:25.5941699,2026-05-16 10:42:25.5941699
3044,Vikram,Desai,1960-07-30,ZRHHV7174G,vikram.desai8@gmail.com,9417845194,VERIFIED,BR001,2026-05-16 10:42:25.5941699,2026-05-16 10:42:25.5941699
3045,Kavita,Yadav,1962-11-12,OCDGW4335J,kavita.yadav48@gmail.com,9243189449,VERIFIED,BR001,2026-05-16 10:42:25.5941699,2026-05-16 10:42:25.5941699
3046,Rahul,Singh,1964-12-15,NWUSN2859M,rahul.singh4@gmail.com,9752866002,VERIFIED,BR002,2026-05-16 10:42:25.5941699,2026-05-16 10:42:25.5941699
3047,Rahul,Jain,1992-11-05,GUJCC0083G,rahul.jain57@gmail.com,9456732712,VERIFIED,BR003,2026-05-16 10:42:25.5941699,2026-05-16 10:42:25.5941699
3048,Kavita,Verma,1970-09-09,RHUEW1437Q,kavita.verma4@gmail.com,9264692183,VERIFIED,BR002,2026-05-16 10:42:25.5941699,2026-05-16 10:42:25.5941699
3049,Rohit,Yadav,1969-12-23,LVGDS6500F,rohit.yadav80@gmail.com,9954221379,VERIFIED,BR004,2026-05-16 10:42:25.5941699,2026-05-16 10:42:25.5941699
3050,Priya,Kumar,1993-09-14,BSCLV6900I,priya.kumar48@gmail.com,9028433292,VERIFIED,BR004,2026-05-16 10:42:25.5941699,2026-05-16 10:42:25.5941699
3051,Rahul,Yadav,1991-01-20,AAHYV2740O,rahul.yadav83@gmail.com,9820096555,PENDING,BR001,2026-05-16 10:42:25.5941699,2026-05-16 10:42:25.5941699
3052,Neha,Reddy,1966-11-24,TOBTX7819L,neha.reddy93@gmail.com,9340644634,VERIFIED,BR004,2026-05-16 10:42:25.5941699,2026-05-16 10:42:25.5941699
3053,Suresh,Singh,1992-08-31,RQTBN0686Q,suresh.singh3@gmail.com,9257459378,REJECTED,BR003,2026-05-16 10:42:25.5941699,2026-05-16 10:42:25.5941699
3054,Pooja,Mehta,1999-10-31,IJADF4257A,pooja.mehta82@gmail.com,9785575799,VERIFIED,BR004,2026-05-16 10:42:25.5941699,2026-05-16 10:42:25.5941699
3055,Amit,Yadav,1987-04-13,MENWL7475B,amit.yadav52@gmail.com,9684959965,VERIFIED,BR002,2026-05-16 10:42:25.5941699,2026-05-16 10:42:25.5941699
3056,Rahul,Mehta,1974-02-16,SMYCA6169E,rahul.mehta17@gmail.com,9817410703,VERIFIED,BR003,2026-05-16 10:42:25.5941699,2026-05-16 10:42:25.5941699
3057,Kavita,Kumar,1970-05-21,DFPTQ3475P,kavita.kumar50@gmail.com,9677232236,VERIFIED,BR001,2026-05-16 10:42:25.5941699,2026-05-16 10:42:25.5941699
3058,Suresh,Gupta,1965-06-14,IFLKW8075V,suresh.gupta86@gmail.com,9171993364,VERIFIED,BR001,2026-05-16 10:42:25.5941699,2026-05-16 10:42:25.5941699
3059,Anjali,Mehta,1991-09-02,SOUMZ0128G,anjali.mehta28@gmail.com,9556558083,VERIFIED,BR004,2026-05-16 10:42:25.5941699,2026-05-16 10:42:25.5941699
3060,Vikram,Gupta,1975-11-28,UDWZE8309T,vikram.gupta24@gmail.com,9341055139,VERIFIED,BR001,2026-05-16 10:42:25.5941699,2026-05-16 10:42:25.5941699
3061,Kavita,Verma,1960-05-24,RJJLK4346C,kavita.verma57@gmail.com,9680217155,VERIFIED,BR002,2026-05-16 10:42:25.5941699,2026-05-16 10:42:25.5941699
3062,Priya,Iyer,1980-09-19,LRGWX3781K,priya.iyer52@gmail.com,9727812152,PENDING,BR003,2026-05-16 10:42:25.5941699,2026-05-16 10:42:25.5941699
3063,Neha,Singh,1961-04-13,BDKHD0401B,neha.singh23@gmail.com,9075644582,VERIFIED,BR002,2026-05-16 10:42:25.5941699,2026-05-16 10:42:25.5941699
3064,Vikram,Yadav,1982-09-09,ZYQTX1876T,vikram.yadav33@gmail.com,9481901835,VERIFIED,BR002,2026-05-16 10:42:25.5941699,2026-05-16 10:42:25.5941699
3065,Pooja,Verma,1998-09-10,NFDOH0031N,pooja.verma92@gmail.com,8786992481,VERIFIED,BR002,2026-05-16 10:42:25.5941699,2026-05-16 10:42:25.5941699
3066,Pooja,Verma,1995-04-21,PVVIF1304L,pooja.verma85@gmail.com,8572477207,VERIFIED,BR002,2026-05-16 10:42:25.5941699,2026-05-16 10:42:25.5941699
3067,Rohit,Jain,1971-09-04,TSZSK7286K,rohit.jain98@gmail.com,9364918583,VERIFIED,BR003,2026-05-16 10:42:25.5941699,2026-05-16 10:42:25.5941699
3068,Ramesh,Patel,1978-07-12,GOCIV8242E,ramesh.patel26@gmail.com,8758106890,VERIFIED,BR003,2026-05-16 10:42:25.5941699,2026-05-16 10:42:25.5941699
3069,Rohit,Sharma,1971-10-23,MVPLY3237D,rohit.sharma17@gmail.com,9182752680,VERIFIED,BR002,2026-05-16 10:42:25.5941699,2026-05-16 10:42:25.5941699
3070,Priya,Reddy,1996-01-23,DUXXI0235Q,priya.reddy55@gmail.com,9364254073,PENDING,BR002,2026-05-16 10:42:25.5941699,2026-05-16 10:42:25.5941699
3071,Suresh,Gupta,1980-11-30,CJEWQ7842M,suresh.gupta43@gmail.com,9931851227,VERIFIED,BR001,2026-05-16 10:42:25.5941699,2026-05-16 10:42:25.5941699
3072,Vikram,Iyer,1965-02-16,AHHTV3274B,vikram.iyer58@gmail.com,9173011819,VERIFIED,BR001,2026-05-16 10:42:25.5941699,2026-05-16 10:42:25.5941699
3073,Ramesh,Patel,1982-04-08,JLAFV4387P,ramesh.patel20@gmail.com,9825695988,VERIFIED,BR003,2026-05-16 10:42:25.5941699,2026-05-16 10:42:25.5941699
3074,Anjali,Sharma,1996-03-15,NQFRB0395Y,anjali.sharma1@gmail.com,9212017780,VERIFIED,BR001,2026-05-16 10:42:25.5941699,2026-05-16 10:42:25.5941699
3075,Neha,Iyer,1998-08-25,ELVVN3410S,neha.iyer99@gmail.com,9807583690,VERIFIED,BR003,2026-05-16 10:42:25.5941699,2026-05-16 10:42:25.5941699
3076,Vikram,Reddy,1972-05-11,EGTRK1458B,vikram.reddy64@gmail.com,9652618957,VERIFIED,BR003,2026-05-16 10:42:25.5941699,2026-05-16 10:42:25.5941699
3077,Rohit,Gupta,1960-10-13,LLDLX6198W,rohit.gupta78@gmail.com,9986876376,VERIFIED,BR004,2026-05-16 10:42:25.5941699,2026-05-16 10:42:25.5941699
3078,Amit,Singh,1979-11-17,FISZK4162Q,amit.singh68@gmail.com,8466471703,VERIFIED,BR003,2026-05-16 10:42:25.5941699,2026-05-16 10:42:25.5941699
3079,Sneha,Reddy,1962-06-13,LNMBX6759M,sneha.reddy7@gmail.com,9871297869,VERIFIED,BR001,2026-05-16 10:42:25.5941699,2026-05-16 10:42:25.5941699
3080,Ramesh,Yadav,1980-06-30,PGBIJ2076T,ramesh.yadav33@gmail.com,9029093985,VERIFIED,BR004,2026-05-16 10:42:25.5941699,2026-05-16 10:42:25.5941699
3081,Ramesh,Verma,1970-08-29,UMPTY3842A,ramesh.verma95@gmail.com,9846316661,VERIFIED,BR001,2026-05-16 10:42:25.5941699,2026-05-16 10:42:25.5941699
3082,Priya,Jain,1985-08-13,IRTKB4547L,priya.jain63@gmail.com,9144366961,VERIFIED,BR003,2026-05-16 10:42:25.5941699,2026-05-16 10:42:25.5941699
3083,Neha,Sharma,1991-03-28,GLCSA8511G,neha.sharma6@gmail.com,9971763476,VERIFIED,BR003,2026-05-16 10:42:25.5941699,2026-05-16 10:42:25.5941699
3084,Rahul,Sharma,1998-10-15,WTDSE7164D,rahul.sharma62@gmail.com,9074881896,VERIFIED,BR002,2026-05-16 10:42:25.5941699,2026-05-16 10:42:25.5941699
3085,Pooja,Iyer,1962-10-08,TVVQM6911Y,pooja.iyer66@gmail.com,9870094326,PENDING,BR003,2026-05-16 10:42:25.5941699,2026-05-16 10:42:25.5941699
3086,Pooja,Jain,2000-03-09,HQOCG5523D,pooja.jain80@gmail.com,9175841345,PENDING,BR004,2026-05-16 10:42:25.5941699,2026-05-16 10:42:25.5941699
3087,Amit,Sharma,1987-12-04,VYAPU1879S,amit.sharma96@gmail.com,9454119068,VERIFIED,BR003,2026-05-16 10:42:25.5941699,2026-05-16 10:42:25.5941699
3088,Suresh,Jain,1978-06-10,UAZXE3404A,suresh.jain83@gmail.com,9817221743,VERIFIED,BR002,2026-05-16 10:42:25.5941699,2026-05-16 10:42:25.5941699
3089,Priya,Gupta,1963-09-16,WLWTX8094Y,priya.gupta31@gmail.com,9963034617,VERIFIED,BR003,2026-05-16 10:42:25.5941699,2026-05-16 10:42:25.5941699
3090,Suresh,Yadav,1997-02-15,BIAAP2442I,suresh.yadav57@gmail.com,9217428757,VERIFIED,BR003,2026-05-16 10:42:25.5941699,2026-05-16 10:42:25.5941699
3091,Anjali,Reddy,1976-04-18,JFCVE2499A,anjali.reddy78@gmail.com,9524064640,VERIFIED,BR003,2026-05-16 10:42:25.5941699,2026-05-16 10:42:25.5941699
3092,Vikram,Verma,1993-08-11,OYAKY2137R,vikram.verma67@gmail.com,9451508293,VERIFIED,BR002,2026-05-16 10:42:25.5941699,2026-05-16 10:42:25.5941699
3093,Sneha,Yadav,1967-08-11,ISFPD7945C,sneha.yadav64@gmail.com,8692426947,VERIFIED,BR001,2026-05-16 10:42:25.5941699,2026-05-16 10:42:25.5941699
3094,Kavita,Patel,1962-01-24,EOVFQ2780N,kavita.patel64@gmail.com,9079956032,VERIFIED,BR003,2026-05-16 10:42:25.5941699,2026-05-16 10:42:25.5941699
3095,Rahul,Singh,1962-10-02,SLQVL1632P,rahul.singh85@gmail.com,9601238478,VERIFIED,BR004,2026-05-16 10:42:25.5941699,2026-05-16 10:42:25.5941699
3096,Rohit,Jain,1998-08-14,GTPAS5530X,rohit.jain43@gmail.com,9087677928,VERIFIED,BR002,2026-05-16 10:42:25.5941699,2026-05-16 10:42:25.5941699
3097,Kavita,Mehta,1984-02-07,MJKWE5695F,kavita.mehta21@gmail.com,9796389581,VERIFIED,BR004,2026-05-16 10:42:25.5941699,2026-05-16 10:42:25.5941699
3098,Kavita,Yadav,1997-11-27,PEUXU9820I,kavita.yadav90@gmail.com,9652390728,VERIFIED,BR003,2026-05-16 10:42:25.5941699,2026-05-16 10:42:25.5941699
3099,Priya,Iyer,1978-03-18,OXPEE9219H,priya.iyer84@gmail.com,9885282218,VERIFIED,BR002,2026-05-16 10:42:25.5941699,2026-05-16 10:42:25.5941699
3100,Ramesh,Patel,1977-10-30,JBVXU3918H,ramesh.patel25@gmail.com,9265689249,VERIFIED,BR003,2026-05-16 10:42:25.5941699,2026-05-16 10:42:25.5941699
3101,Amit,Verma,1973-09-27,ZHURA8588J,amit.verma80@gmail.com,9959702883,VERIFIED,BR004,2026-05-16 10:42:25.5941699,2026-05-16 10:42:25.5941699
3102,Pooja,Iyer,1964-08-31,SFFUF1831N,pooja.iyer76@gmail.com,9573463281,VERIFIED,BR002,2026-05-16 10:42:25.5941699,2026-05-16 10:42:25.5941699
3103,Anjali,Iyer,1992-12-22,DVAOT9219I,anjali.iyer80@gmail.com,9516099751,VERIFIED,BR001,2026-05-16 10:42:25.5941699,2026-05-16 10:42:25.5941699
3104,Suresh,Mehta,1981-01-27,TCWBU7396T,suresh.mehta56@gmail.com,8370602364,VERIFIED,BR001,2026-05-16 10:42:25.5941699,2026-05-16 10:42:25.5941699
3105,Sneha,Jain,1984-11-23,DBDZK0452C,sneha.jain25@gmail.com,9483832680,VERIFIED,BR001,2026-05-16 10:42:25.5941699,2026-05-16 10:42:25.5941699
3106,Priya,Mehta,1962-12-16,XJPWQ5939D,priya.mehta50@gmail.com,9926138038,VERIFIED,BR003,2026-05-16 10:42:25.5941699,2026-05-16 10:42:25.5941699
3107,Amit,Yadav,1961-10-28,PELSC3714I,amit.yadav73@gmail.com,9066877582,VERIFIED,BR002,2026-05-16 10:42:25.5941699,2026-05-16 10:42:25.5941699
3108,Ramesh,Iyer,1962-08-24,MDWQK3810T,ramesh.iyer14@gmail.com,9374269616,VERIFIED,BR004,2026-05-16 10:42:25.5941699,2026-05-16 10:42:25.5941699
3109,Rohit,Sharma,1976-10-05,LLTAO1752E,rohit.sharma67@gmail.com,9683447618,VERIFIED,BR004,2026-05-16 10:42:25.5941699,2026-05-16 10:42:25.5941699
3110,Anjali,Desai,1970-02-16,HESBR8332X,anjali.desai39@gmail.com,9484334332,VERIFIED,BR003,2026-05-16 10:42:25.5941699,2026-05-16 10:42:25.5941699
3111,Priya,Verma,1990-02-20,UCQHR0845U,priya.verma47@gmail.com,8813582856,VERIFIED,BR003,2026-05-16 10:42:25.5941699,2026-05-16 10:42:25.5941699
3112,Ramesh,Sharma,1960-07-02,DMZJT8105W,ramesh.sharma36@gmail.com,9692541326,VERIFIED,BR004,2026-05-16 10:42:25.5941699,2026-05-16 10:42:25.5941699
3113,Sneha,Verma,1984-11-08,VQRSO1190Y,sneha.verma35@gmail.com,9190472474,VERIFIED,BR002,2026-05-16 10:42:25.5941699,2026-05-16 10:42:25.5941699
3114,Pooja,Jain,1967-12-06,OMLQV1221S,pooja.jain14@gmail.com,9607227004,VERIFIED,BR003,2026-05-16 10:42:25.5941699,2026-05-16 10:42:25.5941699
3115,Pooja,Desai,1970-01-25,ZLCWY1452N,pooja.desai87@gmail.com,8730411539,VERIFIED,BR002,2026-05-16 10:42:25.5941699,2026-05-16 10:42:25.5941699
3116,Priya,Singh,1978-09-13,HWINU7585Y,priya.singh76@gmail.com,9569476337,VERIFIED,BR004,2026-05-16 10:42:25.5941699,2026-05-16 10:42:25.5941699
3117,Pooja,Desai,1967-09-20,ILUDU0531S,pooja.desai70@gmail.com,9590618358,VERIFIED,BR002,2026-05-16 10:42:25.5941699,2026-05-16 10:42:25.5941699
3118,Amit,Jain,1969-09-04,UJYWQ3373R,amit.jain87@gmail.com,9396343482,VERIFIED,BR001,2026-05-16 10:42:25.5941699,2026-05-16 10:42:25.5941699
3119,Amit,Kumar,1992-06-06,EEJTN3794Y,amit.kumar29@gmail.com,8790915764,VERIFIED,BR004,2026-05-16 10:42:25.5941699,2026-05-16 10:42:25.5941699
3120,Suresh,Yadav,1961-03-23,WHEKP2108F,suresh.yadav65@gmail.com,9660239942,VERIFIED,BR001,2026-05-16 10:42:25.5941699,2026-05-16 10:42:25.5941699
3121,Priya,Jain,1995-02-01,UGHHO5766M,priya.jain47@gmail.com,9636899441,PENDING,BR004,2026-05-16 10:42:25.5941699,2026-05-16 10:42:25.5941699
3122,Suresh,Yadav,1996-01-30,ESBKA9880S,suresh.yadav58@gmail.com,9713402646,VERIFIED,BR001,2026-05-16 10:42:25.5941699,2026-05-16 10:42:25.5941699
3123,Priya,Patel,2000-07-06,JFBVQ0207C,priya.patel92@gmail.com,9796401396,VERIFIED,BR002,2026-05-16 10:42:25.5941699,2026-05-16 10:42:25.5941699
3124,Rohit,Sharma,1980-02-27,OGTOE1809H,rohit.sharma73@gmail.com,9982978342,VERIFIED,BR004,2026-05-16 10:42:25.5941699,2026-05-16 10:42:25.5941699
3125,Priya,Patel,1964-06-25,JABZY1403M,priya.patel20@gmail.com,8235385954,VERIFIED,BR004,2026-05-16 10:42:25.5941699,2026-05-16 10:42:25.5941699
3126,Sneha,Kumar,1962-07-01,CRKVM4127W,sneha.kumar68@gmail.com,9059948925,VERIFIED,BR001,2026-05-16 10:42:25.5941699,2026-05-16 10:42:25.5941699
3127,Anjali,Desai,1972-04-07,YAOFE2086H,anjali.desai22@gmail.com,9740673790,VERIFIED,BR002,2026-05-16 10:42:25.5941699,2026-05-16 10:42:25.5941699
3128,Neha,Yadav,1980-12-16,RFWFK0962C,neha.yadav52@gmail.com,9129653516,VERIFIED,BR004,2026-05-16 10:42:25.5941699,2026-05-16 10:42:25.5941699
3129,Neha,Gupta,1963-04-15,ZHYSK2817O,neha.gupta19@gmail.com,9056369370,VERIFIED,BR003,2026-05-16 10:42:25.5941699,2026-05-16 10:42:25.5941699
3130,Ramesh,Desai,1976-02-20,EMXNM4908G,ramesh.desai96@gmail.com,9019858526,VERIFIED,BR001,2026-05-16 10:42:25.5941699,2026-05-16 10:42:25.5941699
3131,Pooja,Desai,1998-07-08,UPEZV8848D,pooja.desai78@gmail.com,9790229046,PENDING,BR004,2026-05-16 10:42:25.5941699,2026-05-16 10:42:25.5941699
3132,Anjali,Kumar,1965-03-02,NLZVM6121F,anjali.kumar3@gmail.com,9620223546,VERIFIED,BR002,2026-05-16 10:42:25.5941699,2026-05-16 10:42:25.5941699
3133,Kavita,Singh,1971-09-04,HFHUC4237Z,kavita.singh13@gmail.com,9780775936,VERIFIED,BR002,2026-05-16 10:42:25.5941699,2026-05-16 10:42:25.5941699
3134,Amit,Verma,1972-05-17,FVOLT0325X,amit.verma54@gmail.com,9896573727,VERIFIED,BR002,2026-05-16 10:42:25.5941699,2026-05-16 10:42:25.5941699
3135,Vikram,Iyer,1994-11-04,FVDOB6157I,vikram.iyer46@gmail.com,9035502574,VERIFIED,BR002,2026-05-16 10:42:25.5941699,2026-05-16 10:42:25.5941699
3136,Rahul,Iyer,1985-10-05,BAYPF8637I,rahul.iyer14@gmail.com,9632822757,VERIFIED,BR001,2026-05-16 10:42:25.5941699,2026-05-16 10:42:25.5941699
3137,Rohit,Kumar,1977-04-19,EKHIP0752R,rohit.kumar41@gmail.com,9708486956,VERIFIED,BR004,2026-05-16 10:42:25.5941699,2026-05-16 10:42:25.5941699
3138,Pooja,Verma,1965-11-16,CRBMQ4025Q,pooja.verma78@gmail.com,9102366127,VERIFIED,BR001,2026-05-16 10:42:25.5941699,2026-05-16 10:42:25.5941699
3139,Pooja,Yadav,1972-08-02,GFBSC7893N,pooja.yadav93@gmail.com,9422319486,VERIFIED,BR001,2026-05-16 10:42:25.5941699,2026-05-16 10:42:25.5941699
3140,Sneha,Kumar,1965-12-10,GKMRK2589C,sneha.kumar74@gmail.com,9489271883,PENDING,BR002,2026-05-16 10:42:25.5941699,2026-05-16 10:42:25.5941699
3141,Pooja,Verma,1980-12-27,JHSNV7591P,pooja.verma41@gmail.com,8737153822,VERIFIED,BR003,2026-05-16 10:42:25.5941699,2026-05-16 10:42:25.5941699
3142,Amit,Jain,1992-03-16,YEVAN3668M,amit.jain22@gmail.com,8520158239,VERIFIED,BR002,2026-05-16 10:42:25.5941699,2026-05-16 10:42:25.5941699
3143,Amit,Patel,1997-06-26,AZJTL3074N,amit.patel62@gmail.com,9128290709,REJECTED,BR003,2026-05-16 10:42:25.5941699,2026-05-16 10:42:25.5941699
3144,Rahul,Kumar,1961-03-31,PGAML2847D,rahul.kumar37@gmail.com,9468250554,VERIFIED,BR001,2026-05-16 10:42:25.5941699,2026-05-16 10:42:25.5941699
3145,Priya,Jain,1987-05-30,ODTKX4520A,priya.jain58@gmail.com,9165093368,VERIFIED,BR002,2026-05-16 10:42:25.5941699,2026-05-16 10:42:25.5941699
3146,Kavita,Yadav,1975-06-08,ULQLF7680P,kavita.yadav70@gmail.com,9218467409,VERIFIED,BR002,2026-05-16 10:42:25.5941699,2026-05-16 10:42:25.5941699
3147,Anjali,Kumar,1986-01-09,TOFRE5687M,anjali.kumar95@gmail.com,8761242474,VERIFIED,BR001,2026-05-16 10:42:25.5941699,2026-05-16 10:42:25.5941699
3148,Pooja,Yadav,1995-08-12,AVUQW8651D,pooja.yadav64@gmail.com,9299946936,VERIFIED,BR002,2026-05-16 10:42:25.5941699,2026-05-16 10:42:25.5941699
3149,Neha,Kumar,1969-02-12,SBQOT7547A,neha.kumar13@gmail.com,8538599392,VERIFIED,BR004,2026-05-16 10:42:25.5941699,2026-05-16 10:42:25.5941699
3150,Suresh,Verma,1963-11-02,KFVTK1968P,suresh.verma47@gmail.com,9101231549,VERIFIED,BR003,2026-05-16 10:42:25.5941699,2026-05-16 10:42:25.5941699
3151,Sneha,Singh,1982-05-02,EVPTN6655F,sneha.singh83@gmail.com,9005032790,VERIFIED,BR003,2026-05-16 10:42:25.5941699,2026-05-16 10:42:25.5941699
3152,Sneha,Reddy,1993-04-23,MOKIW2844A,sneha.reddy43@gmail.com,9173501858,PENDING,BR003,2026-05-16 10:42:25.5941699,2026-05-16 10:42:25.5941699
3153,Neha,Jain,1963-10-26,NVIGK2075V,neha.jain95@gmail.com,9966552188,VERIFIED,BR002,2026-05-16 10:42:25.5941699,2026-05-16 10:42:25.5941699
3154,Ramesh,Verma,1990-06-26,YGWRG3666D,ramesh.verma29@gmail.com,8904985820,VERIFIED,BR004,2026-05-16 10:42:25.5941699,2026-05-16 10:42:25.5941699
3155,Neha,Sharma,1989-12-26,HUPKA3168O,neha.sharma25@gmail.com,9394931297,PENDING,BR002,2026-05-16 10:42:25.5941699,2026-05-16 10:42:25.5941699
3156,Ramesh,Mehta,1988-11-09,EJZNY2557V,ramesh.mehta27@gmail.com,8995630121,VERIFIED,BR003,2026-05-16 10:42:25.5941699,2026-05-16 10:42:25.5941699
3157,Vikram,Jain,1974-04-21,UVSUS8071P,vikram.jain10@gmail.com,9605160273,VERIFIED,BR002,2026-05-16 10:42:25.5941699,2026-05-16 10:42:25.5941699
3158,Suresh,Singh,1985-08-22,NYKJQ6636S,suresh.singh83@gmail.com,9312654205,VERIFIED,BR003,2026-05-16 10:42:25.5941699,2026-05-16 10:42:25.5941699
3159,Sneha,Patel,1986-01-12,WTXCQ2796U,sneha.patel58@gmail.com,9253278577,VERIFIED,BR001,2026-05-16 10:42:25.5941699,2026-05-16 10:42:25.5941699
3160,Neha,Desai,1981-07-25,NIFLB4994J,neha.desai74@gmail.com,9528588907,VERIFIED,BR003,2026-05-16 10:42:25.5941699,2026-05-16 10:42:25.5941699
3161,Vikram,Iyer,1962-04-30,BWFNO5890F,vikram.iyer30@gmail.com,9372567533,REJECTED,BR001,2026-05-16 10:42:25.5941699,2026-05-16 10:42:25.5941699
3162,Priya,Verma,1999-02-25,KNPKE8225Y,priya.verma10@gmail.com,9797987105,VERIFIED,BR001,2026-05-16 10:42:25.5941699,2026-05-16 10:42:25.5941699
3163,Rohit,Kumar,1968-12-16,YRADN5356O,rohit.kumar86@gmail.com,9649285682,VERIFIED,BR001,2026-05-16 10:42:25.5941699,2026-05-16 10:42:25.5941699
3164,Anjali,Verma,1961-06-20,QCKAY6783D,anjali.verma28@gmail.com,9177599394,VERIFIED,BR003,2026-05-16 10:42:25.5941699,2026-05-16 10:42:25.5941699
3165,Vikram,Jain,1986-03-17,EMKAA1064U,vikram.jain83@gmail.com,9276964077,VERIFIED,BR004,2026-05-16 10:42:25.5941699,2026-05-16 10:42:25.5941699
3166,Anjali,Gupta,1987-05-11,TEXFX2235U,anjali.gupta39@gmail.com,9968536727,PENDING,BR003,2026-05-16 10:42:25.5941699,2026-05-16 10:42:25.5941699
3167,Neha,Jain,1969-10-14,QQINV4017J,neha.jain64@gmail.com,9531215525,PENDING,BR002,2026-05-16 10:42:25.5941699,2026-05-16 10:42:25.5941699
3168,Kavita,Singh,1975-06-01,VYDEW2559E,kavita.singh43@gmail.com,9052705473,VERIFIED,BR002,2026-05-16 10:42:25.5941699,2026-05-16 10:42:25.5941699
3169,Priya,Reddy,1997-02-19,YLGEX5487H,priya.reddy50@gmail.com,8082044023,VERIFIED,BR004,2026-05-16 10:42:25.5941699,2026-05-16 10:42:25.5941699
3170,Vikram,Patel,1976-09-01,PQLDT2388J,vikram.patel9@gmail.com,9696797704,VERIFIED,BR004,2026-05-16 10:42:25.5941699,2026-05-16 10:42:25.5941699
3171,Suresh,Gupta,1964-08-18,BJSLN0543I,suresh.gupta79@gmail.com,9119849093,VERIFIED,BR004,2026-05-16 10:42:25.5941699,2026-05-16 10:42:25.5941699
3172,Neha,Yadav,1998-09-09,RZWVH8513W,neha.yadav55@gmail.com,9769548354,VERIFIED,BR001,2026-05-16 10:42:25.5941699,2026-05-16 10:42:25.5941699
3173,Pooja,Gupta,1971-06-04,OZGJY4111N,pooja.gupta96@gmail.com,9428098161,VERIFIED,BR004,2026-05-16 10:42:25.5941699,2026-05-16 10:42:25.5941699
3174,Amit,Verma,1971-03-21,AKMUZ4515S,amit.verma13@gmail.com,9343269822,REJECTED,BR004,2026-05-16 10:42:25.5941699,2026-05-16 10:42:25.5941699
3175,Vikram,Patel,1996-02-26,VZWRE7915F,vikram.patel60@gmail.com,9753542179,VERIFIED,BR004,2026-05-16 10:42:25.5941699,2026-05-16 10:42:25.5941699
3176,Suresh,Verma,1969-08-03,EKQAK0495F,suresh.verma49@gmail.com,9798501213,PENDING,BR003,2026-05-16 10:42:25.5941699,2026-05-16 10:42:25.5941699
3177,Rohit,Yadav,1969-07-01,EIPPX6857Z,rohit.yadav47@gmail.com,9491652729,VERIFIED,BR002,2026-05-16 10:42:25.5941699,2026-05-16 10:42:25.5941699
3178,Pooja,Jain,1997-11-08,YOFTT8357O,pooja.jain81@gmail.com,9712679977,VERIFIED,BR002,2026-05-16 10:42:25.5941699,2026-05-16 10:42:25.5941699
3179,Rohit,Desai,1983-06-16,PJUAD2158I,rohit.desai7@gmail.com,9115967995,PENDING,BR004,2026-05-16 10:42:25.5941699,2026-05-16 10:42:25.5941699
3180,Neha,Patel,1994-05-05,XVCFN1709M,neha.patel19@gmail.com,9029441266,VERIFIED,BR002,2026-05-16 10:42:25.5941699,2026-05-16 10:42:25.5941699
3181,Amit,Desai,1998-06-21,AABHQ6438X,amit.desai15@gmail.com,9107174781,PENDING,BR003,2026-05-16 10:42:25.5941699,2026-05-16 10:42:25.5941699
3182,Vikram,Singh,1967-05-14,TBUTR8875G,vikram.singh3@gmail.com,9555562772,VERIFIED,BR002,2026-05-16 10:42:25.5941699,2026-05-16 10:42:25.5941699
3183,Vikram,Singh,1983-04-25,HANOI9840T,vikram.singh3@gmail.com,9847059357,VERIFIED,BR001,2026-05-16 10:42:25.5941699,2026-05-16 10:42:25.5941699
3184,Kavita,Desai,1963-09-11,OQVJE7919K,kavita.desai6@gmail.com,9746260977,PENDING,BR003,2026-05-16 10:42:25.5941699,2026-05-16 10:42:25.5941699
3185,Sneha,Singh,1982-01-27,QSDNG8099N,sneha.singh22@gmail.com,9751063265,VERIFIED,BR002,2026-05-16 10:42:25.5941699,2026-05-16 10:42:25.5941699
3186,Kavita,Patel,1995-12-04,PUQGX4959Y,kavita.patel64@gmail.com,8383845167,VERIFIED,BR002,2026-05-16 10:42:25.5941699,2026-05-16 10:42:25.5941699
3187,Neha,Kumar,1960-09-09,OZVQW4104L,neha.kumar68@gmail.com,8785745562,VERIFIED,BR003,2026-05-16 10:42:25.5941699,2026-05-16 10:42:25.5941699
3188,Neha,Sharma,1992-06-18,GYLKC5591Y,neha.sharma55@gmail.com,8889461447,VERIFIED,BR002,2026-05-16 10:42:25.5941699,2026-05-16 10:42:25.5941699
3189,Amit,Singh,1986-11-15,QTZHW3732W,amit.singh40@gmail.com,9359715143,VERIFIED,BR002,2026-05-16 10:42:25.5941699,2026-05-16 10:42:25.5941699
3190,Kavita,Singh,1977-03-08,EFBFR3404P,kavita.singh85@gmail.com,9551395822,VERIFIED,BR004,2026-05-16 10:42:25.5941699,2026-05-16 10:42:25.5941699
3191,Suresh,Verma,1983-01-03,FEMZB4771B,suresh.verma79@gmail.com,9575480918,VERIFIED,BR001,2026-05-16 10:42:25.5941699,2026-05-16 10:42:25.5941699
3192,Suresh,Desai,1992-02-26,DIQVP0142B,suresh.desai99@gmail.com,9405394719,VERIFIED,BR003,2026-05-16 10:42:25.5941699,2026-05-16 10:42:25.5941699
3193,Amit,Mehta,1977-03-09,ETVWI8267P,amit.mehta73@gmail.com,9678312478,VERIFIED,BR004,2026-05-16 10:42:25.5941699,2026-05-16 10:42:25.5941699
3194,Priya,Reddy,1997-04-29,LLYKD2998W,priya.reddy46@gmail.com,9979492989,VERIFIED,BR002,2026-05-16 10:42:25.5941699,2026-05-16 10:42:25.5941699
3195,Sneha,Iyer,1981-04-04,VKBTB4095Y,sneha.iyer67@gmail.com,8313061913,VERIFIED,BR003,2026-05-16 10:42:25.5941699,2026-05-16 10:42:25.5941699
3196,Suresh,Iyer,1978-01-16,ZCSYE5323I,suresh.iyer86@gmail.com,9937373989,VERIFIED,BR003,2026-05-16 10:42:25.5941699,2026-05-16 10:42:25.5941699
3197,Ramesh,Gupta,1997-05-20,AVOJA3778K,ramesh.gupta97@gmail.com,9137564947,PENDING,BR001,2026-05-16 10:42:25.5941699,2026-05-16 10:42:25.5941699
3198,Anjali,Singh,1969-09-30,XLHUK3613U,anjali.singh60@gmail.com,9869396667,VERIFIED,BR001,2026-05-16 10:42:25.5941699,2026-05-16 10:42:25.5941699
3199,Amit,Gupta,1996-01-16,MMBAG8038D,amit.gupta8@gmail.com,8044362553,VERIFIED,BR003,2026-05-16 10:42:25.5941699,2026-05-16 10:42:25.5941699
3200,Amit,Patel,1966-04-25,OZZGY7105V,amit.patel99@gmail.com,8835838977,VERIFIED,BR001,2026-05-16 10:42:25.5941699,2026-05-16 10:42:25.5941699
3201,Rahul,Mehta,1976-11-14,FJTTT0595M,rahul.mehta1@gmail.com,9543481198,VERIFIED,BR001,2026-05-16 10:42:25.5941699,2026-05-16 10:42:25.5941699
3202,Pooja,Reddy,1989-12-08,RHZTR5031W,pooja.reddy45@gmail.com,8513987335,VERIFIED,BR002,2026-05-16 10:42:25.5941699,2026-05-16 10:42:25.5941699
3203,Pooja,Desai,1977-02-28,IZJRS2227E,pooja.desai16@gmail.com,9800998998,VERIFIED,BR001,2026-05-16 10:42:25.5941699,2026-05-16 10:42:25.5941699
3204,Ramesh,Jain,1994-07-18,FYPMG0997N,ramesh.jain82@gmail.com,9938507422,REJECTED,BR001,2026-05-16 10:42:25.5941699,2026-05-16 10:42:25.5941699
3205,Kavita,Sharma,1989-10-24,MNZOZ0197T,kavita.sharma17@gmail.com,9754612784,VERIFIED,BR004,2026-05-16 10:42:25.5941699,2026-05-16 10:42:25.5941699
3206,Priya,Reddy,1960-10-08,SCVVQ9801E,priya.reddy42@gmail.com,9993034791,VERIFIED,BR002,2026-05-16 10:42:25.5941699,2026-05-16 10:42:25.5941699
3207,Neha,Reddy,1970-07-01,VJCNO5382V,neha.reddy30@gmail.com,9645830092,VERIFIED,BR002,2026-05-16 10:42:25.5941699,2026-05-16 10:42:25.5941699
3208,Neha,Jain,1976-01-13,DPKHL6913T,neha.jain66@gmail.com,9825421531,VERIFIED,BR003,2026-05-16 10:42:25.5941699,2026-05-16 10:42:25.5941699
3209,Rohit,Sharma,1996-09-28,XRMYJ2467R,rohit.sharma84@gmail.com,9500135330,VERIFIED,BR001,2026-05-16 10:42:25.5941699,2026-05-16 10:42:25.5941699
3210,Ramesh,Kumar,1981-03-07,RRDQF4030T,ramesh.kumar7@gmail.com,9791448255,VERIFIED,BR004,2026-05-16 10:42:25.5941699,2026-05-16 10:42:25.5941699
3211,Amit,Desai,1974-02-23,OSOKU8914H,amit.desai84@gmail.com,9792686412,VERIFIED,BR004,2026-05-16 10:42:25.5941699,2026-05-16 10:42:25.5941699
3212,Ramesh,Jain,1992-07-24,ITJAG0705A,ramesh.jain54@gmail.com,9571751767,VERIFIED,BR002,2026-05-16 10:42:25.5941699,2026-05-16 10:42:25.5941699
3213,Ramesh,Verma,1998-03-07,DMOLF3438M,ramesh.verma25@gmail.com,9830250922,PENDING,BR001,2026-05-16 10:42:25.5941699,2026-05-16 10:42:25.5941699
3214,Ramesh,Gupta,1996-10-17,GKGVJ1566N,ramesh.gupta13@gmail.com,9732312129,VERIFIED,BR004,2026-05-16 10:42:25.5941699,2026-05-16 10:42:25.5941699
3215,Pooja,Iyer,1971-06-23,GAODW5590X,pooja.iyer79@gmail.com,9680872616,VERIFIED,BR003,2026-05-16 10:42:25.5941699,2026-05-16 10:42:25.5941699
3216,Ramesh,Singh,1961-02-27,GAJAG1297S,ramesh.singh90@gmail.com,9040845432,VERIFIED,BR001,2026-05-16 10:42:25.5941699,2026-05-16 10:42:25.5941699
3217,Sneha,Reddy,1962-06-29,MPGCQ1307N,sneha.reddy1@gmail.com,9302739361,VERIFIED,BR001,2026-05-16 10:42:25.5941699,2026-05-16 10:42:25.5941699
3218,Anjali,Patel,1991-06-06,BWMXY9622U,anjali.patel43@gmail.com,9822298682,PENDING,BR001,2026-05-16 10:42:25.5941699,2026-05-16 10:42:25.5941699
3219,Neha,Iyer,1999-02-27,PDITZ2235D,neha.iyer28@gmail.com,9135491193,VERIFIED,BR004,2026-05-16 10:42:25.5941699,2026-05-16 10:42:25.5941699
3220,Rohit,Iyer,1971-01-07,OQDOK6528J,rohit.iyer64@gmail.com,8726415144,VERIFIED,BR002,2026-05-16 10:42:25.5941699,2026-05-16 10:42:25.5941699
3221,Anjali,Sharma,1992-04-06,TKKWP6144K,anjali.sharma50@gmail.com,9975239140,VERIFIED,BR002,2026-05-16 10:42:25.5941699,2026-05-16 10:42:25.5941699
3222,Rohit,Gupta,1991-04-15,SJGVC4150A,rohit.gupta77@gmail.com,9935760420,VERIFIED,BR003,2026-05-16 10:42:25.5941699,2026-05-16 10:42:25.5941699
3223,Rahul,Mehta,1969-07-16,HWEKX0170Q,rahul.mehta27@gmail.com,9945348424,VERIFIED,BR004,2026-05-16 10:42:25.5941699,2026-05-16 10:42:25.5941699
3224,Rohit,Sharma,1977-08-02,JBYRB2794Z,rohit.sharma22@gmail.com,8487027658,VERIFIED,BR001,2026-05-16 10:42:25.5941699,2026-05-16 10:42:25.5941699
3225,Neha,Jain,1987-02-15,CLJLB1202K,neha.jain94@gmail.com,9234200767,VERIFIED,BR003,2026-05-16 10:42:25.5941699,2026-05-16 10:42:25.5941699
3226,Neha,Mehta,1988-09-24,HOBJG7263O,neha.mehta72@gmail.com,9320723694,VERIFIED,BR003,2026-05-16 10:42:25.5941699,2026-05-16 10:42:25.5941699
3227,Ramesh,Desai,1975-02-10,PILOT7965N,ramesh.desai60@gmail.com,9030307089,PENDING,BR002,2026-05-16 10:42:25.5941699,2026-05-16 10:42:25.5941699
3228,Vikram,Reddy,1967-01-27,ZYWKF3851K,vikram.reddy82@gmail.com,9634504706,VERIFIED,BR001,2026-05-16 10:42:25.5941699,2026-05-16 10:42:25.5941699
3229,Rahul,Patel,1976-11-25,SMQOK9347H,rahul.patel74@gmail.com,9544606172,PENDING,BR001,2026-05-16 10:42:25.5941699,2026-05-16 10:42:25.5941699
3230,Sneha,Iyer,1977-12-20,ZSWUC2881F,sneha.iyer88@gmail.com,9974226552,VERIFIED,BR004,2026-05-16 10:42:25.5941699,2026-05-16 10:42:25.5941699
3231,Amit,Singh,1994-11-15,EPLGE8664Z,amit.singh22@gmail.com,8394469841,VERIFIED,BR004,2026-05-16 10:42:25.5941699,2026-05-16 10:42:25.5941699
3232,Suresh,Mehta,1995-09-18,RFZKG1512F,suresh.mehta91@gmail.com,9776797406,VERIFIED,BR004,2026-05-16 10:42:25.5941699,2026-05-16 10:42:25.5941699
3233,Rohit,Gupta,1997-07-21,VYXLQ5114H,rohit.gupta64@gmail.com,8187004533,VERIFIED,BR003,2026-05-16 10:42:25.5941699,2026-05-16 10:42:25.5941699
3234,Vikram,Kumar,1992-11-26,QSFNI1160D,vikram.kumar37@gmail.com,9846382710,VERIFIED,BR001,2026-05-16 10:42:25.5941699,2026-05-16 10:42:25.5941699
3235,Ramesh,Desai,1993-12-26,GZBQF7522J,ramesh.desai87@gmail.com,9769144064,VERIFIED,BR002,2026-05-16 10:42:25.5941699,2026-05-16 10:42:25.5941699
3236,Pooja,Kumar,1973-03-05,MBPDP7488K,pooja.kumar50@gmail.com,9654067708,VERIFIED,BR003,2026-05-16 10:42:25.5941699,2026-05-16 10:42:25.5941699
3237,Amit,Desai,1973-09-27,VRDKX4466G,amit.desai24@gmail.com,9761475047,VERIFIED,BR003,2026-05-16 10:42:25.5941699,2026-05-16 10:42:25.5941699
3238,Priya,Verma,1980-10-07,OFASK2261Y,priya.verma23@gmail.com,9878700181,VERIFIED,BR002,2026-05-16 10:42:25.5941699,2026-05-16 10:42:25.5941699
3239,Kavita,Gupta,1996-10-21,LQUXM4294X,kavita.gupta51@gmail.com,9465741963,VERIFIED,BR002,2026-05-16 10:42:25.5941699,2026-05-16 10:42:25.5941699
3240,Vikram,Jain,1988-08-26,NYYKH4942L,vikram.jain66@gmail.com,8414710183,VERIFIED,BR004,2026-05-16 10:42:25.5941699,2026-05-16 10:42:25.5941699
3241,Pooja,Iyer,1960-03-12,BJAPE5360B,pooja.iyer87@gmail.com,9406511994,VERIFIED,BR002,2026-05-16 10:42:25.5941699,2026-05-16 10:42:25.5941699
3242,Rahul,Kumar,1991-10-18,QUHBX2684Y,rahul.kumar79@gmail.com,9599690102,VERIFIED,BR002,2026-05-16 10:42:25.5941699,2026-05-16 10:42:25.5941699
3243,Priya,Patel,1978-05-04,JELDO0980B,priya.patel61@gmail.com,9176831800,VERIFIED,BR002,2026-05-16 10:42:25.5941699,2026-05-16 10:42:25.5941699
3244,Ramesh,Reddy,1998-02-13,GKURJ8849I,ramesh.reddy41@gmail.com,9821877090,VERIFIED,BR002,2026-05-16 10:42:25.5941699,2026-05-16 10:42:25.5941699
3245,Amit,Sharma,1996-11-29,YSHLI4519S,amit.sharma25@gmail.com,9671553190,VERIFIED,BR004,2026-05-16 10:42:25.5941699,2026-05-16 10:42:25.5941699
3246,Amit,Singh,1991-01-16,SOMOO2972W,amit.singh12@gmail.com,9893631180,VERIFIED,BR003,2026-05-16 10:42:25.5941699,2026-05-16 10:42:25.5941699
3247,Amit,Jain,1972-08-06,NATXV0276E,amit.jain10@gmail.com,9099473914,PENDING,BR001,2026-05-16 10:42:25.5941699,2026-05-16 10:42:25.5941699
3248,Rahul,Reddy,1983-12-04,VULFD2581D,rahul.reddy96@gmail.com,9055206062,VERIFIED,BR001,2026-05-16 10:42:25.5941699,2026-05-16 10:42:25.5941699
3249,Priya,Iyer,1979-09-22,EOSWU0816R,priya.iyer45@gmail.com,9996033275,VERIFIED,BR003,2026-05-16 10:42:25.5941699,2026-05-16 10:42:25.5941699
3250,Rohit,Reddy,1960-04-06,YFASE4798E,rohit.reddy21@gmail.com,9973403295,VERIFIED,BR001,2026-05-16 10:42:25.5941699,2026-05-16 10:42:25.5941699
3251,Kavita,Desai,1994-09-03,XVZSH4186K,kavita.desai86@gmail.com,9290132419,VERIFIED,BR001,2026-05-16 10:42:25.5941699,2026-05-16 10:42:25.5941699
3252,Sneha,Patel,1974-04-20,KLNMW7591O,sneha.patel34@gmail.com,9497376963,PENDING,BR003,2026-05-16 10:42:25.5941699,2026-05-16 10:42:25.5941699
3253,Rahul,Iyer,1968-02-25,NOMIO8053C,rahul.iyer98@gmail.com,9387504171,PENDING,BR001,2026-05-16 10:42:25.5941699,2026-05-16 10:42:25.5941699
3254,Suresh,Desai,1975-05-21,ZFSOJ3755I,suresh.desai27@gmail.com,9692066395,VERIFIED,BR001,2026-05-16 10:42:25.5941699,2026-05-16 10:42:25.5941699
3255,Kavita,Yadav,1995-01-13,KTILL2738R,kavita.yadav69@gmail.com,9053440834,VERIFIED,BR003,2026-05-16 10:42:25.5941699,2026-05-16 10:42:25.5941699
3256,Neha,Mehta,1960-09-02,GAQXE3180E,neha.mehta63@gmail.com,9899408392,VERIFIED,BR001,2026-05-16 10:42:25.5941699,2026-05-16 10:42:25.5941699
3257,Ramesh,Singh,1995-01-19,KJDCI9764I,ramesh.singh18@gmail.com,9700273558,VERIFIED,BR002,2026-05-16 10:42:25.5941699,2026-05-16 10:42:25.5941699
3258,Rahul,Mehta,1984-01-04,IRNKI7839F,rahul.mehta85@gmail.com,9069504883,VERIFIED,BR003,2026-05-16 10:42:25.5941699,2026-05-16 10:42:25.5941699
3259,Pooja,Sharma,1965-09-06,GLABN3745E,pooja.sharma4@gmail.com,9186052730,VERIFIED,BR004,2026-05-16 10:42:25.5941699,2026-05-16 10:42:25.5941699
3260,Kavita,Yadav,1995-10-19,HBBJG1123C,kavita.yadav57@gmail.com,9490237246,VERIFIED,BR001,2026-05-16 10:42:25.5941699,2026-05-16 10:42:25.5941699
3261,Suresh,Gupta,1977-11-03,UPMHD8259N,suresh.gupta42@gmail.com,9317535618,VERIFIED,BR004,2026-05-16 10:42:25.5941699,2026-05-16 10:42:25.5941699
3262,Neha,Sharma,1990-07-24,AUVVW7494B,neha.sharma58@gmail.com,9591986933,VERIFIED,BR001,2026-05-16 10:42:25.5941699,2026-05-16 10:42:25.5941699
3263,Rohit,Sharma,1996-03-22,WHYEF6006X,rohit.sharma78@gmail.com,9178149415,VERIFIED,BR002,2026-05-16 10:42:25.5941699,2026-05-16 10:42:25.5941699
3264,Priya,Verma,1996-01-29,BPNAP8726A,priya.verma25@gmail.com,8145024863,VERIFIED,BR003,2026-05-16 10:42:25.5941699,2026-05-16 10:42:25.5941699
3265,Pooja,Singh,1991-11-21,PLBPP8988E,pooja.singh94@gmail.com,9976509464,PENDING,BR004,2026-05-16 10:42:25.5941699,2026-05-16 10:42:25.5941699
3266,Kavita,Desai,1978-07-02,VIDGF3203B,kavita.desai13@gmail.com,9765525944,VERIFIED,BR003,2026-05-16 10:42:25.5941699,2026-05-16 10:42:25.5941699
3267,Ramesh,Patel,1978-06-11,MJUTM9903U,ramesh.patel40@gmail.com,8100673203,VERIFIED,BR004,2026-05-16 10:42:25.5941699,2026-05-16 10:42:25.5941699
3268,Priya,Mehta,1962-07-03,QFGAI8706N,priya.mehta84@gmail.com,9574333905,PENDING,BR001,2026-05-16 10:42:25.5941699,2026-05-16 10:42:25.5941699
3269,Pooja,Sharma,1971-04-05,ASGDW8893Q,pooja.sharma39@gmail.com,9081331575,PENDING,BR002,2026-05-16 10:42:25.5941699,2026-05-16 10:42:25.5941699
3270,Neha,Mehta,1975-04-29,PTIHV0130D,neha.mehta33@gmail.com,9162408512,VERIFIED,BR004,2026-05-16 10:42:25.5941699,2026-05-16 10:42:25.5941699
3271,Pooja,Jain,1999-12-04,OLLHL3396C,pooja.jain84@gmail.com,9197141954,VERIFIED,BR004,2026-05-16 10:42:25.5941699,2026-05-16 10:42:25.5941699
3272,Priya,Mehta,1984-12-25,NLGXN1057T,priya.mehta78@gmail.com,9250981061,VERIFIED,BR002,2026-05-16 10:42:25.5941699,2026-05-16 10:42:25.5941699
3273,Anjali,Gupta,1994-05-27,IQWSU2516H,anjali.gupta35@gmail.com,9189205731,VERIFIED,BR002,2026-05-16 10:42:25.5941699,2026-05-16 10:42:25.5941699
3274,Sneha,Iyer,1995-06-06,EXAQS3624P,sneha.iyer15@gmail.com,9079777813,VERIFIED,BR002,2026-05-16 10:42:25.5941699,2026-05-16 10:42:25.5941699
3275,Vikram,Jain,2000-02-07,HNCZF0482U,vikram.jain76@gmail.com,9308097045,PENDING,BR002,2026-05-16 10:42:25.5941699,2026-05-16 10:42:25.5941699
3276,Rohit,Jain,1983-03-29,XCCVY7051Y,rohit.jain91@gmail.com,9254101198,VERIFIED,BR002,2026-05-16 10:42:25.5941699,2026-05-16 10:42:25.5941699
3277,Neha,Singh,1996-05-14,DJJII6504E,neha.singh73@gmail.com,9984806644,VERIFIED,BR003,2026-05-16 10:42:25.5941699,2026-05-16 10:42:25.5941699
3278,Priya,Singh,1969-09-12,GLDQD6901F,priya.singh49@gmail.com,9383475874,VERIFIED,BR001,2026-05-16 10:42:25.5941699,2026-05-16 10:42:25.5941699
3279,Sneha,Kumar,1961-03-29,FROAV7488W,sneha.kumar85@gmail.com,9384523747,VERIFIED,BR001,2026-05-16 10:42:25.5941699,2026-05-16 10:42:25.5941699
3280,Sneha,Reddy,1980-01-25,OQBXH4432U,sneha.reddy35@gmail.com,9726861318,VERIFIED,BR004,2026-05-16 10:42:25.5941699,2026-05-16 10:42:25.5941699
3281,Pooja,Singh,1998-05-01,UKIFN9856B,pooja.singh41@gmail.com,8154149072,VERIFIED,BR002,2026-05-16 10:42:25.5941699,2026-05-16 10:42:25.5941699
3282,Vikram,Mehta,1975-03-13,VTMBP3653Q,vikram.mehta87@gmail.com,8601254233,VERIFIED,BR003,2026-05-16 10:42:25.5941699,2026-05-16 10:42:25.5941699
3283,Sneha,Desai,1974-02-01,ZTQEV2254Q,sneha.desai74@gmail.com,9788889464,VERIFIED,BR003,2026-05-16 10:42:25.5941699,2026-05-16 10:42:25.5941699
3284,Vikram,Mehta,1968-12-12,AEAMC2311U,vikram.mehta98@gmail.com,9136832116,VERIFIED,BR004,2026-05-16 10:42:25.5941699,2026-05-16 10:42:25.5941699
3285,Pooja,Desai,1974-08-14,UPQIC8515Z,pooja.desai98@gmail.com,9918497926,VERIFIED,BR002,2026-05-16 10:42:25.5941699,2026-05-16 10:42:25.5941699
3286,Priya,Iyer,1989-03-21,OQWUC7808A,priya.iyer84@gmail.com,9321539350,PENDING,BR001,2026-05-16 10:42:25.5941699,2026-05-16 10:42:25.5941699
3287,Ramesh,Iyer,1973-10-07,XKTZA1414E,ramesh.iyer50@gmail.com,9544836358,VERIFIED,BR002,2026-05-16 10:42:25.5941699,2026-05-16 10:42:25.5941699
3288,Anjali,Jain,1961-07-17,PDOXF9594J,anjali.jain23@gmail.com,9855720475,REJECTED,BR003,2026-05-16 10:42:25.5941699,2026-05-16 10:42:25.5941699
3289,Sneha,Kumar,1966-08-14,PLBSB4468Z,sneha.kumar82@gmail.com,9632411351,VERIFIED,BR002,2026-05-16 10:42:25.5941699,2026-05-16 10:42:25.5941699
3290,Rahul,Desai,1993-04-21,SFZIR0421F,rahul.desai34@gmail.com,9661540663,VERIFIED,BR001,2026-05-16 10:42:25.5941699,2026-05-16 10:42:25.5941699
3291,Anjali,Jain,1977-11-27,VRWCI6674B,anjali.jain86@gmail.com,9546020691,VERIFIED,BR001,2026-05-16 10:42:25.5941699,2026-05-16 10:42:25.5941699
3292,Pooja,Singh,1965-07-19,JQNQR7572B,pooja.singh26@gmail.com,9301345131,VERIFIED,BR004,2026-05-16 10:42:25.5941699,2026-05-16 10:42:25.5941699
3293,Rohit,Gupta,1994-09-24,IZNCB0896W,rohit.gupta71@gmail.com,9810548834,PENDING,BR003,2026-05-16 10:42:25.5941699,2026-05-16 10:42:25.5941699
3294,Rahul,Desai,1966-04-25,CDFQI0491U,rahul.desai36@gmail.com,9501790082,PENDING,BR002,2026-05-16 10:42:25.5941699,2026-05-16 10:42:25.5941699
3295,Neha,Iyer,1974-12-22,TVUPT5486R,neha.iyer1@gmail.com,9912491016,VERIFIED,BR002,2026-05-16 10:42:25.5941699,2026-05-16 10:42:25.5941699
3296,Anjali,Mehta,1969-06-15,BWGZU6352P,anjali.mehta74@gmail.com,9746334876,VERIFIED,BR004,2026-05-16 10:42:25.5941699,2026-05-16 10:42:25.5941699
3297,Pooja,Patel,1968-05-19,OHXZV4898C,pooja.patel92@gmail.com,8393306815,VERIFIED,BR004,2026-05-16 10:42:25.5941699,2026-05-16 10:42:25.5941699
3298,Anjali,Singh,1961-04-07,LYPMT5215P,anjali.singh19@gmail.com,9888171441,PENDING,BR004,2026-05-16 10:42:25.5941699,2026-05-16 10:42:25.5941699
3299,Sneha,Patel,1969-12-14,JSEXR6259Y,sneha.patel99@gmail.com,8636499761,VERIFIED,BR003,2026-05-16 10:42:25.5941699,2026-05-16 10:42:25.5941699
3300,Priya,Yadav,1996-01-07,TSDVI3731H,priya.yadav64@gmail.com,9147582154,VERIFIED,BR002,2026-05-16 10:42:25.5941699,2026-05-16 10:42:25.5941699
3301,Rahul,Yadav,1966-04-09,FHJZJ5622N,rahul.yadav58@gmail.com,9421931999,VERIFIED,BR004,2026-05-16 10:42:25.5941699,2026-05-16 10:42:25.5941699
3302,Suresh,Mehta,1998-09-29,UAMFH3421D,suresh.mehta86@gmail.com,9359549600,VERIFIED,BR003,2026-05-16 10:42:25.5941699,2026-05-16 10:42:25.5941699
3303,Kavita,Yadav,1965-12-21,IQJHC6299D,kavita.yadav10@gmail.com,8674711114,VERIFIED,BR002,2026-05-16 10:42:25.5941699,2026-05-16 10:42:25.5941699
3304,Anjali,Reddy,1979-06-09,LLIYX0645U,anjali.reddy46@gmail.com,9219139149,VERIFIED,BR001,2026-05-16 10:42:25.5941699,2026-05-16 10:42:25.5941699
3305,Neha,Iyer,1975-05-27,VHZFT8638W,neha.iyer58@gmail.com,9356339794,VERIFIED,BR004,2026-05-16 10:42:25.5941699,2026-05-16 10:42:25.5941699
3306,Neha,Jain,1986-08-29,PVFML0957E,neha.jain30@gmail.com,9104905535,VERIFIED,BR003,2026-05-16 10:42:25.5941699,2026-05-16 10:42:25.5941699
3307,Amit,Kumar,1982-05-26,NHQGF9848L,amit.kumar86@gmail.com,9226446919,VERIFIED,BR002,2026-05-16 10:42:25.5941699,2026-05-16 10:42:25.5941699
3308,Anjali,Singh,1982-01-13,ZTOQJ8184O,anjali.singh82@gmail.com,9555573535,VERIFIED,BR002,2026-05-16 10:42:25.5941699,2026-05-16 10:42:25.5941699
3309,Kavita,Patel,1994-07-11,LPJKL0133H,kavita.patel53@gmail.com,9956752868,VERIFIED,BR004,2026-05-16 10:42:25.5941699,2026-05-16 10:42:25.5941699
3310,Ramesh,Mehta,1998-01-17,HVXDW1692S,ramesh.mehta68@gmail.com,8317830886,VERIFIED,BR004,2026-05-16 10:42:25.5941699,2026-05-16 10:42:25.5941699
3311,Sneha,Reddy,1963-01-20,OBZSZ5846A,sneha.reddy43@gmail.com,9427450628,VERIFIED,BR002,2026-05-16 10:42:25.5941699,2026-05-16 10:42:25.5941699
3312,Vikram,Mehta,1976-04-19,CWPIQ2420F,vikram.mehta1@gmail.com,9940351020,VERIFIED,BR003,2026-05-16 10:42:25.5941699,2026-05-16 10:42:25.5941699
3313,Priya,Jain,1973-08-05,FUJLW9438M,priya.jain83@gmail.com,9225390131,VERIFIED,BR001,2026-05-16 10:42:25.5941699,2026-05-16 10:42:25.5941699
3314,Kavita,Reddy,1964-05-06,VCJMD2573U,kavita.reddy57@gmail.com,9360432635,VERIFIED,BR002,2026-05-16 10:42:25.5941699,2026-05-16 10:42:25.5941699
3315,Vikram,Iyer,1986-08-05,JPIPE1638Z,vikram.iyer8@gmail.com,9214407318,PENDING,BR003,2026-05-16 10:42:25.5941699,2026-05-16 10:42:25.5941699
3316,Vikram,Yadav,1998-09-21,CPAYZ9501Z,vikram.yadav42@gmail.com,8033001933,VERIFIED,BR004,2026-05-16 10:42:25.5941699,2026-05-16 10:42:25.5941699
3317,Suresh,Yadav,1966-05-28,IBSFY9792R,suresh.yadav87@gmail.com,8864159930,VERIFIED,BR002,2026-05-16 10:42:25.5941699,2026-05-16 10:42:25.5941699
3318,Amit,Iyer,1967-08-15,KDNNO3790L,amit.iyer15@gmail.com,9735721240,VERIFIED,BR004,2026-05-16 10:42:25.5941699,2026-05-16 10:42:25.5941699
3319,Kavita,Iyer,1982-12-09,HTSJM5131W,kavita.iyer70@gmail.com,9783412924,VERIFIED,BR001,2026-05-16 10:42:25.5941699,2026-05-16 10:42:25.5941699
3320,Kavita,Desai,1964-10-24,ULNPI0800K,kavita.desai20@gmail.com,9814918627,VERIFIED,BR004,2026-05-16 10:42:25.5941699,2026-05-16 10:42:25.5941699
3321,Suresh,Verma,1982-03-03,HLQLN0530D,suresh.verma45@gmail.com,8499596740,VERIFIED,BR001,2026-05-16 10:42:25.5941699,2026-05-16 10:42:25.5941699
3322,Anjali,Iyer,1983-01-07,SNZCF0002P,anjali.iyer12@gmail.com,9489326604,VERIFIED,BR004,2026-05-16 10:42:25.5941699,2026-05-16 10:42:25.5941699
3323,Anjali,Mehta,1996-02-08,NECUM5506M,anjali.mehta83@gmail.com,8482976394,VERIFIED,BR004,2026-05-16 10:42:25.5941699,2026-05-16 10:42:25.5941699
3324,Anjali,Desai,1977-06-23,QIHIL0660N,anjali.desai16@gmail.com,9917811859,VERIFIED,BR001,2026-05-16 10:42:25.5941699,2026-05-16 10:42:25.5941699
3325,Rohit,Singh,1967-02-14,VRGVB9170B,rohit.singh4@gmail.com,9363162065,VERIFIED,BR004,2026-05-16 10:42:25.5941699,2026-05-16 10:42:25.5941699
3326,Vikram,Desai,1994-07-28,BFENW9636V,vikram.desai25@gmail.com,9760071245,VERIFIED,BR003,2026-05-16 10:42:25.5941699,2026-05-16 10:42:25.5941699
3327,Rohit,Sharma,1966-11-15,IVETC7040K,rohit.sharma12@gmail.com,9823273237,PENDING,BR004,2026-05-16 10:42:25.5941699,2026-05-16 10:42:25.5941699
3328,Amit,Yadav,1965-12-21,BIPDC8428Q,amit.yadav84@gmail.com,9669441728,VERIFIED,BR002,2026-05-16 10:42:25.5941699,2026-05-16 10:42:25.5941699
3329,Priya,Jain,1989-12-28,DDDAZ2916B,priya.jain69@gmail.com,9526366884,VERIFIED,BR004,2026-05-16 10:42:25.5941699,2026-05-16 10:42:25.5941699
3330,Suresh,Sharma,1998-11-17,JDAYT7812R,suresh.sharma56@gmail.com,9325908931,VERIFIED,BR003,2026-05-16 10:42:25.5941699,2026-05-16 10:42:25.5941699
3331,Kavita,Mehta,1994-11-18,HFCFE1397F,kavita.mehta58@gmail.com,9843373980,PENDING,BR002,2026-05-16 10:42:25.5941699,2026-05-16 10:42:25.5941699
3332,Sneha,Patel,1985-11-30,GPIWR3213Y,sneha.patel17@gmail.com,8722099489,VERIFIED,BR003,2026-05-16 10:42:25.5941699,2026-05-16 10:42:25.5941699
3333,Vikram,Patel,1983-02-17,UPLAG5427X,vikram.patel3@gmail.com,9237630273,PENDING,BR002,2026-05-16 10:42:25.5941699,2026-05-16 10:42:25.5941699
3334,Rohit,Iyer,1960-01-20,VYGTQ4982S,rohit.iyer62@gmail.com,9707708481,VERIFIED,BR004,2026-05-16 10:42:25.5941699,2026-05-16 10:42:25.5941699
3335,Rohit,Singh,1993-04-29,OQEMG4731M,rohit.singh46@gmail.com,9961094951,PENDING,BR003,2026-05-16 10:42:25.5941699,2026-05-16 10:42:25.5941699
3336,Pooja,Desai,1970-10-14,ZKVOB4893H,pooja.desai75@gmail.com,9149933996,VERIFIED,BR004,2026-05-16 10:42:25.5941699,2026-05-16 10:42:25.5941699
3337,Rohit,Patel,1970-11-03,WNQKH2732S,rohit.patel14@gmail.com,9640469855,VERIFIED,BR002,2026-05-16 10:42:25.5941699,2026-05-16 10:42:25.5941699
3338,Priya,Reddy,1986-01-23,SEWUY9376K,priya.reddy36@gmail.com,9897549501,VERIFIED,BR003,2026-05-16 10:42:25.5941699,2026-05-16 10:42:25.5941699
3339,Ramesh,Iyer,1966-08-11,FPRYD6753H,ramesh.iyer36@gmail.com,9537091936,VERIFIED,BR001,2026-05-16 10:42:25.5941699,2026-05-16 10:42:25.5941699
3340,Kavita,Reddy,1977-03-03,EFXTK9114F,kavita.reddy95@gmail.com,9510514163,VERIFIED,BR003,2026-05-16 10:42:25.5941699,2026-05-16 10:42:25.5941699
3341,Ramesh,Singh,1976-10-11,QWSKF6932V,ramesh.singh48@gmail.com,9253860987,VERIFIED,BR004,2026-05-16 10:42:25.5941699,2026-05-16 10:42:25.5941699
3342,Kavita,Kumar,1979-04-08,HONLR0735J,kavita.kumar54@gmail.com,9788722638,VERIFIED,BR001,2026-05-16 10:42:25.5941699,2026-05-16 10:42:25.5941699
3343,Suresh,Jain,1980-01-25,OPGPX5643H,suresh.jain55@gmail.com,9686336100,VERIFIED,BR001,2026-05-16 10:42:25.5941699,2026-05-16 10:42:25.5941699
3344,Kavita,Yadav,1963-03-10,RNCXN1400Z,kavita.yadav10@gmail.com,9727624381,PENDING,BR002,2026-05-16 10:42:25.5941699,2026-05-16 10:42:25.5941699
3345,Ramesh,Desai,1964-01-18,FDBRU7926P,ramesh.desai80@gmail.com,8595146485,VERIFIED,BR001,2026-05-16 10:42:25.5941699,2026-05-16 10:42:25.5941699
3346,Kavita,Jain,1969-10-05,YXAXK2211J,kavita.jain53@gmail.com,9014785839,PENDING,BR001,2026-05-16 10:42:25.5941699,2026-05-16 10:42:25.5941699
3347,Suresh,Iyer,1981-10-04,KFTUL1687U,suresh.iyer52@gmail.com,9152962889,VERIFIED,BR002,2026-05-16 10:42:25.5941699,2026-05-16 10:42:25.5941699
3348,Suresh,Mehta,1972-11-13,EVHTF8547S,suresh.mehta94@gmail.com,9256611738,VERIFIED,BR003,2026-05-16 10:42:25.5941699,2026-05-16 10:42:25.5941699
3349,Amit,Gupta,1995-11-16,WPXAK5569D,amit.gupta59@gmail.com,9258171006,VERIFIED,BR004,2026-05-16 10:42:25.5941699,2026-05-16 10:42:25.5941699
3350,Kavita,Gupta,1995-03-02,EKXSO0490V,kavita.gupta88@gmail.com,9647869711,VERIFIED,BR003,2026-05-16 10:42:25.5941699,2026-05-16 10:42:25.5941699
3351,Sneha,Gupta,1974-06-05,XFIPA9137A,sneha.gupta49@gmail.com,9760970407,REJECTED,BR001,2026-05-16 10:42:25.5941699,2026-05-16 10:42:25.5941699
3352,Pooja,Patel,1981-08-23,CUGPT0712I,pooja.patel2@gmail.com,9455626104,VERIFIED,BR004,2026-05-16 10:42:25.5941699,2026-05-16 10:42:25.5941699
3353,Anjali,Kumar,1969-07-27,FXKMU9272S,anjali.kumar12@gmail.com,9846848106,PENDING,BR003,2026-05-16 10:42:25.5941699,2026-05-16 10:42:25.5941699
3354,Neha,Kumar,1966-11-13,ORCBB4609R,neha.kumar93@gmail.com,9325896193,PENDING,BR004,2026-05-16 10:42:25.5941699,2026-05-16 10:42:25.5941699
3355,Suresh,Desai,1967-04-17,CKZPS6008U,suresh.desai43@gmail.com,9724287160,VERIFIED,BR001,2026-05-16 10:42:25.5941699,2026-05-16 10:42:25.5941699
3356,Rahul,Desai,1974-03-25,XEXDO8894R,rahul.desai7@gmail.com,9981894906,PENDING,BR003,2026-05-16 10:42:25.5941699,2026-05-16 10:42:25.5941699
3357,Anjali,Kumar,1979-02-14,ZTBQB2182Q,anjali.kumar92@gmail.com,9989509799,VERIFIED,BR004,2026-05-16 10:42:25.5941699,2026-05-16 10:42:25.5941699
3358,Priya,Singh,1976-09-04,XYHGE0300P,priya.singh35@gmail.com,9782470074,REJECTED,BR004,2026-05-16 10:42:25.5941699,2026-05-16 10:42:25.5941699
3359,Vikram,Desai,1963-09-28,ORMYP2503P,vikram.desai31@gmail.com,9783792186,VERIFIED,BR003,2026-05-16 10:42:25.5941699,2026-05-16 10:42:25.5941699
3360,Kavita,Singh,1988-04-13,CSCMF1753A,kavita.singh35@gmail.com,9455454087,VERIFIED,BR003,2026-05-16 10:42:25.5941699,2026-05-16 10:42:25.5941699
3361,Ramesh,Iyer,1960-07-21,ZHMWE9562D,ramesh.iyer1@gmail.com,9650585192,PENDING,BR001,2026-05-16 10:42:25.5941699,2026-05-16 10:42:25.5941699
3362,Neha,Sharma,1966-02-09,DNWHD4676N,neha.sharma99@gmail.com,9968895128,VERIFIED,BR002,2026-05-16 10:42:25.5941699,2026-05-16 10:42:25.5941699
3363,Rahul,Reddy,1998-08-02,MNMHL6270U,rahul.reddy11@gmail.com,9622713022,VERIFIED,BR004,2026-05-16 10:42:25.5941699,2026-05-16 10:42:25.5941699
3364,Anjali,Yadav,1967-06-18,MPCZD5221L,anjali.yadav1@gmail.com,9810333447,VERIFIED,BR003,2026-05-16 10:42:25.5941699,2026-05-16 10:42:25.5941699
3365,Kavita,Iyer,1990-04-07,HBSCI3469F,kavita.iyer24@gmail.com,9461942103,VERIFIED,BR003,2026-05-16 10:42:25.5941699,2026-05-16 10:42:25.5941699
3366,Amit,Jain,1970-08-13,KKGIE3743C,amit.jain51@gmail.com,9955519074,VERIFIED,BR003,2026-05-16 10:42:25.5941699,2026-05-16 10:42:25.5941699
3367,Vikram,Desai,1966-06-14,AQHSB7556Q,vikram.desai84@gmail.com,9439098385,PENDING,BR004,2026-05-16 10:42:25.5941699,2026-05-16 10:42:25.5941699
3368,Neha,Kumar,1974-06-11,NXLPN9590D,neha.kumar48@gmail.com,9251648697,VERIFIED,BR001,2026-05-16 10:42:25.5941699,2026-05-16 10:42:25.5941699
3369,Pooja,Reddy,1968-09-29,PQSLJ6437J,pooja.reddy44@gmail.com,9129736575,VERIFIED,BR002,2026-05-16 10:42:25.5941699,2026-05-16 10:42:25.5941699
3370,Amit,Reddy,1979-06-07,XWEQC1473L,amit.reddy59@gmail.com,9334145891,VERIFIED,BR004,2026-05-16 10:42:25.5941699,2026-05-16 10:42:25.5941699
3371,Rahul,Verma,1981-11-15,AJAAB2991H,rahul.verma49@gmail.com,9949649271,VERIFIED,BR001,2026-05-16 10:42:25.5941699,2026-05-16 10:42:25.5941699
3372,Priya,Jain,1971-12-07,AVNYK1074Z,priya.jain89@gmail.com,9784224510,VERIFIED,BR004,2026-05-16 10:42:25.5941699,2026-05-16 10:42:25.5941699
3373,Neha,Iyer,1981-07-29,CAZZK5029Y,neha.iyer39@gmail.com,9165391760,VERIFIED,BR004,2026-05-16 10:42:25.5941699,2026-05-16 10:42:25.5941699
3374,Amit,Kumar,1980-11-05,CDDME5137F,amit.kumar60@gmail.com,8810094081,VERIFIED,BR003,2026-05-16 10:42:25.5941699,2026-05-16 10:42:25.5941699
3375,Vikram,Yadav,1978-12-20,DDDEE0231G,vikram.yadav48@gmail.com,9040384345,VERIFIED,BR001,2026-05-16 10:42:25.5941699,2026-05-16 10:42:25.5941699
3376,Pooja,Kumar,1977-07-24,JPPAH0726D,pooja.kumar54@gmail.com,8370889592,VERIFIED,BR003,2026-05-16 10:42:25.5941699,2026-05-16 10:42:25.5941699
3377,Amit,Desai,1977-10-01,FXCDG6893K,amit.desai83@gmail.com,8400741691,VERIFIED,BR003,2026-05-16 10:42:25.5941699,2026-05-16 10:42:25.5941699
3378,Rohit,Mehta,1999-11-13,ZYYEQ5909J,rohit.mehta99@gmail.com,9538630884,VERIFIED,BR001,2026-05-16 10:42:25.5941699,2026-05-16 10:42:25.5941699
3379,Pooja,Sharma,1997-05-21,DSRYO0750R,pooja.sharma51@gmail.com,9501532544,VERIFIED,BR003,2026-05-16 10:42:25.5941699,2026-05-16 10:42:25.5941699
3380,Rahul,Singh,1983-02-18,ABXCH8920K,rahul.singh47@gmail.com,9729166087,VERIFIED,BR003,2026-05-16 10:42:25.5941699,2026-05-16 10:42:25.5941699
3381,Priya,Mehta,1965-07-10,WDTTC6257J,priya.mehta96@gmail.com,9403148241,PENDING,BR002,2026-05-16 10:42:25.5941699,2026-05-16 10:42:25.5941699
3382,Vikram,Jain,1969-10-18,TQOEQ6923Y,vikram.jain59@gmail.com,9016711548,VERIFIED,BR001,2026-05-16 10:42:25.5941699,2026-05-16 10:42:25.5941699
3383,Sneha,Sharma,1994-12-07,IZOSA9451E,sneha.sharma25@gmail.com,8661079906,VERIFIED,BR001,2026-05-16 10:42:25.5941699,2026-05-16 10:42:25.5941699
3384,Kavita,Mehta,1989-02-10,CVQXL9984S,kavita.mehta93@gmail.com,9863656188,VERIFIED,BR003,2026-05-16 10:42:25.5941699,2026-05-16 10:42:25.5941699
3385,Ramesh,Singh,2000-07-01,AVOYX7537R,ramesh.singh18@gmail.com,9999649129,VERIFIED,BR003,2026-05-16 10:42:25.5941699,2026-05-16 10:42:25.5941699
3386,Ramesh,Patel,1999-05-16,TEXAK9502E,ramesh.patel76@gmail.com,9060444945,VERIFIED,BR001,2026-05-16 10:42:25.5941699,2026-05-16 10:42:25.5941699
3387,Ramesh,Kumar,1964-03-31,NULJS3424I,ramesh.kumar83@gmail.com,9246407086,VERIFIED,BR001,2026-05-16 10:42:25.5941699,2026-05-16 10:42:25.5941699
3388,Neha,Mehta,1980-08-11,JXCIL0260S,neha.mehta62@gmail.com,9035205512,VERIFIED,BR004,2026-05-16 10:42:25.5941699,2026-05-16 10:42:25.5941699
3389,Rahul,Desai,1963-08-15,XBJQN1761T,rahul.desai62@gmail.com,9666330746,VERIFIED,BR001,2026-05-16 10:42:25.5941699,2026-05-16 10:42:25.5941699
3390,Vikram,Yadav,1996-11-03,WHHUM9380J,vikram.yadav39@gmail.com,9841933881,VERIFIED,BR004,2026-05-16 10:42:25.5941699,2026-05-16 10:42:25.5941699
3391,Pooja,Iyer,1995-12-07,RGDGF5724E,pooja.iyer11@gmail.com,9979906640,VERIFIED,BR003,2026-05-16 10:42:25.5941699,2026-05-16 10:42:25.5941699
3392,Neha,Gupta,1960-09-25,ISIYK1532S,neha.gupta98@gmail.com,9425078042,PENDING,BR002,2026-05-16 10:42:25.5941699,2026-05-16 10:42:25.5941699
3393,Rahul,Desai,1969-01-14,YJVOJ1142Y,rahul.desai8@gmail.com,9281327106,REJECTED,BR002,2026-05-16 10:42:25.5941699,2026-05-16 10:42:25.5941699
3394,Kavita,Singh,1982-12-07,FRQIP3983R,kavita.singh44@gmail.com,9173287039,VERIFIED,BR004,2026-05-16 10:42:25.5941699,2026-05-16 10:42:25.5941699
3395,Rohit,Yadav,1965-05-07,XDKBA8639W,rohit.yadav1@gmail.com,9403155391,VERIFIED,BR003,2026-05-16 10:42:25.5941699,2026-05-16 10:42:25.5941699
3396,Vikram,Desai,1974-07-16,QCEMY6800O,vikram.desai56@gmail.com,9437665546,PENDING,BR003,2026-05-16 10:42:25.5941699,2026-05-16 10:42:25.5941699
3397,Ramesh,Reddy,1981-01-30,OTXJG1464A,ramesh.reddy67@gmail.com,9664699038,VERIFIED,BR003,2026-05-16 10:42:25.5941699,2026-05-16 10:42:25.5941699
3398,Amit,Kumar,1976-04-27,KZVTZ1210R,amit.kumar42@gmail.com,9316792584,VERIFIED,BR001,2026-05-16 10:42:25.5941699,2026-05-16 10:42:25.5941699
3399,Sneha,Yadav,1993-06-24,UVADK6056G,sneha.yadav79@gmail.com,9304333987,VERIFIED,BR003,2026-05-16 10:42:25.5941699,2026-05-16 10:42:25.5941699
3400,Vikram,Reddy,1991-08-27,JFPCB0076N,vikram.reddy3@gmail.com,9611544763,VERIFIED,BR001,2026-05-16 10:42:25.5941699,2026-05-16 10:42:25.5941699
3401,Suresh,Desai,1964-05-14,CDVJS2453T,suresh.desai97@gmail.com,9603560303,PENDING,BR004,2026-05-16 10:42:25.5941699,2026-05-16 10:42:25.5941699
3402,Priya,Sharma,1974-08-28,ISPQX2277G,priya.sharma93@gmail.com,9439313481,PENDING,BR002,2026-05-16 10:42:25.5941699,2026-05-16 10:42:25.5941699
3403,Rahul,Verma,1987-08-11,DGZQM9503J,rahul.verma20@gmail.com,9703188115,VERIFIED,BR004,2026-05-16 10:42:25.5941699,2026-05-16 10:42:25.5941699
3404,Anjali,Sharma,1988-04-14,LHGAT6936W,anjali.sharma31@gmail.com,9922558290,VERIFIED,BR003,2026-05-16 10:42:25.5941699,2026-05-16 10:42:25.5941699
3405,Kavita,Kumar,1969-04-03,XXRZL4401P,kavita.kumar32@gmail.com,9270272350,VERIFIED,BR003,2026-05-16 10:42:25.5941699,2026-05-16 10:42:25.5941699
3406,Rohit,Yadav,1986-05-17,QTBAO5864B,rohit.yadav7@gmail.com,9061791011,VERIFIED,BR004,2026-05-16 10:42:25.5941699,2026-05-16 10:42:25.5941699
3407,Kavita,Yadav,1993-01-18,KBSBD0145O,kavita.yadav79@gmail.com,8087944163,VERIFIED,BR001,2026-05-16 10:42:25.5941699,2026-05-16 10:42:25.5941699
3408,Vikram,Kumar,1989-03-15,AQMLI1145S,vikram.kumar39@gmail.com,9136938602,VERIFIED,BR001,2026-05-16 10:42:25.5941699,2026-05-16 10:42:25.5941699
3409,Anjali,Reddy,1981-12-28,EWJQS6324C,anjali.reddy55@gmail.com,9654405699,VERIFIED,BR001,2026-05-16 10:42:25.5941699,2026-05-16 10:42:25.5941699
3410,Suresh,Verma,1992-05-30,HDIAA7439S,suresh.verma98@gmail.com,8552196752,VERIFIED,BR002,2026-05-16 10:42:25.5941699,2026-05-16 10:42:25.5941699
3411,Pooja,Desai,1992-03-01,TOSWS0145U,pooja.desai90@gmail.com,9980394866,VERIFIED,BR002,2026-05-16 10:42:25.5941699,2026-05-16 10:42:25.5941699
3412,Amit,Iyer,1985-09-28,NJPDM9716G,amit.iyer24@gmail.com,9808767699,VERIFIED,BR003,2026-05-16 10:42:25.5941699,2026-05-16 10:42:25.5941699
3413,Anjali,Singh,1973-04-26,UMIBZ8910Y,anjali.singh16@gmail.com,9089063237,VERIFIED,BR004,2026-05-16 10:42:25.5941699,2026-05-16 10:42:25.5941699
3414,Rahul,Sharma,1970-01-01,HWVUE4248H,rahul.sharma40@gmail.com,9279280157,VERIFIED,BR004,2026-05-16 10:42:25.5941699,2026-05-16 10:42:25.5941699
3415,Ramesh,Sharma,1970-05-13,WJUMZ3399P,ramesh.sharma90@gmail.com,9245520282,VERIFIED,BR003,2026-05-16 10:42:25.5941699,2026-05-16 10:42:25.5941699
3416,Suresh,Jain,1989-04-17,YJKYK4455S,suresh.jain63@gmail.com,9948128507,VERIFIED,BR001,2026-05-16 10:42:25.5941699,2026-05-16 10:42:25.5941699
3417,Amit,Gupta,1967-04-22,LEVPS8041A,amit.gupta82@gmail.com,9580765617,VERIFIED,BR002,2026-05-16 10:42:25.5941699,2026-05-16 10:42:25.5941699
3418,Sneha,Jain,1985-08-21,YPZKJ9816N,sneha.jain3@gmail.com,9120389047,PENDING,BR004,2026-05-16 10:42:25.5941699,2026-05-16 10:42:25.5941699
3419,Rohit,Verma,1967-08-28,TTWSE9776S,rohit.verma54@gmail.com,8668672368,VERIFIED,BR003,2026-05-16 10:42:25.5941699,2026-05-16 10:42:25.5941699
3420,Ramesh,Singh,1962-07-08,UGWWB5386A,ramesh.singh13@gmail.com,8528463735,VERIFIED,BR001,2026-05-16 10:42:25.5941699,2026-05-16 10:42:25.5941699
3421,Vikram,Sharma,1970-12-26,EUHMO8967A,vikram.sharma49@gmail.com,9033328074,VERIFIED,BR001,2026-05-16 10:42:25.5941699,2026-05-16 10:42:25.5941699
3422,Anjali,Singh,1991-11-09,HIMOW1156B,anjali.singh43@gmail.com,9800143689,VERIFIED,BR002,2026-05-16 10:42:25.5941699,2026-05-16 10:42:25.5941699
3423,Amit,Iyer,1998-08-06,LFQNC4699E,amit.iyer29@gmail.com,9220660045,VERIFIED,BR002,2026-05-16 10:42:25.5941699,2026-05-16 10:42:25.5941699
3424,Priya,Desai,1966-10-10,UFQWS9620M,priya.desai60@gmail.com,8120201089,VERIFIED,BR003,2026-05-16 10:42:25.5941699,2026-05-16 10:42:25.5941699
3425,Neha,Yadav,1996-07-17,MTLKK2189Q,neha.yadav29@gmail.com,8103557726,VERIFIED,BR003,2026-05-16 10:42:25.5941699,2026-05-16 10:42:25.5941699
3426,Priya,Singh,1986-07-19,LABDU1888X,priya.singh2@gmail.com,9418713008,VERIFIED,BR001,2026-05-16 10:42:25.5941699,2026-05-16 10:42:25.5941699
3427,Pooja,Sharma,1980-12-28,RHXDV7829G,pooja.sharma42@gmail.com,8453938630,VERIFIED,BR001,2026-05-16 10:42:25.5941699,2026-05-16 10:42:25.5941699
3428,Priya,Reddy,1964-07-29,KLOAU1954X,priya.reddy27@gmail.com,9841394510,VERIFIED,BR004,2026-05-16 10:42:25.5941699,2026-05-16 10:42:25.5941699
3429,Sneha,Verma,1979-06-01,TCFAI6624T,sneha.verma38@gmail.com,9243499966,REJECTED,BR001,2026-05-16 10:42:25.5941699,2026-05-16 10:42:25.5941699
3430,Pooja,Kumar,1961-03-27,DOJKO8112L,pooja.kumar22@gmail.com,9766143573,VERIFIED,BR003,2026-05-16 10:42:25.5941699,2026-05-16 10:42:25.5941699
3431,Suresh,Mehta,1986-05-20,TCOFB6801K,suresh.mehta70@gmail.com,9162113606,VERIFIED,BR002,2026-05-16 10:42:25.5941699,2026-05-16 10:42:25.5941699
3432,Rohit,Patel,1961-09-17,HCIXS8650Q,rohit.patel77@gmail.com,8356628145,VERIFIED,BR003,2026-05-16 10:42:25.5941699,2026-05-16 10:42:25.5941699
3433,Suresh,Patel,1977-06-12,TPTTH6002L,suresh.patel1@gmail.com,9200890460,VERIFIED,BR004,2026-05-16 10:42:25.5941699,2026-05-16 10:42:25.5941699
3434,Neha,Mehta,1996-06-11,KXIRV1615G,neha.mehta63@gmail.com,9519236243,VERIFIED,BR004,2026-05-16 10:42:25.5941699,2026-05-16 10:42:25.5941699
3435,Rahul,Singh,1976-09-23,MLJBB6149M,rahul.singh91@gmail.com,9935327851,VERIFIED,BR002,2026-05-16 10:42:25.5941699,2026-05-16 10:42:25.5941699
3436,Rohit,Verma,1976-04-09,HCVLG0908Z,rohit.verma68@gmail.com,9411860821,PENDING,BR003,2026-05-16 10:42:25.5941699,2026-05-16 10:42:25.5941699
3437,Priya,Singh,1983-11-21,XCXNO7410L,priya.singh9@gmail.com,9768470005,VERIFIED,BR004,2026-05-16 10:42:25.5941699,2026-05-16 10:42:25.5941699
3438,Kavita,Iyer,1988-02-15,NKZNK0583L,kavita.iyer82@gmail.com,9907485241,REJECTED,BR003,2026-05-16 10:42:25.5941699,2026-05-16 10:42:25.5941699
3439,Rahul,Iyer,1997-09-29,PSFFK4030R,rahul.iyer54@gmail.com,9067398948,VERIFIED,BR004,2026-05-16 10:42:25.5941699,2026-05-16 10:42:25.5941699
3440,Rohit,Iyer,1967-09-18,FEJOP4413L,rohit.iyer20@gmail.com,9089989648,PENDING,BR002,2026-05-16 10:42:25.5941699,2026-05-16 10:42:25.5941699
3441,Rohit,Kumar,1979-11-02,YZPPT1141O,rohit.kumar75@gmail.com,9139250936,VERIFIED,BR004,2026-05-16 10:42:25.5941699,2026-05-16 10:42:25.5941699
3442,Neha,Verma,1965-09-28,XSIBR5245T,neha.verma26@gmail.com,8654967667,VERIFIED,BR003,2026-05-16 10:42:25.5941699,2026-05-16 10:42:25.5941699
3443,Vikram,Jain,1961-11-02,WAWFD5294P,vikram.jain8@gmail.com,9854958984,VERIFIED,BR003,2026-05-16 10:42:25.5941699,2026-05-16 10:42:25.5941699
3444,Priya,Jain,1982-01-26,TLOQG0370K,priya.jain74@gmail.com,9128158782,VERIFIED,BR004,2026-05-16 10:42:25.5941699,2026-05-16 10:42:25.5941699
3445,Neha,Mehta,1966-01-19,DNYLZ0589A,neha.mehta84@gmail.com,9810559019,VERIFIED,BR001,2026-05-16 10:42:25.5941699,2026-05-16 10:42:25.5941699
3446,Rohit,Iyer,1982-12-04,NOMXV6728F,rohit.iyer49@gmail.com,8713686985,VERIFIED,BR002,2026-05-16 10:42:25.5941699,2026-05-16 10:42:25.5941699
3447,Amit,Iyer,1970-05-05,YUMXY1851E,amit.iyer15@gmail.com,9223160831,VERIFIED,BR002,2026-05-16 10:42:25.5941699,2026-05-16 10:42:25.5941699
3448,Rahul,Singh,1995-06-13,SMNKA6091B,rahul.singh46@gmail.com,9882601515,VERIFIED,BR004,2026-05-16 10:42:25.5941699,2026-05-16 10:42:25.5941699
3449,Neha,Gupta,1984-05-01,VSHFR4893V,neha.gupta8@gmail.com,9815477088,VERIFIED,BR004,2026-05-16 10:42:25.5941699,2026-05-16 10:42:25.5941699
3450,Vikram,Sharma,1983-12-19,MVRZC6974D,vikram.sharma62@gmail.com,9604822454,VERIFIED,BR001,2026-05-16 10:42:25.5941699,2026-05-16 10:42:25.5941699
3451,Anjali,Reddy,1989-06-30,RPMJS4744J,anjali.reddy15@gmail.com,8856771247,VERIFIED,BR002,2026-05-16 10:42:25.5941699,2026-05-16 10:42:25.5941699
3452,Suresh,Yadav,1986-10-29,BPRNG2207E,suresh.yadav7@gmail.com,9178816794,VERIFIED,BR001,2026-05-16 10:42:25.5941699,2026-05-16 10:42:25.5941699
3453,Rohit,Reddy,1988-01-13,EVHDR6376W,rohit.reddy56@gmail.com,9770769314,VERIFIED,BR002,2026-05-16 10:42:25.5941699,2026-05-16 10:42:25.5941699
3454,Priya,Kumar,1991-11-16,EVPTG6006P,priya.kumar51@gmail.com,9234363840,PENDING,BR004,2026-05-16 10:42:25.5941699,2026-05-16 10:42:25.5941699
3455,Kavita,Singh,1987-10-31,RKTIU5090W,kavita.singh16@gmail.com,9022633249,PENDING,BR002,2026-05-16 10:42:25.5941699,2026-05-16 10:42:25.5941699
3456,Anjali,Desai,1996-09-11,CBSXK0045W,anjali.desai51@gmail.com,9291158332,VERIFIED,BR002,2026-05-16 10:42:25.5941699,2026-05-16 10:42:25.5941699
3457,Pooja,Iyer,1981-01-23,FGMIL5822Q,pooja.iyer78@gmail.com,9522617790,VERIFIED,BR002,2026-05-16 10:42:25.5941699,2026-05-16 10:42:25.5941699
3458,Ramesh,Verma,1965-07-11,SJXPC5402H,ramesh.verma7@gmail.com,9526690185,VERIFIED,BR001,2026-05-16 10:42:25.5941699,2026-05-16 10:42:25.5941699
3459,Vikram,Jain,1986-06-24,ZSYZK2880G,vikram.jain29@gmail.com,9807566199,VERIFIED,BR001,2026-05-16 10:42:25.5941699,2026-05-16 10:42:25.5941699
3460,Kavita,Jain,1991-07-13,CZMDR4153R,kavita.jain56@gmail.com,9952099460,VERIFIED,BR002,2026-05-16 10:42:25.5941699,2026-05-16 10:42:25.5941699
3461,Ramesh,Singh,1980-12-23,IWPES6200X,ramesh.singh59@gmail.com,9713069948,VERIFIED,BR003,2026-05-16 10:42:25.5941699,2026-05-16 10:42:25.5941699
3462,Vikram,Verma,1970-10-08,RDORC6300A,vikram.verma8@gmail.com,9813888781,VERIFIED,BR001,2026-05-16 10:42:25.5941699,2026-05-16 10:42:25.5941699
3463,Priya,Yadav,1961-12-30,OIFDW4678W,priya.yadav43@gmail.com,9150875859,VERIFIED,BR004,2026-05-16 10:42:25.5941699,2026-05-16 10:42:25.5941699
3464,Amit,Gupta,1985-09-25,SZIKR2578Z,amit.gupta74@gmail.com,9010024075,VERIFIED,BR004,2026-05-16 10:42:25.5941699,2026-05-16 10:42:25.5941699
3465,Priya,Reddy,1974-05-21,AXBAB8504D,priya.reddy8@gmail.com,9485597553,PENDING,BR002,2026-05-16 10:42:25.5941699,2026-05-16 10:42:25.5941699
3466,Suresh,Sharma,1986-05-31,SVIVZ1693I,suresh.sharma35@gmail.com,9447071634,VERIFIED,BR004,2026-05-16 10:42:25.5941699,2026-05-16 10:42:25.5941699
3467,Anjali,Yadav,1983-09-15,BOYTQ0702H,anjali.yadav16@gmail.com,9021918469,VERIFIED,BR001,2026-05-16 10:42:25.5941699,2026-05-16 10:42:25.5941699
3468,Rahul,Yadav,1962-08-10,QKCUK5658E,rahul.yadav16@gmail.com,9037889641,PENDING,BR003,2026-05-16 10:42:25.5941699,2026-05-16 10:42:25.5941699
3469,Vikram,Reddy,1978-02-19,ZRLBW8578I,vikram.reddy59@gmail.com,9274896524,VERIFIED,BR003,2026-05-16 10:42:25.5941699,2026-05-16 10:42:25.5941699
3470,Priya,Yadav,2000-07-25,TWWXF9809V,priya.yadav85@gmail.com,9578523596,VERIFIED,BR003,2026-05-16 10:42:25.5941699,2026-05-16 10:42:25.5941699
3471,Rahul,Desai,1973-07-16,OFUGW4966J,rahul.desai74@gmail.com,9141388412,VERIFIED,BR004,2026-05-16 10:42:25.5941699,2026-05-16 10:42:25.5941699
3472,Suresh,Desai,1974-03-06,ZCPDI6644L,suresh.desai82@gmail.com,9695496586,VERIFIED,BR002,2026-05-16 10:42:25.5941699,2026-05-16 10:42:25.5941699
3473,Rohit,Jain,2000-08-08,QTCVL6043E,rohit.jain88@gmail.com,9879950765,VERIFIED,BR004,2026-05-16 10:42:25.5941699,2026-05-16 10:42:25.5941699
3474,Pooja,Patel,1976-06-17,ROYKG5960X,pooja.patel61@gmail.com,8601610651,VERIFIED,BR002,2026-05-16 10:42:25.5941699,2026-05-16 10:42:25.5941699
3475,Anjali,Patel,1995-10-19,RWUEY1144Q,anjali.patel57@gmail.com,9921091800,VERIFIED,BR003,2026-05-16 10:42:25.5941699,2026-05-16 10:42:25.5941699
3476,Suresh,Desai,1970-09-17,VNORL3993F,suresh.desai78@gmail.com,9775143915,PENDING,BR001,2026-05-16 10:42:25.5941699,2026-05-16 10:42:25.5941699
3477,Suresh,Mehta,1982-04-08,OQRSZ0258S,suresh.mehta56@gmail.com,8507347262,VERIFIED,BR004,2026-05-16 10:42:25.5941699,2026-05-16 10:42:25.5941699
3478,Priya,Gupta,1963-09-19,NDIMM4983A,priya.gupta87@gmail.com,9394442098,REJECTED,BR001,2026-05-16 10:42:25.5941699,2026-05-16 10:42:25.5941699
3479,Amit,Verma,1994-02-27,OEOYN3999J,amit.verma26@gmail.com,9316620907,VERIFIED,BR003,2026-05-16 10:42:25.5941699,2026-05-16 10:42:25.5941699
3480,Ramesh,Gupta,1972-02-01,DLXUI5108S,ramesh.gupta14@gmail.com,9717425834,PENDING,BR002,2026-05-16 10:42:25.5941699,2026-05-16 10:42:25.5941699
3481,Pooja,Kumar,1984-12-18,YWWJC5019Q,pooja.kumar77@gmail.com,9639100490,VERIFIED,BR001,2026-05-16 10:42:25.5941699,2026-05-16 10:42:25.5941699
3482,Anjali,Yadav,1972-02-22,LBQUA6256Q,anjali.yadav74@gmail.com,9174632780,VERIFIED,BR004,2026-05-16 10:42:25.5941699,2026-05-16 10:42:25.5941699
3483,Rohit,Sharma,1985-01-09,YOXJM0201G,rohit.sharma37@gmail.com,9502540868,VERIFIED,BR001,2026-05-16 10:42:25.5941699,2026-05-16 10:42:25.5941699
3484,Rohit,Yadav,1960-04-01,ACWIA6364F,rohit.yadav53@gmail.com,9830232749,VERIFIED,BR001,2026-05-16 10:42:25.5941699,2026-05-16 10:42:25.5941699
3485,Neha,Gupta,1983-10-15,OZKQI9184G,neha.gupta57@gmail.com,9409821149,VERIFIED,BR004,2026-05-16 10:42:25.5941699,2026-05-16 10:42:25.5941699
3486,Suresh,Jain,1997-10-29,VQAEB7419Z,suresh.jain5@gmail.com,9423718362,VERIFIED,BR002,2026-05-16 10:42:25.5941699,2026-05-16 10:42:25.5941699
3487,Vikram,Desai,1968-04-27,GEKSD7534Z,vikram.desai73@gmail.com,8928356431,VERIFIED,BR004,2026-05-16 10:42:25.5941699,2026-05-16 10:42:25.5941699
3488,Amit,Iyer,1970-11-09,THAVM7062M,amit.iyer80@gmail.com,9060730043,PENDING,BR003,2026-05-16 10:42:25.5941699,2026-05-16 10:42:25.5941699
3489,Pooja,Reddy,1985-07-05,YYJKU4039Z,pooja.reddy50@gmail.com,9336620578,VERIFIED,BR002,2026-05-16 10:42:25.5941699,2026-05-16 10:42:25.5941699
3490,Priya,Kumar,1976-03-09,FQGJG7268R,priya.kumar87@gmail.com,9389690392,VERIFIED,BR001,2026-05-16 10:42:25.5941699,2026-05-16 10:42:25.5941699
3491,Rohit,Desai,1998-07-02,RKYNR8575H,rohit.desai7@gmail.com,9568505131,VERIFIED,BR004,2026-05-16 10:42:25.5941699,2026-05-16 10:42:25.5941699
3492,Anjali,Gupta,1972-11-22,RYRYQ8829J,anjali.gupta71@gmail.com,9288742350,VERIFIED,BR003,2026-05-16 10:42:25.5941699,2026-05-16 10:42:25.5941699
3493,Neha,Jain,1963-04-18,NGARL3499J,neha.jain60@gmail.com,9940114937,PENDING,BR004,2026-05-16 10:42:25.5941699,2026-05-16 10:42:25.5941699
3494,Anjali,Reddy,1998-12-17,GUQUP2822X,anjali.reddy35@gmail.com,9451338970,VERIFIED,BR002,2026-05-16 10:42:25.5941699,2026-05-16 10:42:25.5941699
3495,Amit,Sharma,1990-03-09,LPINJ7730X,amit.sharma79@gmail.com,8315815277,VERIFIED,BR003,2026-05-16 10:42:25.5941699,2026-05-16 10:42:25.5941699
3496,Vikram,Iyer,1980-05-24,AEGMT0429Y,vikram.iyer54@gmail.com,9965141981,VERIFIED,BR001,2026-05-16 10:42:25.5941699,2026-05-16 10:42:25.5941699
3497,Neha,Gupta,1970-11-25,PFBMF7985I,neha.gupta9@gmail.com,9058343209,VERIFIED,BR002,2026-05-16 10:42:25.5941699,2026-05-16 10:42:25.5941699
3498,Neha,Verma,1963-05-12,QXRZA5043L,neha.verma20@gmail.com,9744629855,VERIFIED,BR003,2026-05-16 10:42:25.5941699,2026-05-16 10:42:25.5941699
3499,Ramesh,Singh,1984-12-05,CADSA9015J,ramesh.singh20@gmail.com,9626255475,VERIFIED,BR002,2026-05-16 10:42:25.5941699,2026-05-16 10:42:25.5941699
3500,Pooja,Reddy,1972-02-25,FFBXP7668Y,pooja.reddy78@gmail.com,9827342459,VERIFIED,BR001,2026-05-16 10:42:25.5941699,2026-05-16 10:42:25.5941699
3501,Neha,Gupta,1964-12-23,MWTEU7116S,neha.gupta66@gmail.com,9579036823,PENDING,BR003,2026-05-16 10:42:25.5941699,2026-05-16 10:42:25.5941699
3502,Sneha,Jain,1968-03-01,AZEJX8146F,sneha.jain29@gmail.com,8183253272,VERIFIED,BR004,2026-05-16 10:42:25.5941699,2026-05-16 10:42:25.5941699
3503,Ramesh,Desai,1997-11-12,UIRNM5563K,ramesh.desai3@gmail.com,9837908675,VERIFIED,BR004,2026-05-16 10:42:25.5941699,2026-05-16 10:42:25.5941699
3504,Ramesh,Verma,1992-07-08,YGTZU8653C,ramesh.verma66@gmail.com,9330011007,VERIFIED,BR001,2026-05-16 10:42:25.5941699,2026-05-16 10:42:25.5941699
3505,Amit,Mehta,1968-05-20,MXHVI6669N,amit.mehta86@gmail.com,9883821966,VERIFIED,BR003,2026-05-16 10:42:25.5941699,2026-05-16 10:42:25.5941699
3506,Sneha,Reddy,1982-02-11,DEVKF4391C,sneha.reddy97@gmail.com,9028338547,VERIFIED,BR001,2026-05-16 10:42:25.5941699,2026-05-16 10:42:25.5941699
3507,Rahul,Iyer,1977-07-01,RVJLS8148F,rahul.iyer63@gmail.com,9558806961,VERIFIED,BR001,2026-05-16 10:42:25.5941699,2026-05-16 10:42:25.5941699
3508,Anjali,Verma,1962-07-02,TAGDZ6306B,anjali.verma70@gmail.com,9071753272,VERIFIED,BR002,2026-05-16 10:42:25.5941699,2026-05-16 10:42:25.5941699
3509,Vikram,Jain,1985-04-26,LGPLA8959N,vikram.jain67@gmail.com,9021711235,PENDING,BR004,2026-05-16 10:42:25.5941699,2026-05-16 10:42:25.5941699
3510,Kavita,Desai,1985-10-22,TYIAI6518V,kavita.desai40@gmail.com,9424063939,VERIFIED,BR001,2026-05-16 10:42:25.5941699,2026-05-16 10:42:25.5941699
3511,Anjali,Gupta,1994-01-04,SKFUY9278Q,anjali.gupta92@gmail.com,9589653814,PENDING,BR002,2026-05-16 10:42:25.5941699,2026-05-16 10:42:25.5941699
3512,Neha,Yadav,1968-12-05,XNBNW0211T,neha.yadav61@gmail.com,9870045281,VERIFIED,BR001,2026-05-16 10:42:25.5941699,2026-05-16 10:42:25.5941699
3513,Vikram,Sharma,1977-02-22,VKJWD1712P,vikram.sharma58@gmail.com,9716780008,PENDING,BR001,2026-05-16 10:42:25.5941699,2026-05-16 10:42:25.5941699
3514,Rohit,Jain,1985-12-10,JJJEP1357U,rohit.jain73@gmail.com,9916537741,VERIFIED,BR001,2026-05-16 10:42:25.5941699,2026-05-16 10:42:25.5941699
3515,Rahul,Iyer,1980-06-27,GXNSQ2839C,rahul.iyer70@gmail.com,9070722651,VERIFIED,BR004,2026-05-16 10:42:25.5941699,2026-05-16 10:42:25.5941699
3516,Rohit,Yadav,1969-11-08,XRWRP4610E,rohit.yadav66@gmail.com,8649097630,VERIFIED,BR003,2026-05-16 10:42:25.5941699,2026-05-16 10:42:25.5941699
3517,Sneha,Iyer,1960-08-07,RCRMD9989G,sneha.iyer65@gmail.com,9839373165,VERIFIED,BR004,2026-05-16 10:42:25.5941699,2026-05-16 10:42:25.5941699
3518,Rohit,Singh,1971-07-31,WNVDP7748E,rohit.singh20@gmail.com,9248870235,VERIFIED,BR002,2026-05-16 10:42:25.5941699,2026-05-16 10:42:25.5941699
3519,Priya,Iyer,1989-07-04,EPGOB3247D,priya.iyer33@gmail.com,9388603658,VERIFIED,BR003,2026-05-16 10:42:25.5941699,2026-05-16 10:42:25.5941699
3520,Pooja,Verma,1961-10-16,UJORM4287X,pooja.verma28@gmail.com,9557038838,PENDING,BR002,2026-05-16 10:42:25.5941699,2026-05-16 10:42:25.5941699
3521,Anjali,Singh,1983-01-31,CWBHB8116X,anjali.singh59@gmail.com,9487302325,VERIFIED,BR001,2026-05-16 10:42:25.5941699,2026-05-16 10:42:25.5941699
3522,Kavita,Sharma,1983-11-30,UGMPX7330T,kavita.sharma45@gmail.com,9820924467,VERIFIED,BR003,2026-05-16 10:42:25.5941699,2026-05-16 10:42:25.5941699
3523,Priya,Verma,1969-09-08,IKTBQ0077I,priya.verma80@gmail.com,9558742009,VERIFIED,BR002,2026-05-16 10:42:25.5941699,2026-05-16 10:42:25.5941699
3524,Amit,Patel,1973-03-20,KRRHB7175D,amit.patel52@gmail.com,8822648699,VERIFIED,BR001,2026-05-16 10:42:25.5941699,2026-05-16 10:42:25.5941699
3525,Kavita,Desai,1972-03-08,BXVRL0832I,kavita.desai68@gmail.com,9533602225,VERIFIED,BR002,2026-05-16 10:42:25.5941699,2026-05-16 10:42:25.5941699
3526,Rohit,Verma,1994-08-03,JCIDC5532B,rohit.verma95@gmail.com,9486069890,VERIFIED,BR002,2026-05-16 10:42:25.5941699,2026-05-16 10:42:25.5941699
3527,Neha,Jain,1962-03-13,UTRBT3174N,neha.jain51@gmail.com,9822978924,VERIFIED,BR004,2026-05-16 10:42:25.5941699,2026-05-16 10:42:25.5941699
3528,Rahul,Desai,1985-07-29,VGORC9423A,rahul.desai69@gmail.com,9402892699,VERIFIED,BR001,2026-05-16 10:42:25.5941699,2026-05-16 10:42:25.5941699
3529,Suresh,Yadav,1965-11-27,MNSQL1030W,suresh.yadav88@gmail.com,8700232469,VERIFIED,BR004,2026-05-16 10:42:25.5941699,2026-05-16 10:42:25.5941699
3530,Kavita,Kumar,2000-09-03,SUZXL4237Z,kavita.kumar56@gmail.com,9814763092,VERIFIED,BR003,2026-05-16 10:42:25.5941699,2026-05-16 10:42:25.5941699
3531,Rohit,Reddy,1984-09-28,RNPCF0378S,rohit.reddy23@gmail.com,9780274405,VERIFIED,BR001,2026-05-16 10:42:25.5941699,2026-05-16 10:42:25.5941699
3532,Rahul,Kumar,1986-04-07,TQUHG3613K,rahul.kumar58@gmail.com,9381149892,VERIFIED,BR004,2026-05-16 10:42:25.5941699,2026-05-16 10:42:25.5941699
3533,Vikram,Gupta,1971-09-10,KCELC4786V,vikram.gupta33@gmail.com,9081627043,VERIFIED,BR004,2026-05-16 10:42:25.5941699,2026-05-16 10:42:25.5941699
3534,Anjali,Reddy,1975-10-24,NKDLP4148Y,anjali.reddy65@gmail.com,9744142103,VERIFIED,BR003,2026-05-16 10:42:25.5941699,2026-05-16 10:42:25.5941699
3535,Ramesh,Iyer,1989-02-20,LFAJF0584J,ramesh.iyer24@gmail.com,9168914620,PENDING,BR002,2026-05-16 10:42:25.5941699,2026-05-16 10:42:25.5941699
3536,Pooja,Reddy,1975-10-28,VBSFR7969J,pooja.reddy90@gmail.com,9501631076,VERIFIED,BR002,2026-05-16 10:42:25.5941699,2026-05-16 10:42:25.5941699
3537,Rahul,Jain,1986-09-15,HKJMF2260O,rahul.jain30@gmail.com,9545943210,VERIFIED,BR002,2026-05-16 10:42:25.5941699,2026-05-16 10:42:25.5941699
3538,Neha,Jain,1985-11-13,KCHQC1513R,neha.jain2@gmail.com,9783434703,PENDING,BR003,2026-05-16 10:42:25.5941699,2026-05-16 10:42:25.5941699
3539,Sneha,Mehta,1985-08-03,TFYGA2355S,sneha.mehta5@gmail.com,9914534910,VERIFIED,BR004,2026-05-16 10:42:25.5941699,2026-05-16 10:42:25.5941699
3540,Neha,Reddy,1980-11-03,NMAJO9022V,neha.reddy73@gmail.com,9602750322,VERIFIED,BR001,2026-05-16 10:42:25.5941699,2026-05-16 10:42:25.5941699
3541,Rahul,Sharma,1980-03-17,PQKFV7519Y,rahul.sharma92@gmail.com,9423413584,VERIFIED,BR003,2026-05-16 10:42:25.5941699,2026-05-16 10:42:25.5941699
3542,Neha,Kumar,1967-05-23,YZPRE9352B,neha.kumar57@gmail.com,9916426251,VERIFIED,BR002,2026-05-16 10:42:25.5941699,2026-05-16 10:42:25.5941699
3543,Anjali,Yadav,1963-09-11,XBTRP0411P,anjali.yadav9@gmail.com,9875115211,PENDING,BR002,2026-05-16 10:42:25.5941699,2026-05-16 10:42:25.5941699
3544,Neha,Desai,1973-09-10,DFCCS7968P,neha.desai42@gmail.com,9151640206,PENDING,BR001,2026-05-16 10:42:25.5941699,2026-05-16 10:42:25.5941699
3545,Kavita,Gupta,1991-11-17,ILPUS6842T,kavita.gupta33@gmail.com,9777597540,VERIFIED,BR003,2026-05-16 10:42:25.5941699,2026-05-16 10:42:25.5941699
3546,Ramesh,Reddy,1967-07-02,LPIYD4154K,ramesh.reddy63@gmail.com,9196527947,VERIFIED,BR002,2026-05-16 10:42:25.5941699,2026-05-16 10:42:25.5941699
3547,Neha,Gupta,1982-04-14,ZJTON1994P,neha.gupta43@gmail.com,9200296961,VERIFIED,BR003,2026-05-16 10:42:25.5941699,2026-05-16 10:42:25.5941699
3548,Ramesh,Yadav,1982-07-25,FUWWI8048F,ramesh.yadav76@gmail.com,9745111676,VERIFIED,BR004,2026-05-16 10:42:25.5941699,2026-05-16 10:42:25.5941699
3549,Rohit,Gupta,1987-08-17,PZJJV7715T,rohit.gupta46@gmail.com,9309583426,VERIFIED,BR003,2026-05-16 10:42:25.5941699,2026-05-16 10:42:25.5941699
3550,Amit,Iyer,1998-12-15,KMOBO8565S,amit.iyer3@gmail.com,9371814671,VERIFIED,BR004,2026-05-16 10:42:25.5941699,2026-05-16 10:42:25.5941699
3551,Anjali,Yadav,1989-05-31,XBNYS1284N,anjali.yadav15@gmail.com,9443523297,VERIFIED,BR001,2026-05-16 10:42:25.5941699,2026-05-16 10:42:25.5941699
3552,Amit,Iyer,1984-12-17,ZJUSC2919Z,amit.iyer25@gmail.com,9433298359,VERIFIED,BR004,2026-05-16 10:42:25.5941699,2026-05-16 10:42:25.5941699
3553,Rohit,Reddy,1986-04-30,VBPNG0836B,rohit.reddy98@gmail.com,9578570946,PENDING,BR004,2026-05-16 10:42:25.5941699,2026-05-16 10:42:25.5941699
3554,Anjali,Yadav,1988-08-18,GRPTJ7534H,anjali.yadav28@gmail.com,9275793778,VERIFIED,BR001,2026-05-16 10:42:25.5941699,2026-05-16 10:42:25.5941699
3555,Rahul,Reddy,1963-02-19,RXOVD8926E,rahul.reddy50@gmail.com,9188205279,VERIFIED,BR002,2026-05-16 10:42:25.5941699,2026-05-16 10:42:25.5941699
3556,Rahul,Iyer,1962-10-13,XUXCV0673C,rahul.iyer58@gmail.com,9818489764,VERIFIED,BR001,2026-05-16 10:42:25.5941699,2026-05-16 10:42:25.5941699
3557,Ramesh,Mehta,1988-09-04,QVXVV8891W,ramesh.mehta20@gmail.com,8463646310,VERIFIED,BR003,2026-05-16 10:42:25.5941699,2026-05-16 10:42:25.5941699
3558,Rohit,Mehta,1990-12-19,ZSKAS3522G,rohit.mehta94@gmail.com,8501338459,VERIFIED,BR001,2026-05-16 10:42:25.5941699,2026-05-16 10:42:25.5941699
3559,Ramesh,Yadav,1960-09-27,SOICK7607P,ramesh.yadav85@gmail.com,9992885650,VERIFIED,BR003,2026-05-16 10:42:25.5941699,2026-05-16 10:42:25.5941699
3560,Pooja,Jain,1998-01-20,PNTUQ6463Z,pooja.jain12@gmail.com,9022229505,VERIFIED,BR002,2026-05-16 10:42:25.5941699,2026-05-16 10:42:25.5941699
3561,Neha,Mehta,1964-10-14,PMQXA9687O,neha.mehta9@gmail.com,9345632291,VERIFIED,BR003,2026-05-16 10:42:25.5941699,2026-05-16 10:42:25.5941699
3562,Suresh,Desai,1977-05-04,MUEQT0408G,suresh.desai42@gmail.com,9822622435,PENDING,BR001,2026-05-16 10:42:25.5941699,2026-05-16 10:42:25.5941699
3563,Pooja,Jain,1978-12-14,ZMYLM1422A,pooja.jain49@gmail.com,9396991355,VERIFIED,BR001,2026-05-16 10:42:25.5941699,2026-05-16 10:42:25.5941699
3564,Neha,Desai,1997-06-21,SEDEE8265Z,neha.desai58@gmail.com,9091401668,VERIFIED,BR002,2026-05-16 10:42:25.5941699,2026-05-16 10:42:25.5941699
3565,Anjali,Mehta,1970-03-24,VFVKX1239D,anjali.mehta98@gmail.com,9816321664,VERIFIED,BR001,2026-05-16 10:42:25.5941699,2026-05-16 10:42:25.5941699
3566,Ramesh,Mehta,1978-04-07,XCUHE7581V,ramesh.mehta94@gmail.com,9481740705,PENDING,BR002,2026-05-16 10:42:25.5941699,2026-05-16 10:42:25.5941699
3567,Anjali,Patel,1994-07-08,ASGVJ6347C,anjali.patel67@gmail.com,9039514655,VERIFIED,BR002,2026-05-16 10:42:25.5941699,2026-05-16 10:42:25.5941699
3568,Priya,Patel,1979-09-13,DTLBI9082J,priya.patel9@gmail.com,8236321401,VERIFIED,BR001,2026-05-16 10:42:25.5941699,2026-05-16 10:42:25.5941699
3569,Priya,Reddy,1997-01-11,MFOSX4381K,priya.reddy36@gmail.com,9359944014,VERIFIED,BR004,2026-05-16 10:42:25.5941699,2026-05-16 10:42:25.5941699
3570,Priya,Yadav,1988-04-20,ZRQNV3097A,priya.yadav3@gmail.com,9615441824,VERIFIED,BR003,2026-05-16 10:42:25.5941699,2026-05-16 10:42:25.5941699
3571,Anjali,Singh,1967-10-25,QIIGT5161P,anjali.singh69@gmail.com,9199567801,VERIFIED,BR004,2026-05-16 10:42:25.5941699,2026-05-16 10:42:25.5941699
3572,Neha,Singh,1995-06-20,JJPYL1132M,neha.singh21@gmail.com,8404809595,VERIFIED,BR002,2026-05-16 10:42:25.5941699,2026-05-16 10:42:25.5941699
3573,Priya,Mehta,1994-11-04,CGVQO7606H,priya.mehta69@gmail.com,9534366332,VERIFIED,BR003,2026-05-16 10:42:25.5941699,2026-05-16 10:42:25.5941699
3574,Rohit,Gupta,1982-11-22,UHHQD0417I,rohit.gupta24@gmail.com,9874637252,VERIFIED,BR004,2026-05-16 10:42:25.5941699,2026-05-16 10:42:25.5941699
3575,Sneha,Mehta,1980-07-11,KFHNP9241X,sneha.mehta38@gmail.com,9575895707,VERIFIED,BR001,2026-05-16 10:42:25.5941699,2026-05-16 10:42:25.5941699
3576,Neha,Patel,1975-10-28,NLPTN7322X,neha.patel97@gmail.com,9143258438,PENDING,BR004,2026-05-16 10:42:25.5941699,2026-05-16 10:42:25.5941699
3577,Priya,Reddy,1986-07-21,OJQDI0238S,priya.reddy52@gmail.com,9988296793,VERIFIED,BR003,2026-05-16 10:42:25.5941699,2026-05-16 10:42:25.5941699
3578,Vikram,Mehta,1964-12-14,WETOX5632P,vikram.mehta40@gmail.com,8561656331,VERIFIED,BR003,2026-05-16 10:42:25.5941699,2026-05-16 10:42:25.5941699
3579,Rahul,Kumar,1996-06-16,VWGLX8433D,rahul.kumar78@gmail.com,9446450181,VERIFIED,BR003,2026-05-16 10:42:25.5941699,2026-05-16 10:42:25.5941699
3580,Rahul,Jain,1984-02-01,VMIGD5205S,rahul.jain83@gmail.com,9783976218,PENDING,BR003,2026-05-16 10:42:25.5941699,2026-05-16 10:42:25.5941699
3581,Pooja,Gupta,1974-02-26,IDNLY9764M,pooja.gupta16@gmail.com,9185842932,VERIFIED,BR004,2026-05-16 10:42:25.5941699,2026-05-16 10:42:25.5941699
3582,Rahul,Kumar,1972-10-16,NLLOP4417U,rahul.kumar83@gmail.com,9652376197,VERIFIED,BR001,2026-05-16 10:42:25.5941699,2026-05-16 10:42:25.5941699
3583,Neha,Reddy,1999-07-26,AWWPC2400Y,neha.reddy31@gmail.com,9348629908,VERIFIED,BR001,2026-05-16 10:42:25.5941699,2026-05-16 10:42:25.5941699
3584,Kavita,Reddy,1974-08-31,FNUYY4343N,kavita.reddy58@gmail.com,9563660901,VERIFIED,BR003,2026-05-16 10:42:25.5941699,2026-05-16 10:42:25.5941699
3585,Ramesh,Desai,1990-08-26,SAION9636I,ramesh.desai11@gmail.com,8022622707,VERIFIED,BR001,2026-05-16 10:42:25.5941699,2026-05-16 10:42:25.5941699
3586,Neha,Verma,1994-12-28,OSEHF9664Q,neha.verma54@gmail.com,8976094631,VERIFIED,BR004,2026-05-16 10:42:25.5941699,2026-05-16 10:42:25.5941699
3587,Sneha,Kumar,1975-02-06,IWZHT0348S,sneha.kumar42@gmail.com,9146643898,VERIFIED,BR001,2026-05-16 10:42:25.5941699,2026-05-16 10:42:25.5941699
3588,Neha,Desai,1965-06-17,UFIBV7215C,neha.desai8@gmail.com,9518074219,PENDING,BR002,2026-05-16 10:42:25.5941699,2026-05-16 10:42:25.5941699
3589,Suresh,Patel,1967-10-25,MSPXU1983V,suresh.patel73@gmail.com,9198412286,VERIFIED,BR001,2026-05-16 10:42:25.5941699,2026-05-16 10:42:25.5941699
3590,Ramesh,Sharma,1980-07-09,WOWZL1385Z,ramesh.sharma36@gmail.com,9145049668,VERIFIED,BR003,2026-05-16 10:42:25.5941699,2026-05-16 10:42:25.5941699
3591,Vikram,Gupta,1975-07-16,BKTNH2788V,vikram.gupta86@gmail.com,9752799143,PENDING,BR001,2026-05-16 10:42:25.5941699,2026-05-16 10:42:25.5941699
3592,Rahul,Jain,1986-12-21,KIJAV0074S,rahul.jain82@gmail.com,9156161034,PENDING,BR001,2026-05-16 10:42:25.5941699,2026-05-16 10:42:25.5941699
3593,Ramesh,Sharma,1999-08-30,JIZPF7653W,ramesh.sharma22@gmail.com,9805516470,VERIFIED,BR001,2026-05-16 10:42:25.5941699,2026-05-16 10:42:25.5941699
3594,Rahul,Yadav,1965-03-22,MJJMX3401N,rahul.yadav85@gmail.com,8399245480,VERIFIED,BR001,2026-05-16 10:42:25.5941699,2026-05-16 10:42:25.5941699
3595,Pooja,Iyer,1962-09-23,FHHQG5577H,pooja.iyer28@gmail.com,9674196486,VERIFIED,BR002,2026-05-16 10:42:25.5941699,2026-05-16 10:42:25.5941699
3596,Ramesh,Patel,1961-09-25,CBZFJ6077B,ramesh.patel85@gmail.com,9161714015,VERIFIED,BR004,2026-05-16 10:42:25.5941699,2026-05-16 10:42:25.5941699
3597,Priya,Patel,1971-03-28,LFDLH3446E,priya.patel14@gmail.com,8715662296,VERIFIED,BR003,2026-05-16 10:42:25.5941699,2026-05-16 10:42:25.5941699
3598,Rahul,Sharma,1987-01-23,KYLIB6996P,rahul.sharma48@gmail.com,9102050218,VERIFIED,BR003,2026-05-16 10:42:25.5941699,2026-05-16 10:42:25.5941699
3599,Vikram,Kumar,1982-10-14,GMUJH2225K,vikram.kumar73@gmail.com,9085189522,VERIFIED,BR001,2026-05-16 10:42:25.5941699,2026-05-16 10:42:25.5941699
3600,Priya,Verma,1979-01-28,DJETU8897P,priya.verma53@gmail.com,9926726765,VERIFIED,BR004,2026-05-16 10:42:25.5941699,2026-05-16 10:42:25.5941699
3601,Amit,Jain,1961-09-26,KKMAW0843J,amit.jain82@gmail.com,9911214638,VERIFIED,BR001,2026-05-16 10:42:25.5941699,2026-05-16 10:42:25.5941699
3602,Anjali,Kumar,1966-01-05,PJHBT7626B,anjali.kumar31@gmail.com,9416848012,VERIFIED,BR002,2026-05-16 10:42:25.5941699,2026-05-16 10:42:25.5941699
3603,Anjali,Sharma,1961-02-02,UQBWT7335H,anjali.sharma61@gmail.com,9006120099,VERIFIED,BR004,2026-05-16 10:42:25.5941699,2026-05-16 10:42:25.5941699
3604,Vikram,Jain,1972-12-10,TSINY3633F,vikram.jain69@gmail.com,9391057672,PENDING,BR004,2026-05-16 10:42:25.5941699,2026-05-16 10:42:25.5941699
3605,Suresh,Yadav,1967-05-18,XWDKZ6960B,suresh.yadav11@gmail.com,9105837017,VERIFIED,BR004,2026-05-16 10:42:25.5941699,2026-05-16 10:42:25.5941699
3606,Amit,Kumar,1978-10-25,GAZTB7857L,amit.kumar29@gmail.com,9665296172,VERIFIED,BR004,2026-05-16 10:42:25.5941699,2026-05-16 10:42:25.5941699
3607,Pooja,Singh,1990-09-08,VCPTN5330R,pooja.singh16@gmail.com,9348553893,PENDING,BR001,2026-05-16 10:42:25.5941699,2026-05-16 10:42:25.5941699
3608,Vikram,Kumar,1971-01-12,CXNTL9407P,vikram.kumar84@gmail.com,9741835013,VERIFIED,BR002,2026-05-16 10:42:25.5941699,2026-05-16 10:42:25.5941699
3609,Priya,Reddy,1989-06-16,LYNTK4077N,priya.reddy79@gmail.com,9999252074,VERIFIED,BR004,2026-05-16 10:42:25.5941699,2026-05-16 10:42:25.5941699
3610,Anjali,Iyer,1993-12-21,KQUJX7031M,anjali.iyer9@gmail.com,9274850770,VERIFIED,BR003,2026-05-16 10:42:25.5941699,2026-05-16 10:42:25.5941699
3611,Anjali,Desai,1984-04-25,IPJNQ2122X,anjali.desai47@gmail.com,9718630664,VERIFIED,BR003,2026-05-16 10:42:25.5941699,2026-05-16 10:42:25.5941699
3612,Anjali,Gupta,1973-07-06,ESMXW3866N,anjali.gupta14@gmail.com,9171594985,VERIFIED,BR002,2026-05-16 10:42:25.5941699,2026-05-16 10:42:25.5941699
3613,Priya,Iyer,1974-11-19,EEGJF0304O,priya.iyer66@gmail.com,9402717796,VERIFIED,BR003,2026-05-16 10:42:25.5941699,2026-05-16 10:42:25.5941699
3614,Rohit,Kumar,1986-04-27,WFPCL7322J,rohit.kumar94@gmail.com,9323303280,VERIFIED,BR001,2026-05-16 10:42:25.5941699,2026-05-16 10:42:25.5941699
3615,Vikram,Verma,1983-03-04,VAIGC9769H,vikram.verma10@gmail.com,9434562177,VERIFIED,BR001,2026-05-16 10:42:25.5941699,2026-05-16 10:42:25.5941699
3616,Neha,Iyer,1969-06-15,UMFJC9674J,neha.iyer91@gmail.com,9528919545,VERIFIED,BR002,2026-05-16 10:42:25.5941699,2026-05-16 10:42:25.5941699
3617,Pooja,Jain,1996-12-23,YWMCC2351E,pooja.jain31@gmail.com,9196320118,PENDING,BR004,2026-05-16 10:42:25.5941699,2026-05-16 10:42:25.5941699
3618,Anjali,Verma,1988-12-13,JJGYK3839Q,anjali.verma49@gmail.com,9521914210,VERIFIED,BR003,2026-05-16 10:42:25.5941699,2026-05-16 10:42:25.5941699
3619,Rahul,Iyer,1970-08-30,UJEDO3880S,rahul.iyer75@gmail.com,9564761706,VERIFIED,BR003,2026-05-16 10:42:25.5941699,2026-05-16 10:42:25.5941699
3620,Vikram,Jain,1974-02-05,NSRZX9533Q,vikram.jain3@gmail.com,9399596778,VERIFIED,BR002,2026-05-16 10:42:25.5941699,2026-05-16 10:42:25.5941699
3621,Sneha,Kumar,1969-11-16,VZCLT1590H,sneha.kumar4@gmail.com,9201341597,REJECTED,BR002,2026-05-16 10:42:25.5941699,2026-05-16 10:42:25.5941699
3622,Priya,Jain,1960-06-28,ITOOS0015I,priya.jain36@gmail.com,8867660538,VERIFIED,BR003,2026-05-16 10:42:25.5941699,2026-05-16 10:42:25.5941699
3623,Rohit,Mehta,1988-12-19,WEDPV3168S,rohit.mehta57@gmail.com,9756726995,PENDING,BR004,2026-05-16 10:42:25.5941699,2026-05-16 10:42:25.5941699
3624,Vikram,Patel,1982-12-19,MVZWV7103P,vikram.patel77@gmail.com,9773550977,VERIFIED,BR002,2026-05-16 10:42:25.5941699,2026-05-16 10:42:25.5941699
3625,Pooja,Iyer,1965-11-01,XHZHK1083G,pooja.iyer7@gmail.com,9981646983,PENDING,BR001,2026-05-16 10:42:25.5941699,2026-05-16 10:42:25.5941699
3626,Rohit,Kumar,1960-11-11,WYIBB3040W,rohit.kumar39@gmail.com,9468080327,VERIFIED,BR003,2026-05-16 10:42:25.5941699,2026-05-16 10:42:25.5941699
3627,Pooja,Patel,1977-01-09,CBZTJ5634X,pooja.patel56@gmail.com,9875542972,VERIFIED,BR002,2026-05-16 10:42:25.5941699,2026-05-16 10:42:25.5941699
3628,Vikram,Singh,1997-08-05,VLTHZ3771S,vikram.singh94@gmail.com,8612668425,VERIFIED,BR002,2026-05-16 10:42:25.5941699,2026-05-16 10:42:25.5941699
3629,Neha,Jain,1977-08-30,CKPXG1469X,neha.jain40@gmail.com,8128017218,VERIFIED,BR002,2026-05-16 10:42:25.5941699,2026-05-16 10:42:25.5941699
3630,Sneha,Sharma,1999-10-17,UAZXT9360Y,sneha.sharma37@gmail.com,9813194884,VERIFIED,BR003,2026-05-16 10:42:25.5941699,2026-05-16 10:42:25.5941699
3631,Pooja,Singh,1967-09-25,XWSQE2815N,pooja.singh77@gmail.com,9284059943,VERIFIED,BR001,2026-05-16 10:42:25.5941699,2026-05-16 10:42:25.5941699
3632,Rohit,Kumar,1990-08-27,VYDCV3617T,rohit.kumar34@gmail.com,9442181663,VERIFIED,BR001,2026-05-16 10:42:25.5941699,2026-05-16 10:42:25.5941699
3633,Rohit,Verma,1984-09-11,OJDNQ4777A,rohit.verma8@gmail.com,9643485188,VERIFIED,BR003,2026-05-16 10:42:25.5941699,2026-05-16 10:42:25.5941699
3634,Pooja,Mehta,1994-07-08,IFRQX9311U,pooja.mehta99@gmail.com,9038632724,VERIFIED,BR002,2026-05-16 10:42:25.5941699,2026-05-16 10:42:25.5941699
3635,Kavita,Yadav,1974-07-09,LSEAY6923P,kavita.yadav45@gmail.com,9718248406,VERIFIED,BR003,2026-05-16 10:42:25.5941699,2026-05-16 10:42:25.5941699
3636,Vikram,Patel,1968-05-14,TGEMD6039Z,vikram.patel88@gmail.com,9372682125,VERIFIED,BR003,2026-05-16 10:42:25.5941699,2026-05-16 10:42:25.5941699
3637,Kavita,Desai,1985-04-21,BRNYQ7165A,kavita.desai70@gmail.com,9921504025,VERIFIED,BR002,2026-05-16 10:42:25.5941699,2026-05-16 10:42:25.5941699
3638,Suresh,Patel,1990-07-15,UBOEY1078P,suresh.patel9@gmail.com,9081488557,VERIFIED,BR003,2026-05-16 10:42:25.5941699,2026-05-16 10:42:25.5941699
3639,Vikram,Reddy,1963-01-26,GYKZZ0520Q,vikram.reddy43@gmail.com,9932237608,VERIFIED,BR004,2026-05-16 10:42:25.5941699,2026-05-16 10:42:25.5941699
3640,Pooja,Gupta,1975-05-12,ZPIKR2036L,pooja.gupta13@gmail.com,9287203840,VERIFIED,BR001,2026-05-16 10:42:25.5941699,2026-05-16 10:42:25.5941699
3641,Amit,Kumar,1996-09-11,LDNMN5734T,amit.kumar78@gmail.com,9878585417,VERIFIED,BR004,2026-05-16 10:42:25.5941699,2026-05-16 10:42:25.5941699
3642,Pooja,Singh,1974-11-24,QGFRB6815C,pooja.singh98@gmail.com,9353691226,VERIFIED,BR004,2026-05-16 10:42:25.5941699,2026-05-16 10:42:25.5941699
3643,Kavita,Desai,1998-10-27,ZUWOA2827C,kavita.desai29@gmail.com,9975772875,VERIFIED,BR004,2026-05-16 10:42:25.5941699,2026-05-16 10:42:25.5941699
3644,Neha,Verma,1966-09-15,TQFAI7785Z,neha.verma79@gmail.com,9214526353,VERIFIED,BR003,2026-05-16 10:42:25.5941699,2026-05-16 10:42:25.5941699
3645,Pooja,Verma,1992-07-22,ZIGES2071O,pooja.verma33@gmail.com,9916896370,REJECTED,BR002,2026-05-16 10:42:25.5941699,2026-05-16 10:42:25.5941699
3646,Pooja,Verma,1993-10-20,VTYGL5589N,pooja.verma20@gmail.com,8532082339,VERIFIED,BR003,2026-05-16 10:42:25.5941699,2026-05-16 10:42:25.5941699
3647,Neha,Yadav,1999-01-21,MQVIF6305Q,neha.yadav64@gmail.com,9911022084,VERIFIED,BR001,2026-05-16 10:42:25.5941699,2026-05-16 10:42:25.5941699
3648,Pooja,Reddy,1998-08-23,TKQTK7365F,pooja.reddy72@gmail.com,9219026866,VERIFIED,BR003,2026-05-16 10:42:25.5941699,2026-05-16 10:42:25.5941699
3649,Anjali,Verma,1967-09-03,JRRRW1979Y,anjali.verma73@gmail.com,8925051309,VERIFIED,BR003,2026-05-16 10:42:25.5941699,2026-05-16 10:42:25.5941699
3650,Amit,Jain,1990-02-05,TNEJB8547V,amit.jain12@gmail.com,9597718148,VERIFIED,BR003,2026-05-16 10:42:25.5941699,2026-05-16 10:42:25.5941699
3651,Rahul,Verma,1960-10-15,YKXQN6335P,rahul.verma91@gmail.com,9955045035,VERIFIED,BR003,2026-05-16 10:42:25.5941699,2026-05-16 10:42:25.5941699
3652,Amit,Kumar,1981-06-22,ZTOVM1260P,amit.kumar81@gmail.com,9840574024,REJECTED,BR004,2026-05-16 10:42:25.5941699,2026-05-16 10:42:25.5941699
3653,Priya,Reddy,1968-03-18,IIUIQ9745O,priya.reddy10@gmail.com,9813429011,PENDING,BR002,2026-05-16 10:42:25.5941699,2026-05-16 10:42:25.5941699
3654,Sneha,Iyer,1991-02-11,ZCRSH5691O,sneha.iyer80@gmail.com,9185467540,VERIFIED,BR001,2026-05-16 10:42:25.5941699,2026-05-16 10:42:25.5941699
3655,Pooja,Mehta,1999-05-21,IDTDQ4226L,pooja.mehta88@gmail.com,9463659470,VERIFIED,BR001,2026-05-16 10:42:25.5941699,2026-05-16 10:42:25.5941699
3656,Anjali,Mehta,1975-05-03,UBJQI1454X,anjali.mehta21@gmail.com,9435626239,VERIFIED,BR001,2026-05-16 10:42:25.5941699,2026-05-16 10:42:25.5941699
3657,Vikram,Reddy,1990-05-28,AVOFT8017B,vikram.reddy56@gmail.com,9900918024,VERIFIED,BR003,2026-05-16 10:42:25.5941699,2026-05-16 10:42:25.5941699
3658,Pooja,Gupta,1971-08-15,CTOQE9157Z,pooja.gupta69@gmail.com,9218890574,PENDING,BR001,2026-05-16 10:42:25.5941699,2026-05-16 10:42:25.5941699
3659,Kavita,Yadav,1997-04-18,THREJ5552U,kavita.yadav77@gmail.com,8204584888,VERIFIED,BR004,2026-05-16 10:42:25.5941699,2026-05-16 10:42:25.5941699
3660,Anjali,Desai,1966-06-25,SYUWZ2713A,anjali.desai7@gmail.com,9914363223,VERIFIED,BR002,2026-05-16 10:42:25.5941699,2026-05-16 10:42:25.5941699
3661,Neha,Jain,1979-02-13,BWWLG7547D,neha.jain3@gmail.com,9355450710,VERIFIED,BR003,2026-05-16 10:42:25.5941699,2026-05-16 10:42:25.5941699
3662,Anjali,Patel,1995-04-24,YIHWI5808P,anjali.patel80@gmail.com,9112877917,VERIFIED,BR003,2026-05-16 10:42:25.5941699,2026-05-16 10:42:25.5941699
3663,Priya,Kumar,1997-01-19,WYVKS4032W,priya.kumar65@gmail.com,9549430751,PENDING,BR004,2026-05-16 10:42:25.5941699,2026-05-16 10:42:25.5941699
3664,Neha,Sharma,1971-07-09,WHOCR7834U,neha.sharma55@gmail.com,8311426430,VERIFIED,BR001,2026-05-16 10:42:25.5941699,2026-05-16 10:42:25.5941699
3665,Suresh,Mehta,1976-03-26,YDNTE0833Z,suresh.mehta87@gmail.com,9953179886,VERIFIED,BR003,2026-05-16 10:42:25.5941699,2026-05-16 10:42:25.5941699
3666,Rahul,Iyer,1990-07-26,QROWR4850F,rahul.iyer7@gmail.com,9647092045,VERIFIED,BR003,2026-05-16 10:42:25.5941699,2026-05-16 10:42:25.5941699
3667,Ramesh,Reddy,1980-03-24,KKFPK6270R,ramesh.reddy82@gmail.com,8971865589,VERIFIED,BR004,2026-05-16 10:42:25.5941699,2026-05-16 10:42:25.5941699
3668,Anjali,Desai,1960-01-10,PVVVC7551Q,anjali.desai55@gmail.com,9339472190,VERIFIED,BR004,2026-05-16 10:42:25.5941699,2026-05-16 10:42:25.5941699
3669,Rohit,Reddy,1987-05-25,BMJDR2037K,rohit.reddy67@gmail.com,9477610102,PENDING,BR001,2026-05-16 10:42:25.5941699,2026-05-16 10:42:25.5941699
3670,Kavita,Patel,1964-12-25,FCXQE7756V,kavita.patel10@gmail.com,9129019953,VERIFIED,BR002,2026-05-16 10:42:25.5941699,2026-05-16 10:42:25.5941699
3671,Pooja,Desai,1999-05-04,OHLJU5003X,pooja.desai38@gmail.com,9924206100,PENDING,BR002,2026-05-16 10:42:25.5941699,2026-05-16 10:42:25.5941699
3672,Kavita,Mehta,1986-08-22,PQSQH9444K,kavita.mehta40@gmail.com,9375841823,VERIFIED,BR001,2026-05-16 10:42:25.5941699,2026-05-16 10:42:25.5941699
3673,Amit,Verma,1999-10-19,WUEDA5780M,amit.verma11@gmail.com,9263011815,VERIFIED,BR002,2026-05-16 10:42:25.5941699,2026-05-16 10:42:25.5941699
3674,Ramesh,Jain,1986-02-11,YSHCF5496D,ramesh.jain55@gmail.com,9435646988,VERIFIED,BR004,2026-05-16 10:42:25.5941699,2026-05-16 10:42:25.5941699
3675,Amit,Reddy,1968-05-01,DIGLF2920V,amit.reddy82@gmail.com,9715545622,VERIFIED,BR004,2026-05-16 10:42:25.5941699,2026-05-16 10:42:25.5941699
3676,Suresh,Jain,1996-12-27,GNDJJ9322I,suresh.jain55@gmail.com,9554150404,VERIFIED,BR004,2026-05-16 10:42:25.5941699,2026-05-16 10:42:25.5941699
3677,Ramesh,Jain,1972-05-16,QTMCN8326E,ramesh.jain93@gmail.com,9343204667,PENDING,BR002,2026-05-16 10:42:25.5941699,2026-05-16 10:42:25.5941699
3678,Ramesh,Jain,1993-10-22,GDJJO8659L,ramesh.jain50@gmail.com,9144309751,VERIFIED,BR002,2026-05-16 10:42:25.5941699,2026-05-16 10:42:25.5941699
3679,Amit,Iyer,1982-09-15,MPVJN6418Q,amit.iyer13@gmail.com,9020861576,VERIFIED,BR003,2026-05-16 10:42:25.5941699,2026-05-16 10:42:25.5941699
3680,Neha,Sharma,1966-05-09,UGQUK2769J,neha.sharma14@gmail.com,8512718280,VERIFIED,BR003,2026-05-16 10:42:25.5941699,2026-05-16 10:42:25.5941699
3681,Priya,Mehta,1998-01-16,LHMGU9472P,priya.mehta62@gmail.com,9081950850,VERIFIED,BR003,2026-05-16 10:42:25.5941699,2026-05-16 10:42:25.5941699
3682,Amit,Jain,1992-06-13,RMVVG2575B,amit.jain98@gmail.com,9655472185,PENDING,BR002,2026-05-16 10:42:25.5941699,2026-05-16 10:42:25.5941699
3683,Kavita,Iyer,1994-05-18,NFYJT0418D,kavita.iyer60@gmail.com,9252133721,VERIFIED,BR003,2026-05-16 10:42:25.5941699,2026-05-16 10:42:25.5941699
3684,Neha,Singh,1974-02-13,ALQAW7403S,neha.singh88@gmail.com,9674561207,REJECTED,BR004,2026-05-16 10:42:25.5941699,2026-05-16 10:42:25.5941699
3685,Kavita,Sharma,1987-10-03,UHAOS1530W,kavita.sharma20@gmail.com,9497763343,PENDING,BR002,2026-05-16 10:42:25.5941699,2026-05-16 10:42:25.5941699
3686,Priya,Gupta,1974-04-29,ETJVG5754V,priya.gupta78@gmail.com,8741529072,VERIFIED,BR001,2026-05-16 10:42:25.5941699,2026-05-16 10:42:25.5941699
3687,Suresh,Yadav,1969-11-22,GZUMG8775B,suresh.yadav36@gmail.com,9948825560,VERIFIED,BR002,2026-05-16 10:42:25.5941699,2026-05-16 10:42:25.5941699
3688,Pooja,Mehta,1960-01-29,MLDNH0288Y,pooja.mehta21@gmail.com,9899116466,PENDING,BR003,2026-05-16 10:42:25.5941699,2026-05-16 10:42:25.5941699
3689,Priya,Verma,1982-01-16,FAHBM8169H,priya.verma1@gmail.com,8964373308,VERIFIED,BR002,2026-05-16 10:42:25.5941699,2026-05-16 10:42:25.5941699
3690,Sneha,Mehta,1964-03-05,LWXIS7478W,sneha.mehta53@gmail.com,9640308175,VERIFIED,BR003,2026-05-16 10:42:25.5941699,2026-05-16 10:42:25.5941699
3691,Vikram,Patel,1977-10-09,GZFTZ6696H,vikram.patel61@gmail.com,9108796463,VERIFIED,BR003,2026-05-16 10:42:25.5941699,2026-05-16 10:42:25.5941699
3692,Neha,Desai,1994-09-26,UULJV3018F,neha.desai7@gmail.com,9823642421,VERIFIED,BR001,2026-05-16 10:42:25.5941699,2026-05-16 10:42:25.5941699
3693,Suresh,Reddy,1983-11-27,YRGSV9771Q,suresh.reddy72@gmail.com,9578611798,VERIFIED,BR001,2026-05-16 10:42:25.5941699,2026-05-16 10:42:25.5941699
3694,Sneha,Jain,1985-09-02,WNLPC1118C,sneha.jain4@gmail.com,9263092875,VERIFIED,BR004,2026-05-16 10:42:25.5941699,2026-05-16 10:42:25.5941699
3695,Rohit,Desai,1965-10-17,GRIEJ9575Z,rohit.desai44@gmail.com,9095609555,VERIFIED,BR003,2026-05-16 10:42:25.5941699,2026-05-16 10:42:25.5941699
3696,Suresh,Desai,1961-01-27,ZVVWK7396I,suresh.desai95@gmail.com,9923143188,PENDING,BR002,2026-05-16 10:42:25.5941699,2026-05-16 10:42:25.5941699
3697,Amit,Jain,1991-09-19,JJFJV2910Y,amit.jain67@gmail.com,9210723139,VERIFIED,BR001,2026-05-16 10:42:25.5941699,2026-05-16 10:42:25.5941699
3698,Amit,Mehta,1963-11-21,RRTSC3450K,amit.mehta96@gmail.com,9081409560,VERIFIED,BR001,2026-05-16 10:42:25.5941699,2026-05-16 10:42:25.5941699
3699,Priya,Jain,1970-01-08,DFVQC5494J,priya.jain45@gmail.com,9269420274,VERIFIED,BR003,2026-05-16 10:42:25.5941699,2026-05-16 10:42:25.5941699
3700,Vikram,Patel,1992-01-20,UNXWY2619I,vikram.patel71@gmail.com,9454526095,VERIFIED,BR002,2026-05-16 10:42:25.5941699,2026-05-16 10:42:25.5941699
3701,Suresh,Jain,1963-11-21,RGGGB0112M,suresh.jain20@gmail.com,9923425888,VERIFIED,BR001,2026-05-16 10:42:25.5941699,2026-05-16 10:42:25.5941699
3702,Rahul,Reddy,1982-04-17,AAMUX4470N,rahul.reddy36@gmail.com,9080846977,VERIFIED,BR001,2026-05-16 10:42:25.5941699,2026-05-16 10:42:25.5941699
3703,Pooja,Reddy,1977-10-22,RMCOU3734U,pooja.reddy87@gmail.com,9625282103,VERIFIED,BR002,2026-05-16 10:42:25.5941699,2026-05-16 10:42:25.5941699
3704,Priya,Desai,1975-06-07,MVQEC1255R,priya.desai2@gmail.com,9419674349,VERIFIED,BR001,2026-05-16 10:42:25.5941699,2026-05-16 10:42:25.5941699
3705,Amit,Gupta,1990-01-09,BHNVF2818U,amit.gupta33@gmail.com,9287771715,VERIFIED,BR002,2026-05-16 10:42:25.5941699,2026-05-16 10:42:25.5941699
3706,Vikram,Yadav,1999-10-31,IKPMC6439Y,vikram.yadav80@gmail.com,9123359521,REJECTED,BR003,2026-05-16 10:42:25.5941699,2026-05-16 10:42:25.5941699
3707,Pooja,Patel,1960-01-16,FRKXU5977U,pooja.patel83@gmail.com,9220887175,VERIFIED,BR001,2026-05-16 10:42:25.5941699,2026-05-16 10:42:25.5941699
3708,Suresh,Gupta,1967-07-04,AHIRC9405X,suresh.gupta62@gmail.com,9129250103,PENDING,BR003,2026-05-16 10:42:25.5941699,2026-05-16 10:42:25.5941699
3709,Suresh,Kumar,1997-05-26,WOCKO5402D,suresh.kumar63@gmail.com,9369530247,PENDING,BR002,2026-05-16 10:42:25.5941699,2026-05-16 10:42:25.5941699
3710,Ramesh,Kumar,1991-09-25,YXBGX7731Z,ramesh.kumar92@gmail.com,9134647971,VERIFIED,BR003,2026-05-16 10:42:25.5941699,2026-05-16 10:42:25.5941699
3711,Vikram,Sharma,1965-02-16,AELTT5532A,vikram.sharma88@gmail.com,9369801543,VERIFIED,BR003,2026-05-16 10:42:25.5941699,2026-05-16 10:42:25.5941699
3712,Sneha,Desai,1972-10-19,DVPFZ5781T,sneha.desai76@gmail.com,9813122421,VERIFIED,BR003,2026-05-16 10:42:25.5941699,2026-05-16 10:42:25.5941699
3713,Amit,Reddy,1965-10-03,QAJGU8432S,amit.reddy90@gmail.com,9193959730,PENDING,BR004,2026-05-16 10:42:25.5941699,2026-05-16 10:42:25.5941699
3714,Rahul,Mehta,1976-08-24,FRIAE0080R,rahul.mehta42@gmail.com,9222294772,VERIFIED,BR002,2026-05-16 10:42:25.5941699,2026-05-16 10:42:25.5941699
3715,Suresh,Reddy,1980-02-27,GCINQ7502Z,suresh.reddy90@gmail.com,9754259190,VERIFIED,BR002,2026-05-16 10:42:25.5941699,2026-05-16 10:42:25.5941699
3716,Rahul,Iyer,1988-02-19,TPCYC4004O,rahul.iyer62@gmail.com,9236448670,VERIFIED,BR002,2026-05-16 10:42:25.5941699,2026-05-16 10:42:25.5941699
3717,Suresh,Iyer,1993-07-10,XXHDX6003R,suresh.iyer23@gmail.com,9690795309,VERIFIED,BR002,2026-05-16 10:42:25.5941699,2026-05-16 10:42:25.5941699
3718,Amit,Reddy,2000-07-24,VTQPF4515Y,amit.reddy37@gmail.com,9990649818,VERIFIED,BR002,2026-05-16 10:42:25.5941699,2026-05-16 10:42:25.5941699
3719,Pooja,Iyer,1961-02-19,VLWLB3239W,pooja.iyer1@gmail.com,8490642813,VERIFIED,BR001,2026-05-16 10:42:25.5941699,2026-05-16 10:42:25.5941699
3720,Anjali,Verma,1982-12-12,YULQV8642H,anjali.verma5@gmail.com,9921237195,VERIFIED,BR001,2026-05-16 10:42:25.5941699,2026-05-16 10:42:25.5941699
3721,Pooja,Reddy,1990-06-16,FGUTS4998I,pooja.reddy30@gmail.com,8280970694,VERIFIED,BR001,2026-05-16 10:42:25.5941699,2026-05-16 10:42:25.5941699
3722,Suresh,Sharma,1970-12-30,ZIUHH5038O,suresh.sharma8@gmail.com,9918493200,VERIFIED,BR003,2026-05-16 10:42:25.5941699,2026-05-16 10:42:25.5941699
3723,Kavita,Gupta,1989-03-06,SFDCI0324O,kavita.gupta26@gmail.com,9905392436,VERIFIED,BR003,2026-05-16 10:42:25.5941699,2026-05-16 10:42:25.5941699
3724,Anjali,Kumar,1977-10-02,PWXJP8841D,anjali.kumar11@gmail.com,9479941352,VERIFIED,BR002,2026-05-16 10:42:25.5941699,2026-05-16 10:42:25.5941699
3725,Sneha,Reddy,1987-12-20,BYOKW3633E,sneha.reddy47@gmail.com,9977530183,VERIFIED,BR004,2026-05-16 10:42:25.5941699,2026-05-16 10:42:25.5941699
3726,Anjali,Reddy,1991-11-19,NUDKO2396Y,anjali.reddy9@gmail.com,9110844571,PENDING,BR002,2026-05-16 10:42:25.5941699,2026-05-16 10:42:25.5941699
3727,Rahul,Iyer,1983-05-19,FANYJ8704X,rahul.iyer96@gmail.com,9573321218,REJECTED,BR001,2026-05-16 10:42:25.5941699,2026-05-16 10:42:25.5941699
3728,Vikram,Jain,1989-12-15,PPXYS4214R,vikram.jain67@gmail.com,9884010413,VERIFIED,BR002,2026-05-16 10:42:25.5941699,2026-05-16 10:42:25.5941699
3729,Rahul,Verma,1960-03-04,MQWWX4306S,rahul.verma53@gmail.com,9240904748,VERIFIED,BR003,2026-05-16 10:42:25.5941699,2026-05-16 10:42:25.5941699
3730,Priya,Patel,1983-12-14,OVDFM1774V,priya.patel12@gmail.com,9504168113,VERIFIED,BR002,2026-05-16 10:42:25.5941699,2026-05-16 10:42:25.5941699
3731,Rahul,Mehta,1976-05-09,UBLGJ1516B,rahul.mehta58@gmail.com,9195933747,VERIFIED,BR001,2026-05-16 10:42:25.5941699,2026-05-16 10:42:25.5941699
3732,Sneha,Patel,1987-12-28,KZQEF2670E,sneha.patel45@gmail.com,9046480170,VERIFIED,BR002,2026-05-16 10:42:25.5941699,2026-05-16 10:42:25.5941699
3733,Kavita,Mehta,1964-09-13,FPFHA4708M,kavita.mehta76@gmail.com,9502983500,VERIFIED,BR003,2026-05-16 10:42:25.5941699,2026-05-16 10:42:25.5941699
3734,Pooja,Yadav,1983-11-01,OZSRA6614M,pooja.yadav72@gmail.com,9503396845,VERIFIED,BR004,2026-05-16 10:42:25.5941699,2026-05-16 10:42:25.5941699
3735,Pooja,Reddy,1990-03-23,IDHDI4803I,pooja.reddy78@gmail.com,8676921238,VERIFIED,BR001,2026-05-16 10:42:25.5941699,2026-05-16 10:42:25.5941699
3736,Rohit,Verma,1991-05-25,GXOHM9215Y,rohit.verma56@gmail.com,9638315226,VERIFIED,BR002,2026-05-16 10:42:25.5941699,2026-05-16 10:42:25.5941699
3737,Suresh,Singh,1962-12-22,TNAEJ3183O,suresh.singh23@gmail.com,9741177134,VERIFIED,BR003,2026-05-16 10:42:25.5941699,2026-05-16 10:42:25.5941699
3738,Kavita,Iyer,1974-09-30,KZZJU4895U,kavita.iyer99@gmail.com,9581613613,VERIFIED,BR001,2026-05-16 10:42:25.5941699,2026-05-16 10:42:25.5941699
3739,Rohit,Desai,1970-02-04,YOAEF5118P,rohit.desai20@gmail.com,9474069437,VERIFIED,BR001,2026-05-16 10:42:25.5941699,2026-05-16 10:42:25.5941699
3740,Priya,Iyer,1986-02-18,AXQSI4425S,priya.iyer88@gmail.com,9644836745,VERIFIED,BR003,2026-05-16 10:42:25.5941699,2026-05-16 10:42:25.5941699
3741,Amit,Kumar,1966-07-06,ROMNM9527C,amit.kumar40@gmail.com,9835875759,PENDING,BR002,2026-05-16 10:42:25.5941699,2026-05-16 10:42:25.5941699
3742,Suresh,Gupta,1990-08-11,GEIJK5195J,suresh.gupta79@gmail.com,9419826655,VERIFIED,BR002,2026-05-16 10:42:25.5941699,2026-05-16 10:42:25.5941699
3743,Suresh,Kumar,1975-12-31,HLGTO5400B,suresh.kumar39@gmail.com,9879951310,PENDING,BR002,2026-05-16 10:42:25.5941699,2026-05-16 10:42:25.5941699
3744,Ramesh,Gupta,1988-07-01,EMICY1177C,ramesh.gupta82@gmail.com,9296891018,VERIFIED,BR001,2026-05-16 10:42:25.5941699,2026-05-16 10:42:25.5941699
3745,Ramesh,Yadav,1961-08-08,SMHYB2418C,ramesh.yadav60@gmail.com,9325967562,VERIFIED,BR004,2026-05-16 10:42:25.5941699,2026-05-16 10:42:25.5941699
3746,Neha,Patel,1991-06-25,BXKDM6001V,neha.patel54@gmail.com,8389572274,VERIFIED,BR001,2026-05-16 10:42:25.5941699,2026-05-16 10:42:25.5941699
3747,Neha,Sharma,1991-12-18,RLHVF7057J,neha.sharma34@gmail.com,9074330684,VERIFIED,BR002,2026-05-16 10:42:25.5941699,2026-05-16 10:42:25.5941699
3748,Rahul,Reddy,1998-04-03,TYUFO3912R,rahul.reddy83@gmail.com,9614067707,VERIFIED,BR001,2026-05-16 10:42:25.5941699,2026-05-16 10:42:25.5941699
3749,Amit,Singh,1982-11-13,FNQLU8391E,amit.singh13@gmail.com,9977667274,VERIFIED,BR004,2026-05-16 10:42:25.5941699,2026-05-16 10:42:25.5941699
3750,Anjali,Gupta,1983-12-16,KBTNN0603X,anjali.gupta79@gmail.com,9626679057,VERIFIED,BR001,2026-05-16 10:42:25.5941699,2026-05-16 10:42:25.5941699
3751,Anjali,Desai,1984-01-17,CLPWM1635B,anjali.desai35@gmail.com,8192763383,VERIFIED,BR003,2026-05-16 10:42:25.5941699,2026-05-16 10:42:25.5941699
3752,Ramesh,Gupta,1998-12-30,DOOSD2158I,ramesh.gupta76@gmail.com,8029142925,VERIFIED,BR002,2026-05-16 10:42:25.5941699,2026-05-16 10:42:25.5941699
3753,Ramesh,Jain,1970-12-02,OWTPN5159L,ramesh.jain45@gmail.com,9228633341,VERIFIED,BR002,2026-05-16 10:42:25.5941699,2026-05-16 10:42:25.5941699
3754,Ramesh,Sharma,1983-03-04,XVCVU6069Z,ramesh.sharma65@gmail.com,9737425584,VERIFIED,BR002,2026-05-16 10:42:25.5941699,2026-05-16 10:42:25.5941699
3755,Kavita,Jain,1985-07-28,MVLSC7315O,kavita.jain28@gmail.com,9832082642,PENDING,BR001,2026-05-16 10:42:25.5941699,2026-05-16 10:42:25.5941699
3756,Vikram,Kumar,1996-12-16,VPEDP5561U,vikram.kumar24@gmail.com,9961590860,VERIFIED,BR001,2026-05-16 10:42:25.5941699,2026-05-16 10:42:25.5941699
3757,Neha,Verma,1976-12-25,OZUML7674F,neha.verma47@gmail.com,9777469860,VERIFIED,BR001,2026-05-16 10:42:25.5941699,2026-05-16 10:42:25.5941699
3758,Kavita,Kumar,1988-09-29,WGEHQ3385F,kavita.kumar10@gmail.com,9066212255,VERIFIED,BR002,2026-05-16 10:42:25.5941699,2026-05-16 10:42:25.5941699
3759,Pooja,Yadav,1973-12-13,PWJCX7825V,pooja.yadav77@gmail.com,9292654866,VERIFIED,BR001,2026-05-16 10:42:25.5941699,2026-05-16 10:42:25.5941699
3760,Anjali,Verma,2000-04-05,QVPOT2966E,anjali.verma74@gmail.com,9325351078,VERIFIED,BR002,2026-05-16 10:42:25.5941699,2026-05-16 10:42:25.5941699
3761,Priya,Kumar,1984-05-04,HPKBA0264L,priya.kumar5@gmail.com,9401874970,PENDING,BR001,2026-05-16 10:42:25.5941699,2026-05-16 10:42:25.5941699
3762,Sneha,Desai,1993-05-19,MMDWK6981I,sneha.desai11@gmail.com,9022939673,VERIFIED,BR002,2026-05-16 10:42:25.5941699,2026-05-16 10:42:25.5941699
3763,Suresh,Iyer,1965-04-26,PXFUG5099U,suresh.iyer2@gmail.com,9828589684,PENDING,BR003,2026-05-16 10:42:25.5941699,2026-05-16 10:42:25.5941699
3764,Neha,Kumar,1978-11-09,ZXRDG9148M,neha.kumar18@gmail.com,9061903766,VERIFIED,BR001,2026-05-16 10:42:25.5941699,2026-05-16 10:42:25.5941699
3765,Rohit,Desai,1966-11-20,IBMWK9000I,rohit.desai52@gmail.com,9268280049,VERIFIED,BR002,2026-05-16 10:42:25.5941699,2026-05-16 10:42:25.5941699
3766,Pooja,Desai,1993-04-07,DPFZP9281S,pooja.desai30@gmail.com,8935051684,VERIFIED,BR003,2026-05-16 10:42:25.5941699,2026-05-16 10:42:25.5941699
3767,Priya,Iyer,1985-10-15,OGUTT6694P,priya.iyer28@gmail.com,9301984942,VERIFIED,BR003,2026-05-16 10:42:25.5941699,2026-05-16 10:42:25.5941699
3768,Neha,Verma,1984-01-03,UCJWA1497O,neha.verma34@gmail.com,9895941739,VERIFIED,BR004,2026-05-16 10:42:25.5941699,2026-05-16 10:42:25.5941699
3769,Sneha,Patel,1968-12-18,SGIBF6009B,sneha.patel80@gmail.com,9145679276,VERIFIED,BR001,2026-05-16 10:42:25.5941699,2026-05-16 10:42:25.5941699
3770,Kavita,Mehta,1972-07-22,LVKWQ3448W,kavita.mehta18@gmail.com,8662595834,VERIFIED,BR002,2026-05-16 10:42:25.5941699,2026-05-16 10:42:25.5941699
3771,Amit,Reddy,1981-05-26,IGYSH6165X,amit.reddy19@gmail.com,9588149539,REJECTED,BR004,2026-05-16 10:42:25.5941699,2026-05-16 10:42:25.5941699
3772,Suresh,Gupta,1991-03-28,SBLYV2563H,suresh.gupta57@gmail.com,9369340498,VERIFIED,BR001,2026-05-16 10:42:25.5941699,2026-05-16 10:42:25.5941699
3773,Neha,Mehta,1985-12-10,RKAIF7519L,neha.mehta97@gmail.com,9149319865,PENDING,BR003,2026-05-16 10:42:25.5941699,2026-05-16 10:42:25.5941699
3774,Vikram,Sharma,1961-10-29,EMSIF8802A,vikram.sharma63@gmail.com,9029011886,VERIFIED,BR001,2026-05-16 10:42:25.5941699,2026-05-16 10:42:25.5941699
3775,Ramesh,Patel,1984-08-22,YGIQV2123F,ramesh.patel90@gmail.com,9998300873,VERIFIED,BR002,2026-05-16 10:42:25.5941699,2026-05-16 10:42:25.5941699
3776,Ramesh,Mehta,1980-06-30,DTYAO3740H,ramesh.mehta98@gmail.com,9085438119,PENDING,BR003,2026-05-16 10:42:25.5941699,2026-05-16 10:42:25.5941699
3777,Suresh,Verma,1979-10-24,JIBBG1007L,suresh.verma61@gmail.com,9310599832,PENDING,BR004,2026-05-16 10:42:25.5941699,2026-05-16 10:42:25.5941699
3778,Sneha,Sharma,1975-05-03,YIWBP9662E,sneha.sharma8@gmail.com,8608084908,VERIFIED,BR001,2026-05-16 10:42:25.5941699,2026-05-16 10:42:25.5941699
3779,Priya,Singh,1994-02-11,XVRYK0518C,priya.singh69@gmail.com,9508768743,VERIFIED,BR001,2026-05-16 10:42:25.5941699,2026-05-16 10:42:25.5941699
3780,Kavita,Patel,1970-06-18,DGUAM5588X,kavita.patel42@gmail.com,9526327702,VERIFIED,BR004,2026-05-16 10:42:25.5941699,2026-05-16 10:42:25.5941699
3781,Ramesh,Mehta,1965-07-28,ZIASF6627C,ramesh.mehta74@gmail.com,9665969486,VERIFIED,BR001,2026-05-16 10:42:25.5941699,2026-05-16 10:42:25.5941699
3782,Neha,Sharma,1974-01-18,QWCRW3419N,neha.sharma40@gmail.com,8742545152,VERIFIED,BR001,2026-05-16 10:42:25.5941699,2026-05-16 10:42:25.5941699
3783,Rohit,Singh,1963-09-20,UENQZ4071N,rohit.singh87@gmail.com,9565801676,VERIFIED,BR001,2026-05-16 10:42:25.5941699,2026-05-16 10:42:25.5941699
3784,Anjali,Kumar,1982-10-11,DWRWR8721Y,anjali.kumar22@gmail.com,9110197862,PENDING,BR003,2026-05-16 10:42:25.5941699,2026-05-16 10:42:25.5941699
3785,Anjali,Sharma,1965-12-19,ALBBD3538V,anjali.sharma55@gmail.com,9655558236,PENDING,BR003,2026-05-16 10:42:25.5941699,2026-05-16 10:42:25.5941699
3786,Pooja,Jain,1974-03-24,QPLCE2909B,pooja.jain65@gmail.com,9598530432,VERIFIED,BR002,2026-05-16 10:42:25.5941699,2026-05-16 10:42:25.5941699
3787,Priya,Iyer,1976-10-12,TPCCH7787T,priya.iyer23@gmail.com,9694568766,VERIFIED,BR001,2026-05-16 10:42:25.5941699,2026-05-16 10:42:25.5941699
3788,Rahul,Verma,1977-07-10,DVNON2293D,rahul.verma31@gmail.com,8780763090,VERIFIED,BR002,2026-05-16 10:42:25.5941699,2026-05-16 10:42:25.5941699
3789,Amit,Kumar,1967-09-01,KGNKN7708L,amit.kumar79@gmail.com,9929993304,VERIFIED,BR003,2026-05-16 10:42:25.5941699,2026-05-16 10:42:25.5941699
3790,Suresh,Verma,1967-10-04,YYBJA5345Y,suresh.verma85@gmail.com,9793794090,VERIFIED,BR001,2026-05-16 10:42:25.5941699,2026-05-16 10:42:25.5941699
3791,Pooja,Mehta,1963-04-02,EMNAY7106R,pooja.mehta96@gmail.com,9729636319,VERIFIED,BR002,2026-05-16 10:42:25.5941699,2026-05-16 10:42:25.5941699
3792,Rahul,Reddy,1966-04-18,CRWLQ4324H,rahul.reddy47@gmail.com,8682670970,VERIFIED,BR001,2026-05-16 10:42:25.5941699,2026-05-16 10:42:25.5941699
3793,Kavita,Mehta,1995-10-02,SSANB4487S,kavita.mehta95@gmail.com,9185688359,REJECTED,BR001,2026-05-16 10:42:25.5941699,2026-05-16 10:42:25.5941699
3794,Vikram,Kumar,1988-12-22,QOCGZ6240M,vikram.kumar48@gmail.com,9319910958,VERIFIED,BR004,2026-05-16 10:42:25.5941699,2026-05-16 10:42:25.5941699
3795,Vikram,Desai,1982-06-02,MOYJN4383P,vikram.desai34@gmail.com,9082796408,VERIFIED,BR002,2026-05-16 10:42:25.5941699,2026-05-16 10:42:25.5941699
3796,Amit,Mehta,1994-11-02,XCHLJ6349H,amit.mehta26@gmail.com,9377793718,VERIFIED,BR003,2026-05-16 10:42:25.5941699,2026-05-16 10:42:25.5941699
3797,Priya,Kumar,1985-09-28,YCBQL5171Q,priya.kumar89@gmail.com,9971215514,PENDING,BR002,2026-05-16 10:42:25.5941699,2026-05-16 10:42:25.5941699
3798,Ramesh,Sharma,1979-01-30,VIIUG4470G,ramesh.sharma36@gmail.com,9982846521,PENDING,BR002,2026-05-16 10:42:25.5941699,2026-05-16 10:42:25.5941699
3799,Neha,Yadav,1961-12-25,CMOCU8124E,neha.yadav33@gmail.com,9733567924,VERIFIED,BR002,2026-05-16 10:42:25.5941699,2026-05-16 10:42:25.5941699
3800,Pooja,Mehta,1976-04-25,ACGBY9236K,pooja.mehta69@gmail.com,9572357255,VERIFIED,BR004,2026-05-16 10:42:25.5941699,2026-05-16 10:42:25.5941699
3801,Pooja,Sharma,1987-03-29,HZNTA5985P,pooja.sharma24@gmail.com,9153435761,VERIFIED,BR001,2026-05-16 10:42:25.5941699,2026-05-16 10:42:25.5941699
3802,Suresh,Verma,1985-03-28,KLNMI0227J,suresh.verma12@gmail.com,9683740145,VERIFIED,BR003,2026-05-16 10:42:25.5941699,2026-05-16 10:42:25.5941699
3803,Suresh,Jain,1972-06-29,GFRAP2366H,suresh.jain31@gmail.com,9361321441,VERIFIED,BR004,2026-05-16 10:42:25.5941699,2026-05-16 10:42:25.5941699
3804,Vikram,Patel,1997-12-21,ZMZHL5949N,vikram.patel67@gmail.com,9240127226,VERIFIED,BR003,2026-05-16 10:42:25.5941699,2026-05-16 10:42:25.5941699
3805,Vikram,Reddy,1969-10-30,TDQSJ5713O,vikram.reddy82@gmail.com,9143345574,VERIFIED,BR004,2026-05-16 10:42:25.5941699,2026-05-16 10:42:25.5941699
3806,Priya,Verma,1962-09-23,UQBEG1823X,priya.verma1@gmail.com,9065867382,VERIFIED,BR001,2026-05-16 10:42:25.5941699,2026-05-16 10:42:25.5941699
3807,Sneha,Verma,1980-01-25,MWZCJ6578D,sneha.verma16@gmail.com,9589932197,VERIFIED,BR003,2026-05-16 10:42:25.5941699,2026-05-16 10:42:25.5941699
3808,Rohit,Kumar,1969-12-20,XWEWW0040R,rohit.kumar16@gmail.com,9546026336,PENDING,BR002,2026-05-16 10:42:25.5941699,2026-05-16 10:42:25.5941699
3809,Rohit,Desai,1969-06-05,UWFDN2260R,rohit.desai41@gmail.com,9328848051,VERIFIED,BR004,2026-05-16 10:42:25.5941699,2026-05-16 10:42:25.5941699
3810,Sneha,Gupta,1994-05-09,JFCDK3588J,sneha.gupta83@gmail.com,8379252575,VERIFIED,BR003,2026-05-16 10:42:25.5941699,2026-05-16 10:42:25.5941699
3811,Ramesh,Yadav,1994-06-23,HAEZS1581C,ramesh.yadav44@gmail.com,9194716341,REJECTED,BR001,2026-05-16 10:42:25.5941699,2026-05-16 10:42:25.5941699
3812,Rohit,Desai,1985-11-02,GLMHB9889B,rohit.desai62@gmail.com,9439614864,VERIFIED,BR003,2026-05-16 10:42:25.5941699,2026-05-16 10:42:25.5941699
3813,Priya,Kumar,1989-06-10,SJJPD2176N,priya.kumar52@gmail.com,9852726175,VERIFIED,BR004,2026-05-16 10:42:25.5941699,2026-05-16 10:42:25.5941699
3814,Neha,Iyer,1974-12-29,ACGYU8578S,neha.iyer78@gmail.com,9183780749,VERIFIED,BR001,2026-05-16 10:42:25.5941699,2026-05-16 10:42:25.5941699
3815,Neha,Reddy,1983-01-20,UQTWJ6587N,neha.reddy36@gmail.com,9759801560,VERIFIED,BR002,2026-05-16 10:42:25.5941699,2026-05-16 10:42:25.5941699
3816,Pooja,Yadav,1990-02-12,ORFBB2210D,pooja.yadav13@gmail.com,9342980547,VERIFIED,BR004,2026-05-16 10:42:25.5941699,2026-05-16 10:42:25.5941699
3817,Anjali,Yadav,1981-04-16,CWWQI9307F,anjali.yadav87@gmail.com,9849175984,VERIFIED,BR004,2026-05-16 10:42:25.5941699,2026-05-16 10:42:25.5941699
3818,Sneha,Kumar,1979-05-13,IDWRI4545I,sneha.kumar48@gmail.com,9174593904,PENDING,BR001,2026-05-16 10:42:25.5941699,2026-05-16 10:42:25.5941699
3819,Neha,Singh,1965-03-21,UUXLH8420D,neha.singh14@gmail.com,9758570888,VERIFIED,BR004,2026-05-16 10:42:25.5941699,2026-05-16 10:42:25.5941699
3820,Rahul,Verma,1990-10-13,GUTKI1746P,rahul.verma27@gmail.com,9102809414,VERIFIED,BR003,2026-05-16 10:42:25.5941699,2026-05-16 10:42:25.5941699
3821,Vikram,Jain,1976-07-13,PULGF8926S,vikram.jain80@gmail.com,9468865971,VERIFIED,BR002,2026-05-16 10:42:25.5941699,2026-05-16 10:42:25.5941699
3822,Suresh,Patel,1997-10-26,PZLPF6739T,suresh.patel70@gmail.com,8030363665,VERIFIED,BR003,2026-05-16 10:42:25.5941699,2026-05-16 10:42:25.5941699
3823,Priya,Singh,2000-09-11,HEQZB8017O,priya.singh98@gmail.com,9030753184,VERIFIED,BR001,2026-05-16 10:42:25.5941699,2026-05-16 10:42:25.5941699
3824,Rohit,Kumar,1960-01-18,JYSOJ9308C,rohit.kumar47@gmail.com,9382784124,VERIFIED,BR004,2026-05-16 10:42:25.5941699,2026-05-16 10:42:25.5941699
3825,Sneha,Singh,1983-04-21,ANKIK0333J,sneha.singh48@gmail.com,9691638551,VERIFIED,BR002,2026-05-16 10:42:25.5941699,2026-05-16 10:42:25.5941699
3826,Pooja,Patel,1997-10-03,AHHNM3576Q,pooja.patel32@gmail.com,9856489518,VERIFIED,BR001,2026-05-16 10:42:25.5941699,2026-05-16 10:42:25.5941699
3827,Amit,Kumar,1964-04-12,PNNMX2800O,amit.kumar21@gmail.com,9550254366,VERIFIED,BR003,2026-05-16 10:42:25.5941699,2026-05-16 10:42:25.5941699
3828,Suresh,Kumar,1979-06-08,UABMY8639T,suresh.kumar27@gmail.com,9824535220,VERIFIED,BR004,2026-05-16 10:42:25.5941699,2026-05-16 10:42:25.5941699
3829,Rahul,Yadav,1990-10-29,FFZAN1845Y,rahul.yadav61@gmail.com,8187846384,VERIFIED,BR004,2026-05-16 10:42:25.5941699,2026-05-16 10:42:25.5941699
3830,Rohit,Singh,1986-03-29,LBAQE0209L,rohit.singh47@gmail.com,9876847646,VERIFIED,BR001,2026-05-16 10:42:25.5941699,2026-05-16 10:42:25.5941699
3831,Rahul,Sharma,1996-01-19,IPLFG6354W,rahul.sharma2@gmail.com,9798335681,VERIFIED,BR003,2026-05-16 10:42:25.5941699,2026-05-16 10:42:25.5941699
3832,Vikram,Mehta,1996-09-18,YJEOC7022H,vikram.mehta65@gmail.com,9510366944,VERIFIED,BR004,2026-05-16 10:42:25.5941699,2026-05-16 10:42:25.5941699
3833,Vikram,Kumar,1983-10-06,XWTIS5169G,vikram.kumar98@gmail.com,9089559446,VERIFIED,BR003,2026-05-16 10:42:25.5941699,2026-05-16 10:42:25.5941699
3834,Priya,Singh,1968-05-08,SSYPQ4149J,priya.singh28@gmail.com,9256724261,VERIFIED,BR002,2026-05-16 10:42:25.5941699,2026-05-16 10:42:25.5941699
3835,Ramesh,Gupta,1963-10-14,TSENS1978L,ramesh.gupta79@gmail.com,9083200788,VERIFIED,BR004,2026-05-16 10:42:25.5941699,2026-05-16 10:42:25.5941699
3836,Pooja,Reddy,1962-05-26,VJIRV1485V,pooja.reddy64@gmail.com,9765644157,VERIFIED,BR002,2026-05-16 10:42:25.5941699,2026-05-16 10:42:25.5941699
3837,Suresh,Gupta,1961-09-18,CSZYH2179M,suresh.gupta32@gmail.com,9868896966,VERIFIED,BR004,2026-05-16 10:42:25.5941699,2026-05-16 10:42:25.5941699
3838,Kavita,Singh,1970-08-07,LAAJQ4236D,kavita.singh16@gmail.com,9139580606,REJECTED,BR001,2026-05-16 10:42:25.5941699,2026-05-16 10:42:25.5941699
3839,Kavita,Verma,1993-12-06,WDDAS5693I,kavita.verma60@gmail.com,9617609036,VERIFIED,BR004,2026-05-16 10:42:25.5941699,2026-05-16 10:42:25.5941699
3840,Suresh,Verma,1963-02-03,KKVNP0966K,suresh.verma41@gmail.com,9017873742,PENDING,BR004,2026-05-16 10:42:25.5941699,2026-05-16 10:42:25.5941699
3841,Amit,Singh,1999-09-07,JAWPG6480R,amit.singh22@gmail.com,9754441043,VERIFIED,BR003,2026-05-16 10:42:25.5941699,2026-05-16 10:42:25.5941699
3842,Priya,Yadav,1970-01-04,ZKTZJ1863T,priya.yadav41@gmail.com,9331682034,VERIFIED,BR003,2026-05-16 10:42:25.5941699,2026-05-16 10:42:25.5941699
3843,Pooja,Yadav,1996-04-28,YKBBC9867C,pooja.yadav20@gmail.com,9341368576,VERIFIED,BR002,2026-05-16 10:42:25.5941699,2026-05-16 10:42:25.5941699
3844,Rahul,Kumar,1967-04-10,VLKVL5797U,rahul.kumar88@gmail.com,9071849526,PENDING,BR002,2026-05-16 10:42:25.5941699,2026-05-16 10:42:25.5941699
3845,Amit,Patel,1983-06-21,NDCGB7561J,amit.patel92@gmail.com,9741346142,PENDING,BR002,2026-05-16 10:42:25.5941699,2026-05-16 10:42:25.5941699
3846,Anjali,Mehta,1964-01-25,RJOBR9988P,anjali.mehta29@gmail.com,9636638200,VERIFIED,BR004,2026-05-16 10:42:25.5941699,2026-05-16 10:42:25.5941699
3847,Suresh,Kumar,1970-11-02,DRFBR5489U,suresh.kumar19@gmail.com,9677466958,VERIFIED,BR004,2026-05-16 10:42:25.5941699,2026-05-16 10:42:25.5941699
3848,Rahul,Gupta,1975-08-21,GZWYZ7019Y,rahul.gupta36@gmail.com,9333402985,VERIFIED,BR002,2026-05-16 10:42:25.5941699,2026-05-16 10:42:25.5941699
3849,Kavita,Iyer,1967-07-23,ZOWAF0732P,kavita.iyer31@gmail.com,9243106312,VERIFIED,BR001,2026-05-16 10:42:25.5941699,2026-05-16 10:42:25.5941699
3850,Neha,Mehta,1992-08-11,JQQSV1476N,neha.mehta33@gmail.com,9451675062,VERIFIED,BR001,2026-05-16 10:42:25.5941699,2026-05-16 10:42:25.5941699
3851,Sneha,Gupta,1972-09-29,PLEXP0840H,sneha.gupta90@gmail.com,8764975476,VERIFIED,BR004,2026-05-16 10:42:25.5941699,2026-05-16 10:42:25.5941699
3852,Ramesh,Yadav,1996-06-26,DURST6918E,ramesh.yadav19@gmail.com,9097347479,VERIFIED,BR001,2026-05-16 10:42:25.5941699,2026-05-16 10:42:25.5941699
3853,Kavita,Singh,1997-01-21,XQKLC3642T,kavita.singh13@gmail.com,9105448805,VERIFIED,BR001,2026-05-16 10:42:25.5941699,2026-05-16 10:42:25.5941699
3854,Pooja,Patel,1993-08-24,OVEEE6726I,pooja.patel95@gmail.com,9270267859,VERIFIED,BR002,2026-05-16 10:42:25.5941699,2026-05-16 10:42:25.5941699
3855,Vikram,Jain,1983-01-20,TGXQT7419D,vikram.jain27@gmail.com,9184922080,VERIFIED,BR001,2026-05-16 10:42:25.5941699,2026-05-16 10:42:25.5941699
3856,Sneha,Gupta,1976-06-10,BUFBG6534C,sneha.gupta73@gmail.com,9235744458,VERIFIED,BR001,2026-05-16 10:42:25.5941699,2026-05-16 10:42:25.5941699
3857,Sneha,Yadav,1989-10-21,VIJRU0638Y,sneha.yadav45@gmail.com,8588128495,VERIFIED,BR004,2026-05-16 10:42:25.5941699,2026-05-16 10:42:25.5941699
3858,Neha,Jain,1969-06-17,MMPEJ0172M,neha.jain95@gmail.com,9203708204,PENDING,BR004,2026-05-16 10:42:25.5941699,2026-05-16 10:42:25.5941699
3859,Ramesh,Patel,1969-11-05,YMDES3721Q,ramesh.patel62@gmail.com,9607825242,VERIFIED,BR004,2026-05-16 10:42:25.5941699,2026-05-16 10:42:25.5941699
3860,Ramesh,Kumar,1992-06-09,HNAQI6547X,ramesh.kumar74@gmail.com,9650594215,VERIFIED,BR001,2026-05-16 10:42:25.5941699,2026-05-16 10:42:25.5941699
3861,Anjali,Singh,1979-04-06,LXOPJ4570U,anjali.singh56@gmail.com,9866657822,VERIFIED,BR002,2026-05-16 10:42:25.5941699,2026-05-16 10:42:25.5941699
3862,Anjali,Reddy,1994-12-06,VGLRB4239A,anjali.reddy42@gmail.com,9189495933,VERIFIED,BR003,2026-05-16 10:42:25.5941699,2026-05-16 10:42:25.5941699
3863,Rohit,Verma,1972-08-27,FNDJY4413R,rohit.verma56@gmail.com,8241552840,VERIFIED,BR004,2026-05-16 10:42:25.5941699,2026-05-16 10:42:25.5941699
3864,Kavita,Desai,1971-03-19,HWFAA0327Q,kavita.desai22@gmail.com,9465292968,VERIFIED,BR004,2026-05-16 10:42:25.5941699,2026-05-16 10:42:25.5941699
3865,Kavita,Patel,1977-04-06,SPEGQ1498F,kavita.patel71@gmail.com,9325623999,VERIFIED,BR004,2026-05-16 10:42:25.5941699,2026-05-16 10:42:25.5941699
3866,Kavita,Jain,1984-03-29,UBMSN0624L,kavita.jain1@gmail.com,9298930665,PENDING,BR002,2026-05-16 10:42:25.5941699,2026-05-16 10:42:25.5941699
3867,Rohit,Reddy,1985-10-17,THJEM0685E,rohit.reddy63@gmail.com,9814271762,VERIFIED,BR003,2026-05-16 10:42:25.5941699,2026-05-16 10:42:25.5941699
3868,Priya,Reddy,1996-01-07,OGRLS4672M,priya.reddy26@gmail.com,9084343792,VERIFIED,BR003,2026-05-16 10:42:25.5941699,2026-05-16 10:42:25.5941699
3869,Amit,Patel,1997-09-25,IETII6098B,amit.patel29@gmail.com,9800949725,REJECTED,BR004,2026-05-16 10:42:25.5941699,2026-05-16 10:42:25.5941699
3870,Ramesh,Reddy,1988-10-02,NQRTS1820G,ramesh.reddy48@gmail.com,9145941168,VERIFIED,BR001,2026-05-16 10:42:25.5941699,2026-05-16 10:42:25.5941699
3871,Neha,Gupta,1973-08-10,KZDGA7509V,neha.gupta3@gmail.com,8569579091,VERIFIED,BR004,2026-05-16 10:42:25.5941699,2026-05-16 10:42:25.5941699
3872,Pooja,Reddy,1994-02-17,HDVHZ3214S,pooja.reddy2@gmail.com,9499021494,VERIFIED,BR004,2026-05-16 10:42:25.5941699,2026-05-16 10:42:25.5941699
3873,Ramesh,Yadav,1964-07-25,DYAPW7248N,ramesh.yadav54@gmail.com,9135942640,VERIFIED,BR001,2026-05-16 10:42:25.5941699,2026-05-16 10:42:25.5941699
3874,Anjali,Mehta,1979-09-12,PVMRA2039C,anjali.mehta91@gmail.com,9325152275,PENDING,BR001,2026-05-16 10:42:25.5941699,2026-05-16 10:42:25.5941699
3875,Sneha,Gupta,1968-03-21,YKLGM0527R,sneha.gupta34@gmail.com,8836311288,VERIFIED,BR004,2026-05-16 10:42:25.5941699,2026-05-16 10:42:25.5941699
3876,Rahul,Reddy,1986-07-07,AIRMH5465S,rahul.reddy89@gmail.com,9785657608,VERIFIED,BR002,2026-05-16 10:42:25.5941699,2026-05-16 10:42:25.5941699
3877,Vikram,Kumar,1966-09-09,DCJIA6869N,vikram.kumar42@gmail.com,9596149735,VERIFIED,BR002,2026-05-16 10:42:25.5941699,2026-05-16 10:42:25.5941699
3878,Rohit,Verma,2000-04-03,CSFIE3121V,rohit.verma99@gmail.com,9865933080,VERIFIED,BR001,2026-05-16 10:42:25.5941699,2026-05-16 10:42:25.5941699
3879,Suresh,Singh,1964-03-23,UOBNO9662I,suresh.singh42@gmail.com,9359309033,PENDING,BR004,2026-05-16 10:42:25.5941699,2026-05-16 10:42:25.5941699
3880,Rahul,Jain,1967-05-17,TYWHZ1381L,rahul.jain93@gmail.com,9186667463,VERIFIED,BR002,2026-05-16 10:42:25.5941699,2026-05-16 10:42:25.5941699
3881,Pooja,Reddy,1960-11-20,BCDIE3541O,pooja.reddy67@gmail.com,9894611905,PENDING,BR004,2026-05-16 10:42:25.5941699,2026-05-16 10:42:25.5941699
3882,Kavita,Sharma,1995-08-30,SOEBC4502I,kavita.sharma6@gmail.com,9272007976,VERIFIED,BR004,2026-05-16 10:42:25.5941699,2026-05-16 10:42:25.5941699
3883,Anjali,Verma,1965-02-01,XJXXN7515C,anjali.verma40@gmail.com,8545110415,VERIFIED,BR004,2026-05-16 10:42:25.5941699,2026-05-16 10:42:25.5941699
3884,Anjali,Kumar,1962-02-27,UWIXE9293W,anjali.kumar67@gmail.com,9864800366,VERIFIED,BR002,2026-05-16 10:42:25.5941699,2026-05-16 10:42:25.5941699
3885,Anjali,Yadav,1972-07-08,TRJWB7343P,anjali.yadav22@gmail.com,9784050813,VERIFIED,BR003,2026-05-16 10:42:25.5941699,2026-05-16 10:42:25.5941699
3886,Kavita,Reddy,1964-07-19,PZCRU9727Y,kavita.reddy79@gmail.com,9380634098,PENDING,BR004,2026-05-16 10:42:25.5941699,2026-05-16 10:42:25.5941699
3887,Suresh,Jain,1992-04-06,IKDWI8190S,suresh.jain38@gmail.com,9063360874,VERIFIED,BR002,2026-05-16 10:42:25.5941699,2026-05-16 10:42:25.5941699
3888,Rohit,Yadav,1998-01-13,ZWZOX0786F,rohit.yadav6@gmail.com,9509695711,REJECTED,BR003,2026-05-16 10:42:25.5941699,2026-05-16 10:42:25.5941699
3889,Rahul,Reddy,1971-02-21,EUFSP3052N,rahul.reddy61@gmail.com,8736855753,VERIFIED,BR001,2026-05-16 10:42:25.5941699,2026-05-16 10:42:25.5941699
3890,Kavita,Desai,1969-11-06,RBRQX5709P,kavita.desai87@gmail.com,9961036920,VERIFIED,BR002,2026-05-16 10:42:25.5941699,2026-05-16 10:42:25.5941699
3891,Pooja,Mehta,1967-07-14,HXTTS5748T,pooja.mehta70@gmail.com,9301987026,PENDING,BR003,2026-05-16 10:42:25.5941699,2026-05-16 10:42:25.5941699
3892,Rohit,Yadav,1979-09-05,DCXIK0782V,rohit.yadav21@gmail.com,9692462671,VERIFIED,BR002,2026-05-16 10:42:25.5941699,2026-05-16 10:42:25.5941699
3893,Pooja,Mehta,1990-05-21,MONJV5795T,pooja.mehta67@gmail.com,9884658848,VERIFIED,BR003,2026-05-16 10:42:25.5941699,2026-05-16 10:42:25.5941699
3894,Rohit,Verma,1986-07-29,NNCUG2532W,rohit.verma49@gmail.com,8015957604,VERIFIED,BR003,2026-05-16 10:42:25.5941699,2026-05-16 10:42:25.5941699
3895,Suresh,Iyer,1979-05-06,XOQMM2567X,suresh.iyer24@gmail.com,8352016830,VERIFIED,BR002,2026-05-16 10:42:25.5941699,2026-05-16 10:42:25.5941699
3896,Vikram,Desai,1979-01-09,QHHMX6831B,vikram.desai47@gmail.com,9303490002,PENDING,BR001,2026-05-16 10:42:25.5941699,2026-05-16 10:42:25.5941699
3897,Pooja,Singh,1967-06-11,LPVTD6922Y,pooja.singh95@gmail.com,9738712964,VERIFIED,BR004,2026-05-16 10:42:25.5941699,2026-05-16 10:42:25.5941699
3898,Kavita,Gupta,1967-05-11,LJORA8236Q,kavita.gupta45@gmail.com,9789396281,PENDING,BR003,2026-05-16 10:42:25.5941699,2026-05-16 10:42:25.5941699
3899,Rohit,Mehta,1984-02-23,FPIQS5087S,rohit.mehta67@gmail.com,9822614818,VERIFIED,BR004,2026-05-16 10:42:25.5941699,2026-05-16 10:42:25.5941699
3900,Anjali,Desai,1960-09-22,ZJWLT9449R,anjali.desai57@gmail.com,8164724857,VERIFIED,BR001,2026-05-16 10:42:25.5941699,2026-05-16 10:42:25.5941699
3901,Priya,Iyer,1974-12-03,BMIVZ6492O,priya.iyer96@gmail.com,9670738075,PENDING,BR004,2026-05-16 10:42:25.5941699,2026-05-16 10:42:25.5941699
3902,Ramesh,Jain,1993-10-14,QCRMY0961V,ramesh.jain24@gmail.com,9682075348,VERIFIED,BR004,2026-05-16 10:42:25.5941699,2026-05-16 10:42:25.5941699
3903,Anjali,Mehta,1969-02-14,AQMNK1175J,anjali.mehta74@gmail.com,9533839967,PENDING,BR002,2026-05-16 10:42:25.5941699,2026-05-16 10:42:25.5941699
3904,Amit,Patel,1979-01-06,AXKPI9377H,amit.patel25@gmail.com,9428281527,VERIFIED,BR002,2026-05-16 10:42:25.5941699,2026-05-16 10:42:25.5941699
3905,Vikram,Kumar,1967-06-16,CZDVU3126W,vikram.kumar94@gmail.com,9157202878,VERIFIED,BR001,2026-05-16 10:42:25.5941699,2026-05-16 10:42:25.5941699
3906,Vikram,Singh,1973-01-30,IDQEP0112P,vikram.singh96@gmail.com,9629631756,VERIFIED,BR002,2026-05-16 10:42:25.5941699,2026-05-16 10:42:25.5941699
3907,Anjali,Kumar,1988-03-30,BLPXP7334B,anjali.kumar58@gmail.com,9584117308,VERIFIED,BR003,2026-05-16 10:42:25.5941699,2026-05-16 10:42:25.5941699
3908,Rahul,Jain,1965-10-08,XDBCG1929L,rahul.jain3@gmail.com,9135090726,VERIFIED,BR001,2026-05-16 10:42:25.5941699,2026-05-16 10:42:25.5941699
3909,Suresh,Reddy,1963-09-26,OUUCE5260U,suresh.reddy99@gmail.com,9124342396,VERIFIED,BR002,2026-05-16 10:42:25.5941699,2026-05-16 10:42:25.5941699
3910,Pooja,Mehta,1984-06-13,DRTAK0711E,pooja.mehta55@gmail.com,9142059327,VERIFIED,BR002,2026-05-16 10:42:25.5941699,2026-05-16 10:42:25.5941699
3911,Kavita,Reddy,1979-03-17,XOGSA3253V,kavita.reddy97@gmail.com,8533332506,VERIFIED,BR001,2026-05-16 10:42:25.5941699,2026-05-16 10:42:25.5941699
3912,Vikram,Sharma,1960-02-09,AGJVI3147N,vikram.sharma21@gmail.com,9901093390,VERIFIED,BR003,2026-05-16 10:42:25.5941699,2026-05-16 10:42:25.5941699
3913,Anjali,Mehta,1971-12-02,AMTPR9264G,anjali.mehta81@gmail.com,9302155639,VERIFIED,BR001,2026-05-16 10:42:25.5941699,2026-05-16 10:42:25.5941699
3914,Anjali,Desai,1978-03-20,OPGVA5684M,anjali.desai82@gmail.com,9372919291,VERIFIED,BR002,2026-05-16 10:42:25.5941699,2026-05-16 10:42:25.5941699
3915,Suresh,Singh,1968-09-09,SZVYL9091B,suresh.singh47@gmail.com,9805678542,VERIFIED,BR002,2026-05-16 10:42:25.5941699,2026-05-16 10:42:25.5941699
3916,Suresh,Reddy,1962-03-28,OJIAC7069A,suresh.reddy65@gmail.com,9067110864,PENDING,BR001,2026-05-16 10:42:25.5941699,2026-05-16 10:42:25.5941699
3917,Neha,Mehta,1988-05-25,XBICB2826O,neha.mehta60@gmail.com,9986783545,VERIFIED,BR003,2026-05-16 10:42:25.5941699,2026-05-16 10:42:25.5941699
3918,Neha,Sharma,1990-11-22,LMECE0667H,neha.sharma93@gmail.com,9408114230,PENDING,BR003,2026-05-16 10:42:25.5941699,2026-05-16 10:42:25.5941699
3919,Rahul,Kumar,1982-06-29,PQVTE9761K,rahul.kumar28@gmail.com,9675512860,VERIFIED,BR004,2026-05-16 10:42:25.5941699,2026-05-16 10:42:25.5941699
3920,Priya,Desai,1970-11-12,FMEXB0585U,priya.desai49@gmail.com,9705695262,VERIFIED,BR003,2026-05-16 10:42:25.5941699,2026-05-16 10:42:25.5941699
3921,Priya,Patel,1970-09-17,MTEUI6375O,priya.patel3@gmail.com,9731227934,PENDING,BR001,2026-05-16 10:42:25.5941699,2026-05-16 10:42:25.5941699
3922,Rahul,Mehta,1982-02-12,UXYBF1687A,rahul.mehta68@gmail.com,9344883304,VERIFIED,BR003,2026-05-16 10:42:25.5941699,2026-05-16 10:42:25.5941699
3923,Amit,Patel,1974-02-13,YZEZO9273S,amit.patel8@gmail.com,9495451035,VERIFIED,BR003,2026-05-16 10:42:25.5941699,2026-05-16 10:42:25.5941699
3924,Rahul,Verma,1983-09-16,ITHKV4604I,rahul.verma48@gmail.com,8188713019,VERIFIED,BR004,2026-05-16 10:42:25.5941699,2026-05-16 10:42:25.5941699
3925,Rohit,Jain,1982-04-24,LSGVI3256P,rohit.jain46@gmail.com,9464636010,VERIFIED,BR003,2026-05-16 10:42:25.5941699,2026-05-16 10:42:25.5941699
3926,Suresh,Singh,1978-03-01,MXGLV6234Y,suresh.singh69@gmail.com,9646094009,VERIFIED,BR004,2026-05-16 10:42:25.5941699,2026-05-16 10:42:25.5941699
3927,Priya,Mehta,1992-02-11,WZCXN6913M,priya.mehta18@gmail.com,9581196558,VERIFIED,BR004,2026-05-16 10:42:25.5941699,2026-05-16 10:42:25.5941699
3928,Kavita,Yadav,2000-12-30,NUDUD4777I,kavita.yadav87@gmail.com,9990599236,VERIFIED,BR003,2026-05-16 10:42:25.5941699,2026-05-16 10:42:25.5941699
3929,Rohit,Sharma,1973-07-13,DAIWB5437M,rohit.sharma18@gmail.com,9368261911,VERIFIED,BR002,2026-05-16 10:42:25.5941699,2026-05-16 10:42:25.5941699
3930,Pooja,Reddy,1983-04-24,OAFRZ4348L,pooja.reddy54@gmail.com,9494625717,PENDING,BR001,2026-05-16 10:42:25.5941699,2026-05-16 10:42:25.5941699
3931,Anjali,Iyer,1966-04-27,QDPED1725L,anjali.iyer19@gmail.com,9768654517,VERIFIED,BR001,2026-05-16 10:42:25.5941699,2026-05-16 10:42:25.5941699
3932,Rahul,Yadav,1992-11-19,GJRCK0506V,rahul.yadav97@gmail.com,9643743283,VERIFIED,BR003,2026-05-16 10:42:25.5941699,2026-05-16 10:42:25.5941699
3933,Anjali,Verma,1961-11-13,GALYD0574D,anjali.verma26@gmail.com,8305501646,VERIFIED,BR001,2026-05-16 10:42:25.5941699,2026-05-16 10:42:25.5941699
3934,Vikram,Singh,1982-02-05,JBMCY4222R,vikram.singh91@gmail.com,9764178549,VERIFIED,BR001,2026-05-16 10:42:25.5941699,2026-05-16 10:42:25.5941699
3935,Amit,Kumar,1977-07-03,PTPLD9463C,amit.kumar86@gmail.com,9145491477,VERIFIED,BR004,2026-05-16 10:42:25.5941699,2026-05-16 10:42:25.5941699
3936,Vikram,Desai,1981-07-17,CYOAR0153X,vikram.desai11@gmail.com,9135209723,VERIFIED,BR002,2026-05-16 10:42:25.5941699,2026-05-16 10:42:25.5941699
3937,Amit,Patel,1985-08-08,EJDRO1767T,amit.patel53@gmail.com,9430989597,VERIFIED,BR001,2026-05-16 10:42:25.5941699,2026-05-16 10:42:25.5941699
3938,Neha,Verma,1977-06-12,ECZEX4974U,neha.verma59@gmail.com,9465874726,VERIFIED,BR002,2026-05-16 10:42:25.5941699,2026-05-16 10:42:25.5941699
3939,Anjali,Reddy,1962-08-22,LSRYQ8457O,anjali.reddy48@gmail.com,9913911606,VERIFIED,BR001,2026-05-16 10:42:25.5941699,2026-05-16 10:42:25.5941699
3940,Amit,Desai,1993-08-23,TGTJJ6676F,amit.desai3@gmail.com,9018538937,PENDING,BR002,2026-05-16 10:42:25.5941699,2026-05-16 10:42:25.5941699
3941,Sneha,Kumar,1968-11-06,BCHJS4076L,sneha.kumar9@gmail.com,9823510579,PENDING,BR002,2026-05-16 10:42:25.5941699,2026-05-16 10:42:25.5941699
3942,Priya,Reddy,1993-10-20,CXELU6244Y,priya.reddy11@gmail.com,9671001605,PENDING,BR001,2026-05-16 10:42:25.5941699,2026-05-16 10:42:25.5941699
3943,Sneha,Sharma,1983-02-04,KOUPJ1639Q,sneha.sharma48@gmail.com,9767775225,VERIFIED,BR004,2026-05-16 10:42:25.5941699,2026-05-16 10:42:25.5941699
3944,Sneha,Patel,1995-08-30,IMCUH6756M,sneha.patel26@gmail.com,9388100470,VERIFIED,BR002,2026-05-16 10:42:25.5941699,2026-05-16 10:42:25.5941699
3945,Ramesh,Iyer,1973-12-21,NCHPN2834J,ramesh.iyer18@gmail.com,9642291862,VERIFIED,BR002,2026-05-16 10:42:25.5941699,2026-05-16 10:42:25.5941699
3946,Priya,Yadav,1968-02-04,TRLGA6522Y,priya.yadav82@gmail.com,9831299499,VERIFIED,BR001,2026-05-16 10:42:25.5941699,2026-05-16 10:42:25.5941699
3947,Rohit,Mehta,1986-09-26,GDLPC1607L,rohit.mehta58@gmail.com,9160640136,VERIFIED,BR002,2026-05-16 10:42:25.5941699,2026-05-16 10:42:25.5941699
3948,Amit,Verma,1961-12-23,UWZGR8667T,amit.verma96@gmail.com,8045695316,VERIFIED,BR002,2026-05-16 10:42:25.5941699,2026-05-16 10:42:25.5941699
3949,Amit,Jain,1975-06-30,FEGVK5284W,amit.jain4@gmail.com,9040829317,PENDING,BR004,2026-05-16 10:42:25.5941699,2026-05-16 10:42:25.5941699
3950,Rohit,Mehta,1971-01-07,FHYNW0164E,rohit.mehta28@gmail.com,9678198736,VERIFIED,BR002,2026-05-16 10:42:25.5941699,2026-05-16 10:42:25.5941699
3951,Anjali,Iyer,1971-12-09,JZMYA8288Q,anjali.iyer39@gmail.com,9483259266,VERIFIED,BR004,2026-05-16 10:42:25.5941699,2026-05-16 10:42:25.5941699
3952,Anjali,Desai,1970-07-03,WYXOC6988P,anjali.desai99@gmail.com,9307337495,REJECTED,BR002,2026-05-16 10:42:25.5941699,2026-05-16 10:42:25.5941699
3953,Sneha,Mehta,1989-01-12,ZGSHH0124D,sneha.mehta13@gmail.com,9297643160,VERIFIED,BR002,2026-05-16 10:42:25.5941699,2026-05-16 10:42:25.5941699
3954,Rohit,Yadav,1981-09-11,MOGMU1201K,rohit.yadav37@gmail.com,9999806943,VERIFIED,BR004,2026-05-16 10:42:25.5941699,2026-05-16 10:42:25.5941699
3955,Priya,Gupta,1976-12-20,NVIDV1494Q,priya.gupta57@gmail.com,9292901974,VERIFIED,BR004,2026-05-16 10:42:25.5941699,2026-05-16 10:42:25.5941699
3956,Sneha,Desai,1963-10-15,NQPOL4232O,sneha.desai62@gmail.com,9734872875,VERIFIED,BR003,2026-05-16 10:42:25.5941699,2026-05-16 10:42:25.5941699
3957,Vikram,Patel,1998-06-15,TZGAX9199G,vikram.patel44@gmail.com,9084700285,PENDING,BR002,2026-05-16 10:42:25.5941699,2026-05-16 10:42:25.5941699
3958,Ramesh,Reddy,1999-03-10,KXAIP1460W,ramesh.reddy97@gmail.com,9105714472,VERIFIED,BR004,2026-05-16 10:42:25.5941699,2026-05-16 10:42:25.5941699
3959,Kavita,Iyer,1974-01-04,PGXNA1292J,kavita.iyer49@gmail.com,9857734862,VERIFIED,BR002,2026-05-16 10:42:25.5941699,2026-05-16 10:42:25.5941699
3960,Pooja,Patel,1980-02-23,MGSRK9035M,pooja.patel90@gmail.com,8819544881,VERIFIED,BR002,2026-05-16 10:42:25.5941699,2026-05-16 10:42:25.5941699
3961,Ramesh,Mehta,1989-10-22,DDXWB9463I,ramesh.mehta70@gmail.com,8818627683,VERIFIED,BR002,2026-05-16 10:42:25.5941699,2026-05-16 10:42:25.5941699
3962,Anjali,Singh,1960-07-12,NWZCA7492B,anjali.singh66@gmail.com,9551512633,VERIFIED,BR001,2026-05-16 10:42:25.5941699,2026-05-16 10:42:25.5941699
3963,Kavita,Desai,1988-05-30,FLRVX7904U,kavita.desai90@gmail.com,9427931465,VERIFIED,BR003,2026-05-16 10:42:25.5941699,2026-05-16 10:42:25.5941699
3964,Neha,Iyer,1993-11-18,EHWJE0810R,neha.iyer87@gmail.com,9275003135,VERIFIED,BR001,2026-05-16 10:42:25.5941699,2026-05-16 10:42:25.5941699
3965,Rahul,Reddy,2000-08-18,SMWOM7030W,rahul.reddy54@gmail.com,9770710244,VERIFIED,BR003,2026-05-16 10:42:25.5941699,2026-05-16 10:42:25.5941699
3966,Sneha,Kumar,1991-04-11,WJWIK2472Q,sneha.kumar28@gmail.com,9840928570,VERIFIED,BR002,2026-05-16 10:42:25.5941699,2026-05-16 10:42:25.5941699
3967,Amit,Sharma,1963-07-03,YEWRE1995R,amit.sharma95@gmail.com,8471697272,VERIFIED,BR002,2026-05-16 10:42:25.5941699,2026-05-16 10:42:25.5941699
3968,Rohit,Patel,1993-12-16,JPXIY2575J,rohit.patel63@gmail.com,9099564156,VERIFIED,BR004,2026-05-16 10:42:25.5941699,2026-05-16 10:42:25.5941699
3969,Rohit,Patel,1977-10-08,ENESN2830C,rohit.patel12@gmail.com,9692309604,PENDING,BR003,2026-05-16 10:42:25.5941699,2026-05-16 10:42:25.5941699
3970,Amit,Desai,1993-12-20,RVEQO9078G,amit.desai31@gmail.com,9227976261,PENDING,BR003,2026-05-16 10:42:25.5941699,2026-05-16 10:42:25.5941699
3971,Sneha,Singh,1962-06-24,TXFLJ4279X,sneha.singh57@gmail.com,9223694067,VERIFIED,BR001,2026-05-16 10:42:25.5941699,2026-05-16 10:42:25.5941699
3972,Rahul,Mehta,1978-01-11,MKLOR3457A,rahul.mehta76@gmail.com,9369865144,PENDING,BR003,2026-05-16 10:42:25.5941699,2026-05-16 10:42:25.5941699
3973,Pooja,Iyer,1964-03-12,SDNXL2299A,pooja.iyer76@gmail.com,9884497495,VERIFIED,BR002,2026-05-16 10:42:25.5941699,2026-05-16 10:42:25.5941699
3974,Rahul,Mehta,1999-03-28,KRFFQ3879W,rahul.mehta69@gmail.com,9185292400,VERIFIED,BR004,2026-05-16 10:42:25.5941699,2026-05-16 10:42:25.5941699
3975,Kavita,Desai,1978-11-04,JGXEY1884W,kavita.desai61@gmail.com,8830977082,VERIFIED,BR001,2026-05-16 10:42:25.5941699,2026-05-16 10:42:25.5941699
3976,Rahul,Patel,1961-10-08,TBIIJ5297H,rahul.patel2@gmail.com,9572480758,VERIFIED,BR004,2026-05-16 10:42:25.5941699,2026-05-16 10:42:25.5941699
3977,Kavita,Reddy,1999-01-13,TRDOV8907Z,kavita.reddy68@gmail.com,9430588628,VERIFIED,BR003,2026-05-16 10:42:25.5941699,2026-05-16 10:42:25.5941699
3978,Rahul,Iyer,1999-12-18,GTZII9577H,rahul.iyer4@gmail.com,9508090762,VERIFIED,BR003,2026-05-16 10:42:25.5941699,2026-05-16 10:42:25.5941699
3979,Pooja,Sharma,1960-01-15,ZUXZQ2145C,pooja.sharma89@gmail.com,9635657332,REJECTED,BR001,2026-05-16 10:42:25.5941699,2026-05-16 10:42:25.5941699
3980,Pooja,Iyer,1963-04-27,JPQWK6237K,pooja.iyer43@gmail.com,9907938840,PENDING,BR003,2026-05-16 10:42:25.5941699,2026-05-16 10:42:25.5941699
3981,Anjali,Desai,1984-05-07,JAZHR8747G,anjali.desai32@gmail.com,9771745993,VERIFIED,BR004,2026-05-16 10:42:25.5941699,2026-05-16 10:42:25.5941699
3982,Amit,Reddy,1971-01-30,EEWZE5359O,amit.reddy65@gmail.com,9362816481,VERIFIED,BR002,2026-05-16 10:42:25.5941699,2026-05-16 10:42:25.5941699
3983,Pooja,Jain,1966-08-29,ARLER2386I,pooja.jain24@gmail.com,9607155286,VERIFIED,BR001,2026-05-16 10:42:25.5941699,2026-05-16 10:42:25.5941699
3984,Kavita,Reddy,1995-11-16,YKAKQ5209B,kavita.reddy70@gmail.com,9062538507,VERIFIED,BR003,2026-05-16 10:42:25.5941699,2026-05-16 10:42:25.5941699
3985,Pooja,Kumar,1989-11-06,FYOAD7507E,pooja.kumar75@gmail.com,9721837432,VERIFIED,BR004,2026-05-16 10:42:25.5941699,2026-05-16 10:42:25.5941699
3986,Anjali,Iyer,1974-02-05,OGLQI8705A,anjali.iyer71@gmail.com,9633095735,VERIFIED,BR002,2026-05-16 10:42:25.5941699,2026-05-16 10:42:25.5941699
3987,Rohit,Iyer,1980-09-21,YJFLV1406O,rohit.iyer95@gmail.com,8791159067,VERIFIED,BR003,2026-05-16 10:42:25.5941699,2026-05-16 10:42:25.5941699
3988,Kavita,Yadav,1990-11-29,MNLZY3464S,kavita.yadav10@gmail.com,9716043027,PENDING,BR001,2026-05-16 10:42:25.5941699,2026-05-16 10:42:25.5941699
3989,Anjali,Gupta,1987-09-07,RHYII5903U,anjali.gupta23@gmail.com,9684637021,VERIFIED,BR003,2026-05-16 10:42:25.5941699,2026-05-16 10:42:25.5941699
3990,Vikram,Sharma,1960-02-05,GQDSC1589J,vikram.sharma91@gmail.com,9229133539,VERIFIED,BR003,2026-05-16 10:42:25.5941699,2026-05-16 10:42:25.5941699
3991,Vikram,Verma,1979-12-29,XOQYR1881B,vikram.verma20@gmail.com,9345241903,VERIFIED,BR003,2026-05-16 10:42:25.5941699,2026-05-16 10:42:25.5941699
3992,Neha,Singh,1982-05-23,YXUQN7060C,neha.singh84@gmail.com,9093738626,VERIFIED,BR002,2026-05-16 10:42:25.5941699,2026-05-16 10:42:25.5941699
3993,Rahul,Gupta,1984-08-15,PSCVJ2218B,rahul.gupta29@gmail.com,8496492839,VERIFIED,BR002,2026-05-16 10:42:25.5941699,2026-05-16 10:42:25.5941699
3994,Amit,Kumar,1991-10-16,URMKQ2257E,amit.kumar85@gmail.com,9199427685,VERIFIED,BR003,2026-05-16 10:42:25.5941699,2026-05-16 10:42:25.5941699
3995,Suresh,Iyer,1985-05-23,HBVJW1977J,suresh.iyer79@gmail.com,8913391014,VERIFIED,BR003,2026-05-16 10:42:25.5941699,2026-05-16 10:42:25.5941699
3996,Ramesh,Sharma,1995-11-10,WHTEF7267A,ramesh.sharma50@gmail.com,9225813558,REJECTED,BR001,2026-05-16 10:42:25.5941699,2026-05-16 10:42:25.5941699
3997,Anjali,Mehta,1996-08-28,OCUCO0763S,anjali.mehta43@gmail.com,9355200818,VERIFIED,BR003,2026-05-16 10:42:25.5941699,2026-05-16 10:42:25.5941699
3998,Rohit,Gupta,1965-02-23,IOSHV6219H,rohit.gupta58@gmail.com,9941811218,VERIFIED,BR004,2026-05-16 10:42:25.5941699,2026-05-16 10:42:25.5941699
3999,Ramesh,Mehta,2000-12-02,XIKCX0917X,ramesh.mehta89@gmail.com,9027263832,PENDING,BR004,2026-05-16 10:42:25.5941699,2026-05-16 10:42:25.5941699
4000,Rohit,Singh,1976-09-29,ZZGNJ0276W,rohit.singh96@gmail.com,9627802794,REJECTED,BR001,2026-05-16 10:42:25.5941699,2026-05-16 10:42:25.5941699
4001,Priya,Mehta,1983-03-18,EMOCM2171Y,priya.mehta47@gmail.com,9768408246,VERIFIED,BR002,2026-05-16 10:42:25.5941699,2026-05-16 10:42:25.5941699
4002,Priya,Singh,1975-09-10,ECSFC2053B,priya.singh25@gmail.com,9353076907,VERIFIED,BR003,2026-05-16 10:42:25.5941699,2026-05-16 10:42:25.5941699
4003,Priya,Sharma,1974-07-24,ENPOQ7563L,priya.sharma98@gmail.com,9428572919,VERIFIED,BR001,2026-05-16 10:42:25.5941699,2026-05-16 10:42:25.5941699
4004,Ramesh,Jain,1989-11-13,EDORW0161M,ramesh.jain83@gmail.com,9739368084,VERIFIED,BR002,2026-05-16 10:42:25.5941699,2026-05-16 10:42:25.5941699
4005,Anjali,Patel,1993-09-13,ZSSCY2483B,anjali.patel63@gmail.com,9654382608,VERIFIED,BR001,2026-05-16 10:42:25.5941699,2026-05-16 10:42:25.5941699
4006,Suresh,Singh,1960-11-16,ZZSSB4066S,suresh.singh98@gmail.com,9418904464,PENDING,BR002,2026-05-16 10:42:25.5941699,2026-05-16 10:42:25.5941699
4007,Ramesh,Reddy,1994-12-21,CCNTH3817Z,ramesh.reddy50@gmail.com,9255991584,VERIFIED,BR003,2026-05-16 10:42:25.5941699,2026-05-16 10:42:25.5941699
4008,Anjali,Verma,1962-11-05,ETZHU5490Q,anjali.verma35@gmail.com,9032097047,VERIFIED,BR001,2026-05-16 10:42:25.5941699,2026-05-16 10:42:25.5941699
4009,Pooja,Verma,1992-07-22,MKBSL7176E,pooja.verma37@gmail.com,9433457859,VERIFIED,BR003,2026-05-16 10:42:25.5941699,2026-05-16 10:42:25.5941699
4010,Suresh,Desai,1990-05-12,FVTFK8695C,suresh.desai43@gmail.com,9718581855,VERIFIED,BR001,2026-05-16 10:42:25.5941699,2026-05-16 10:42:25.5941699
4011,Priya,Verma,1967-09-10,CZRZB7648A,priya.verma15@gmail.com,9404122339,VERIFIED,BR002,2026-05-16 10:42:25.5941699,2026-05-16 10:42:25.5941699
4012,Kavita,Desai,1975-08-31,YTOJU0340T,kavita.desai21@gmail.com,8212514859,VERIFIED,BR001,2026-05-16 10:42:25.5941699,2026-05-16 10:42:25.5941699
4013,Rohit,Iyer,1974-01-26,PKPVK6279H,rohit.iyer81@gmail.com,9781942597,VERIFIED,BR004,2026-05-16 10:42:25.5941699,2026-05-16 10:42:25.5941699
4014,Priya,Verma,1991-04-17,FLACR5004C,priya.verma42@gmail.com,9156325901,VERIFIED,BR004,2026-05-16 10:42:25.5941699,2026-05-16 10:42:25.5941699
4015,Vikram,Singh,1962-03-03,HBKGF2073R,vikram.singh50@gmail.com,9531765634,VERIFIED,BR001,2026-05-16 10:42:25.5941699,2026-05-16 10:42:25.5941699
4016,Rahul,Reddy,1971-10-17,UHWON1814T,rahul.reddy20@gmail.com,9388166291,VERIFIED,BR004,2026-05-16 10:42:25.5941699,2026-05-16 10:42:25.5941699
4017,Vikram,Patel,1994-07-02,TVMDW3566R,vikram.patel22@gmail.com,9871137927,VERIFIED,BR003,2026-05-16 10:42:25.5941699,2026-05-16 10:42:25.5941699
4018,Priya,Mehta,1976-12-04,YTJZC6154A,priya.mehta20@gmail.com,9525584318,VERIFIED,BR004,2026-05-16 10:42:25.5941699,2026-05-16 10:42:25.5941699
4019,Suresh,Kumar,1980-11-11,ZXNET4595P,suresh.kumar2@gmail.com,9230051517,VERIFIED,BR004,2026-05-16 10:42:25.5941699,2026-05-16 10:42:25.5941699
4020,Kavita,Verma,1969-07-30,FWVFY5064O,kavita.verma70@gmail.com,9701732875,VERIFIED,BR003,2026-05-16 10:42:25.5941699,2026-05-16 10:42:25.5941699
4021,Rohit,Patel,1969-02-02,JIKUN7923P,rohit.patel85@gmail.com,9312764644,VERIFIED,BR003,2026-05-16 10:42:25.5941699,2026-05-16 10:42:25.5941699
4022,Kavita,Patel,1977-10-31,TDKCI8540I,kavita.patel27@gmail.com,9423133429,VERIFIED,BR002,2026-05-16 10:42:25.5941699,2026-05-16 10:42:25.5941699
4023,Ramesh,Singh,1965-07-30,JHNCU2045W,ramesh.singh36@gmail.com,9151873581,PENDING,BR003,2026-05-16 10:42:25.5941699,2026-05-16 10:42:25.5941699
4024,Rohit,Sharma,1989-04-18,IFJBK3130G,rohit.sharma99@gmail.com,9503803747,VERIFIED,BR001,2026-05-16 10:42:25.5941699,2026-05-16 10:42:25.5941699
4025,Priya,Sharma,1990-12-22,WBNET0336M,priya.sharma53@gmail.com,9110657496,VERIFIED,BR004,2026-05-16 10:42:25.5941699,2026-05-16 10:42:25.5941699
4026,Ramesh,Verma,1967-09-21,ZXEKZ3799H,ramesh.verma33@gmail.com,9884002758,VERIFIED,BR002,2026-05-16 10:42:25.5941699,2026-05-16 10:42:25.5941699
4027,Anjali,Jain,1985-01-26,MCGAH7262K,anjali.jain87@gmail.com,9000891394,VERIFIED,BR003,2026-05-16 10:42:25.5941699,2026-05-16 10:42:25.5941699
4028,Suresh,Kumar,1968-04-05,WJKLA9809U,suresh.kumar35@gmail.com,9719438122,VERIFIED,BR004,2026-05-16 10:42:25.5941699,2026-05-16 10:42:25.5941699
4029,Sneha,Verma,1972-12-08,ZDUYZ3596W,sneha.verma17@gmail.com,9939493585,VERIFIED,BR001,2026-05-16 10:42:25.5941699,2026-05-16 10:42:25.5941699
4030,Anjali,Verma,1987-04-14,CWZLW2723Z,anjali.verma76@gmail.com,8284248506,VERIFIED,BR001,2026-05-16 10:42:25.5941699,2026-05-16 10:42:25.5941699
4031,Neha,Desai,1977-01-30,WYIRL9527T,neha.desai73@gmail.com,9133707110,VERIFIED,BR002,2026-05-16 10:42:25.5941699,2026-05-16 10:42:25.5941699
4032,Kavita,Reddy,1988-01-24,OKXJO0462Y,kavita.reddy88@gmail.com,9194240312,PENDING,BR001,2026-05-16 10:42:25.5941699,2026-05-16 10:42:25.5941699
4033,Sneha,Reddy,1964-11-12,UAHNG2898B,sneha.reddy94@gmail.com,8588556795,VERIFIED,BR004,2026-05-16 10:42:25.5941699,2026-05-16 10:42:25.5941699
4034,Ramesh,Kumar,1963-11-04,AKVYI6373F,ramesh.kumar50@gmail.com,9522046346,VERIFIED,BR003,2026-05-16 10:42:25.5941699,2026-05-16 10:42:25.5941699
4035,Pooja,Desai,1981-07-17,PJHTL3107W,pooja.desai16@gmail.com,9236562205,VERIFIED,BR001,2026-05-16 10:42:25.5941699,2026-05-16 10:42:25.5941699
4036,Anjali,Patel,1982-01-12,MSZVD3591X,anjali.patel27@gmail.com,9879347040,PENDING,BR003,2026-05-16 10:42:25.5941699,2026-05-16 10:42:25.5941699
4037,Neha,Iyer,1988-03-27,XXSBZ2357W,neha.iyer67@gmail.com,9367496954,PENDING,BR004,2026-05-16 10:42:25.5941699,2026-05-16 10:42:25.5941699
4038,Amit,Desai,1974-05-21,TPGRV7584X,amit.desai8@gmail.com,9549778519,VERIFIED,BR004,2026-05-16 10:42:25.5941699,2026-05-16 10:42:25.5941699
4039,Sneha,Verma,1986-02-10,NMCYW0449D,sneha.verma58@gmail.com,9658723627,VERIFIED,BR003,2026-05-16 10:42:25.5941699,2026-05-16 10:42:25.5941699
4040,Vikram,Sharma,1969-04-19,DSHRL9728Y,vikram.sharma10@gmail.com,9243374591,VERIFIED,BR004,2026-05-16 10:42:25.5941699,2026-05-16 10:42:25.5941699
4041,Rohit,Gupta,1992-03-12,YOOCX2688Z,rohit.gupta72@gmail.com,9657505660,VERIFIED,BR002,2026-05-16 10:42:25.5941699,2026-05-16 10:42:25.5941699
4042,Neha,Kumar,1991-04-21,GSUUX8221R,neha.kumar87@gmail.com,9994608584,VERIFIED,BR001,2026-05-16 10:42:25.5941699,2026-05-16 10:42:25.5941699
4043,Suresh,Patel,1969-02-24,VSWRO5601K,suresh.patel49@gmail.com,9915459584,VERIFIED,BR002,2026-05-16 10:42:25.5941699,2026-05-16 10:42:25.5941699
4044,Sneha,Singh,1977-12-06,JQYMV3587C,sneha.singh6@gmail.com,8517831000,VERIFIED,BR002,2026-05-16 10:42:25.5941699,2026-05-16 10:42:25.5941699
4045,Anjali,Gupta,1984-07-12,VWYYR5507A,anjali.gupta94@gmail.com,9428748985,PENDING,BR002,2026-05-16 10:42:25.5941699,2026-05-16 10:42:25.5941699
4046,Suresh,Gupta,1975-08-03,MODKB9236D,suresh.gupta56@gmail.com,9252971979,REJECTED,BR003,2026-05-16 10:42:25.5941699,2026-05-16 10:42:25.5941699
4047,Vikram,Desai,1991-02-04,ZWGTL8178P,vikram.desai73@gmail.com,9635639330,VERIFIED,BR003,2026-05-16 10:42:25.5941699,2026-05-16 10:42:25.5941699
4048,Pooja,Mehta,1964-07-14,FTUNO6372X,pooja.mehta76@gmail.com,8342850472,VERIFIED,BR004,2026-05-16 10:42:25.5941699,2026-05-16 10:42:25.5941699
4049,Kavita,Gupta,1976-02-14,RZOVS4058U,kavita.gupta84@gmail.com,9340732226,PENDING,BR003,2026-05-16 10:42:25.5941699,2026-05-16 10:42:25.5941699
4050,Kavita,Verma,1961-11-09,DGICC6785F,kavita.verma26@gmail.com,9528407215,VERIFIED,BR004,2026-05-16 10:42:25.5941699,2026-05-16 10:42:25.5941699
4051,Priya,Yadav,1976-02-09,TKOPP6405L,priya.yadav78@gmail.com,9424990308,VERIFIED,BR003,2026-05-16 10:42:25.5941699,2026-05-16 10:42:25.5941699
4052,Suresh,Sharma,1979-11-02,XVOFO9444V,suresh.sharma77@gmail.com,9688611494,VERIFIED,BR004,2026-05-16 10:42:25.5941699,2026-05-16 10:42:25.5941699
4053,Ramesh,Iyer,1986-12-12,NZTAA6707S,ramesh.iyer34@gmail.com,8003660938,VERIFIED,BR001,2026-05-16 10:42:25.5941699,2026-05-16 10:42:25.5941699
4054,Pooja,Sharma,1994-01-13,VABGN0674W,pooja.sharma44@gmail.com,9125599714,VERIFIED,BR004,2026-05-16 10:42:25.5941699,2026-05-16 10:42:25.5941699
4055,Kavita,Yadav,1999-07-03,SLUPE4870Q,kavita.yadav10@gmail.com,9419041952,VERIFIED,BR001,2026-05-16 10:42:25.5941699,2026-05-16 10:42:25.5941699
4056,Pooja,Reddy,2000-04-01,GNPRR4344V,pooja.reddy5@gmail.com,9539179287,VERIFIED,BR004,2026-05-16 10:42:25.5941699,2026-05-16 10:42:25.5941699
4057,Neha,Verma,1961-09-03,EKBMH8834N,neha.verma50@gmail.com,8338586394,VERIFIED,BR003,2026-05-16 10:42:25.5941699,2026-05-16 10:42:25.5941699
4058,Pooja,Singh,1978-05-28,MJHUN5454S,pooja.singh85@gmail.com,8494483261,VERIFIED,BR003,2026-05-16 10:42:25.5941699,2026-05-16 10:42:25.5941699
4059,Rahul,Gupta,1969-08-30,JWUFI1119M,rahul.gupta68@gmail.com,8442109494,VERIFIED,BR001,2026-05-16 10:42:25.5941699,2026-05-16 10:42:25.5941699
4060,Vikram,Reddy,1991-06-27,PZBDT6939L,vikram.reddy26@gmail.com,9628305111,PENDING,BR002,2026-05-16 10:42:25.5941699,2026-05-16 10:42:25.5941699
4061,Kavita,Verma,1981-12-21,YFAXT9472Y,kavita.verma67@gmail.com,9007469445,VERIFIED,BR002,2026-05-16 10:42:25.5941699,2026-05-16 10:42:25.5941699
4062,Pooja,Desai,1978-07-24,BJILI6234D,pooja.desai93@gmail.com,8944109388,VERIFIED,BR004,2026-05-16 10:42:25.5941699,2026-05-16 10:42:25.5941699
4063,Suresh,Sharma,1986-10-08,DSFTO9078G,suresh.sharma20@gmail.com,9006945500,VERIFIED,BR003,2026-05-16 10:42:25.5941699,2026-05-16 10:42:25.5941699
4064,Amit,Reddy,1967-07-13,KYKYF4291R,amit.reddy79@gmail.com,9945644726,VERIFIED,BR002,2026-05-16 10:42:25.5941699,2026-05-16 10:42:25.5941699
4065,Rahul,Kumar,1999-06-15,YSEYN4888P,rahul.kumar19@gmail.com,8145902452,VERIFIED,BR003,2026-05-16 10:42:25.5941699,2026-05-16 10:42:25.5941699
4066,Rahul,Gupta,1986-12-19,RETFA8787W,rahul.gupta10@gmail.com,9263620265,VERIFIED,BR003,2026-05-16 10:42:25.5941699,2026-05-16 10:42:25.5941699
4067,Ramesh,Gupta,1961-12-22,XASIR2824I,ramesh.gupta49@gmail.com,9482497313,VERIFIED,BR003,2026-05-16 10:42:25.5941699,2026-05-16 10:42:25.5941699
4068,Pooja,Singh,1961-04-02,FGTRQ5822M,pooja.singh19@gmail.com,9184992133,VERIFIED,BR004,2026-05-16 10:42:25.5941699,2026-05-16 10:42:25.5941699
4069,Priya,Mehta,1970-03-09,QZDQX6044S,priya.mehta75@gmail.com,9268990199,VERIFIED,BR001,2026-05-16 10:42:25.5941699,2026-05-16 10:42:25.5941699
4070,Ramesh,Kumar,1977-04-27,NSQTR1953A,ramesh.kumar67@gmail.com,9550923964,VERIFIED,BR004,2026-05-16 10:42:25.5941699,2026-05-16 10:42:25.5941699
4071,Ramesh,Gupta,1984-11-23,XQKJS3760P,ramesh.gupta94@gmail.com,9644039588,VERIFIED,BR002,2026-05-16 10:42:25.5941699,2026-05-16 10:42:25.5941699
4072,Amit,Patel,1986-05-13,ROFQE2376O,amit.patel49@gmail.com,9192132655,VERIFIED,BR001,2026-05-16 10:42:25.5941699,2026-05-16 10:42:25.5941699
4073,Neha,Kumar,2000-07-10,FZZLN6295R,neha.kumar2@gmail.com,9493373491,VERIFIED,BR002,2026-05-16 10:42:25.5941699,2026-05-16 10:42:25.5941699
4074,Pooja,Gupta,1961-02-24,FUAPP6965G,pooja.gupta40@gmail.com,9581102729,VERIFIED,BR001,2026-05-16 10:42:25.5941699,2026-05-16 10:42:25.5941699
4075,Anjali,Yadav,1973-07-27,RCJGC5784L,anjali.yadav89@gmail.com,9524374807,VERIFIED,BR001,2026-05-16 10:42:25.5941699,2026-05-16 10:42:25.5941699
4076,Kavita,Kumar,1997-08-18,UURSD0487Q,kavita.kumar24@gmail.com,9944191041,VERIFIED,BR004,2026-05-16 10:42:25.5941699,2026-05-16 10:42:25.5941699
4077,Ramesh,Verma,1964-05-09,KRAQF2402S,ramesh.verma63@gmail.com,9662531677,VERIFIED,BR003,2026-05-16 10:42:25.5941699,2026-05-16 10:42:25.5941699
4078,Vikram,Kumar,1993-11-28,PNGOJ6805F,vikram.kumar65@gmail.com,8580260387,VERIFIED,BR003,2026-05-16 10:42:25.5941699,2026-05-16 10:42:25.5941699
4079,Rohit,Iyer,1975-02-01,IWJDI5494G,rohit.iyer48@gmail.com,9665259630,VERIFIED,BR001,2026-05-16 10:42:25.5941699,2026-05-16 10:42:25.5941699
4080,Vikram,Singh,1964-10-31,OZFPP9225K,vikram.singh90@gmail.com,9293951341,VERIFIED,BR004,2026-05-16 10:42:25.5941699,2026-05-16 10:42:25.5941699
4081,Amit,Desai,1965-12-07,UHJUQ1452B,amit.desai64@gmail.com,8994085954,VERIFIED,BR002,2026-05-16 10:42:25.5941699,2026-05-16 10:42:25.5941699
4082,Amit,Desai,1962-02-06,DWADU4262X,amit.desai14@gmail.com,9173535522,REJECTED,BR002,2026-05-16 10:42:25.5941699,2026-05-16 10:42:25.5941699
4083,Suresh,Desai,1980-12-05,ZJKUF7192Q,suresh.desai97@gmail.com,9744473582,PENDING,BR003,2026-05-16 10:42:25.5941699,2026-05-16 10:42:25.5941699
4084,Neha,Verma,1990-07-10,LOPBR0016J,neha.verma8@gmail.com,9625874164,VERIFIED,BR003,2026-05-16 10:42:25.5941699,2026-05-16 10:42:25.5941699
4085,Priya,Reddy,1980-01-14,OLSST2813Y,priya.reddy32@gmail.com,8985521000,VERIFIED,BR002,2026-05-16 10:42:25.5941699,2026-05-16 10:42:25.5941699
4086,Kavita,Desai,1966-02-03,LTXQF4339C,kavita.desai54@gmail.com,9232561445,VERIFIED,BR002,2026-05-16 10:42:25.5941699,2026-05-16 10:42:25.5941699
4087,Sneha,Iyer,1967-05-10,MLBVR5492Y,sneha.iyer84@gmail.com,9937181121,VERIFIED,BR004,2026-05-16 10:42:25.5941699,2026-05-16 10:42:25.5941699
4088,Ramesh,Sharma,1993-07-28,SRQOA3422N,ramesh.sharma25@gmail.com,9090701663,VERIFIED,BR002,2026-05-16 10:42:25.5941699,2026-05-16 10:42:25.5941699
4089,Vikram,Verma,1972-10-07,YVGMF9245B,vikram.verma82@gmail.com,9693090196,VERIFIED,BR004,2026-05-16 10:42:25.5941699,2026-05-16 10:42:25.5941699
4090,Rohit,Reddy,1966-10-02,TUYIN5633C,rohit.reddy2@gmail.com,9534157796,PENDING,BR003,2026-05-16 10:42:25.5941699,2026-05-16 10:42:25.5941699
4091,Amit,Sharma,1961-09-17,OLUHL0575O,amit.sharma47@gmail.com,8896742924,VERIFIED,BR002,2026-05-16 10:42:25.5941699,2026-05-16 10:42:25.5941699
4092,Amit,Sharma,1968-09-26,HVJPK3201K,amit.sharma49@gmail.com,9632101636,VERIFIED,BR003,2026-05-16 10:42:25.5941699,2026-05-16 10:42:25.5941699
4093,Neha,Sharma,1974-03-30,BGNOP6289F,neha.sharma77@gmail.com,9757430299,VERIFIED,BR001,2026-05-16 10:42:25.5941699,2026-05-16 10:42:25.5941699
4094,Rohit,Patel,1991-07-23,GFUGG4391D,rohit.patel43@gmail.com,9445753715,VERIFIED,BR001,2026-05-16 10:42:25.5941699,2026-05-16 10:42:25.5941699
4095,Rohit,Singh,1988-08-02,RKVNB5033T,rohit.singh84@gmail.com,9714137807,PENDING,BR001,2026-05-16 10:42:25.5941699,2026-05-16 10:42:25.5941699
4096,Neha,Singh,1969-09-10,HLXPB4224S,neha.singh84@gmail.com,9409274320,PENDING,BR002,2026-05-16 10:42:25.5941699,2026-05-16 10:42:25.5941699
4097,Amit,Verma,1980-06-25,DTCCE8077V,amit.verma97@gmail.com,8206598724,VERIFIED,BR003,2026-05-16 10:42:25.5941699,2026-05-16 10:42:25.5941699
4098,Kavita,Iyer,1960-06-26,KIJUS7769B,kavita.iyer54@gmail.com,8994511589,VERIFIED,BR002,2026-05-16 10:42:25.5941699,2026-05-16 10:42:25.5941699
4099,Pooja,Iyer,1997-06-17,BVDNF2157V,pooja.iyer23@gmail.com,9334019642,VERIFIED,BR003,2026-05-16 10:42:25.5941699,2026-05-16 10:42:25.5941699
4100,Pooja,Iyer,1970-03-27,KCFIT7057P,pooja.iyer41@gmail.com,9307838346,VERIFIED,BR004,2026-05-16 10:42:25.5941699,2026-05-16 10:42:25.5941699
4101,Neha,Sharma,1988-04-11,FNCWA1234R,neha.sharma81@gmail.com,9628291852,VERIFIED,BR002,2026-05-16 10:42:25.5941699,2026-05-16 10:42:25.5941699
4102,Rohit,Jain,1988-01-17,CJBTR0255G,rohit.jain5@gmail.com,9828041885,VERIFIED,BR001,2026-05-16 10:42:25.5941699,2026-05-16 10:42:25.5941699
4103,Ramesh,Yadav,1995-01-27,XQSAJ1088H,ramesh.yadav88@gmail.com,9425361256,VERIFIED,BR004,2026-05-16 10:42:25.5941699,2026-05-16 10:42:25.5941699
4104,Neha,Kumar,1970-06-25,VONCL6000J,neha.kumar75@gmail.com,9243832557,VERIFIED,BR003,2026-05-16 10:42:25.5941699,2026-05-16 10:42:25.5941699
4105,Kavita,Reddy,1990-02-05,PDWST9899L,kavita.reddy50@gmail.com,9471184587,VERIFIED,BR002,2026-05-16 10:42:25.5941699,2026-05-16 10:42:25.5941699
4106,Neha,Singh,1998-05-03,AXSPC9280G,neha.singh79@gmail.com,9140325603,VERIFIED,BR003,2026-05-16 10:42:25.5941699,2026-05-16 10:42:25.5941699
4107,Rahul,Jain,1996-08-17,HJZBW8800G,rahul.jain39@gmail.com,9203662780,VERIFIED,BR003,2026-05-16 10:42:25.5941699,2026-05-16 10:42:25.5941699
4108,Vikram,Desai,1995-04-01,MRYMJ5372A,vikram.desai10@gmail.com,9757573948,VERIFIED,BR002,2026-05-16 10:42:25.5941699,2026-05-16 10:42:25.5941699
4109,Rohit,Verma,1966-01-03,KCRXZ9777U,rohit.verma18@gmail.com,9498140254,VERIFIED,BR002,2026-05-16 10:42:25.5941699,2026-05-16 10:42:25.5941699
4110,Priya,Reddy,1966-01-29,FBKZJ0361D,priya.reddy28@gmail.com,9957501120,VERIFIED,BR003,2026-05-16 10:42:25.5941699,2026-05-16 10:42:25.5941699
4111,Suresh,Verma,1977-09-27,OBQOX6166H,suresh.verma41@gmail.com,9210689739,VERIFIED,BR003,2026-05-16 10:42:25.5941699,2026-05-16 10:42:25.5941699
4112,Suresh,Yadav,1999-10-13,WPPFB3577S,suresh.yadav22@gmail.com,9164006034,VERIFIED,BR004,2026-05-16 10:42:25.5941699,2026-05-16 10:42:25.5941699
4113,Rohit,Patel,2000-04-17,SDLDC2665W,rohit.patel71@gmail.com,8956739356,VERIFIED,BR001,2026-05-16 10:42:25.5941699,2026-05-16 10:42:25.5941699
4114,Priya,Patel,1971-12-02,NPWCA5317R,priya.patel68@gmail.com,9482099020,VERIFIED,BR003,2026-05-16 10:42:25.5941699,2026-05-16 10:42:25.5941699
4115,Sneha,Sharma,1983-01-10,BHAEB7870D,sneha.sharma70@gmail.com,9423191121,VERIFIED,BR001,2026-05-16 10:42:25.5941699,2026-05-16 10:42:25.5941699
4116,Kavita,Patel,1991-08-20,KHCRO0274B,kavita.patel79@gmail.com,9441849956,VERIFIED,BR004,2026-05-16 10:42:25.5941699,2026-05-16 10:42:25.5941699
4117,Rahul,Verma,1965-02-06,WSRMC0782S,rahul.verma75@gmail.com,9739286238,PENDING,BR001,2026-05-16 10:42:25.5941699,2026-05-16 10:42:25.5941699
4118,Rahul,Desai,1966-09-16,IHWAK5878Q,rahul.desai87@gmail.com,9104169388,VERIFIED,BR001,2026-05-16 10:42:25.5941699,2026-05-16 10:42:25.5941699
4119,Amit,Sharma,1984-06-17,AVSLI4566L,amit.sharma1@gmail.com,9849959914,VERIFIED,BR004,2026-05-16 10:42:25.5941699,2026-05-16 10:42:25.5941699
4120,Vikram,Gupta,1960-04-26,OBGPH3662L,vikram.gupta87@gmail.com,9530423858,VERIFIED,BR003,2026-05-16 10:42:25.5941699,2026-05-16 10:42:25.5941699
4121,Pooja,Iyer,1974-11-02,LWQXE8662M,pooja.iyer71@gmail.com,9585704624,VERIFIED,BR001,2026-05-16 10:42:25.5941699,2026-05-16 10:42:25.5941699
4122,Anjali,Reddy,1993-04-26,TPWUF0994Q,anjali.reddy66@gmail.com,9994627255,VERIFIED,BR003,2026-05-16 10:42:25.5941699,2026-05-16 10:42:25.5941699
4123,Kavita,Yadav,1996-08-10,ZKMHS8391Z,kavita.yadav98@gmail.com,9785340081,VERIFIED,BR003,2026-05-16 10:42:25.5941699,2026-05-16 10:42:25.5941699
4124,Anjali,Sharma,1984-07-29,ZKPLK1317M,anjali.sharma98@gmail.com,9059189508,PENDING,BR002,2026-05-16 10:42:25.5941699,2026-05-16 10:42:25.5941699
4125,Anjali,Verma,1976-07-03,LTINH9856Z,anjali.verma67@gmail.com,9875922466,PENDING,BR003,2026-05-16 10:42:25.5941699,2026-05-16 10:42:25.5941699
4126,Rohit,Reddy,1975-06-26,RMBKJ8782F,rohit.reddy50@gmail.com,9217661217,VERIFIED,BR003,2026-05-16 10:42:25.5941699,2026-05-16 10:42:25.5941699
4127,Suresh,Desai,1979-07-17,BJYYF7111G,suresh.desai98@gmail.com,9190385379,VERIFIED,BR001,2026-05-16 10:42:25.5941699,2026-05-16 10:42:25.5941699
4128,Suresh,Mehta,1974-09-16,IITVA3883M,suresh.mehta4@gmail.com,9106980202,VERIFIED,BR003,2026-05-16 10:42:25.5941699,2026-05-16 10:42:25.5941699
4129,Pooja,Yadav,1980-02-14,WLCYB7037H,pooja.yadav68@gmail.com,9264941554,PENDING,BR003,2026-05-16 10:42:25.5941699,2026-05-16 10:42:25.5941699
4130,Rohit,Verma,1988-11-11,ITEDH9068H,rohit.verma9@gmail.com,9029516165,VERIFIED,BR002,2026-05-16 10:42:25.5941699,2026-05-16 10:42:25.5941699
4131,Anjali,Yadav,1984-04-14,HDDSS0018I,anjali.yadav12@gmail.com,9101990306,REJECTED,BR002,2026-05-16 10:42:25.5941699,2026-05-16 10:42:25.5941699
4132,Priya,Singh,1965-02-09,XXFCV9608Z,priya.singh1@gmail.com,9442639634,VERIFIED,BR001,2026-05-16 10:42:25.5941699,2026-05-16 10:42:25.5941699
4133,Sneha,Mehta,1970-10-31,XYMFS8184P,sneha.mehta59@gmail.com,9835062021,VERIFIED,BR001,2026-05-16 10:42:25.5941699,2026-05-16 10:42:25.5941699
4134,Ramesh,Reddy,1995-06-23,PORHT0191C,ramesh.reddy13@gmail.com,9205685113,PENDING,BR002,2026-05-16 10:42:25.5941699,2026-05-16 10:42:25.5941699
4135,Suresh,Patel,1978-03-01,FQORT0100V,suresh.patel37@gmail.com,9642781812,VERIFIED,BR002,2026-05-16 10:42:25.5941699,2026-05-16 10:42:25.5941699
4136,Kavita,Verma,1974-05-26,ODIZI4774G,kavita.verma77@gmail.com,8907291014,VERIFIED,BR004,2026-05-16 10:42:25.5941699,2026-05-16 10:42:25.5941699
4137,Priya,Yadav,1977-06-29,RJMZU8847J,priya.yadav96@gmail.com,9989041203,VERIFIED,BR003,2026-05-16 10:42:25.5941699,2026-05-16 10:42:25.5941699
4138,Kavita,Reddy,1997-02-02,NYDTZ8137E,kavita.reddy23@gmail.com,9590663924,VERIFIED,BR001,2026-05-16 10:42:25.5941699,2026-05-16 10:42:25.5941699
4139,Amit,Patel,1972-12-07,QFDXZ6753H,amit.patel27@gmail.com,9289939494,VERIFIED,BR001,2026-05-16 10:42:25.5941699,2026-05-16 10:42:25.5941699
4140,Neha,Desai,1982-12-23,GJONN4023N,neha.desai91@gmail.com,9447711163,VERIFIED,BR003,2026-05-16 10:42:25.5941699,2026-05-16 10:42:25.5941699
4141,Ramesh,Desai,1972-12-03,JJBDO4365C,ramesh.desai52@gmail.com,9321500862,VERIFIED,BR003,2026-05-16 10:42:25.5941699,2026-05-16 10:42:25.5941699
4142,Suresh,Yadav,1991-01-21,SDQIB8295T,suresh.yadav4@gmail.com,9520019572,REJECTED,BR001,2026-05-16 10:42:25.5941699,2026-05-16 10:42:25.5941699
4143,Rahul,Sharma,1996-08-23,EJTDD6087C,rahul.sharma32@gmail.com,9233258635,REJECTED,BR002,2026-05-16 10:42:25.5941699,2026-05-16 10:42:25.5941699
4144,Suresh,Singh,1973-03-01,GYFQD8093S,suresh.singh53@gmail.com,9592603493,VERIFIED,BR002,2026-05-16 10:42:25.5941699,2026-05-16 10:42:25.5941699
4145,Priya,Sharma,1965-01-30,UPYJL2207P,priya.sharma66@gmail.com,9804456901,VERIFIED,BR003,2026-05-16 10:42:25.5941699,2026-05-16 10:42:25.5941699
4146,Amit,Singh,1995-09-23,CDWFV8791N,amit.singh4@gmail.com,9592915837,VERIFIED,BR001,2026-05-16 10:42:25.5941699,2026-05-16 10:42:25.5941699
4147,Kavita,Verma,1976-08-03,VMCTT7325P,kavita.verma65@gmail.com,9848886151,VERIFIED,BR003,2026-05-16 10:42:25.5941699,2026-05-16 10:42:25.5941699
4148,Anjali,Iyer,1975-05-26,JSSVS6750P,anjali.iyer84@gmail.com,9452000835,VERIFIED,BR002,2026-05-16 10:42:25.5941699,2026-05-16 10:42:25.5941699
4149,Rahul,Gupta,1961-04-30,NBSYW1516G,rahul.gupta43@gmail.com,9994097896,REJECTED,BR004,2026-05-16 10:42:25.5941699,2026-05-16 10:42:25.5941699
4150,Rohit,Yadav,1971-08-09,LZFDX5092F,rohit.yadav72@gmail.com,9316814466,PENDING,BR004,2026-05-16 10:42:25.5941699,2026-05-16 10:42:25.5941699
4151,Vikram,Kumar,1966-07-30,EFPGB8046J,vikram.kumar85@gmail.com,9155548228,VERIFIED,BR002,2026-05-16 10:42:25.5941699,2026-05-16 10:42:25.5941699
4152,Anjali,Iyer,1968-08-10,TWWNU5348I,anjali.iyer65@gmail.com,9348841810,VERIFIED,BR003,2026-05-16 10:42:25.5941699,2026-05-16 10:42:25.5941699
4153,Vikram,Jain,1979-03-11,AAKKZ7409M,vikram.jain37@gmail.com,9194395533,VERIFIED,BR004,2026-05-16 10:42:25.5941699,2026-05-16 10:42:25.5941699
4154,Ramesh,Yadav,1980-02-13,ZDWOE8165D,ramesh.yadav34@gmail.com,9100333194,VERIFIED,BR002,2026-05-16 10:42:25.5941699,2026-05-16 10:42:25.5941699
4155,Sneha,Mehta,1988-07-08,PYWNW5477E,sneha.mehta99@gmail.com,9455500882,VERIFIED,BR001,2026-05-16 10:42:25.5941699,2026-05-16 10:42:25.5941699
4156,Neha,Patel,1982-04-23,LSFFW9735N,neha.patel35@gmail.com,9858745530,VERIFIED,BR003,2026-05-16 10:42:25.5941699,2026-05-16 10:42:25.5941699
4157,Sneha,Mehta,1979-10-01,ORAKR3859D,sneha.mehta27@gmail.com,9582181651,VERIFIED,BR003,2026-05-16 10:42:25.5941699,2026-05-16 10:42:25.5941699
4158,Rahul,Desai,1979-03-04,EGXFI8285D,rahul.desai63@gmail.com,9384191740,VERIFIED,BR004,2026-05-16 10:42:25.5941699,2026-05-16 10:42:25.5941699
4159,Pooja,Singh,1977-01-01,ZRZUJ1218X,pooja.singh18@gmail.com,8548039413,VERIFIED,BR003,2026-05-16 10:42:25.5941699,2026-05-16 10:42:25.5941699
4160,Rahul,Patel,1991-02-24,GOCTA5723U,rahul.patel15@gmail.com,9956113167,VERIFIED,BR004,2026-05-16 10:42:25.5941699,2026-05-16 10:42:25.5941699
4161,Sneha,Iyer,1999-06-09,YCRSP9788W,sneha.iyer26@gmail.com,8548430052,VERIFIED,BR004,2026-05-16 10:42:25.5941699,2026-05-16 10:42:25.5941699
4162,Suresh,Desai,1982-04-02,JYEQM7928G,suresh.desai23@gmail.com,9119278544,VERIFIED,BR002,2026-05-16 10:42:25.5941699,2026-05-16 10:42:25.5941699
4163,Priya,Patel,1997-12-14,XKOEK4445L,priya.patel56@gmail.com,9242576170,PENDING,BR004,2026-05-16 10:42:25.5941699,2026-05-16 10:42:25.5941699
4164,Kavita,Sharma,1983-04-30,ULFUC2552R,kavita.sharma92@gmail.com,9584091156,VERIFIED,BR001,2026-05-16 10:42:25.5941699,2026-05-16 10:42:25.5941699
4165,Suresh,Desai,1968-08-10,AOOHL4126V,suresh.desai91@gmail.com,9772059784,VERIFIED,BR003,2026-05-16 10:42:25.5941699,2026-05-16 10:42:25.5941699
4166,Suresh,Sharma,1970-10-01,VWCWA0213A,suresh.sharma64@gmail.com,9468893004,PENDING,BR004,2026-05-16 10:42:25.5941699,2026-05-16 10:42:25.5941699
4167,Priya,Sharma,1974-01-07,IEFZM1096C,priya.sharma64@gmail.com,9235033472,VERIFIED,BR003,2026-05-16 10:42:25.5941699,2026-05-16 10:42:25.5941699
4168,Priya,Patel,1986-04-22,ASYCY7924T,priya.patel54@gmail.com,9456530781,VERIFIED,BR004,2026-05-16 10:42:25.5941699,2026-05-16 10:42:25.5941699
4169,Ramesh,Reddy,1967-10-11,AVZRO0945A,ramesh.reddy28@gmail.com,9923571408,VERIFIED,BR002,2026-05-16 10:42:25.5941699,2026-05-16 10:42:25.5941699
4170,Anjali,Mehta,1998-10-01,JPOMG4953B,anjali.mehta72@gmail.com,9768067980,PENDING,BR001,2026-05-16 10:42:25.5941699,2026-05-16 10:42:25.5941699
4171,Pooja,Desai,1964-01-21,UTLLF1375O,pooja.desai29@gmail.com,9113428408,VERIFIED,BR003,2026-05-16 10:42:25.5941699,2026-05-16 10:42:25.5941699
4172,Pooja,Kumar,1983-01-18,ZXXQM6739O,pooja.kumar10@gmail.com,9803897028,PENDING,BR002,2026-05-16 10:42:25.5941699,2026-05-16 10:42:25.5941699
4173,Suresh,Reddy,1980-06-15,QEWMD6368O,suresh.reddy92@gmail.com,9219133149,VERIFIED,BR003,2026-05-16 10:42:25.5941699,2026-05-16 10:42:25.5941699
4174,Vikram,Jain,1993-03-20,RFVSW0943Q,vikram.jain76@gmail.com,9387301430,VERIFIED,BR002,2026-05-16 10:42:25.5941699,2026-05-16 10:42:25.5941699
4175,Ramesh,Mehta,1965-04-02,ONQOT0736G,ramesh.mehta10@gmail.com,9182525319,VERIFIED,BR001,2026-05-16 10:42:25.5941699,2026-05-16 10:42:25.5941699
4176,Suresh,Desai,1995-11-02,YNZMV9589G,suresh.desai88@gmail.com,9264298247,VERIFIED,BR004,2026-05-16 10:42:25.5941699,2026-05-16 10:42:25.5941699
4177,Neha,Iyer,1971-10-07,ZKHME2486Z,neha.iyer65@gmail.com,9755675503,VERIFIED,BR002,2026-05-16 10:42:25.5941699,2026-05-16 10:42:25.5941699
4178,Kavita,Singh,1995-07-22,TJKWG3473I,kavita.singh8@gmail.com,9067089507,VERIFIED,BR003,2026-05-16 10:42:25.5941699,2026-05-16 10:42:25.5941699
4179,Priya,Mehta,1977-07-21,VQZTJ8828I,priya.mehta39@gmail.com,9828563676,VERIFIED,BR003,2026-05-16 10:42:25.5941699,2026-05-16 10:42:25.5941699
4180,Anjali,Kumar,1973-05-18,WQSDA3416R,anjali.kumar30@gmail.com,9280656212,VERIFIED,BR002,2026-05-16 10:42:25.5941699,2026-05-16 10:42:25.5941699
4181,Rohit,Yadav,1977-06-28,SRTPI2630O,rohit.yadav66@gmail.com,9600917507,PENDING,BR001,2026-05-16 10:42:25.5941699,2026-05-16 10:42:25.5941699
4182,Priya,Verma,1964-03-19,UJOYU4022X,priya.verma39@gmail.com,9489164452,VERIFIED,BR001,2026-05-16 10:42:25.5941699,2026-05-16 10:42:25.5941699
4183,Neha,Sharma,1963-07-24,NYPEP2637B,neha.sharma90@gmail.com,9814642899,REJECTED,BR004,2026-05-16 10:42:25.5941699,2026-05-16 10:42:25.5941699
4184,Vikram,Verma,1997-05-31,SHUML0823X,vikram.verma31@gmail.com,9476540145,VERIFIED,BR004,2026-05-16 10:42:25.5941699,2026-05-16 10:42:25.5941699
4185,Rahul,Reddy,1985-08-18,WFVSV3071L,rahul.reddy6@gmail.com,9680349776,PENDING,BR003,2026-05-16 10:42:25.5941699,2026-05-16 10:42:25.5941699
4186,Rahul,Yadav,1964-06-18,NWLPF8946I,rahul.yadav99@gmail.com,9371588138,PENDING,BR003,2026-05-16 10:42:25.5941699,2026-05-16 10:42:25.5941699
4187,Sneha,Sharma,1974-03-04,RZYKL0281P,sneha.sharma76@gmail.com,9377545814,VERIFIED,BR004,2026-05-16 10:42:25.5941699,2026-05-16 10:42:25.5941699
4188,Neha,Desai,1991-11-06,FUQGI1095C,neha.desai61@gmail.com,8061902150,VERIFIED,BR004,2026-05-16 10:42:25.5941699,2026-05-16 10:42:25.5941699
4189,Sneha,Reddy,1971-06-26,BCEMB8183M,sneha.reddy73@gmail.com,9481182672,VERIFIED,BR004,2026-05-16 10:42:25.5941699,2026-05-16 10:42:25.5941699
4190,Suresh,Kumar,1978-08-26,HNPLO4598A,suresh.kumar63@gmail.com,9904064244,PENDING,BR002,2026-05-16 10:42:25.5941699,2026-05-16 10:42:25.5941699
4191,Rohit,Patel,1995-04-12,LGFIW3745K,rohit.patel43@gmail.com,9652282905,PENDING,BR004,2026-05-16 10:42:25.5941699,2026-05-16 10:42:25.5941699
4192,Amit,Desai,1981-12-31,AVITQ1070M,amit.desai99@gmail.com,9887451662,VERIFIED,BR002,2026-05-16 10:42:25.5941699,2026-05-16 10:42:25.5941699
4193,Priya,Mehta,1962-07-29,WMLMM6959F,priya.mehta49@gmail.com,9701333621,VERIFIED,BR002,2026-05-16 10:42:25.5941699,2026-05-16 10:42:25.5941699
4194,Amit,Patel,1964-11-19,PGSXW5142T,amit.patel66@gmail.com,9580930511,VERIFIED,BR004,2026-05-16 10:42:25.5941699,2026-05-16 10:42:25.5941699
4195,Vikram,Reddy,1962-03-18,QNHRS9924Q,vikram.reddy92@gmail.com,9787981107,VERIFIED,BR001,2026-05-16 10:42:25.5941699,2026-05-16 10:42:25.5941699
4196,Suresh,Mehta,1980-12-03,LISUA5767U,suresh.mehta34@gmail.com,9859684552,VERIFIED,BR001,2026-05-16 10:42:25.5941699,2026-05-16 10:42:25.5941699
4197,Pooja,Kumar,1995-01-15,JXVGM9576J,pooja.kumar23@gmail.com,9012737529,VERIFIED,BR003,2026-05-16 10:42:25.5941699,2026-05-16 10:42:25.5941699
4198,Priya,Jain,1962-07-02,LSNFA2832K,priya.jain16@gmail.com,9059214029,VERIFIED,BR004,2026-05-16 10:42:25.5941699,2026-05-16 10:42:25.5941699
4199,Sneha,Verma,1991-07-15,RRAHG1100D,sneha.verma72@gmail.com,9759975022,PENDING,BR003,2026-05-16 10:42:25.5941699,2026-05-16 10:42:25.5941699
4200,Pooja,Mehta,1996-10-25,WOVGR3929N,pooja.mehta16@gmail.com,9633065421,VERIFIED,BR004,2026-05-16 10:42:25.5941699,2026-05-16 10:42:25.5941699
4201,Anjali,Verma,1988-06-20,MNTNG2205S,anjali.verma72@gmail.com,9639804572,PENDING,BR003,2026-05-16 10:42:25.5941699,2026-05-16 10:42:25.5941699
4202,Rohit,Sharma,1987-04-07,XZPAZ9063A,rohit.sharma98@gmail.com,9380491836,PENDING,BR002,2026-05-16 10:42:25.5941699,2026-05-16 10:42:25.5941699
4203,Rohit,Singh,1975-09-20,VVEQU1329B,rohit.singh5@gmail.com,8649263145,VERIFIED,BR004,2026-05-16 10:42:25.5941699,2026-05-16 10:42:25.5941699
4204,Rahul,Gupta,1988-09-19,XPPQJ2981H,rahul.gupta9@gmail.com,9966989667,VERIFIED,BR001,2026-05-16 10:42:25.5941699,2026-05-16 10:42:25.5941699
4205,Ramesh,Desai,1994-07-16,JZJZZ0558I,ramesh.desai68@gmail.com,9917837782,VERIFIED,BR004,2026-05-16 10:42:25.5941699,2026-05-16 10:42:25.5941699
4206,Priya,Gupta,1985-08-17,UVURF1186L,priya.gupta96@gmail.com,9761940945,VERIFIED,BR003,2026-05-16 10:42:25.5941699,2026-05-16 10:42:25.5941699
4207,Sneha,Sharma,1989-11-26,FOXAH2656Y,sneha.sharma61@gmail.com,9832336445,VERIFIED,BR003,2026-05-16 10:42:25.5941699,2026-05-16 10:42:25.5941699
4208,Vikram,Mehta,1998-05-19,ZWYDX3870H,vikram.mehta36@gmail.com,9951757148,VERIFIED,BR003,2026-05-16 10:42:25.5941699,2026-05-16 10:42:25.5941699
4209,Amit,Sharma,1998-08-24,XBYHH4937P,amit.sharma60@gmail.com,9717439299,REJECTED,BR003,2026-05-16 10:42:25.5941699,2026-05-16 10:42:25.5941699
4210,Vikram,Iyer,2000-07-06,PXPNT2763Q,vikram.iyer22@gmail.com,9476733712,VERIFIED,BR003,2026-05-16 10:42:25.5941699,2026-05-16 10:42:25.5941699
4211,Pooja,Gupta,1999-10-07,VJCED6784I,pooja.gupta77@gmail.com,9029650303,VERIFIED,BR003,2026-05-16 10:42:25.5941699,2026-05-16 10:42:25.5941699
4212,Pooja,Gupta,1981-09-28,WPWCI8344Q,pooja.gupta12@gmail.com,9261870700,VERIFIED,BR001,2026-05-16 10:42:25.5941699,2026-05-16 10:42:25.5941699
4213,Neha,Jain,1978-08-23,URCXP2914X,neha.jain92@gmail.com,9110033154,PENDING,BR003,2026-05-16 10:42:25.5941699,2026-05-16 10:42:25.5941699
4214,Anjali,Iyer,1981-01-23,WQVGN3638Y,anjali.iyer89@gmail.com,9957071632,PENDING,BR001,2026-05-16 10:42:25.5941699,2026-05-16 10:42:25.5941699
4215,Priya,Desai,1985-06-07,HOPCS3056J,priya.desai30@gmail.com,9314117348,PENDING,BR004,2026-05-16 10:42:25.5941699,2026-05-16 10:42:25.5941699
4216,Rohit,Patel,1991-02-02,KHGIL8537T,rohit.patel14@gmail.com,9145689834,VERIFIED,BR002,2026-05-16 10:42:25.5941699,2026-05-16 10:42:25.5941699
4217,Kavita,Yadav,1997-04-17,SUFWN0071E,kavita.yadav16@gmail.com,9131009435,VERIFIED,BR001,2026-05-16 10:42:25.5941699,2026-05-16 10:42:25.5941699
4218,Sneha,Jain,1974-10-11,LUHTL4438L,sneha.jain21@gmail.com,9484111844,PENDING,BR004,2026-05-16 10:42:25.5941699,2026-05-16 10:42:25.5941699
4219,Vikram,Sharma,1968-02-23,HSDND2584P,vikram.sharma50@gmail.com,8725453487,VERIFIED,BR002,2026-05-16 10:42:25.5941699,2026-05-16 10:42:25.5941699
4220,Sneha,Singh,1975-11-24,QABHI3953W,sneha.singh46@gmail.com,9338013316,VERIFIED,BR001,2026-05-16 10:42:25.5941699,2026-05-16 10:42:25.5941699
4221,Pooja,Yadav,1997-03-05,TMGSX4163N,pooja.yadav80@gmail.com,8464026135,VERIFIED,BR001,2026-05-16 10:42:25.5941699,2026-05-16 10:42:25.5941699
4222,Ramesh,Iyer,1977-05-03,RMEJF9974I,ramesh.iyer89@gmail.com,9764626649,VERIFIED,BR004,2026-05-16 10:42:25.5941699,2026-05-16 10:42:25.5941699
4223,Rahul,Sharma,1988-07-07,QUJDE7114L,rahul.sharma57@gmail.com,9277538498,VERIFIED,BR003,2026-05-16 10:42:25.5941699,2026-05-16 10:42:25.5941699
4224,Amit,Kumar,1995-04-29,FBHJC6249B,amit.kumar40@gmail.com,9526952642,VERIFIED,BR001,2026-05-16 10:42:25.5941699,2026-05-16 10:42:25.5941699
4225,Anjali,Iyer,1999-10-17,BHJOU3638N,anjali.iyer50@gmail.com,9362198241,VERIFIED,BR001,2026-05-16 10:42:25.5941699,2026-05-16 10:42:25.5941699
4226,Ramesh,Reddy,1987-12-10,UYLOZ2396W,ramesh.reddy1@gmail.com,9833367098,VERIFIED,BR004,2026-05-16 10:42:25.5941699,2026-05-16 10:42:25.5941699
4227,Anjali,Reddy,1974-03-21,ZTKBV6738S,anjali.reddy28@gmail.com,9403723194,VERIFIED,BR003,2026-05-16 10:42:25.5941699,2026-05-16 10:42:25.5941699
4228,Neha,Jain,1992-01-16,CNTBF4334K,neha.jain8@gmail.com,8147893432,VERIFIED,BR002,2026-05-16 10:42:25.5941699,2026-05-16 10:42:25.5941699
4229,Kavita,Gupta,1989-12-23,TCSLG3309V,kavita.gupta17@gmail.com,9714248541,VERIFIED,BR003,2026-05-16 10:42:25.5941699,2026-05-16 10:42:25.5941699
4230,Pooja,Reddy,1985-06-27,ZWRKN9895U,pooja.reddy88@gmail.com,9427860344,VERIFIED,BR003,2026-05-16 10:42:25.5941699,2026-05-16 10:42:25.5941699
4231,Rahul,Jain,1973-01-11,RZAJT1018F,rahul.jain28@gmail.com,9427442253,VERIFIED,BR004,2026-05-16 10:42:25.5941699,2026-05-16 10:42:25.5941699
4232,Priya,Verma,1973-11-16,BKBPE6225H,priya.verma14@gmail.com,9698640022,VERIFIED,BR003,2026-05-16 10:42:25.5941699,2026-05-16 10:42:25.5941699
4233,Ramesh,Singh,1969-04-26,MBXRX5659C,ramesh.singh18@gmail.com,9723910647,VERIFIED,BR004,2026-05-16 10:42:25.5941699,2026-05-16 10:42:25.5941699
4234,Anjali,Reddy,1968-07-01,OPNHY5744M,anjali.reddy10@gmail.com,9760967306,VERIFIED,BR002,2026-05-16 10:42:25.5941699,2026-05-16 10:42:25.5941699
4235,Rohit,Mehta,1994-11-30,GWWUT5261F,rohit.mehta63@gmail.com,9662347101,VERIFIED,BR001,2026-05-16 10:42:25.5941699,2026-05-16 10:42:25.5941699
4236,Neha,Verma,1995-01-10,TKHHS4204R,neha.verma68@gmail.com,9120929078,PENDING,BR001,2026-05-16 10:42:25.5941699,2026-05-16 10:42:25.5941699
4237,Rohit,Yadav,1972-07-26,FREMV4473C,rohit.yadav15@gmail.com,9547742814,VERIFIED,BR004,2026-05-16 10:42:25.5941699,2026-05-16 10:42:25.5941699
4238,Rahul,Verma,1986-05-03,ROLWH5356J,rahul.verma58@gmail.com,9019672650,VERIFIED,BR004,2026-05-16 10:42:25.5941699,2026-05-16 10:42:25.5941699
4239,Priya,Sharma,1983-09-06,YGVFU6303Z,priya.sharma97@gmail.com,9569101854,VERIFIED,BR003,2026-05-16 10:42:25.5941699,2026-05-16 10:42:25.5941699
4240,Priya,Gupta,1965-05-28,LIDPA1377R,priya.gupta3@gmail.com,9160153173,REJECTED,BR003,2026-05-16 10:42:25.5941699,2026-05-16 10:42:25.5941699
4241,Ramesh,Jain,1967-09-08,YUGYK4959D,ramesh.jain40@gmail.com,9313825213,VERIFIED,BR001,2026-05-16 10:42:25.5941699,2026-05-16 10:42:25.5941699
4242,Sneha,Desai,1983-07-11,RNVOU2768E,sneha.desai23@gmail.com,9373803241,VERIFIED,BR001,2026-05-16 10:42:25.5941699,2026-05-16 10:42:25.5941699
4243,Neha,Desai,1978-08-09,GODXF2452M,neha.desai91@gmail.com,9062356480,VERIFIED,BR001,2026-05-16 10:42:25.5941699,2026-05-16 10:42:25.5941699
4244,Priya,Kumar,1990-02-09,RBNMH8535B,priya.kumar32@gmail.com,9516322243,VERIFIED,BR004,2026-05-16 10:42:25.5941699,2026-05-16 10:42:25.5941699
4245,Priya,Singh,1963-01-04,YUIKU8643V,priya.singh18@gmail.com,9267732741,VERIFIED,BR002,2026-05-16 10:42:25.5941699,2026-05-16 10:42:25.5941699
4246,Ramesh,Sharma,1984-02-06,XZVLK6030X,ramesh.sharma64@gmail.com,8568339357,VERIFIED,BR002,2026-05-16 10:42:25.5941699,2026-05-16 10:42:25.5941699
4247,Pooja,Desai,1997-01-19,DKTQG2624H,pooja.desai41@gmail.com,9917474214,VERIFIED,BR004,2026-05-16 10:42:25.5941699,2026-05-16 10:42:25.5941699
4248,Suresh,Gupta,2000-11-23,EAKGL1220J,suresh.gupta68@gmail.com,9701631385,VERIFIED,BR003,2026-05-16 10:42:25.5941699,2026-05-16 10:42:25.5941699
4249,Neha,Yadav,1976-01-09,DZNLL0303U,neha.yadav70@gmail.com,9055500903,PENDING,BR002,2026-05-16 10:42:25.5941699,2026-05-16 10:42:25.5941699
4250,Rohit,Desai,1997-01-07,OONRR8462K,rohit.desai71@gmail.com,8766094460,VERIFIED,BR003,2026-05-16 10:42:25.5941699,2026-05-16 10:42:25.5941699
4251,Rahul,Mehta,1990-05-05,WOBCG1115P,rahul.mehta12@gmail.com,9272020644,VERIFIED,BR001,2026-05-16 10:42:25.5941699,2026-05-16 10:42:25.5941699
4252,Priya,Verma,1988-01-24,XKZEM5771G,priya.verma11@gmail.com,9805818413,PENDING,BR001,2026-05-16 10:42:25.5941699,2026-05-16 10:42:25.5941699
4253,Priya,Desai,1994-01-02,OABZU6080L,priya.desai69@gmail.com,8529769476,VERIFIED,BR003,2026-05-16 10:42:25.5941699,2026-05-16 10:42:25.5941699
4254,Kavita,Sharma,1972-02-18,DPNJX6828N,kavita.sharma41@gmail.com,9728269413,REJECTED,BR001,2026-05-16 10:42:25.5941699,2026-05-16 10:42:25.5941699
4255,Pooja,Reddy,1991-04-25,JPIDA1649Z,pooja.reddy79@gmail.com,9495081221,PENDING,BR004,2026-05-16 10:42:25.5941699,2026-05-16 10:42:25.5941699
4256,Priya,Reddy,1993-05-13,HIZVB9047X,priya.reddy22@gmail.com,9820708278,REJECTED,BR003,2026-05-16 10:42:25.5941699,2026-05-16 10:42:25.5941699
4257,Suresh,Yadav,1989-01-24,SDBBP1814S,suresh.yadav4@gmail.com,9671413152,VERIFIED,BR003,2026-05-16 10:42:25.5941699,2026-05-16 10:42:25.5941699
4258,Kavita,Reddy,1961-06-14,LIYVC9280H,kavita.reddy54@gmail.com,9428355139,PENDING,BR003,2026-05-16 10:42:25.5941699,2026-05-16 10:42:25.5941699
4259,Amit,Jain,1990-12-24,CDHUE4381G,amit.jain28@gmail.com,9205872873,PENDING,BR002,2026-05-16 10:42:25.5941699,2026-05-16 10:42:25.5941699
4260,Pooja,Iyer,1997-08-21,KXZIA7233N,pooja.iyer4@gmail.com,9052394846,VERIFIED,BR003,2026-05-16 10:42:25.5941699,2026-05-16 10:42:25.5941699
4261,Rahul,Yadav,1963-04-29,LDBGQ4043A,rahul.yadav34@gmail.com,9084097932,VERIFIED,BR003,2026-05-16 10:42:25.5941699,2026-05-16 10:42:25.5941699
4262,Anjali,Sharma,1968-02-04,AYXVX9505K,anjali.sharma15@gmail.com,9390143074,REJECTED,BR003,2026-05-16 10:42:25.5941699,2026-05-16 10:42:25.5941699
4263,Neha,Singh,1975-02-04,MBBES0385Z,neha.singh49@gmail.com,9121703370,VERIFIED,BR002,2026-05-16 10:42:25.5941699,2026-05-16 10:42:25.5941699
4264,Ramesh,Reddy,1979-05-10,EGUEU7908I,ramesh.reddy45@gmail.com,9457886757,PENDING,BR001,2026-05-16 10:42:25.5941699,2026-05-16 10:42:25.5941699
4265,Rahul,Iyer,1993-06-06,NTSZW4404J,rahul.iyer17@gmail.com,9608845369,VERIFIED,BR002,2026-05-16 10:42:25.5941699,2026-05-16 10:42:25.5941699
4266,Neha,Kumar,1999-12-31,EWSFD1645K,neha.kumar59@gmail.com,9969561561,VERIFIED,BR004,2026-05-16 10:42:25.5941699,2026-05-16 10:42:25.5941699
4267,Kavita,Gupta,1974-11-15,QRTOD0079K,kavita.gupta22@gmail.com,8749393079,VERIFIED,BR003,2026-05-16 10:42:25.5941699,2026-05-16 10:42:25.5941699
4268,Sneha,Verma,2000-01-24,SOAIB2277H,sneha.verma51@gmail.com,9295127716,VERIFIED,BR004,2026-05-16 10:42:25.5941699,2026-05-16 10:42:25.5941699
4269,Ramesh,Reddy,1973-06-20,ZFGIS3348A,ramesh.reddy12@gmail.com,9050030876,VERIFIED,BR002,2026-05-16 10:42:25.5941699,2026-05-16 10:42:25.5941699
4270,Vikram,Yadav,1997-09-22,POHKZ2906D,vikram.yadav71@gmail.com,8039557698,VERIFIED,BR001,2026-05-16 10:42:25.5941699,2026-05-16 10:42:25.5941699
4271,Rohit,Sharma,1996-12-07,UAZHB8376R,rohit.sharma73@gmail.com,9429401943,VERIFIED,BR001,2026-05-16 10:42:25.5941699,2026-05-16 10:42:25.5941699
4272,Amit,Reddy,1996-08-13,XVFFX8706R,amit.reddy14@gmail.com,9421636240,VERIFIED,BR003,2026-05-16 10:42:25.5941699,2026-05-16 10:42:25.5941699
4273,Pooja,Desai,1964-07-22,JNLPJ3092W,pooja.desai2@gmail.com,9552777320,VERIFIED,BR001,2026-05-16 10:42:25.5941699,2026-05-16 10:42:25.5941699
4274,Priya,Reddy,1967-03-07,UGTBB3380M,priya.reddy74@gmail.com,9524451414,VERIFIED,BR002,2026-05-16 10:42:25.5941699,2026-05-16 10:42:25.5941699
4275,Sneha,Yadav,1996-07-06,POGQM2824Q,sneha.yadav45@gmail.com,9280118364,VERIFIED,BR002,2026-05-16 10:42:25.5941699,2026-05-16 10:42:25.5941699
4276,Sneha,Mehta,1965-07-30,PVSBJ7698E,sneha.mehta29@gmail.com,9911043916,VERIFIED,BR001,2026-05-16 10:42:25.5941699,2026-05-16 10:42:25.5941699
4277,Rahul,Mehta,1987-11-28,ZIFVM6898A,rahul.mehta13@gmail.com,9690295936,VERIFIED,BR003,2026-05-16 10:42:25.5941699,2026-05-16 10:42:25.5941699
4278,Amit,Reddy,1973-12-01,OKWMW3191D,amit.reddy6@gmail.com,9028210162,VERIFIED,BR003,2026-05-16 10:42:25.5941699,2026-05-16 10:42:25.5941699
4279,Anjali,Verma,1993-03-23,PVKTZ8678C,anjali.verma3@gmail.com,9514714950,VERIFIED,BR002,2026-05-16 10:42:25.5941699,2026-05-16 10:42:25.5941699
4280,Neha,Sharma,1973-09-17,DLWAD9874A,neha.sharma9@gmail.com,9777779366,VERIFIED,BR001,2026-05-16 10:42:25.5941699,2026-05-16 10:42:25.5941699
4281,Neha,Kumar,1988-03-30,PBHOV0401E,neha.kumar59@gmail.com,9552841532,VERIFIED,BR002,2026-05-16 10:42:25.5941699,2026-05-16 10:42:25.5941699
4282,Rahul,Kumar,1996-12-07,MKEAY8654P,rahul.kumar78@gmail.com,9961547814,PENDING,BR002,2026-05-16 10:42:25.5941699,2026-05-16 10:42:25.5941699
4283,Suresh,Reddy,1964-03-29,WUCRM6581S,suresh.reddy85@gmail.com,9203510226,PENDING,BR004,2026-05-16 10:42:25.5941699,2026-05-16 10:42:25.5941699
4284,Suresh,Reddy,1988-09-18,IQUPK4946T,suresh.reddy24@gmail.com,9079059157,PENDING,BR002,2026-05-16 10:42:25.5941699,2026-05-16 10:42:25.5941699
4285,Priya,Mehta,1978-11-14,JSOCP1089D,priya.mehta97@gmail.com,9523806922,VERIFIED,BR003,2026-05-16 10:42:25.5941699,2026-05-16 10:42:25.5941699
4286,Vikram,Yadav,1977-04-29,ZJGYV9677Z,vikram.yadav42@gmail.com,9115382162,VERIFIED,BR001,2026-05-16 10:42:25.5941699,2026-05-16 10:42:25.5941699
4287,Rohit,Verma,1975-05-09,REBMC4285U,rohit.verma9@gmail.com,9261956107,VERIFIED,BR001,2026-05-16 10:42:25.5941699,2026-05-16 10:42:25.5941699
4288,Ramesh,Iyer,1983-11-28,MJDDC7249P,ramesh.iyer29@gmail.com,9055677057,VERIFIED,BR004,2026-05-16 10:42:25.5941699,2026-05-16 10:42:25.5941699
4289,Anjali,Reddy,1988-01-08,LGWPQ6352H,anjali.reddy51@gmail.com,9491994209,REJECTED,BR004,2026-05-16 10:42:25.5941699,2026-05-16 10:42:25.5941699
4290,Priya,Kumar,1986-04-16,JPPTE1002W,priya.kumar82@gmail.com,9450826347,VERIFIED,BR003,2026-05-16 10:42:25.5941699,2026-05-16 10:42:25.5941699
4291,Amit,Sharma,1980-10-02,JGQDJ4559S,amit.sharma22@gmail.com,9238064434,VERIFIED,BR004,2026-05-16 10:42:25.5941699,2026-05-16 10:42:25.5941699
4292,Suresh,Singh,1997-04-06,EJRFB7423M,suresh.singh20@gmail.com,9750597080,VERIFIED,BR002,2026-05-16 10:42:25.5941699,2026-05-16 10:42:25.5941699
4293,Vikram,Desai,1984-12-06,NNTUJ2816B,vikram.desai25@gmail.com,9325708991,PENDING,BR002,2026-05-16 10:42:25.5941699,2026-05-16 10:42:25.5941699
4294,Vikram,Reddy,1991-11-30,DRUYG5154V,vikram.reddy70@gmail.com,9867735144,PENDING,BR003,2026-05-16 10:42:25.5941699,2026-05-16 10:42:25.5941699
4295,Rahul,Yadav,1979-06-07,PHJLO1150U,rahul.yadav84@gmail.com,9421473450,VERIFIED,BR001,2026-05-16 10:42:25.5941699,2026-05-16 10:42:25.5941699
4296,Anjali,Reddy,1967-01-20,LLXAG6684Y,anjali.reddy3@gmail.com,9633170226,REJECTED,BR003,2026-05-16 10:42:25.5941699,2026-05-16 10:42:25.5941699
4297,Kavita,Yadav,1977-12-07,QBIMR7754G,kavita.yadav10@gmail.com,9601100111,VERIFIED,BR004,2026-05-16 10:42:25.5941699,2026-05-16 10:42:25.5941699
4298,Ramesh,Verma,1976-09-08,BDHHI3560K,ramesh.verma28@gmail.com,9221969918,PENDING,BR001,2026-05-16 10:42:25.5941699,2026-05-16 10:42:25.5941699
4299,Rohit,Singh,1994-12-29,MAPXL0207M,rohit.singh85@gmail.com,9873158065,REJECTED,BR001,2026-05-16 10:42:25.5941699,2026-05-16 10:42:25.5941699
4300,Pooja,Gupta,1983-02-07,PWLJK8211R,pooja.gupta58@gmail.com,9938672302,PENDING,BR001,2026-05-16 10:42:25.5941699,2026-05-16 10:42:25.5941699
4301,Rahul,Jain,1980-11-03,JVLAN3052Y,rahul.jain5@gmail.com,9050616950,VERIFIED,BR004,2026-05-16 10:42:25.5941699,2026-05-16 10:42:25.5941699
4302,Ramesh,Sharma,1962-01-08,XQHUB7014X,ramesh.sharma23@gmail.com,9510727926,VERIFIED,BR002,2026-05-16 10:42:25.5941699,2026-05-16 10:42:25.5941699
4303,Pooja,Sharma,1961-05-04,PGFHP1915C,pooja.sharma4@gmail.com,9316666532,VERIFIED,BR002,2026-05-16 10:42:25.5941699,2026-05-16 10:42:25.5941699
4304,Pooja,Yadav,1992-05-27,NWPPY6218U,pooja.yadav73@gmail.com,9104504647,VERIFIED,BR004,2026-05-16 10:42:25.5941699,2026-05-16 10:42:25.5941699
4305,Anjali,Mehta,1988-06-27,PJZIN7800W,anjali.mehta84@gmail.com,9016082826,PENDING,BR004,2026-05-16 10:42:25.5941699,2026-05-16 10:42:25.5941699
4306,Anjali,Yadav,1969-08-13,MWHJB0948V,anjali.yadav72@gmail.com,9989493033,VERIFIED,BR003,2026-05-16 10:42:25.5941699,2026-05-16 10:42:25.5941699
4307,Priya,Mehta,1992-10-13,EEVII4199H,priya.mehta12@gmail.com,9783599956,VERIFIED,BR003,2026-05-16 10:42:25.5941699,2026-05-16 10:42:25.5941699
4308,Amit,Jain,1977-09-05,IGKSE6508C,amit.jain77@gmail.com,8891186674,VERIFIED,BR002,2026-05-16 10:42:25.5941699,2026-05-16 10:42:25.5941699
4309,Vikram,Patel,1989-04-27,TGHHJ0963I,vikram.patel40@gmail.com,9381499734,VERIFIED,BR004,2026-05-16 10:42:25.5941699,2026-05-16 10:42:25.5941699
4310,Ramesh,Kumar,1991-09-03,MBRKU2580O,ramesh.kumar1@gmail.com,9751936065,VERIFIED,BR003,2026-05-16 10:42:25.5941699,2026-05-16 10:42:25.5941699
4311,Rahul,Iyer,1969-05-31,PUCED2701F,rahul.iyer10@gmail.com,9718657492,VERIFIED,BR004,2026-05-16 10:42:25.5941699,2026-05-16 10:42:25.5941699
4312,Priya,Jain,1985-04-18,EQMKJ0646C,priya.jain97@gmail.com,9614074386,VERIFIED,BR004,2026-05-16 10:42:25.5941699,2026-05-16 10:42:25.5941699
4313,Neha,Sharma,1998-06-13,NYIDF1370Q,neha.sharma36@gmail.com,9945258706,VERIFIED,BR002,2026-05-16 10:42:25.5941699,2026-05-16 10:42:25.5941699
4314,Rahul,Iyer,1994-01-07,IYUBX6854T,rahul.iyer50@gmail.com,8264150926,VERIFIED,BR002,2026-05-16 10:42:25.5941699,2026-05-16 10:42:25.5941699
4315,Amit,Verma,1967-07-05,CJMEB3731C,amit.verma79@gmail.com,9799003581,VERIFIED,BR004,2026-05-16 10:42:25.5941699,2026-05-16 10:42:25.5941699
4316,Rohit,Yadav,1974-11-27,VWQCH5921D,rohit.yadav50@gmail.com,9581563842,PENDING,BR001,2026-05-16 10:42:25.5941699,2026-05-16 10:42:25.5941699
4317,Sneha,Verma,1991-05-12,HTFNJ7955J,sneha.verma11@gmail.com,9531784508,VERIFIED,BR001,2026-05-16 10:42:25.5941699,2026-05-16 10:42:25.5941699
4318,Sneha,Singh,1971-08-06,WKDXV8048E,sneha.singh91@gmail.com,9635648263,VERIFIED,BR004,2026-05-16 10:42:25.5941699,2026-05-16 10:42:25.5941699
4319,Vikram,Verma,1964-06-22,BXQSL9554T,vikram.verma31@gmail.com,8584335298,VERIFIED,BR002,2026-05-16 10:42:25.5941699,2026-05-16 10:42:25.5941699
4320,Sneha,Reddy,1979-04-22,HBOMY5238K,sneha.reddy52@gmail.com,8656943694,VERIFIED,BR001,2026-05-16 10:42:25.5941699,2026-05-16 10:42:25.5941699
4321,Sneha,Kumar,1997-10-16,YYXIH6193Z,sneha.kumar5@gmail.com,9341797458,VERIFIED,BR002,2026-05-16 10:42:25.5941699,2026-05-16 10:42:25.5941699
4322,Neha,Reddy,1989-02-05,DCRXC0311M,neha.reddy60@gmail.com,9389694749,VERIFIED,BR001,2026-05-16 10:42:25.5941699,2026-05-16 10:42:25.5941699
4323,Suresh,Jain,1992-07-01,VNEZH5997E,suresh.jain64@gmail.com,9254618586,VERIFIED,BR004,2026-05-16 10:42:25.5941699,2026-05-16 10:42:25.5941699
4324,Rohit,Desai,1974-05-12,WWXKY4027A,rohit.desai19@gmail.com,9616213044,VERIFIED,BR003,2026-05-16 10:42:25.5941699,2026-05-16 10:42:25.5941699
4325,Anjali,Yadav,1984-11-30,ZIYZW1540O,anjali.yadav63@gmail.com,8810219686,VERIFIED,BR003,2026-05-16 10:42:25.5941699,2026-05-16 10:42:25.5941699
4326,Pooja,Sharma,1981-11-15,MAUQT6665R,pooja.sharma21@gmail.com,9929650209,VERIFIED,BR002,2026-05-16 10:42:25.5941699,2026-05-16 10:42:25.5941699
4327,Suresh,Iyer,1964-02-23,MSXSX3978P,suresh.iyer5@gmail.com,9921581636,VERIFIED,BR002,2026-05-16 10:42:25.5941699,2026-05-16 10:42:25.5941699
4328,Rahul,Yadav,1991-04-05,MDBQE2608W,rahul.yadav81@gmail.com,9067372225,PENDING,BR001,2026-05-16 10:42:25.5941699,2026-05-16 10:42:25.5941699
4329,Rahul,Kumar,1967-01-31,AUWAR8589E,rahul.kumar96@gmail.com,9046419566,VERIFIED,BR004,2026-05-16 10:42:25.5941699,2026-05-16 10:42:25.5941699
4330,Sneha,Gupta,1991-04-06,HMZIE3848R,sneha.gupta37@gmail.com,9763948768,VERIFIED,BR001,2026-05-16 10:42:25.5941699,2026-05-16 10:42:25.5941699
4331,Anjali,Iyer,1992-08-16,PFEZL7775K,anjali.iyer47@gmail.com,9186665176,REJECTED,BR004,2026-05-16 10:42:25.5941699,2026-05-16 10:42:25.5941699
4332,Amit,Gupta,1991-05-08,SFRUE9596V,amit.gupta7@gmail.com,9792926389,VERIFIED,BR004,2026-05-16 10:42:25.5941699,2026-05-16 10:42:25.5941699
4333,Ramesh,Desai,1971-09-08,QULQN4992U,ramesh.desai90@gmail.com,9285307419,REJECTED,BR002,2026-05-16 10:42:25.5941699,2026-05-16 10:42:25.5941699
4334,Suresh,Kumar,1968-04-20,WJXUG5650C,suresh.kumar92@gmail.com,9965372233,VERIFIED,BR003,2026-05-16 10:42:25.5941699,2026-05-16 10:42:25.5941699
4335,Suresh,Patel,1978-04-21,SRPRQ3340A,suresh.patel74@gmail.com,9459682065,PENDING,BR003,2026-05-16 10:42:25.5941699,2026-05-16 10:42:25.5941699
4336,Kavita,Patel,1964-05-24,VZZAM0599S,kavita.patel71@gmail.com,9675219050,VERIFIED,BR002,2026-05-16 10:42:25.5941699,2026-05-16 10:42:25.5941699
4337,Rohit,Patel,1971-04-20,HPPXF3349E,rohit.patel1@gmail.com,9810821130,PENDING,BR003,2026-05-16 10:42:25.5941699,2026-05-16 10:42:25.5941699
4338,Vikram,Sharma,1986-01-01,TGYVX3685X,vikram.sharma56@gmail.com,9675974448,VERIFIED,BR002,2026-05-16 10:42:25.5941699,2026-05-16 10:42:25.5941699
4339,Rohit,Sharma,1993-10-13,JTEJI1887X,rohit.sharma95@gmail.com,9647342136,VERIFIED,BR001,2026-05-16 10:42:25.5941699,2026-05-16 10:42:25.5941699
4340,Ramesh,Patel,1975-06-11,IBHPF6179D,ramesh.patel27@gmail.com,9589064030,VERIFIED,BR004,2026-05-16 10:42:25.5941699,2026-05-16 10:42:25.5941699
4341,Rahul,Gupta,1971-07-15,AKICF8927X,rahul.gupta89@gmail.com,9160354070,VERIFIED,BR003,2026-05-16 10:42:25.5941699,2026-05-16 10:42:25.5941699
4342,Rahul,Kumar,1993-09-10,PYIAB2891I,rahul.kumar88@gmail.com,9032978224,VERIFIED,BR003,2026-05-16 10:42:25.5941699,2026-05-16 10:42:25.5941699
4343,Rahul,Verma,1995-10-17,DWMNV8991V,rahul.verma45@gmail.com,9362046868,VERIFIED,BR001,2026-05-16 10:42:25.5941699,2026-05-16 10:42:25.5941699
4344,Kavita,Kumar,1966-06-15,EQODC0756X,kavita.kumar30@gmail.com,8153774188,VERIFIED,BR001,2026-05-16 10:42:25.5941699,2026-05-16 10:42:25.5941699
4345,Rahul,Jain,2000-12-27,OFYHL6789D,rahul.jain31@gmail.com,9262514167,VERIFIED,BR003,2026-05-16 10:42:25.5941699,2026-05-16 10:42:25.5941699
4346,Ramesh,Patel,1974-03-16,BETYL7480J,ramesh.patel27@gmail.com,9864138436,PENDING,BR003,2026-05-16 10:42:25.5941699,2026-05-16 10:42:25.5941699
4347,Priya,Kumar,1987-01-08,PYGZX9512N,priya.kumar47@gmail.com,9941775656,VERIFIED,BR002,2026-05-16 10:42:25.5941699,2026-05-16 10:42:25.5941699
4348,Anjali,Singh,1986-11-16,TIZXR0290Z,anjali.singh4@gmail.com,9926475290,REJECTED,BR002,2026-05-16 10:42:25.5941699,2026-05-16 10:42:25.5941699
4349,Vikram,Sharma,1992-12-23,ASHYS6915J,vikram.sharma15@gmail.com,9639665782,REJECTED,BR003,2026-05-16 10:42:25.5941699,2026-05-16 10:42:25.5941699
4350,Ramesh,Sharma,1977-03-28,BGOLD2445R,ramesh.sharma52@gmail.com,8377418510,VERIFIED,BR002,2026-05-16 10:42:25.5941699,2026-05-16 10:42:25.5941699
4351,Sneha,Gupta,1996-10-20,LUETH6490V,sneha.gupta91@gmail.com,8532451990,VERIFIED,BR001,2026-05-16 10:42:25.5941699,2026-05-16 10:42:25.5941699
4352,Priya,Verma,1985-02-23,DAEIM2231N,priya.verma24@gmail.com,9627523400,PENDING,BR004,2026-05-16 10:42:25.5941699,2026-05-16 10:42:25.5941699
4353,Vikram,Patel,1977-01-26,JWUHK0611K,vikram.patel54@gmail.com,9466735932,VERIFIED,BR002,2026-05-16 10:42:25.5941699,2026-05-16 10:42:25.5941699
4354,Ramesh,Yadav,1998-12-28,JYLHB4916V,ramesh.yadav17@gmail.com,9782030738,VERIFIED,BR004,2026-05-16 10:42:25.5941699,2026-05-16 10:42:25.5941699
4355,Priya,Iyer,1962-06-16,GYLWS1037W,priya.iyer42@gmail.com,9536909755,VERIFIED,BR002,2026-05-16 10:42:25.5941699,2026-05-16 10:42:25.5941699
4356,Rahul,Gupta,1982-03-26,NTXOP4584N,rahul.gupta9@gmail.com,9161133876,PENDING,BR003,2026-05-16 10:42:25.5941699,2026-05-16 10:42:25.5941699
4357,Anjali,Gupta,1998-03-03,MLJBN4076C,anjali.gupta5@gmail.com,9710264463,VERIFIED,BR002,2026-05-16 10:42:25.5941699,2026-05-16 10:42:25.5941699
4358,Suresh,Verma,1992-09-14,NOPQU0522D,suresh.verma40@gmail.com,8990079088,VERIFIED,BR004,2026-05-16 10:42:25.5941699,2026-05-16 10:42:25.5941699
4359,Rohit,Reddy,1991-06-15,PITKN8678H,rohit.reddy74@gmail.com,9082545326,VERIFIED,BR004,2026-05-16 10:42:25.5941699,2026-05-16 10:42:25.5941699
4360,Pooja,Patel,1992-12-17,HOXAZ5436H,pooja.patel35@gmail.com,9448215127,VERIFIED,BR003,2026-05-16 10:42:25.5941699,2026-05-16 10:42:25.5941699
4361,Anjali,Yadav,1983-05-15,QUJMI3157R,anjali.yadav49@gmail.com,9010563993,PENDING,BR004,2026-05-16 10:42:25.5941699,2026-05-16 10:42:25.5941699
4362,Suresh,Sharma,1972-12-03,QGKDJ2312F,suresh.sharma16@gmail.com,9254554554,REJECTED,BR003,2026-05-16 10:42:25.5941699,2026-05-16 10:42:25.5941699
4363,Amit,Verma,1964-01-23,LRIAK5880B,amit.verma63@gmail.com,8315618891,VERIFIED,BR003,2026-05-16 10:42:25.5941699,2026-05-16 10:42:25.5941699
4364,Ramesh,Yadav,1999-12-31,TZBJL6163V,ramesh.yadav32@gmail.com,9856263625,VERIFIED,BR004,2026-05-16 10:42:25.5941699,2026-05-16 10:42:25.5941699
4365,Amit,Singh,1999-06-20,QSTRG9849Q,amit.singh5@gmail.com,9132357587,VERIFIED,BR001,2026-05-16 10:42:25.5941699,2026-05-16 10:42:25.5941699
4366,Suresh,Gupta,1977-07-17,SRLSN5958U,suresh.gupta47@gmail.com,9516845488,VERIFIED,BR004,2026-05-16 10:42:25.5941699,2026-05-16 10:42:25.5941699
4367,Anjali,Verma,1984-05-20,SSZUT0076A,anjali.verma86@gmail.com,9953630328,VERIFIED,BR004,2026-05-16 10:42:25.5941699,2026-05-16 10:42:25.5941699
4368,Ramesh,Sharma,1976-01-19,YATIT0114W,ramesh.sharma10@gmail.com,9977800700,VERIFIED,BR002,2026-05-16 10:42:25.5941699,2026-05-16 10:42:25.5941699
4369,Sneha,Kumar,1981-02-01,LRNAY0899R,sneha.kumar94@gmail.com,9316306522,VERIFIED,BR004,2026-05-16 10:42:25.5941699,2026-05-16 10:42:25.5941699
4370,Pooja,Sharma,1963-12-04,LMNGH9128P,pooja.sharma44@gmail.com,9384759299,VERIFIED,BR002,2026-05-16 10:42:25.5941699,2026-05-16 10:42:25.5941699
4371,Rahul,Singh,1998-07-22,BGOMC0147H,rahul.singh13@gmail.com,8898409143,VERIFIED,BR002,2026-05-16 10:42:25.5941699,2026-05-16 10:42:25.5941699
4372,Ramesh,Verma,1960-01-13,GIUSR2741M,ramesh.verma27@gmail.com,9524187840,VERIFIED,BR004,2026-05-16 10:42:25.5941699,2026-05-16 10:42:25.5941699
4373,Sneha,Iyer,1974-09-05,RUOPM8680G,sneha.iyer29@gmail.com,9525714154,PENDING,BR003,2026-05-16 10:42:25.5941699,2026-05-16 10:42:25.5941699
4374,Ramesh,Singh,1977-04-11,QBUFZ8457S,ramesh.singh85@gmail.com,9438972242,VERIFIED,BR001,2026-05-16 10:42:25.5941699,2026-05-16 10:42:25.5941699
4375,Anjali,Patel,1995-09-13,OGVEM2519G,anjali.patel17@gmail.com,9241108270,VERIFIED,BR004,2026-05-16 10:42:25.5941699,2026-05-16 10:42:25.5941699
4376,Sneha,Patel,1964-05-25,BNTHD0233L,sneha.patel4@gmail.com,9982353587,PENDING,BR004,2026-05-16 10:42:25.5941699,2026-05-16 10:42:25.5941699
4377,Anjali,Iyer,1991-10-17,CUEJC8022Y,anjali.iyer76@gmail.com,9549278719,VERIFIED,BR003,2026-05-16 10:42:25.5941699,2026-05-16 10:42:25.5941699
4378,Priya,Jain,1962-09-30,LFVJJ6297Z,priya.jain51@gmail.com,9931050067,VERIFIED,BR002,2026-05-16 10:42:25.5941699,2026-05-16 10:42:25.5941699
4379,Suresh,Kumar,1997-11-19,RFDCQ1182U,suresh.kumar57@gmail.com,9920842018,VERIFIED,BR003,2026-05-16 10:42:25.5941699,2026-05-16 10:42:25.5941699
4380,Neha,Iyer,1969-02-18,BPXAD3424S,neha.iyer26@gmail.com,9371668103,VERIFIED,BR003,2026-05-16 10:42:25.5941699,2026-05-16 10:42:25.5941699
4381,Ramesh,Jain,1974-10-11,FUJDB6264O,ramesh.jain8@gmail.com,9325517950,PENDING,BR002,2026-05-16 10:42:25.5941699,2026-05-16 10:42:25.5941699
4382,Rohit,Gupta,1968-04-27,RYTJF2171N,rohit.gupta76@gmail.com,9184625729,VERIFIED,BR004,2026-05-16 10:42:25.5941699,2026-05-16 10:42:25.5941699
4383,Ramesh,Reddy,1999-07-20,CRRQS3747R,ramesh.reddy20@gmail.com,9554796208,VERIFIED,BR003,2026-05-16 10:42:25.5941699,2026-05-16 10:42:25.5941699
4384,Suresh,Mehta,1984-09-11,HVILU8515X,suresh.mehta38@gmail.com,9146698840,VERIFIED,BR003,2026-05-16 10:42:25.5941699,2026-05-16 10:42:25.5941699
4385,Vikram,Yadav,1978-03-05,QJNHP8691G,vikram.yadav1@gmail.com,9462610441,VERIFIED,BR004,2026-05-16 10:42:25.5941699,2026-05-16 10:42:25.5941699
4386,Amit,Singh,1968-08-24,DJJFJ0269K,amit.singh62@gmail.com,9935122165,REJECTED,BR004,2026-05-16 10:42:25.5941699,2026-05-16 10:42:25.5941699
4387,Priya,Yadav,1975-10-01,WENIY4046C,priya.yadav40@gmail.com,9154683198,PENDING,BR001,2026-05-16 10:42:25.5941699,2026-05-16 10:42:25.5941699
4388,Rahul,Kumar,1985-12-27,PWQLF2721F,rahul.kumar12@gmail.com,9631725593,VERIFIED,BR003,2026-05-16 10:42:25.5941699,2026-05-16 10:42:25.5941699
4389,Sneha,Yadav,1965-04-21,HSMMH9525B,sneha.yadav82@gmail.com,9737333022,VERIFIED,BR001,2026-05-16 10:42:25.5941699,2026-05-16 10:42:25.5941699
4390,Neha,Yadav,1999-03-07,HHBLK5512N,neha.yadav26@gmail.com,9356693703,VERIFIED,BR002,2026-05-16 10:42:25.5941699,2026-05-16 10:42:25.5941699
4391,Pooja,Jain,1976-05-14,DTLUU4578R,pooja.jain44@gmail.com,9794837029,VERIFIED,BR004,2026-05-16 10:42:25.5941699,2026-05-16 10:42:25.5941699
4392,Pooja,Sharma,1987-09-13,JQHUA1182O,pooja.sharma73@gmail.com,9828369756,VERIFIED,BR004,2026-05-16 10:42:25.5941699,2026-05-16 10:42:25.5941699
4393,Pooja,Verma,1979-09-18,EJVJF4045T,pooja.verma81@gmail.com,9741477970,VERIFIED,BR001,2026-05-16 10:42:25.5941699,2026-05-16 10:42:25.5941699
4394,Anjali,Gupta,1964-12-04,WVDQG0531V,anjali.gupta88@gmail.com,9356856123,VERIFIED,BR003,2026-05-16 10:42:25.5941699,2026-05-16 10:42:25.5941699
4395,Pooja,Mehta,1966-12-17,YUSHD3010H,pooja.mehta54@gmail.com,8997492436,VERIFIED,BR002,2026-05-16 10:42:25.5941699,2026-05-16 10:42:25.5941699
4396,Rahul,Verma,1988-05-26,TZUHR5922E,rahul.verma54@gmail.com,9208848769,VERIFIED,BR003,2026-05-16 10:42:25.5941699,2026-05-16 10:42:25.5941699
4397,Priya,Sharma,1963-01-08,LOEYL7495X,priya.sharma44@gmail.com,9337558838,VERIFIED,BR003,2026-05-16 10:42:25.5941699,2026-05-16 10:42:25.5941699
4398,Amit,Yadav,1975-07-29,GYHSX7345D,amit.yadav31@gmail.com,9486124565,VERIFIED,BR001,2026-05-16 10:42:25.5941699,2026-05-16 10:42:25.5941699
4399,Pooja,Mehta,1998-04-12,ESSMW6884D,pooja.mehta31@gmail.com,9736178224,REJECTED,BR003,2026-05-16 10:42:25.5941699,2026-05-16 10:42:25.5941699
4400,Ramesh,Sharma,1994-05-01,NDDRX1528E,ramesh.sharma73@gmail.com,9255050077,VERIFIED,BR001,2026-05-16 10:42:25.5941699,2026-05-16 10:42:25.5941699
4401,Ramesh,Jain,1992-11-18,MCKVS7207M,ramesh.jain7@gmail.com,9142001398,VERIFIED,BR004,2026-05-16 10:42:25.5941699,2026-05-16 10:42:25.5941699
4402,Anjali,Sharma,1964-08-28,IJCOG0100E,anjali.sharma29@gmail.com,9269709553,VERIFIED,BR004,2026-05-16 10:42:25.5941699,2026-05-16 10:42:25.5941699
4403,Rahul,Jain,1983-06-09,SUNPA7265F,rahul.jain50@gmail.com,9761678858,PENDING,BR004,2026-05-16 10:42:25.5941699,2026-05-16 10:42:25.5941699
4404,Amit,Sharma,1986-10-11,UYZYL9442G,amit.sharma29@gmail.com,9212453548,VERIFIED,BR002,2026-05-16 10:42:25.5941699,2026-05-16 10:42:25.5941699
4405,Neha,Patel,1974-01-14,QIGXF6817W,neha.patel85@gmail.com,9602154742,VERIFIED,BR002,2026-05-16 10:42:25.5941699,2026-05-16 10:42:25.5941699
4406,Suresh,Mehta,1974-05-16,LZPUP0910M,suresh.mehta67@gmail.com,9019981880,REJECTED,BR003,2026-05-16 10:42:25.5941699,2026-05-16 10:42:25.5941699
4407,Amit,Iyer,2000-02-28,ALEGX6963S,amit.iyer47@gmail.com,9500481433,PENDING,BR001,2026-05-16 10:42:25.5941699,2026-05-16 10:42:25.5941699
4408,Suresh,Sharma,1988-02-10,RJUVF4332A,suresh.sharma62@gmail.com,8572710487,VERIFIED,BR003,2026-05-16 10:42:25.5941699,2026-05-16 10:42:25.5941699
4409,Vikram,Reddy,1984-08-31,JAOFO2653P,vikram.reddy36@gmail.com,9789339347,VERIFIED,BR004,2026-05-16 10:42:25.5941699,2026-05-16 10:42:25.5941699
4410,Suresh,Yadav,1988-11-07,QVMWX1141I,suresh.yadav26@gmail.com,9196559433,VERIFIED,BR003,2026-05-16 10:42:25.5941699,2026-05-16 10:42:25.5941699
4411,Priya,Mehta,1977-03-05,YTNBZ1669T,priya.mehta29@gmail.com,9817582431,VERIFIED,BR003,2026-05-16 10:42:25.5941699,2026-05-16 10:42:25.5941699
4412,Rohit,Patel,1984-03-18,QXADO0641R,rohit.patel78@gmail.com,8120371122,VERIFIED,BR003,2026-05-16 10:42:25.5941699,2026-05-16 10:42:25.5941699
4413,Priya,Singh,1998-07-22,RMWYD5721T,priya.singh13@gmail.com,9494060981,VERIFIED,BR004,2026-05-16 10:42:25.5941699,2026-05-16 10:42:25.5941699
4414,Ramesh,Singh,1969-10-21,ZSOUD2889T,ramesh.singh76@gmail.com,9643993490,PENDING,BR001,2026-05-16 10:42:25.5941699,2026-05-16 10:42:25.5941699
4415,Rahul,Gupta,1977-03-28,NMJLL6118R,rahul.gupta41@gmail.com,9346455639,VERIFIED,BR003,2026-05-16 10:42:25.5941699,2026-05-16 10:42:25.5941699
4416,Kavita,Desai,1990-03-18,NBLAP9409X,kavita.desai65@gmail.com,9145259743,VERIFIED,BR004,2026-05-16 10:42:25.5941699,2026-05-16 10:42:25.5941699
4417,Anjali,Reddy,1972-06-02,HYYBN5437P,anjali.reddy3@gmail.com,9362207111,VERIFIED,BR002,2026-05-16 10:42:25.5941699,2026-05-16 10:42:25.5941699
4418,Rohit,Singh,1962-08-27,IRIZP5032O,rohit.singh90@gmail.com,9698512129,VERIFIED,BR001,2026-05-16 10:42:25.5941699,2026-05-16 10:42:25.5941699
4419,Suresh,Patel,1967-02-11,EGKHK4591D,suresh.patel2@gmail.com,9353633614,VERIFIED,BR004,2026-05-16 10:42:25.5941699,2026-05-16 10:42:25.5941699
4420,Pooja,Desai,1985-04-02,HRBUX6269V,pooja.desai4@gmail.com,8438632921,VERIFIED,BR003,2026-05-16 10:42:25.5941699,2026-05-16 10:42:25.5941699
4421,Rahul,Sharma,1974-09-21,YGKCW2128S,rahul.sharma71@gmail.com,9530580048,VERIFIED,BR004,2026-05-16 10:42:25.5941699,2026-05-16 10:42:25.5941699
4422,Rohit,Sharma,1986-07-06,XCUXS8494V,rohit.sharma39@gmail.com,9799251286,VERIFIED,BR001,2026-05-16 10:42:25.5941699,2026-05-16 10:42:25.5941699
4423,Anjali,Kumar,1976-03-29,OWKNV9895O,anjali.kumar14@gmail.com,8167328194,VERIFIED,BR003,2026-05-16 10:42:25.5941699,2026-05-16 10:42:25.5941699
4424,Ramesh,Yadav,1980-07-13,HBTBQ9414C,ramesh.yadav51@gmail.com,9487440148,VERIFIED,BR002,2026-05-16 10:42:25.5941699,2026-05-16 10:42:25.5941699
4425,Rahul,Desai,1987-01-25,NQQLP3409I,rahul.desai19@gmail.com,9842142465,VERIFIED,BR002,2026-05-16 10:42:25.5941699,2026-05-16 10:42:25.5941699
4426,Anjali,Yadav,1992-09-14,OWCTJ6518H,anjali.yadav88@gmail.com,9352188275,VERIFIED,BR002,2026-05-16 10:42:25.5941699,2026-05-16 10:42:25.5941699
4427,Vikram,Patel,2000-08-14,ZLALH4530Q,vikram.patel49@gmail.com,9156940315,VERIFIED,BR004,2026-05-16 10:42:25.5941699,2026-05-16 10:42:25.5941699
4428,Vikram,Reddy,1981-09-08,VJUEL6578Y,vikram.reddy63@gmail.com,9906033054,VERIFIED,BR001,2026-05-16 10:42:25.5941699,2026-05-16 10:42:25.5941699
4429,Priya,Jain,1978-10-17,UYRYE9971L,priya.jain47@gmail.com,9568565367,VERIFIED,BR002,2026-05-16 10:42:25.5941699,2026-05-16 10:42:25.5941699
4430,Priya,Desai,1999-03-21,KMEBW0536S,priya.desai6@gmail.com,9969058267,VERIFIED,BR003,2026-05-16 10:42:25.5941699,2026-05-16 10:42:25.5941699
4431,Anjali,Singh,1992-02-14,JPJDH3305Z,anjali.singh12@gmail.com,9183489909,VERIFIED,BR003,2026-05-16 10:42:25.5941699,2026-05-16 10:42:25.5941699
4432,Rohit,Reddy,1986-12-14,SAWXV2609A,rohit.reddy92@gmail.com,9798315549,PENDING,BR003,2026-05-16 10:42:25.5941699,2026-05-16 10:42:25.5941699
4433,Priya,Kumar,1991-05-16,FXBXG6315K,priya.kumar40@gmail.com,9985802840,VERIFIED,BR004,2026-05-16 10:42:25.5941699,2026-05-16 10:42:25.5941699
4434,Rahul,Iyer,1978-04-03,LYGXP8888A,rahul.iyer56@gmail.com,9295673703,VERIFIED,BR001,2026-05-16 10:42:25.5941699,2026-05-16 10:42:25.5941699
4435,Rohit,Yadav,1965-06-27,TULAH3872O,rohit.yadav67@gmail.com,9767453668,VERIFIED,BR001,2026-05-16 10:42:25.5941699,2026-05-16 10:42:25.5941699
4436,Priya,Yadav,1967-09-04,ABHPS6982M,priya.yadav31@gmail.com,9064960264,PENDING,BR002,2026-05-16 10:42:25.5941699,2026-05-16 10:42:25.5941699
4437,Neha,Reddy,1972-11-23,OCSVX2941C,neha.reddy83@gmail.com,9827974100,VERIFIED,BR001,2026-05-16 10:42:25.5941699,2026-05-16 10:42:25.5941699
4438,Suresh,Sharma,1960-12-03,XXSUV7235N,suresh.sharma16@gmail.com,9428525663,VERIFIED,BR003,2026-05-16 10:42:25.5941699,2026-05-16 10:42:25.5941699
4439,Neha,Yadav,2000-02-10,DDTSH2432C,neha.yadav35@gmail.com,9847361607,VERIFIED,BR003,2026-05-16 10:42:25.5941699,2026-05-16 10:42:25.5941699
4440,Sneha,Kumar,1980-10-24,GSPNE2250F,sneha.kumar51@gmail.com,9467052682,VERIFIED,BR004,2026-05-16 10:42:25.5941699,2026-05-16 10:42:25.5941699
4441,Vikram,Singh,1960-03-31,DSOPU8813Z,vikram.singh47@gmail.com,9552896241,REJECTED,BR003,2026-05-16 10:42:25.5941699,2026-05-16 10:42:25.5941699
4442,Ramesh,Mehta,1969-05-22,ALVFZ6079I,ramesh.mehta1@gmail.com,9480602477,VERIFIED,BR001,2026-05-16 10:42:25.5941699,2026-05-16 10:42:25.5941699
4443,Amit,Singh,1990-06-18,XJLUB8619U,amit.singh3@gmail.com,9118053666,VERIFIED,BR003,2026-05-16 10:42:25.5941699,2026-05-16 10:42:25.5941699
4444,Suresh,Singh,1999-04-22,SKHKP2006X,suresh.singh29@gmail.com,8312171396,VERIFIED,BR002,2026-05-16 10:42:25.5941699,2026-05-16 10:42:25.5941699
4445,Vikram,Yadav,1980-04-25,ILKXV9733P,vikram.yadav74@gmail.com,9494426503,VERIFIED,BR004,2026-05-16 10:42:25.5941699,2026-05-16 10:42:25.5941699
4446,Rohit,Iyer,1963-03-16,SKWMK5157K,rohit.iyer33@gmail.com,8594934824,VERIFIED,BR004,2026-05-16 10:42:25.5941699,2026-05-16 10:42:25.5941699
4447,Rohit,Verma,1992-10-18,WDLII1405R,rohit.verma99@gmail.com,9097483449,VERIFIED,BR001,2026-05-16 10:42:25.5941699,2026-05-16 10:42:25.5941699
4448,Rohit,Jain,1987-11-11,NNPNZ4221N,rohit.jain82@gmail.com,9716263445,VERIFIED,BR003,2026-05-16 10:42:25.5941699,2026-05-16 10:42:25.5941699
4449,Ramesh,Sharma,1962-09-29,CSJBX1846U,ramesh.sharma48@gmail.com,9724362325,VERIFIED,BR003,2026-05-16 10:42:25.5941699,2026-05-16 10:42:25.5941699
4450,Neha,Jain,1962-09-07,NUHBU1492B,neha.jain47@gmail.com,8296230571,VERIFIED,BR001,2026-05-16 10:42:25.5941699,2026-05-16 10:42:25.5941699
4451,Amit,Yadav,1978-05-25,GUCGF5158H,amit.yadav66@gmail.com,9008363672,VERIFIED,BR001,2026-05-16 10:42:25.5941699,2026-05-16 10:42:25.5941699
4452,Priya,Jain,1986-07-26,VXCCW2035K,priya.jain92@gmail.com,9966981859,PENDING,BR002,2026-05-16 10:42:25.5941699,2026-05-16 10:42:25.5941699
4453,Rohit,Sharma,1976-05-13,IMJSJ5101T,rohit.sharma87@gmail.com,9696692922,REJECTED,BR001,2026-05-16 10:42:25.5941699,2026-05-16 10:42:25.5941699
4454,Kavita,Patel,1988-03-18,LGLYF0455U,kavita.patel93@gmail.com,9541494694,VERIFIED,BR003,2026-05-16 10:42:25.5941699,2026-05-16 10:42:25.5941699
4455,Sneha,Verma,1991-05-27,NSCGJ3469H,sneha.verma92@gmail.com,9876015450,VERIFIED,BR002,2026-05-16 10:42:25.5941699,2026-05-16 10:42:25.5941699
4456,Suresh,Jain,1995-01-29,RFVSO7742O,suresh.jain38@gmail.com,9904643552,PENDING,BR004,2026-05-16 10:42:25.5941699,2026-05-16 10:42:25.5941699
4457,Rahul,Yadav,1984-02-17,QYIRX6679Y,rahul.yadav50@gmail.com,9608346298,VERIFIED,BR003,2026-05-16 10:42:25.5941699,2026-05-16 10:42:25.5941699
4458,Priya,Gupta,1971-03-20,VTDWY3471G,priya.gupta96@gmail.com,9196895261,VERIFIED,BR004,2026-05-16 10:42:25.5941699,2026-05-16 10:42:25.5941699
4459,Kavita,Jain,1999-05-31,KXYHL8845G,kavita.jain37@gmail.com,9461883398,VERIFIED,BR004,2026-05-16 10:42:25.5941699,2026-05-16 10:42:25.5941699
4460,Amit,Singh,1985-09-21,LOVXB8069P,amit.singh83@gmail.com,9718495239,VERIFIED,BR004,2026-05-16 10:42:25.5941699,2026-05-16 10:42:25.5941699
4461,Ramesh,Patel,1970-07-04,VPBUQ8788G,ramesh.patel21@gmail.com,9399859690,VERIFIED,BR003,2026-05-16 10:42:25.5941699,2026-05-16 10:42:25.5941699
4462,Amit,Verma,1969-02-13,OREXD8300I,amit.verma8@gmail.com,9115958313,REJECTED,BR004,2026-05-16 10:42:25.5941699,2026-05-16 10:42:25.5941699
4463,Rahul,Yadav,1968-12-19,XTJVV7410M,rahul.yadav13@gmail.com,8559852143,VERIFIED,BR003,2026-05-16 10:42:25.5941699,2026-05-16 10:42:25.5941699
4464,Suresh,Kumar,1984-12-26,IKQGF6011E,suresh.kumar65@gmail.com,8893309734,VERIFIED,BR004,2026-05-16 10:42:25.5941699,2026-05-16 10:42:25.5941699
4465,Rahul,Reddy,1986-01-13,JIRCH2639T,rahul.reddy14@gmail.com,8916912402,VERIFIED,BR001,2026-05-16 10:42:25.5941699,2026-05-16 10:42:25.5941699
4466,Anjali,Reddy,1960-05-21,TVBHE1227L,anjali.reddy98@gmail.com,8530097488,VERIFIED,BR001,2026-05-16 10:42:25.5941699,2026-05-16 10:42:25.5941699
4467,Suresh,Sharma,1975-02-04,BHAYP7210S,suresh.sharma83@gmail.com,9208109740,VERIFIED,BR003,2026-05-16 10:42:25.5941699,2026-05-16 10:42:25.5941699
4468,Amit,Jain,1982-05-01,QWPMD2370T,amit.jain77@gmail.com,9286514408,VERIFIED,BR004,2026-05-16 10:42:25.5941699,2026-05-16 10:42:25.5941699
4469,Rohit,Verma,1996-11-20,AMRER7297P,rohit.verma3@gmail.com,9107456072,VERIFIED,BR004,2026-05-16 10:42:25.5941699,2026-05-16 10:42:25.5941699
4470,Amit,Singh,1994-09-19,MQMJG3444H,amit.singh18@gmail.com,9365061948,VERIFIED,BR004,2026-05-16 10:42:25.5941699,2026-05-16 10:42:25.5941699
4471,Amit,Singh,1977-04-15,IIYHY1343V,amit.singh28@gmail.com,9641648825,VERIFIED,BR001,2026-05-16 10:42:25.5941699,2026-05-16 10:42:25.5941699
4472,Suresh,Iyer,1967-12-19,GFUTD2401C,suresh.iyer22@gmail.com,9643407326,VERIFIED,BR004,2026-05-16 10:42:25.5941699,2026-05-16 10:42:25.5941699
4473,Sneha,Mehta,1981-06-16,IYCXV2201T,sneha.mehta1@gmail.com,9985416499,VERIFIED,BR004,2026-05-16 10:42:25.5941699,2026-05-16 10:42:25.5941699
4474,Anjali,Reddy,1983-09-07,WOPXN8842S,anjali.reddy13@gmail.com,9921227814,VERIFIED,BR003,2026-05-16 10:42:25.5941699,2026-05-16 10:42:25.5941699
4475,Priya,Jain,1995-06-28,BDWWF9619L,priya.jain49@gmail.com,9063773267,VERIFIED,BR004,2026-05-16 10:42:25.5941699,2026-05-16 10:42:25.5941699
4476,Amit,Patel,1962-02-26,POUIR0217C,amit.patel45@gmail.com,9228239481,VERIFIED,BR001,2026-05-16 10:42:25.5941699,2026-05-16 10:42:25.5941699
4477,Kavita,Verma,1967-11-13,KRZAY3665B,kavita.verma14@gmail.com,9068554617,VERIFIED,BR004,2026-05-16 10:42:25.5941699,2026-05-16 10:42:25.5941699
4478,Vikram,Singh,1991-07-10,AHGKW3221Y,vikram.singh77@gmail.com,9221031193,PENDING,BR001,2026-05-16 10:42:25.5941699,2026-05-16 10:42:25.5941699
4479,Pooja,Mehta,1960-11-21,OUPGE7900U,pooja.mehta67@gmail.com,9445760431,VERIFIED,BR001,2026-05-16 10:42:25.5941699,2026-05-16 10:42:25.5941699
4480,Pooja,Verma,1974-06-11,DXYKN3406O,pooja.verma71@gmail.com,9167727837,REJECTED,BR002,2026-05-16 10:42:25.5941699,2026-05-16 10:42:25.5941699
4481,Amit,Jain,1968-07-20,XIMBX1720S,amit.jain78@gmail.com,9091178875,VERIFIED,BR001,2026-05-16 10:42:25.5941699,2026-05-16 10:42:25.5941699
4482,Kavita,Desai,1985-09-03,BBKQD5864O,kavita.desai1@gmail.com,9543178847,VERIFIED,BR002,2026-05-16 10:42:25.5941699,2026-05-16 10:42:25.5941699
4483,Sneha,Singh,2000-02-29,XHJKM5340J,sneha.singh52@gmail.com,9467951906,VERIFIED,BR002,2026-05-16 10:42:25.5941699,2026-05-16 10:42:25.5941699
4484,Rohit,Desai,1990-11-03,HKFEH3696Q,rohit.desai96@gmail.com,9200005151,VERIFIED,BR004,2026-05-16 10:42:25.5941699,2026-05-16 10:42:25.5941699
4485,Ramesh,Verma,1991-10-07,HVBHK2132Y,ramesh.verma3@gmail.com,9791985538,VERIFIED,BR002,2026-05-16 10:42:25.5941699,2026-05-16 10:42:25.5941699
4486,Ramesh,Jain,1986-03-18,BZJUV4537S,ramesh.jain77@gmail.com,9158420083,VERIFIED,BR003,2026-05-16 10:42:25.5941699,2026-05-16 10:42:25.5941699
4487,Suresh,Singh,1982-03-14,JPIKB9992H,suresh.singh15@gmail.com,8635896538,VERIFIED,BR001,2026-05-16 10:42:25.5941699,2026-05-16 10:42:25.5941699
4488,Pooja,Iyer,1973-04-14,LIEVT5605F,pooja.iyer63@gmail.com,9906199705,VERIFIED,BR003,2026-05-16 10:42:25.5941699,2026-05-16 10:42:25.5941699
4489,Amit,Desai,1993-11-30,ZDCGJ9681U,amit.desai99@gmail.com,9115469932,VERIFIED,BR002,2026-05-16 10:42:25.5941699,2026-05-16 10:42:25.5941699
4490,Ramesh,Gupta,1982-11-25,DMKHH9306P,ramesh.gupta45@gmail.com,8762514080,VERIFIED,BR004,2026-05-16 10:42:25.5941699,2026-05-16 10:42:25.5941699
4491,Amit,Mehta,1966-12-26,BCUEP1073Y,amit.mehta5@gmail.com,8043914651,VERIFIED,BR001,2026-05-16 10:42:25.5941699,2026-05-16 10:42:25.5941699
4492,Suresh,Patel,1971-02-10,DXRPE6076J,suresh.patel59@gmail.com,9994040462,VERIFIED,BR003,2026-05-16 10:42:25.5941699,2026-05-16 10:42:25.5941699
4493,Pooja,Reddy,1977-02-13,OXOAU6681B,pooja.reddy44@gmail.com,9211992358,VERIFIED,BR004,2026-05-16 10:42:25.5941699,2026-05-16 10:42:25.5941699
4494,Rahul,Mehta,1995-08-02,XMYRR7460O,rahul.mehta16@gmail.com,8541592103,VERIFIED,BR002,2026-05-16 10:42:25.5941699,2026-05-16 10:42:25.5941699
4495,Sneha,Desai,1972-02-27,NIKZJ3546A,sneha.desai96@gmail.com,9879215536,VERIFIED,BR004,2026-05-16 10:42:25.5941699,2026-05-16 10:42:25.5941699
4496,Vikram,Singh,1963-06-03,ROINN8790K,vikram.singh75@gmail.com,9485802566,VERIFIED,BR003,2026-05-16 10:42:25.5941699,2026-05-16 10:42:25.5941699
4497,Vikram,Iyer,1960-08-11,IEULO7358G,vikram.iyer21@gmail.com,9576345456,VERIFIED,BR004,2026-05-16 10:42:25.5941699,2026-05-16 10:42:25.5941699
4498,Ramesh,Gupta,1987-08-17,UUITE2978R,ramesh.gupta50@gmail.com,8828345144,VERIFIED,BR003,2026-05-16 10:42:25.5941699,2026-05-16 10:42:25.5941699
4499,Vikram,Iyer,1963-08-23,VPEYS2176I,vikram.iyer60@gmail.com,9221096173,VERIFIED,BR004,2026-05-16 10:42:25.5941699,2026-05-16 10:42:25.5941699
4500,Sneha,Gupta,2000-05-31,QWZKC3927M,sneha.gupta61@gmail.com,9258290726,VERIFIED,BR001,2026-05-16 10:42:25.5941699,2026-05-16 10:42:25.5941699
4501,Rahul,Reddy,1972-04-22,CBJNE8375Q,rahul.reddy82@gmail.com,9215407779,VERIFIED,BR004,2026-05-16 10:42:25.5941699,2026-05-16 10:42:25.5941699
4502,Sneha,Iyer,1975-02-10,YYQEZ6987V,sneha.iyer46@gmail.com,9794800972,VERIFIED,BR001,2026-05-16 10:42:25.5941699,2026-05-16 10:42:25.5941699
4503,Amit,Gupta,1973-03-10,YTRQC9638H,amit.gupta3@gmail.com,9496968956,VERIFIED,BR003,2026-05-16 10:42:25.5941699,2026-05-16 10:42:25.5941699
4504,Suresh,Iyer,1966-07-15,RHWZF6855D,suresh.iyer36@gmail.com,9149217656,VERIFIED,BR001,2026-05-16 10:42:25.5941699,2026-05-16 10:42:25.5941699
4505,Priya,Mehta,1994-06-20,KTGKB1894P,priya.mehta52@gmail.com,8977264887,VERIFIED,BR004,2026-05-16 10:42:25.5941699,2026-05-16 10:42:25.5941699
4506,Rahul,Yadav,1987-08-05,PUQPU0619A,rahul.yadav13@gmail.com,9633780213,VERIFIED,BR001,2026-05-16 10:42:25.5941699,2026-05-16 10:42:25.5941699
4507,Priya,Gupta,1999-11-02,BFNJA6201C,priya.gupta51@gmail.com,9632912807,VERIFIED,BR003,2026-05-16 10:42:25.5941699,2026-05-16 10:42:25.5941699
4508,Suresh,Reddy,1973-11-06,YGVQR6205C,suresh.reddy83@gmail.com,9343428089,VERIFIED,BR004,2026-05-16 10:42:25.5941699,2026-05-16 10:42:25.5941699
4509,Suresh,Gupta,1977-07-28,EBGOX4016T,suresh.gupta21@gmail.com,9619978131,VERIFIED,BR001,2026-05-16 10:42:25.5941699,2026-05-16 10:42:25.5941699
4510,Pooja,Gupta,1966-09-09,AWGRL6356A,pooja.gupta85@gmail.com,9633543859,PENDING,BR001,2026-05-16 10:42:25.5941699,2026-05-16 10:42:25.5941699
4511,Priya,Kumar,1980-10-10,SRRQT0488G,priya.kumar19@gmail.com,9924610102,VERIFIED,BR002,2026-05-16 10:42:25.5941699,2026-05-16 10:42:25.5941699
4512,Amit,Mehta,1960-09-21,VEHIG9757D,amit.mehta87@gmail.com,9313894687,REJECTED,BR001,2026-05-16 10:42:25.5941699,2026-05-16 10:42:25.5941699
4513,Kavita,Desai,1988-08-08,JBHML1468W,kavita.desai82@gmail.com,9739310679,VERIFIED,BR002,2026-05-16 10:42:25.5941699,2026-05-16 10:42:25.5941699
4514,Vikram,Sharma,1984-02-19,OAMNE0202X,vikram.sharma66@gmail.com,8738711502,VERIFIED,BR003,2026-05-16 10:42:25.5941699,2026-05-16 10:42:25.5941699
4515,Priya,Yadav,1981-10-29,SAWYF6518F,priya.yadav81@gmail.com,9924219569,VERIFIED,BR002,2026-05-16 10:42:25.5941699,2026-05-16 10:42:25.5941699
4516,Kavita,Gupta,1963-04-29,CRAJP7165E,kavita.gupta37@gmail.com,9940189902,VERIFIED,BR003,2026-05-16 10:42:25.5941699,2026-05-16 10:42:25.5941699
4517,Pooja,Patel,1991-05-11,RTELE1880D,pooja.patel26@gmail.com,9576575764,VERIFIED,BR001,2026-05-16 10:42:25.5941699,2026-05-16 10:42:25.5941699
4518,Suresh,Gupta,1985-02-01,CMJHN9284A,suresh.gupta94@gmail.com,9905896751,VERIFIED,BR001,2026-05-16 10:42:25.5941699,2026-05-16 10:42:25.5941699
4519,Ramesh,Kumar,1983-01-21,CTKNC4977N,ramesh.kumar78@gmail.com,9181666181,VERIFIED,BR002,2026-05-16 10:42:25.5941699,2026-05-16 10:42:25.5941699
4520,Sneha,Iyer,1989-06-01,TYAII5874H,sneha.iyer87@gmail.com,9168322010,PENDING,BR003,2026-05-16 10:42:25.5941699,2026-05-16 10:42:25.5941699
4521,Vikram,Desai,1982-11-02,UEBOC6936A,vikram.desai56@gmail.com,9020671951,VERIFIED,BR001,2026-05-16 10:42:25.5941699,2026-05-16 10:42:25.5941699
4522,Vikram,Patel,1972-05-14,HRJFP2060K,vikram.patel45@gmail.com,9386595978,VERIFIED,BR002,2026-05-16 10:42:25.5941699,2026-05-16 10:42:25.5941699
4523,Amit,Yadav,1965-07-11,UAGIO4407Q,amit.yadav55@gmail.com,8183973386,VERIFIED,BR002,2026-05-16 10:42:25.5941699,2026-05-16 10:42:25.5941699
4524,Anjali,Patel,2000-07-12,GLMTO7963V,anjali.patel69@gmail.com,9691507386,VERIFIED,BR002,2026-05-16 10:42:25.5941699,2026-05-16 10:42:25.5941699
4525,Neha,Mehta,1999-08-02,HBYGI8094O,neha.mehta96@gmail.com,9493940107,VERIFIED,BR001,2026-05-16 10:42:25.5941699,2026-05-16 10:42:25.5941699
4526,Neha,Reddy,1989-06-01,QZGSO5169E,neha.reddy82@gmail.com,9251831675,VERIFIED,BR003,2026-05-16 10:42:25.5941699,2026-05-16 10:42:25.5941699
4527,Neha,Reddy,1961-06-14,ACTBF0885C,neha.reddy72@gmail.com,9761105890,VERIFIED,BR001,2026-05-16 10:42:25.5941699,2026-05-16 10:42:25.5941699
4528,Anjali,Yadav,1987-10-18,XPJEB3047I,anjali.yadav98@gmail.com,9668710142,VERIFIED,BR004,2026-05-16 10:42:25.5941699,2026-05-16 10:42:25.5941699
4529,Amit,Jain,1976-09-14,WMCCB3598S,amit.jain82@gmail.com,9865417089,VERIFIED,BR004,2026-05-16 10:42:25.5941699,2026-05-16 10:42:25.5941699
4530,Anjali,Desai,1993-08-23,LNKFR1978O,anjali.desai64@gmail.com,8713932327,VERIFIED,BR001,2026-05-16 10:42:25.5941699,2026-05-16 10:42:25.5941699
4531,Neha,Jain,1974-01-25,TPIHR9561B,neha.jain22@gmail.com,9952007386,PENDING,BR003,2026-05-16 10:42:25.5941699,2026-05-16 10:42:25.5941699
4532,Pooja,Reddy,1994-04-09,XCTVV3474O,pooja.reddy2@gmail.com,9177626338,VERIFIED,BR002,2026-05-16 10:42:25.5941699,2026-05-16 10:42:25.5941699
4533,Rahul,Verma,1984-08-02,KBWDO7001D,rahul.verma19@gmail.com,8412901974,VERIFIED,BR004,2026-05-16 10:42:25.5941699,2026-05-16 10:42:25.5941699
4534,Priya,Kumar,1977-09-11,LHBXW4711G,priya.kumar1@gmail.com,9864347008,VERIFIED,BR004,2026-05-16 10:42:25.5941699,2026-05-16 10:42:25.5941699
4535,Suresh,Yadav,1975-06-23,OGZYH5141G,suresh.yadav33@gmail.com,8831884812,VERIFIED,BR001,2026-05-16 10:42:25.5941699,2026-05-16 10:42:25.5941699
4536,Anjali,Yadav,1999-12-13,SBXQQ1254H,anjali.yadav72@gmail.com,9123840588,VERIFIED,BR004,2026-05-16 10:42:25.5941699,2026-05-16 10:42:25.5941699
4537,Amit,Sharma,1988-08-08,JNELE6927W,amit.sharma63@gmail.com,9767438413,VERIFIED,BR004,2026-05-16 10:42:25.5941699,2026-05-16 10:42:25.5941699
4538,Amit,Sharma,1971-08-26,MRASG8654N,amit.sharma11@gmail.com,9603682512,VERIFIED,BR002,2026-05-16 10:42:25.5941699,2026-05-16 10:42:25.5941699
4539,Priya,Mehta,1984-12-19,FPNTH2145H,priya.mehta4@gmail.com,9242049956,VERIFIED,BR002,2026-05-16 10:42:25.5941699,2026-05-16 10:42:25.5941699
4540,Kavita,Mehta,1995-03-03,ITUJS6556M,kavita.mehta30@gmail.com,9169765945,VERIFIED,BR003,2026-05-16 10:42:25.5941699,2026-05-16 10:42:25.5941699
4541,Rahul,Sharma,1962-12-28,EZMIZ2230M,rahul.sharma50@gmail.com,9780761850,VERIFIED,BR004,2026-05-16 10:42:25.5941699,2026-05-16 10:42:25.5941699
4542,Ramesh,Jain,1964-09-22,QBCLG7161L,ramesh.jain87@gmail.com,9808173010,VERIFIED,BR003,2026-05-16 10:42:25.5941699,2026-05-16 10:42:25.5941699
4543,Vikram,Reddy,1961-11-24,KFWZE8218R,vikram.reddy44@gmail.com,9243487532,VERIFIED,BR003,2026-05-16 10:42:25.5941699,2026-05-16 10:42:25.5941699
4544,Neha,Singh,1973-02-25,KXFLH2377U,neha.singh30@gmail.com,9985677098,VERIFIED,BR002,2026-05-16 10:42:25.5941699,2026-05-16 10:42:25.5941699
4545,Ramesh,Yadav,1981-05-20,YFWYC1382S,ramesh.yadav37@gmail.com,9835478711,PENDING,BR002,2026-05-16 10:42:25.5941699,2026-05-16 10:42:25.5941699
4546,Kavita,Verma,1974-04-06,IQEVQ5287M,kavita.verma63@gmail.com,9267107524,VERIFIED,BR001,2026-05-16 10:42:25.5941699,2026-05-16 10:42:25.5941699
4547,Neha,Yadav,1975-03-05,GCJEC9476F,neha.yadav49@gmail.com,9315186246,VERIFIED,BR002,2026-05-16 10:42:25.5941699,2026-05-16 10:42:25.5941699
4548,Rahul,Gupta,1986-09-05,XRHPW9142G,rahul.gupta97@gmail.com,9061889655,VERIFIED,BR003,2026-05-16 10:42:25.5941699,2026-05-16 10:42:25.5941699
4549,Sneha,Desai,1968-07-14,QQNMT5120O,sneha.desai38@gmail.com,9630228663,VERIFIED,BR004,2026-05-16 10:42:25.5941699,2026-05-16 10:42:25.5941699
4550,Kavita,Kumar,1974-09-10,IDJYB5845V,kavita.kumar12@gmail.com,9028666098,VERIFIED,BR003,2026-05-16 10:42:25.5941699,2026-05-16 10:42:25.5941699
4551,Neha,Singh,1969-06-24,XBYVO2790Q,neha.singh33@gmail.com,9690829297,REJECTED,BR003,2026-05-16 10:42:25.5941699,2026-05-16 10:42:25.5941699
4552,Rahul,Verma,1978-03-16,CGZXG4683F,rahul.verma38@gmail.com,9708220452,REJECTED,BR003,2026-05-16 10:42:25.5941699,2026-05-16 10:42:25.5941699
4553,Rohit,Gupta,1972-02-08,ITZQX6047M,rohit.gupta19@gmail.com,9565866837,VERIFIED,BR002,2026-05-16 10:42:25.5941699,2026-05-16 10:42:25.5941699
4554,Ramesh,Mehta,1962-10-23,CAVPK7968E,ramesh.mehta93@gmail.com,9356501682,VERIFIED,BR003,2026-05-16 10:42:25.5941699,2026-05-16 10:42:25.5941699
4555,Ramesh,Verma,1980-04-23,UUNMY6300Y,ramesh.verma91@gmail.com,9105732966,VERIFIED,BR001,2026-05-16 10:42:25.5941699,2026-05-16 10:42:25.5941699
4556,Vikram,Jain,1992-12-17,GCPCX3190B,vikram.jain96@gmail.com,8053837600,VERIFIED,BR004,2026-05-16 10:42:25.5941699,2026-05-16 10:42:25.5941699
4557,Priya,Sharma,1982-04-04,AGBXM5857Q,priya.sharma61@gmail.com,9747375407,VERIFIED,BR002,2026-05-16 10:42:25.5941699,2026-05-16 10:42:25.5941699
4558,Rahul,Yadav,1961-04-28,ZQCEO8275E,rahul.yadav15@gmail.com,9469070917,VERIFIED,BR003,2026-05-16 10:42:25.5941699,2026-05-16 10:42:25.5941699
4559,Anjali,Verma,1964-07-30,JWQTQ8748F,anjali.verma88@gmail.com,9556408821,VERIFIED,BR001,2026-05-16 10:42:25.5941699,2026-05-16 10:42:25.5941699
4560,Rohit,Desai,1979-03-16,ABBCV1362P,rohit.desai75@gmail.com,9147523392,VERIFIED,BR004,2026-05-16 10:42:25.5941699,2026-05-16 10:42:25.5941699
4561,Sneha,Patel,1974-10-22,ESNLS3359K,sneha.patel57@gmail.com,9654585320,VERIFIED,BR003,2026-05-16 10:42:25.5941699,2026-05-16 10:42:25.5941699
4562,Pooja,Mehta,1963-08-07,TSPLI4488W,pooja.mehta38@gmail.com,9679538206,VERIFIED,BR004,2026-05-16 10:42:25.5941699,2026-05-16 10:42:25.5941699
4563,Neha,Iyer,1984-05-26,TNPAI4486G,neha.iyer44@gmail.com,9322382920,VERIFIED,BR002,2026-05-16 10:42:25.5941699,2026-05-16 10:42:25.5941699
4564,Rohit,Kumar,1990-09-22,KLMSC3226D,rohit.kumar28@gmail.com,9973555960,VERIFIED,BR002,2026-05-16 10:42:25.5941699,2026-05-16 10:42:25.5941699
4565,Rahul,Jain,1963-06-03,IUVFB2940E,rahul.jain9@gmail.com,8489388729,VERIFIED,BR001,2026-05-16 10:42:25.5941699,2026-05-16 10:42:25.5941699
4566,Suresh,Kumar,1990-05-04,NTQQZ4062J,suresh.kumar38@gmail.com,9862310655,VERIFIED,BR002,2026-05-16 10:42:25.5941699,2026-05-16 10:42:25.5941699
4567,Neha,Verma,1971-12-13,RXKXI0105E,neha.verma47@gmail.com,9211316151,VERIFIED,BR001,2026-05-16 10:42:25.5941699,2026-05-16 10:42:25.5941699
4568,Amit,Patel,2000-05-26,KRJVH1078L,amit.patel75@gmail.com,9627574709,VERIFIED,BR003,2026-05-16 10:42:25.5941699,2026-05-16 10:42:25.5941699
4569,Ramesh,Yadav,1977-05-12,PBJUQ3338U,ramesh.yadav48@gmail.com,9411023517,VERIFIED,BR004,2026-05-16 10:42:25.5941699,2026-05-16 10:42:25.5941699
4570,Priya,Iyer,1962-06-11,GUTYI8746L,priya.iyer46@gmail.com,9871656556,REJECTED,BR002,2026-05-16 10:42:25.5941699,2026-05-16 10:42:25.5941699
4571,Rahul,Jain,1983-06-13,UIXMW5777X,rahul.jain2@gmail.com,9867776583,VERIFIED,BR004,2026-05-16 10:42:25.5941699,2026-05-16 10:42:25.5941699
4572,Sneha,Gupta,1970-02-20,EBEIV5245U,sneha.gupta72@gmail.com,8800112801,VERIFIED,BR004,2026-05-16 10:42:25.5941699,2026-05-16 10:42:25.5941699
4573,Amit,Singh,1961-05-31,BRUUW8561I,amit.singh7@gmail.com,9063907813,VERIFIED,BR003,2026-05-16 10:42:25.5941699,2026-05-16 10:42:25.5941699
4574,Vikram,Yadav,1986-04-18,OTZIE7328S,vikram.yadav7@gmail.com,9790281721,REJECTED,BR003,2026-05-16 10:42:25.5941699,2026-05-16 10:42:25.5941699
4575,Kavita,Gupta,1998-09-22,QDVRI0057K,kavita.gupta19@gmail.com,9348535245,VERIFIED,BR002,2026-05-16 10:42:25.5941699,2026-05-16 10:42:25.5941699
4576,Pooja,Singh,1969-08-26,OCDDO3826K,pooja.singh81@gmail.com,9693083622,PENDING,BR003,2026-05-16 10:42:25.5941699,2026-05-16 10:42:25.5941699
4577,Pooja,Patel,1972-09-11,BZRPM7364J,pooja.patel80@gmail.com,9423278626,VERIFIED,BR004,2026-05-16 10:42:25.5941699,2026-05-16 10:42:25.5941699
4578,Amit,Singh,1985-10-09,DLEHN1322N,amit.singh3@gmail.com,9910101025,REJECTED,BR001,2026-05-16 10:42:25.5941699,2026-05-16 10:42:25.5941699
4579,Ramesh,Yadav,1962-11-03,BNMML5699G,ramesh.yadav55@gmail.com,9910450340,VERIFIED,BR001,2026-05-16 10:42:25.5941699,2026-05-16 10:42:25.5941699
4580,Vikram,Jain,1996-12-04,RRBCY0083H,vikram.jain93@gmail.com,9314014549,VERIFIED,BR001,2026-05-16 10:42:25.5941699,2026-05-16 10:42:25.5941699
4581,Suresh,Desai,1976-01-07,FVUGN3253N,suresh.desai75@gmail.com,9653022599,PENDING,BR002,2026-05-16 10:42:25.5941699,2026-05-16 10:42:25.5941699
4582,Ramesh,Verma,1979-08-28,QWBEA6129R,ramesh.verma45@gmail.com,9054285946,PENDING,BR003,2026-05-16 10:42:25.5941699,2026-05-16 10:42:25.5941699
4583,Rohit,Gupta,1986-12-26,BEXAG4774O,rohit.gupta40@gmail.com,9660941931,VERIFIED,BR003,2026-05-16 10:42:25.5941699,2026-05-16 10:42:25.5941699
4584,Priya,Desai,1963-11-09,ULWIY3326B,priya.desai61@gmail.com,9718047149,VERIFIED,BR003,2026-05-16 10:42:25.5941699,2026-05-16 10:42:25.5941699
4585,Pooja,Gupta,1988-04-11,FXNPU6277D,pooja.gupta26@gmail.com,9018544022,VERIFIED,BR003,2026-05-16 10:42:25.5941699,2026-05-16 10:42:25.5941699
4586,Rohit,Jain,1962-10-05,XDQOJ2067G,rohit.jain41@gmail.com,9373459525,VERIFIED,BR004,2026-05-16 10:42:25.5941699,2026-05-16 10:42:25.5941699
4587,Sneha,Verma,1999-03-27,REYCJ7095K,sneha.verma55@gmail.com,9947133650,VERIFIED,BR001,2026-05-16 10:42:25.5941699,2026-05-16 10:42:25.5941699
4588,Neha,Reddy,1995-04-03,TAAJA1704W,neha.reddy33@gmail.com,9056046075,REJECTED,BR004,2026-05-16 10:42:25.5941699,2026-05-16 10:42:25.5941699
4589,Anjali,Singh,1961-11-12,CQDVH5419N,anjali.singh18@gmail.com,9969971190,VERIFIED,BR002,2026-05-16 10:42:25.5941699,2026-05-16 10:42:25.5941699
4590,Rahul,Patel,1988-05-26,YOGZR4884B,rahul.patel58@gmail.com,8433171825,VERIFIED,BR001,2026-05-16 10:42:25.5941699,2026-05-16 10:42:25.5941699
4591,Vikram,Reddy,1992-09-12,EHLIM1102Z,vikram.reddy89@gmail.com,9991398084,VERIFIED,BR001,2026-05-16 10:42:25.5941699,2026-05-16 10:42:25.5941699
4592,Ramesh,Reddy,1989-03-29,UJQLT1555Y,ramesh.reddy18@gmail.com,8098909717,VERIFIED,BR004,2026-05-16 10:42:25.5941699,2026-05-16 10:42:25.5941699
4593,Pooja,Kumar,1976-12-20,OXPXS9369M,pooja.kumar76@gmail.com,9511410671,VERIFIED,BR002,2026-05-16 10:42:25.5941699,2026-05-16 10:42:25.5941699
4594,Rohit,Sharma,1965-06-27,RIPTS2839J,rohit.sharma33@gmail.com,9743257485,VERIFIED,BR002,2026-05-16 10:42:25.5941699,2026-05-16 10:42:25.5941699
4595,Kavita,Yadav,1971-09-25,LTDVA2918X,kavita.yadav27@gmail.com,9390418016,VERIFIED,BR001,2026-05-16 10:42:25.5941699,2026-05-16 10:42:25.5941699
4596,Priya,Desai,1987-05-17,NMJGX7544V,priya.desai53@gmail.com,9357223023,VERIFIED,BR003,2026-05-16 10:42:25.5941699,2026-05-16 10:42:25.5941699
4597,Priya,Desai,1995-12-19,JBXHL0962P,priya.desai81@gmail.com,8588000044,VERIFIED,BR002,2026-05-16 10:42:25.5941699,2026-05-16 10:42:25.5941699
4598,Neha,Desai,1984-04-23,DQIBD5073C,neha.desai12@gmail.com,9095864792,PENDING,BR004,2026-05-16 10:42:25.5941699,2026-05-16 10:42:25.5941699
4599,Rahul,Jain,1995-02-26,LXAQG7461D,rahul.jain5@gmail.com,9499209102,REJECTED,BR002,2026-05-16 10:42:25.5941699,2026-05-16 10:42:25.5941699
4600,Rahul,Desai,1999-12-18,FHTPD6083K,rahul.desai79@gmail.com,9394621040,VERIFIED,BR001,2026-05-16 10:42:25.5941699,2026-05-16 10:42:25.5941699
4601,Priya,Jain,1961-02-28,VMHEN9887Y,priya.jain4@gmail.com,9539507077,VERIFIED,BR003,2026-05-16 10:42:25.6097953,2026-05-16 10:42:25.6097953
4602,Priya,Yadav,1975-11-07,KRNXY6485Q,priya.yadav73@gmail.com,8269117627,VERIFIED,BR002,2026-05-16 10:42:25.6097953,2026-05-16 10:42:25.6097953
4603,Ramesh,Reddy,1996-11-02,BJMSJ4484S,ramesh.reddy67@gmail.com,9532379133,VERIFIED,BR001,2026-05-16 10:42:25.6097953,2026-05-16 10:42:25.6097953
4604,Vikram,Yadav,1979-01-18,XZOKT3405L,vikram.yadav21@gmail.com,9511515885,VERIFIED,BR002,2026-05-16 10:42:25.6097953,2026-05-16 10:42:25.6097953
4605,Suresh,Desai,1963-12-21,ISDXF5411L,suresh.desai34@gmail.com,9491832077,VERIFIED,BR003,2026-05-16 10:42:25.6097953,2026-05-16 10:42:25.6097953
4606,Sneha,Sharma,1974-04-21,YNJPB1964S,sneha.sharma42@gmail.com,9930387938,VERIFIED,BR004,2026-05-16 10:42:25.6097953,2026-05-16 10:42:25.6097953
4607,Kavita,Mehta,2000-08-25,LTIVS3434Y,kavita.mehta8@gmail.com,9373399705,VERIFIED,BR001,2026-05-16 10:42:25.6097953,2026-05-16 10:42:25.6097953
4608,Sneha,Verma,1970-09-15,VQZTC4234B,sneha.verma83@gmail.com,9383841585,VERIFIED,BR001,2026-05-16 10:42:25.6097953,2026-05-16 10:42:25.6097953
4609,Ramesh,Desai,1993-07-31,GFOVE7874E,ramesh.desai67@gmail.com,9173297156,PENDING,BR003,2026-05-16 10:42:25.6097953,2026-05-16 10:42:25.6097953
4610,Rohit,Patel,1983-05-23,GYDHP7042D,rohit.patel15@gmail.com,9109266969,VERIFIED,BR001,2026-05-16 10:42:25.6097953,2026-05-16 10:42:25.6097953
4611,Anjali,Mehta,1968-01-23,TCVWG9683L,anjali.mehta34@gmail.com,9042708010,PENDING,BR003,2026-05-16 10:42:25.6097953,2026-05-16 10:42:25.6097953
4612,Priya,Yadav,1974-05-06,FKKDF4346L,priya.yadav91@gmail.com,9891873977,VERIFIED,BR001,2026-05-16 10:42:25.6097953,2026-05-16 10:42:25.6097953
4613,Amit,Patel,1977-10-26,MJQHT5802A,amit.patel56@gmail.com,9415858598,VERIFIED,BR003,2026-05-16 10:42:25.6097953,2026-05-16 10:42:25.6097953
4614,Suresh,Patel,1985-02-17,VSFTM0735W,suresh.patel86@gmail.com,8632318348,VERIFIED,BR002,2026-05-16 10:42:25.6097953,2026-05-16 10:42:25.6097953
4615,Vikram,Gupta,1986-09-15,LWZFU1778C,vikram.gupta39@gmail.com,9946726183,VERIFIED,BR002,2026-05-16 10:42:25.6097953,2026-05-16 10:42:25.6097953
4616,Neha,Patel,1988-01-17,DNTAG9088V,neha.patel57@gmail.com,9070611740,VERIFIED,BR002,2026-05-16 10:42:25.6097953,2026-05-16 10:42:25.6097953
4617,Suresh,Desai,1965-12-04,SPNZZ6516V,suresh.desai6@gmail.com,9651102297,VERIFIED,BR001,2026-05-16 10:42:25.6097953,2026-05-16 10:42:25.6097953
4618,Priya,Gupta,1988-10-22,WSCYN0468G,priya.gupta20@gmail.com,9478727100,VERIFIED,BR003,2026-05-16 10:42:25.6097953,2026-05-16 10:42:25.6097953
4619,Pooja,Kumar,1968-11-05,QLKKS6456F,pooja.kumar26@gmail.com,9279916876,VERIFIED,BR003,2026-05-16 10:42:25.6097953,2026-05-16 10:42:25.6097953
4620,Vikram,Reddy,1988-09-15,KWPHA2667V,vikram.reddy54@gmail.com,9432613761,REJECTED,BR004,2026-05-16 10:42:25.6097953,2026-05-16 10:42:25.6097953
4621,Anjali,Patel,1983-06-25,RHZVM2617V,anjali.patel1@gmail.com,9833310048,VERIFIED,BR002,2026-05-16 10:42:25.6097953,2026-05-16 10:42:25.6097953
4622,Pooja,Sharma,1977-02-20,FSTDR9340U,pooja.sharma57@gmail.com,9308519623,VERIFIED,BR004,2026-05-16 10:42:25.6097953,2026-05-16 10:42:25.6097953
4623,Suresh,Iyer,1987-10-19,IVVTB4407E,suresh.iyer38@gmail.com,9517222363,VERIFIED,BR002,2026-05-16 10:42:25.6097953,2026-05-16 10:42:25.6097953
4624,Amit,Verma,1967-12-24,SUIHW2503Z,amit.verma15@gmail.com,9125393016,VERIFIED,BR004,2026-05-16 10:42:25.6097953,2026-05-16 10:42:25.6097953
4625,Amit,Patel,1975-02-08,SYGNE0732O,amit.patel63@gmail.com,9074196785,VERIFIED,BR002,2026-05-16 10:42:25.6097953,2026-05-16 10:42:25.6097953
4626,Anjali,Jain,1993-04-04,LKOGS4343Q,anjali.jain8@gmail.com,8228657919,VERIFIED,BR003,2026-05-16 10:42:25.6097953,2026-05-16 10:42:25.6097953
4627,Rahul,Kumar,1984-02-08,XEDYT1532S,rahul.kumar55@gmail.com,9922012991,VERIFIED,BR002,2026-05-16 10:42:25.6097953,2026-05-16 10:42:25.6097953
4628,Kavita,Singh,1976-04-03,RAWDH8526X,kavita.singh2@gmail.com,9601019254,VERIFIED,BR001,2026-05-16 10:42:25.6097953,2026-05-16 10:42:25.6097953
4629,Priya,Jain,1977-03-30,VTIMV4372R,priya.jain22@gmail.com,9244429713,VERIFIED,BR002,2026-05-16 10:42:25.6097953,2026-05-16 10:42:25.6097953
4630,Neha,Yadav,1969-01-08,NLQAT8088W,neha.yadav23@gmail.com,9258019526,VERIFIED,BR002,2026-05-16 10:42:25.6097953,2026-05-16 10:42:25.6097953
4631,Priya,Iyer,1998-11-24,JJKLE9567Y,priya.iyer47@gmail.com,8348719216,VERIFIED,BR003,2026-05-16 10:42:25.6097953,2026-05-16 10:42:25.6097953
4632,Rahul,Yadav,1998-09-25,JYPEU9521O,rahul.yadav22@gmail.com,9627887210,VERIFIED,BR001,2026-05-16 10:42:25.6097953,2026-05-16 10:42:25.6097953
4633,Sneha,Kumar,1983-02-19,AJOIF0559O,sneha.kumar43@gmail.com,9040603601,VERIFIED,BR003,2026-05-16 10:42:25.6097953,2026-05-16 10:42:25.6097953
4634,Sneha,Singh,1974-09-10,DRAWF6291C,sneha.singh42@gmail.com,9770365126,PENDING,BR004,2026-05-16 10:42:25.6097953,2026-05-16 10:42:25.6097953
4635,Sneha,Yadav,1998-10-18,ETPLW4210U,sneha.yadav26@gmail.com,9392794551,VERIFIED,BR004,2026-05-16 10:42:25.6097953,2026-05-16 10:42:25.6097953
4636,Amit,Yadav,1970-04-25,LHGFX3441U,amit.yadav85@gmail.com,9500326840,VERIFIED,BR001,2026-05-16 10:42:25.6097953,2026-05-16 10:42:25.6097953
4637,Amit,Yadav,1982-04-08,SJRIU8854B,amit.yadav85@gmail.com,9666925392,VERIFIED,BR004,2026-05-16 10:42:25.6097953,2026-05-16 10:42:25.6097953
4638,Rohit,Kumar,1967-06-01,IKLPB2557K,rohit.kumar11@gmail.com,9416189006,VERIFIED,BR001,2026-05-16 10:42:25.6097953,2026-05-16 10:42:25.6097953
4639,Pooja,Iyer,1976-12-31,HLONT2675Q,pooja.iyer25@gmail.com,9599116603,PENDING,BR002,2026-05-16 10:42:25.6097953,2026-05-16 10:42:25.6097953
4640,Suresh,Reddy,1984-06-20,LDWIZ1518N,suresh.reddy33@gmail.com,9047797967,VERIFIED,BR004,2026-05-16 10:42:25.6097953,2026-05-16 10:42:25.6097953
4641,Neha,Verma,1963-08-19,DHMNB0300C,neha.verma96@gmail.com,9786770620,VERIFIED,BR002,2026-05-16 10:42:25.6097953,2026-05-16 10:42:25.6097953
4642,Anjali,Kumar,1961-09-09,UKVPM7005B,anjali.kumar12@gmail.com,8622314102,VERIFIED,BR003,2026-05-16 10:42:25.6097953,2026-05-16 10:42:25.6097953
4643,Suresh,Singh,1994-06-07,ZYLNY2472J,suresh.singh58@gmail.com,9014672345,PENDING,BR004,2026-05-16 10:42:25.6097953,2026-05-16 10:42:25.6097953
4644,Priya,Patel,1966-02-19,SHVTG5952G,priya.patel54@gmail.com,9211548585,VERIFIED,BR003,2026-05-16 10:42:25.6097953,2026-05-16 10:42:25.6097953
4645,Rohit,Reddy,1991-06-21,CNYJB2193E,rohit.reddy24@gmail.com,9992904435,VERIFIED,BR003,2026-05-16 10:42:25.6097953,2026-05-16 10:42:25.6097953
4646,Amit,Reddy,1964-06-19,YOGUE6195B,amit.reddy24@gmail.com,9403511842,REJECTED,BR001,2026-05-16 10:42:25.6097953,2026-05-16 10:42:25.6097953
4647,Anjali,Patel,1973-05-06,FJHTP1501S,anjali.patel70@gmail.com,8738528313,VERIFIED,BR003,2026-05-16 10:42:25.6097953,2026-05-16 10:42:25.6097953
4648,Amit,Sharma,1979-12-15,LQVAR7157V,amit.sharma4@gmail.com,9752465429,VERIFIED,BR001,2026-05-16 10:42:25.6097953,2026-05-16 10:42:25.6097953
4649,Neha,Gupta,1966-09-15,KMWAQ8859C,neha.gupta74@gmail.com,9931347569,VERIFIED,BR001,2026-05-16 10:42:25.6097953,2026-05-16 10:42:25.6097953
4650,Pooja,Verma,1966-08-03,XUVAF6955J,pooja.verma45@gmail.com,9379106950,VERIFIED,BR001,2026-05-16 10:42:25.6097953,2026-05-16 10:42:25.6097953
4651,Suresh,Verma,1995-09-26,HSFNN4176U,suresh.verma39@gmail.com,9920691348,VERIFIED,BR001,2026-05-16 10:42:25.6097953,2026-05-16 10:42:25.6097953
4652,Suresh,Sharma,1986-11-08,QRLAK3584L,suresh.sharma9@gmail.com,9666549456,VERIFIED,BR001,2026-05-16 10:42:25.6097953,2026-05-16 10:42:25.6097953
4653,Sneha,Gupta,1998-05-15,YOODF8044K,sneha.gupta63@gmail.com,9509559492,VERIFIED,BR002,2026-05-16 10:42:25.6097953,2026-05-16 10:42:25.6097953
4654,Rahul,Verma,1964-03-14,LLVMP9785T,rahul.verma48@gmail.com,8484235493,VERIFIED,BR001,2026-05-16 10:42:25.6097953,2026-05-16 10:42:25.6097953
4655,Sneha,Singh,1967-01-13,DAFXN9482L,sneha.singh35@gmail.com,9053001346,VERIFIED,BR004,2026-05-16 10:42:25.6097953,2026-05-16 10:42:25.6097953
4656,Anjali,Mehta,1963-10-14,NTERA4344T,anjali.mehta87@gmail.com,9402965601,VERIFIED,BR001,2026-05-16 10:42:25.6097953,2026-05-16 10:42:25.6097953
4657,Kavita,Mehta,1981-07-29,WETMY3380M,kavita.mehta5@gmail.com,9230869909,VERIFIED,BR002,2026-05-16 10:42:25.6097953,2026-05-16 10:42:25.6097953
4658,Sneha,Verma,1978-01-17,HVMGJ6323F,sneha.verma13@gmail.com,9918917230,REJECTED,BR004,2026-05-16 10:42:25.6097953,2026-05-16 10:42:25.6097953
4659,Rohit,Desai,1991-10-07,JSZHV8593X,rohit.desai50@gmail.com,9308729465,VERIFIED,BR004,2026-05-16 10:42:25.6097953,2026-05-16 10:42:25.6097953
4660,Sneha,Verma,1961-05-29,KVPZS8319D,sneha.verma32@gmail.com,9113689872,REJECTED,BR002,2026-05-16 10:42:25.6097953,2026-05-16 10:42:25.6097953
4661,Sneha,Patel,1977-03-04,ILXUO3347P,sneha.patel58@gmail.com,9306250307,VERIFIED,BR004,2026-05-16 10:42:25.6097953,2026-05-16 10:42:25.6097953
4662,Kavita,Patel,1962-05-01,ZQBKW9062X,kavita.patel79@gmail.com,9420227682,VERIFIED,BR002,2026-05-16 10:42:25.6097953,2026-05-16 10:42:25.6097953
4663,Rahul,Jain,1987-10-02,FBPGI0739B,rahul.jain5@gmail.com,9524134503,VERIFIED,BR003,2026-05-16 10:42:25.6097953,2026-05-16 10:42:25.6097953
4664,Neha,Gupta,1995-11-17,GQTXJ6875H,neha.gupta45@gmail.com,9516420927,VERIFIED,BR003,2026-05-16 10:42:25.6097953,2026-05-16 10:42:25.6097953
4665,Rohit,Yadav,1980-07-10,HZJHI0088X,rohit.yadav99@gmail.com,9048517766,VERIFIED,BR001,2026-05-16 10:42:25.6097953,2026-05-16 10:42:25.6097953
4666,Sneha,Reddy,1999-06-14,MNYDF5821I,sneha.reddy71@gmail.com,9498725678,VERIFIED,BR001,2026-05-16 10:42:25.6097953,2026-05-16 10:42:25.6097953
4667,Pooja,Singh,1976-02-09,ZTXMJ6731W,pooja.singh35@gmail.com,9221466930,PENDING,BR001,2026-05-16 10:42:25.6097953,2026-05-16 10:42:25.6097953
4668,Kavita,Sharma,1975-05-24,NQPMT4718G,kavita.sharma71@gmail.com,9621711733,VERIFIED,BR001,2026-05-16 10:42:25.6097953,2026-05-16 10:42:25.6097953
4669,Pooja,Iyer,1968-07-21,QARIZ4776N,pooja.iyer22@gmail.com,9587668397,VERIFIED,BR002,2026-05-16 10:42:25.6097953,2026-05-16 10:42:25.6097953
4670,Kavita,Verma,1981-04-11,NOWXU1790Z,kavita.verma71@gmail.com,9358184678,REJECTED,BR003,2026-05-16 10:42:25.6097953,2026-05-16 10:42:25.6097953
4671,Pooja,Yadav,1985-10-03,SEZFN6878F,pooja.yadav15@gmail.com,8722136723,VERIFIED,BR002,2026-05-16 10:42:25.6097953,2026-05-16 10:42:25.6097953
4672,Kavita,Yadav,1974-08-29,JRGTX3328T,kavita.yadav58@gmail.com,9051665843,REJECTED,BR004,2026-05-16 10:42:25.6097953,2026-05-16 10:42:25.6097953
4673,Priya,Singh,1993-02-22,EONXG2083H,priya.singh25@gmail.com,9033506615,VERIFIED,BR004,2026-05-16 10:42:25.6097953,2026-05-16 10:42:25.6097953
4674,Pooja,Sharma,1965-03-10,AXEDM3363O,pooja.sharma79@gmail.com,9099401024,VERIFIED,BR004,2026-05-16 10:42:25.6097953,2026-05-16 10:42:25.6097953
4675,Rahul,Patel,1970-12-27,PTYJC8576C,rahul.patel27@gmail.com,9623488583,VERIFIED,BR004,2026-05-16 10:42:25.6097953,2026-05-16 10:42:25.6097953
4676,Vikram,Kumar,1999-12-24,FUUBK8453U,vikram.kumar28@gmail.com,9287196378,VERIFIED,BR004,2026-05-16 10:42:25.6097953,2026-05-16 10:42:25.6097953
4677,Rohit,Singh,1983-03-29,FLBRV9101L,rohit.singh97@gmail.com,9820682389,VERIFIED,BR003,2026-05-16 10:42:25.6097953,2026-05-16 10:42:25.6097953
4678,Anjali,Yadav,1997-09-29,OEPQH4822M,anjali.yadav79@gmail.com,9383812076,VERIFIED,BR002,2026-05-16 10:42:25.6097953,2026-05-16 10:42:25.6097953
4679,Neha,Mehta,1990-11-15,FAOKC1385A,neha.mehta96@gmail.com,9003071623,VERIFIED,BR004,2026-05-16 10:42:25.6097953,2026-05-16 10:42:25.6097953
4680,Priya,Verma,1960-01-12,GFXIB8284S,priya.verma52@gmail.com,9745493365,VERIFIED,BR001,2026-05-16 10:42:25.6097953,2026-05-16 10:42:25.6097953
4681,Ramesh,Gupta,1970-04-11,CCUGW7862D,ramesh.gupta80@gmail.com,9245113811,VERIFIED,BR003,2026-05-16 10:42:25.6097953,2026-05-16 10:42:25.6097953
4682,Amit,Mehta,1981-11-09,BYCKT4995L,amit.mehta81@gmail.com,9911365488,VERIFIED,BR001,2026-05-16 10:42:25.6097953,2026-05-16 10:42:25.6097953
4683,Sneha,Yadav,1962-01-12,VHHAQ4983F,sneha.yadav14@gmail.com,9203968432,VERIFIED,BR003,2026-05-16 10:42:25.6097953,2026-05-16 10:42:25.6097953
4684,Anjali,Reddy,1983-03-25,XJTCA3407Y,anjali.reddy4@gmail.com,9370999446,PENDING,BR003,2026-05-16 10:42:25.6097953,2026-05-16 10:42:25.6097953
4685,Amit,Iyer,1971-11-10,KBRBW8256O,amit.iyer98@gmail.com,9460855783,VERIFIED,BR001,2026-05-16 10:42:25.6097953,2026-05-16 10:42:25.6097953
4686,Rohit,Desai,1982-03-04,GRFVQ9781J,rohit.desai98@gmail.com,9015575260,VERIFIED,BR001,2026-05-16 10:42:25.6097953,2026-05-16 10:42:25.6097953
4687,Anjali,Sharma,1969-01-27,HZKQO2982E,anjali.sharma70@gmail.com,9542336670,VERIFIED,BR004,2026-05-16 10:42:25.6097953,2026-05-16 10:42:25.6097953
4688,Pooja,Jain,1995-02-08,XLBER1251I,pooja.jain21@gmail.com,9803321605,VERIFIED,BR001,2026-05-16 10:42:25.6097953,2026-05-16 10:42:25.6097953
4689,Pooja,Patel,1968-06-27,TWABB9676L,pooja.patel75@gmail.com,9305364374,VERIFIED,BR002,2026-05-16 10:42:25.6097953,2026-05-16 10:42:25.6097953
4690,Ramesh,Verma,1983-04-01,AGRZQ7840R,ramesh.verma55@gmail.com,9261698102,PENDING,BR003,2026-05-16 10:42:25.6097953,2026-05-16 10:42:25.6097953
4691,Amit,Gupta,1987-08-22,IYRUM0473X,amit.gupta84@gmail.com,9380155295,VERIFIED,BR003,2026-05-16 10:42:25.6097953,2026-05-16 10:42:25.6097953
4692,Neha,Kumar,1999-09-02,VEXWS2710Z,neha.kumar85@gmail.com,9022479081,VERIFIED,BR004,2026-05-16 10:42:25.6097953,2026-05-16 10:42:25.6097953
4693,Rohit,Patel,1972-12-07,EYXBU1586E,rohit.patel46@gmail.com,9376511026,VERIFIED,BR003,2026-05-16 10:42:25.6097953,2026-05-16 10:42:25.6097953
4694,Pooja,Verma,1972-04-10,CLKAZ1619K,pooja.verma56@gmail.com,9617155899,VERIFIED,BR001,2026-05-16 10:42:25.6097953,2026-05-16 10:42:25.6097953
4695,Sneha,Kumar,1974-06-06,TMFSH9082B,sneha.kumar14@gmail.com,9715854297,PENDING,BR003,2026-05-16 10:42:25.6097953,2026-05-16 10:42:25.6097953
4696,Vikram,Gupta,1996-04-18,GZTJT1231H,vikram.gupta18@gmail.com,9686210481,VERIFIED,BR003,2026-05-16 10:42:25.6097953,2026-05-16 10:42:25.6097953
4697,Rahul,Yadav,1972-03-13,ONHBX9984M,rahul.yadav8@gmail.com,9884847404,VERIFIED,BR001,2026-05-16 10:42:25.6097953,2026-05-16 10:42:25.6097953
4698,Rahul,Desai,1993-07-07,JFPGV5351A,rahul.desai49@gmail.com,9146574436,VERIFIED,BR001,2026-05-16 10:42:25.6097953,2026-05-16 10:42:25.6097953
4699,Kavita,Mehta,1989-05-08,NQVHK2165Z,kavita.mehta37@gmail.com,8826696874,VERIFIED,BR003,2026-05-16 10:42:25.6097953,2026-05-16 10:42:25.6097953
4700,Neha,Mehta,1983-11-25,AZTHR8630K,neha.mehta50@gmail.com,9105373867,VERIFIED,BR002,2026-05-16 10:42:25.6097953,2026-05-16 10:42:25.6097953
4701,Rahul,Yadav,1999-03-21,DDFMC6424W,rahul.yadav36@gmail.com,9351740199,VERIFIED,BR001,2026-05-16 10:42:25.6097953,2026-05-16 10:42:25.6097953
4702,Kavita,Patel,1968-10-13,GCBDY8022M,kavita.patel93@gmail.com,9969673425,VERIFIED,BR002,2026-05-16 10:42:25.6097953,2026-05-16 10:42:25.6097953
4703,Amit,Iyer,1987-10-12,NXRXN3974Y,amit.iyer53@gmail.com,9922311118,VERIFIED,BR002,2026-05-16 10:42:25.6097953,2026-05-16 10:42:25.6097953
4704,Pooja,Yadav,1970-07-27,HJJAD3778Z,pooja.yadav62@gmail.com,8471572460,VERIFIED,BR004,2026-05-16 10:42:25.6097953,2026-05-16 10:42:25.6097953
4705,Priya,Yadav,1972-03-18,MCACA4551E,priya.yadav49@gmail.com,9603228119,PENDING,BR002,2026-05-16 10:42:25.6097953,2026-05-16 10:42:25.6097953
4706,Pooja,Jain,1997-06-28,URPHH5710M,pooja.jain34@gmail.com,9961011714,VERIFIED,BR004,2026-05-16 10:42:25.6097953,2026-05-16 10:42:25.6097953
4707,Priya,Verma,1971-05-05,PSMLD9425B,priya.verma60@gmail.com,9108572943,VERIFIED,BR002,2026-05-16 10:42:25.6097953,2026-05-16 10:42:25.6097953
4708,Sneha,Iyer,1965-03-23,FTLKN4185H,sneha.iyer72@gmail.com,9868336721,PENDING,BR004,2026-05-16 10:42:25.6097953,2026-05-16 10:42:25.6097953
4709,Vikram,Jain,1988-06-25,IMXEV9260T,vikram.jain46@gmail.com,9745354787,VERIFIED,BR001,2026-05-16 10:42:25.6097953,2026-05-16 10:42:25.6097953
4710,Anjali,Jain,1960-07-03,TJPDS8069G,anjali.jain49@gmail.com,9772120577,VERIFIED,BR003,2026-05-16 10:42:25.6097953,2026-05-16 10:42:25.6097953
4711,Rahul,Verma,1992-11-13,EUVWH8028P,rahul.verma22@gmail.com,9401361575,VERIFIED,BR003,2026-05-16 10:42:25.6097953,2026-05-16 10:42:25.6097953
4712,Amit,Gupta,1969-01-17,VHZHM6680Y,amit.gupta43@gmail.com,9628988658,VERIFIED,BR004,2026-05-16 10:42:25.6097953,2026-05-16 10:42:25.6097953
4713,Priya,Desai,1961-04-28,PQOKN6379K,priya.desai7@gmail.com,9376944104,PENDING,BR001,2026-05-16 10:42:25.6097953,2026-05-16 10:42:25.6097953
4714,Suresh,Jain,1960-03-19,OYGKU0260P,suresh.jain72@gmail.com,9173920481,VERIFIED,BR004,2026-05-16 10:42:25.6097953,2026-05-16 10:42:25.6097953
4715,Rahul,Verma,1963-03-03,FXOWP9572D,rahul.verma34@gmail.com,9725345692,VERIFIED,BR004,2026-05-16 10:42:25.6097953,2026-05-16 10:42:25.6097953
4716,Neha,Gupta,1997-01-27,SMWLQ8089Z,neha.gupta46@gmail.com,9722465340,VERIFIED,BR001,2026-05-16 10:42:25.6097953,2026-05-16 10:42:25.6097953
4717,Sneha,Reddy,1995-07-24,CRRNR8649S,sneha.reddy8@gmail.com,9482234216,VERIFIED,BR002,2026-05-16 10:42:25.6097953,2026-05-16 10:42:25.6097953
4718,Anjali,Yadav,1978-03-04,CIMGG7128O,anjali.yadav96@gmail.com,9115053959,PENDING,BR002,2026-05-16 10:42:25.6097953,2026-05-16 10:42:25.6097953
4719,Rahul,Yadav,1966-07-11,ZXKYC1341C,rahul.yadav88@gmail.com,9507386630,VERIFIED,BR001,2026-05-16 10:42:25.6097953,2026-05-16 10:42:25.6097953
4720,Amit,Patel,1997-06-25,ODUVE4565L,amit.patel10@gmail.com,9545845907,VERIFIED,BR004,2026-05-16 10:42:25.6097953,2026-05-16 10:42:25.6097953
4721,Rahul,Jain,1969-08-14,XEPRB8050W,rahul.jain84@gmail.com,9647550734,VERIFIED,BR003,2026-05-16 10:42:25.6097953,2026-05-16 10:42:25.6097953
4722,Priya,Reddy,1982-08-04,JZUWF7072N,priya.reddy40@gmail.com,8369094406,VERIFIED,BR004,2026-05-16 10:42:25.6097953,2026-05-16 10:42:25.6097953
4723,Neha,Patel,1995-06-25,FNJKM4178I,neha.patel32@gmail.com,9945415033,VERIFIED,BR002,2026-05-16 10:42:25.6097953,2026-05-16 10:42:25.6097953
4724,Suresh,Jain,1993-06-19,OXCTA0704N,suresh.jain74@gmail.com,9166245399,VERIFIED,BR001,2026-05-16 10:42:25.6097953,2026-05-16 10:42:25.6097953
4725,Rohit,Kumar,1980-05-24,BGWDS3749P,rohit.kumar75@gmail.com,9691204288,VERIFIED,BR001,2026-05-16 10:42:25.6097953,2026-05-16 10:42:25.6097953
4726,Ramesh,Gupta,1969-10-10,EKTEO6371G,ramesh.gupta73@gmail.com,9746676155,VERIFIED,BR001,2026-05-16 10:42:25.6097953,2026-05-16 10:42:25.6097953
4727,Suresh,Gupta,1994-07-09,TGPMV5837U,suresh.gupta20@gmail.com,9353834009,REJECTED,BR002,2026-05-16 10:42:25.6097953,2026-05-16 10:42:25.6097953
4728,Kavita,Iyer,1977-09-30,XMFKQ8949Q,kavita.iyer46@gmail.com,8409498563,VERIFIED,BR004,2026-05-16 10:42:25.6097953,2026-05-16 10:42:25.6097953
4729,Rahul,Yadav,1991-01-15,XLOZR7940B,rahul.yadav60@gmail.com,9605661235,VERIFIED,BR001,2026-05-16 10:42:25.6097953,2026-05-16 10:42:25.6097953
4730,Pooja,Singh,1961-07-26,VIZTD6576P,pooja.singh2@gmail.com,9843197593,PENDING,BR003,2026-05-16 10:42:25.6097953,2026-05-16 10:42:25.6097953
4731,Vikram,Kumar,1977-09-27,LOFKT1220B,vikram.kumar75@gmail.com,9051481892,VERIFIED,BR001,2026-05-16 10:42:25.6097953,2026-05-16 10:42:25.6097953
4732,Pooja,Gupta,1998-07-23,ZEJUB1943P,pooja.gupta75@gmail.com,9107270775,PENDING,BR004,2026-05-16 10:42:25.6097953,2026-05-16 10:42:25.6097953
4733,Suresh,Verma,1996-07-09,MDUAC1497O,suresh.verma22@gmail.com,8900882839,VERIFIED,BR002,2026-05-16 10:42:25.6097953,2026-05-16 10:42:25.6097953
4734,Priya,Yadav,1975-11-28,CLTIK7294S,priya.yadav66@gmail.com,9002711330,VERIFIED,BR003,2026-05-16 10:42:25.6097953,2026-05-16 10:42:25.6097953
4735,Pooja,Patel,1986-12-11,SXRFO1943F,pooja.patel56@gmail.com,9360479864,VERIFIED,BR003,2026-05-16 10:42:25.6097953,2026-05-16 10:42:25.6097953
4736,Amit,Reddy,1960-03-19,WLDJG0695K,amit.reddy16@gmail.com,9080068213,VERIFIED,BR001,2026-05-16 10:42:25.6097953,2026-05-16 10:42:25.6097953
4737,Pooja,Patel,1977-09-26,NZHMI0289Q,pooja.patel2@gmail.com,8357323394,VERIFIED,BR004,2026-05-16 10:42:25.6097953,2026-05-16 10:42:25.6097953
4738,Anjali,Jain,1964-02-19,EQRLA6177B,anjali.jain19@gmail.com,9161653345,VERIFIED,BR001,2026-05-16 10:42:25.6097953,2026-05-16 10:42:25.6097953
4739,Rohit,Mehta,1987-02-04,REXGA6928E,rohit.mehta67@gmail.com,8275927244,VERIFIED,BR003,2026-05-16 10:42:25.6097953,2026-05-16 10:42:25.6097953
4740,Rahul,Singh,1988-12-15,URVSJ4920H,rahul.singh45@gmail.com,9400456201,VERIFIED,BR001,2026-05-16 10:42:25.6097953,2026-05-16 10:42:25.6097953
4741,Sneha,Gupta,1971-12-08,TEEZC8923W,sneha.gupta81@gmail.com,9062533287,VERIFIED,BR004,2026-05-16 10:42:25.6097953,2026-05-16 10:42:25.6097953
4742,Pooja,Desai,1966-04-18,EZTXM6382Q,pooja.desai43@gmail.com,9269977576,VERIFIED,BR002,2026-05-16 10:42:25.6097953,2026-05-16 10:42:25.6097953
4743,Neha,Sharma,1968-09-18,AIFDJ8879R,neha.sharma98@gmail.com,8526095406,VERIFIED,BR003,2026-05-16 10:42:25.6097953,2026-05-16 10:42:25.6097953
4744,Sneha,Singh,1996-03-27,KJVDC1493L,sneha.singh14@gmail.com,9377606606,VERIFIED,BR004,2026-05-16 10:42:25.6097953,2026-05-16 10:42:25.6097953
4745,Rohit,Iyer,1993-07-31,ZAZEY0347J,rohit.iyer33@gmail.com,8953571258,VERIFIED,BR001,2026-05-16 10:42:25.6097953,2026-05-16 10:42:25.6097953
4746,Priya,Jain,1986-02-09,CUIRP8656K,priya.jain31@gmail.com,9548845825,VERIFIED,BR003,2026-05-16 10:42:25.6097953,2026-05-16 10:42:25.6097953
4747,Rohit,Yadav,1963-01-05,OPWGL0633L,rohit.yadav68@gmail.com,9380419243,REJECTED,BR001,2026-05-16 10:42:25.6097953,2026-05-16 10:42:25.6097953
4748,Pooja,Gupta,1990-12-28,CUYWL9054Q,pooja.gupta87@gmail.com,9673289745,REJECTED,BR001,2026-05-16 10:42:25.6097953,2026-05-16 10:42:25.6097953
4749,Rohit,Reddy,1979-02-24,GIBZL1728Q,rohit.reddy20@gmail.com,9712173125,VERIFIED,BR002,2026-05-16 10:42:25.6097953,2026-05-16 10:42:25.6097953
4750,Sneha,Gupta,1983-01-13,QRQMR1940I,sneha.gupta42@gmail.com,8280092895,VERIFIED,BR001,2026-05-16 10:42:25.6097953,2026-05-16 10:42:25.6097953
4751,Vikram,Sharma,1969-10-09,RCDSX7281V,vikram.sharma88@gmail.com,9972108351,VERIFIED,BR001,2026-05-16 10:42:25.6097953,2026-05-16 10:42:25.6097953
4752,Priya,Iyer,1996-10-02,UXUBR0915D,priya.iyer43@gmail.com,9748663860,REJECTED,BR004,2026-05-16 10:42:25.6097953,2026-05-16 10:42:25.6097953
4753,Pooja,Reddy,1993-08-29,ESBOH7586H,pooja.reddy19@gmail.com,9734938383,VERIFIED,BR001,2026-05-16 10:42:25.6097953,2026-05-16 10:42:25.6097953
4754,Amit,Patel,1988-02-24,LUHRX6888M,amit.patel2@gmail.com,9963526902,VERIFIED,BR002,2026-05-16 10:42:25.6097953,2026-05-16 10:42:25.6097953
4755,Suresh,Reddy,1967-03-21,NMYGS5058T,suresh.reddy32@gmail.com,9977337831,VERIFIED,BR001,2026-05-16 10:42:25.6097953,2026-05-16 10:42:25.6097953
4756,Anjali,Iyer,1980-12-17,WIRZB1027A,anjali.iyer24@gmail.com,9744780583,VERIFIED,BR001,2026-05-16 10:42:25.6097953,2026-05-16 10:42:25.6097953
4757,Ramesh,Singh,1965-11-03,IAVCS0392U,ramesh.singh87@gmail.com,9596803736,VERIFIED,BR001,2026-05-16 10:42:25.6097953,2026-05-16 10:42:25.6097953
4758,Kavita,Patel,1995-05-24,NVLUP6979D,kavita.patel93@gmail.com,9073197048,VERIFIED,BR003,2026-05-16 10:42:25.6097953,2026-05-16 10:42:25.6097953
4759,Priya,Gupta,1984-06-13,KKHAD6192N,priya.gupta70@gmail.com,8327947950,VERIFIED,BR002,2026-05-16 10:42:25.6097953,2026-05-16 10:42:25.6097953
4760,Rohit,Yadav,1971-12-08,ZVUDC7735G,rohit.yadav98@gmail.com,9326682516,VERIFIED,BR003,2026-05-16 10:42:25.6097953,2026-05-16 10:42:25.6097953
4761,Amit,Kumar,1985-09-26,KELVQ8729X,amit.kumar53@gmail.com,8516181072,VERIFIED,BR002,2026-05-16 10:42:25.6097953,2026-05-16 10:42:25.6097953
4762,Rahul,Jain,1995-07-26,IBEAP0272N,rahul.jain44@gmail.com,9944191744,VERIFIED,BR002,2026-05-16 10:42:25.6097953,2026-05-16 10:42:25.6097953
4763,Rahul,Jain,1968-11-08,JZJSW7348Q,rahul.jain73@gmail.com,9041139686,VERIFIED,BR004,2026-05-16 10:42:25.6097953,2026-05-16 10:42:25.6097953
4764,Kavita,Yadav,1975-12-27,QFHOI0256M,kavita.yadav16@gmail.com,9996740533,PENDING,BR003,2026-05-16 10:42:25.6097953,2026-05-16 10:42:25.6097953
4765,Priya,Gupta,1992-12-05,HCHBK8753Z,priya.gupta69@gmail.com,9327431401,VERIFIED,BR002,2026-05-16 10:42:25.6097953,2026-05-16 10:42:25.6097953
4766,Priya,Sharma,1998-11-17,XTWAZ9895P,priya.sharma98@gmail.com,9222973948,VERIFIED,BR002,2026-05-16 10:42:25.6097953,2026-05-16 10:42:25.6097953
4767,Anjali,Jain,1997-11-24,KCECF8387P,anjali.jain16@gmail.com,9019506245,VERIFIED,BR004,2026-05-16 10:42:25.6097953,2026-05-16 10:42:25.6097953
4768,Rohit,Kumar,1983-08-13,GODTR8228B,rohit.kumar73@gmail.com,9031794014,VERIFIED,BR003,2026-05-16 10:42:25.6097953,2026-05-16 10:42:25.6097953
4769,Vikram,Jain,1975-08-27,NJQYV6455Q,vikram.jain68@gmail.com,9419676659,REJECTED,BR001,2026-05-16 10:42:25.6097953,2026-05-16 10:42:25.6097953
4770,Kavita,Gupta,1978-07-16,DELJJ1394E,kavita.gupta5@gmail.com,9417513082,VERIFIED,BR004,2026-05-16 10:42:25.6097953,2026-05-16 10:42:25.6097953
4771,Anjali,Desai,1986-07-07,YLEGO0139D,anjali.desai45@gmail.com,9793299412,PENDING,BR002,2026-05-16 10:42:25.6097953,2026-05-16 10:42:25.6097953
4772,Rohit,Singh,1991-05-25,NPPTI3988Y,rohit.singh24@gmail.com,8085876284,VERIFIED,BR003,2026-05-16 10:42:25.6097953,2026-05-16 10:42:25.6097953
4773,Sneha,Desai,1979-04-10,YEZYW1504C,sneha.desai68@gmail.com,9512956215,VERIFIED,BR002,2026-05-16 10:42:25.6097953,2026-05-16 10:42:25.6097953
4774,Amit,Jain,1992-07-09,RADHW0765I,amit.jain27@gmail.com,9969307369,REJECTED,BR004,2026-05-16 10:42:25.6097953,2026-05-16 10:42:25.6097953
4775,Suresh,Patel,1979-06-10,LURHZ8220X,suresh.patel78@gmail.com,9571905164,VERIFIED,BR004,2026-05-16 10:42:25.6097953,2026-05-16 10:42:25.6097953
4776,Vikram,Mehta,1986-12-03,FYTDN8798U,vikram.mehta99@gmail.com,9863005861,VERIFIED,BR003,2026-05-16 10:42:25.6097953,2026-05-16 10:42:25.6097953
4777,Sneha,Gupta,1987-09-25,BLQYG4677D,sneha.gupta6@gmail.com,9910350229,VERIFIED,BR004,2026-05-16 10:42:25.6097953,2026-05-16 10:42:25.6097953
4778,Sneha,Verma,1993-01-21,CWHON2453Z,sneha.verma44@gmail.com,9894847596,VERIFIED,BR004,2026-05-16 10:42:25.6097953,2026-05-16 10:42:25.6097953
4779,Ramesh,Verma,1985-04-05,COMMQ3287J,ramesh.verma25@gmail.com,9687430502,PENDING,BR001,2026-05-16 10:42:25.6097953,2026-05-16 10:42:25.6097953
4780,Rahul,Reddy,1995-03-27,DIPYD2374Y,rahul.reddy2@gmail.com,9525876902,VERIFIED,BR002,2026-05-16 10:42:25.6097953,2026-05-16 10:42:25.6097953
4781,Neha,Yadav,1996-10-18,ELJRB9658F,neha.yadav56@gmail.com,9409889526,PENDING,BR001,2026-05-16 10:42:25.6097953,2026-05-16 10:42:25.6097953
4782,Amit,Yadav,1964-06-12,CYHIZ2355M,amit.yadav63@gmail.com,9711897039,VERIFIED,BR001,2026-05-16 10:42:25.6097953,2026-05-16 10:42:25.6097953
4783,Rahul,Iyer,1978-11-18,SNONH8076O,rahul.iyer29@gmail.com,9748371920,VERIFIED,BR003,2026-05-16 10:42:25.6097953,2026-05-16 10:42:25.6097953
4784,Pooja,Yadav,1994-05-21,IRRPO3554P,pooja.yadav2@gmail.com,9108478104,VERIFIED,BR004,2026-05-16 10:42:25.6097953,2026-05-16 10:42:25.6097953
4785,Sneha,Desai,1973-10-04,BJSSG5526B,sneha.desai94@gmail.com,9233628746,VERIFIED,BR002,2026-05-16 10:42:25.6097953,2026-05-16 10:42:25.6097953
4786,Neha,Singh,1962-09-30,DZIKW7749N,neha.singh86@gmail.com,8506611566,VERIFIED,BR002,2026-05-16 10:42:25.6097953,2026-05-16 10:42:25.6097953
4787,Priya,Gupta,1975-02-26,TLLRB9572N,priya.gupta70@gmail.com,9307361683,VERIFIED,BR002,2026-05-16 10:42:25.6097953,2026-05-16 10:42:25.6097953
4788,Rahul,Sharma,2000-02-21,TCFOQ2695W,rahul.sharma29@gmail.com,9737989920,VERIFIED,BR004,2026-05-16 10:42:25.6097953,2026-05-16 10:42:25.6097953
4789,Anjali,Reddy,1962-01-28,ZCOTE9360I,anjali.reddy7@gmail.com,9911462398,PENDING,BR002,2026-05-16 10:42:25.6097953,2026-05-16 10:42:25.6097953
4790,Vikram,Patel,1973-01-03,LMODR5738J,vikram.patel30@gmail.com,8144803617,VERIFIED,BR002,2026-05-16 10:42:25.6097953,2026-05-16 10:42:25.6097953
4791,Rahul,Kumar,1989-12-16,TOQMM0461Z,rahul.kumar72@gmail.com,9140343903,VERIFIED,BR004,2026-05-16 10:42:25.6097953,2026-05-16 10:42:25.6097953
4792,Ramesh,Patel,1963-01-25,DBSDU0254N,ramesh.patel68@gmail.com,9434012607,PENDING,BR003,2026-05-16 10:42:25.6097953,2026-05-16 10:42:25.6097953
4793,Suresh,Gupta,1998-05-16,PKIII3257B,suresh.gupta38@gmail.com,9836656172,VERIFIED,BR002,2026-05-16 10:42:25.6097953,2026-05-16 10:42:25.6097953
4794,Anjali,Mehta,1967-08-03,OKCSR8607U,anjali.mehta3@gmail.com,9297229030,VERIFIED,BR004,2026-05-16 10:42:25.6097953,2026-05-16 10:42:25.6097953
4795,Amit,Yadav,1967-02-18,YNMEE1882X,amit.yadav14@gmail.com,9982756431,VERIFIED,BR001,2026-05-16 10:42:25.6097953,2026-05-16 10:42:25.6097953
4796,Amit,Iyer,1983-04-15,RYLSD2589L,amit.iyer95@gmail.com,9222114186,VERIFIED,BR004,2026-05-16 10:42:25.6097953,2026-05-16 10:42:25.6097953
4797,Amit,Kumar,1990-02-10,CDMTB6827H,amit.kumar56@gmail.com,9287373461,VERIFIED,BR001,2026-05-16 10:42:25.6097953,2026-05-16 10:42:25.6097953
4798,Amit,Desai,1987-11-21,IYMRR4297E,amit.desai82@gmail.com,9647646942,VERIFIED,BR004,2026-05-16 10:42:25.6097953,2026-05-16 10:42:25.6097953
4799,Suresh,Gupta,1984-02-08,KVIWI2026O,suresh.gupta61@gmail.com,9854432475,VERIFIED,BR002,2026-05-16 10:42:25.6097953,2026-05-16 10:42:25.6097953
4800,Rahul,Mehta,1971-08-06,PGMMQ6159N,rahul.mehta60@gmail.com,9085371030,VERIFIED,BR003,2026-05-16 10:42:25.6097953,2026-05-16 10:42:25.6097953
4801,Rohit,Desai,1963-01-27,CROAV9374Y,rohit.desai52@gmail.com,9773528648,REJECTED,BR003,2026-05-16 10:42:25.6097953,2026-05-16 10:42:25.6097953
4802,Rahul,Mehta,1980-06-05,MRMUX7471Y,rahul.mehta76@gmail.com,9204119259,VERIFIED,BR002,2026-05-16 10:42:25.6097953,2026-05-16 10:42:25.6097953
4803,Sneha,Yadav,1998-05-16,FKNVU7231S,sneha.yadav19@gmail.com,9942791543,VERIFIED,BR001,2026-05-16 10:42:25.6097953,2026-05-16 10:42:25.6097953
4804,Pooja,Jain,1980-11-29,JDJNS8430R,pooja.jain90@gmail.com,9849631172,VERIFIED,BR004,2026-05-16 10:42:25.6097953,2026-05-16 10:42:25.6097953
4805,Vikram,Desai,1981-03-08,TTRER6243X,vikram.desai89@gmail.com,9608628338,VERIFIED,BR002,2026-05-16 10:42:25.6097953,2026-05-16 10:42:25.6097953
4806,Neha,Singh,1960-05-30,KRYEJ2672M,neha.singh9@gmail.com,8087469997,VERIFIED,BR004,2026-05-16 10:42:25.6097953,2026-05-16 10:42:25.6097953
4807,Rohit,Verma,1993-09-28,RGUKW9362S,rohit.verma75@gmail.com,9751261654,VERIFIED,BR002,2026-05-16 10:42:25.6097953,2026-05-16 10:42:25.6097953
4808,Rohit,Patel,1975-01-10,WAIQV3920U,rohit.patel83@gmail.com,9116887126,VERIFIED,BR002,2026-05-16 10:42:25.6097953,2026-05-16 10:42:25.6097953
4809,Sneha,Singh,1990-01-08,KKSDZ3024O,sneha.singh16@gmail.com,8034386727,VERIFIED,BR004,2026-05-16 10:42:25.6097953,2026-05-16 10:42:25.6097953
4810,Rahul,Kumar,1964-11-03,WZVWB3912U,rahul.kumar95@gmail.com,9536798545,VERIFIED,BR003,2026-05-16 10:42:25.6097953,2026-05-16 10:42:25.6097953
4811,Rohit,Reddy,1996-03-03,JWTWR4662N,rohit.reddy3@gmail.com,8748640572,VERIFIED,BR003,2026-05-16 10:42:25.6097953,2026-05-16 10:42:25.6097953
4812,Kavita,Jain,1978-08-11,JEXXT5554P,kavita.jain43@gmail.com,9663456432,VERIFIED,BR001,2026-05-16 10:42:25.6097953,2026-05-16 10:42:25.6097953
4813,Kavita,Verma,1972-06-13,SIHPS0015T,kavita.verma2@gmail.com,9528336812,VERIFIED,BR004,2026-05-16 10:42:25.6097953,2026-05-16 10:42:25.6097953
4814,Pooja,Singh,1995-12-08,JTYIS1840E,pooja.singh63@gmail.com,9644144905,VERIFIED,BR001,2026-05-16 10:42:25.6097953,2026-05-16 10:42:25.6097953
4815,Priya,Gupta,1961-11-20,OFSCZ3542A,priya.gupta13@gmail.com,9734478088,VERIFIED,BR002,2026-05-16 10:42:25.6097953,2026-05-16 10:42:25.6097953
4816,Neha,Mehta,1962-06-15,EGTVH3467C,neha.mehta75@gmail.com,9263394299,VERIFIED,BR001,2026-05-16 10:42:25.6097953,2026-05-16 10:42:25.6097953
4817,Ramesh,Kumar,1991-07-09,NEQJS3404L,ramesh.kumar59@gmail.com,9545040034,VERIFIED,BR002,2026-05-16 10:42:25.6097953,2026-05-16 10:42:25.6097953
4818,Suresh,Gupta,1984-08-30,IPESJ1556N,suresh.gupta5@gmail.com,9787661978,VERIFIED,BR004,2026-05-16 10:42:25.6097953,2026-05-16 10:42:25.6097953
4819,Rahul,Verma,1971-10-06,FUDDU7622E,rahul.verma78@gmail.com,8485103528,VERIFIED,BR004,2026-05-16 10:42:25.6097953,2026-05-16 10:42:25.6097953
4820,Suresh,Iyer,2000-09-22,OLPCS1854P,suresh.iyer46@gmail.com,9750678783,PENDING,BR004,2026-05-16 10:42:25.6097953,2026-05-16 10:42:25.6097953
4821,Ramesh,Mehta,1978-05-18,YKRWM4634E,ramesh.mehta63@gmail.com,9539670178,VERIFIED,BR004,2026-05-16 10:42:25.6097953,2026-05-16 10:42:25.6097953
4822,Rahul,Kumar,1985-04-16,XGTYD5365B,rahul.kumar38@gmail.com,8376511962,VERIFIED,BR001,2026-05-16 10:42:25.6097953,2026-05-16 10:42:25.6097953
4823,Rahul,Reddy,1999-02-19,YMKIY3065U,rahul.reddy98@gmail.com,9654828149,VERIFIED,BR002,2026-05-16 10:42:25.6097953,2026-05-16 10:42:25.6097953
4824,Neha,Verma,1967-07-27,ANCOQ8844I,neha.verma40@gmail.com,9142082586,VERIFIED,BR003,2026-05-16 10:42:25.6097953,2026-05-16 10:42:25.6097953
4825,Suresh,Kumar,1978-12-16,GLPLV7938Z,suresh.kumar45@gmail.com,9483488364,VERIFIED,BR004,2026-05-16 10:42:25.6097953,2026-05-16 10:42:25.6097953
4826,Kavita,Singh,1983-02-26,QKIYG8474H,kavita.singh91@gmail.com,9296975713,VERIFIED,BR004,2026-05-16 10:42:25.6097953,2026-05-16 10:42:25.6097953
4827,Amit,Kumar,1963-01-12,FMXDU9485T,amit.kumar36@gmail.com,9147691578,VERIFIED,BR002,2026-05-16 10:42:25.6097953,2026-05-16 10:42:25.6097953
4828,Suresh,Verma,1967-05-14,YIEMF8423K,suresh.verma4@gmail.com,9351729356,VERIFIED,BR003,2026-05-16 10:42:25.6097953,2026-05-16 10:42:25.6097953
4829,Vikram,Jain,1974-10-18,ZCHIQ2146U,vikram.jain56@gmail.com,9369324766,PENDING,BR004,2026-05-16 10:42:25.6097953,2026-05-16 10:42:25.6097953
4830,Vikram,Yadav,1998-03-12,OEBJP4940R,vikram.yadav76@gmail.com,9650631028,VERIFIED,BR003,2026-05-16 10:42:25.6097953,2026-05-16 10:42:25.6097953
4831,Rahul,Jain,1982-06-22,TYPPC7473L,rahul.jain15@gmail.com,9057981508,VERIFIED,BR004,2026-05-16 10:42:25.6097953,2026-05-16 10:42:25.6097953
4832,Amit,Singh,1980-11-14,FLNJL2763U,amit.singh40@gmail.com,9742113645,VERIFIED,BR001,2026-05-16 10:42:25.6097953,2026-05-16 10:42:25.6097953
4833,Anjali,Gupta,1985-12-22,WLGUP2297M,anjali.gupta32@gmail.com,9767562405,VERIFIED,BR001,2026-05-16 10:42:25.6097953,2026-05-16 10:42:25.6097953
4834,Ramesh,Verma,1991-10-03,BLVII2424F,ramesh.verma66@gmail.com,9421976864,REJECTED,BR003,2026-05-16 10:42:25.6097953,2026-05-16 10:42:25.6097953
4835,Pooja,Yadav,1999-01-21,CFHLJ9086R,pooja.yadav59@gmail.com,9405743014,VERIFIED,BR002,2026-05-16 10:42:25.6097953,2026-05-16 10:42:25.6097953
4836,Amit,Sharma,1960-01-21,TVMJP6827T,amit.sharma56@gmail.com,9207920950,VERIFIED,BR002,2026-05-16 10:42:25.6097953,2026-05-16 10:42:25.6097953
4837,Pooja,Reddy,1975-11-01,BUXIA2743R,pooja.reddy61@gmail.com,9295133415,VERIFIED,BR001,2026-05-16 10:42:25.6097953,2026-05-16 10:42:25.6097953
4838,Suresh,Yadav,1973-02-02,JASBF3148X,suresh.yadav27@gmail.com,8716005212,VERIFIED,BR002,2026-05-16 10:42:25.6097953,2026-05-16 10:42:25.6097953
4839,Suresh,Sharma,1999-03-10,WCDPG8094H,suresh.sharma71@gmail.com,9629348542,PENDING,BR002,2026-05-16 10:42:25.6097953,2026-05-16 10:42:25.6097953
4840,Pooja,Iyer,1985-04-01,FWFSP4986A,pooja.iyer83@gmail.com,9204079849,VERIFIED,BR002,2026-05-16 10:42:25.6097953,2026-05-16 10:42:25.6097953
4841,Priya,Iyer,1980-08-23,OZEES5955Y,priya.iyer40@gmail.com,9642197300,VERIFIED,BR003,2026-05-16 10:42:25.6097953,2026-05-16 10:42:25.6097953
4842,Ramesh,Patel,1988-12-07,QQNWD7418N,ramesh.patel32@gmail.com,9772234083,VERIFIED,BR003,2026-05-16 10:42:25.6097953,2026-05-16 10:42:25.6097953
4843,Amit,Mehta,1985-08-04,GPMFQ5243A,amit.mehta15@gmail.com,9772612447,VERIFIED,BR002,2026-05-16 10:42:25.6097953,2026-05-16 10:42:25.6097953
4844,Anjali,Yadav,1966-08-02,ORZNI3080U,anjali.yadav99@gmail.com,9512165611,REJECTED,BR001,2026-05-16 10:42:25.6097953,2026-05-16 10:42:25.6097953
4845,Rahul,Desai,1980-03-18,HZRLD3987Y,rahul.desai89@gmail.com,9355537405,VERIFIED,BR002,2026-05-16 10:42:25.6097953,2026-05-16 10:42:25.6097953
4846,Neha,Reddy,1994-04-29,TRALG1941Q,neha.reddy82@gmail.com,9327154666,REJECTED,BR004,2026-05-16 10:42:25.6097953,2026-05-16 10:42:25.6097953
4847,Suresh,Yadav,1995-11-12,EHGIH0340O,suresh.yadav41@gmail.com,9062733142,VERIFIED,BR001,2026-05-16 10:42:25.6097953,2026-05-16 10:42:25.6097953
4848,Vikram,Sharma,1982-02-25,IPVYY4265W,vikram.sharma96@gmail.com,9735785720,PENDING,BR003,2026-05-16 10:42:25.6097953,2026-05-16 10:42:25.6097953
4849,Ramesh,Desai,1999-12-29,WUWLA5503K,ramesh.desai48@gmail.com,8723769104,VERIFIED,BR004,2026-05-16 10:42:25.6097953,2026-05-16 10:42:25.6097953
4850,Neha,Reddy,1981-05-02,TRUJT3615T,neha.reddy53@gmail.com,9609517868,REJECTED,BR002,2026-05-16 10:42:25.6097953,2026-05-16 10:42:25.6097953
4851,Anjali,Desai,1981-12-17,YALSA0106O,anjali.desai64@gmail.com,9436427016,VERIFIED,BR002,2026-05-16 10:42:25.6097953,2026-05-16 10:42:25.6097953
4852,Rohit,Singh,1974-09-02,EUNIO5781Q,rohit.singh55@gmail.com,9434129851,VERIFIED,BR001,2026-05-16 10:42:25.6097953,2026-05-16 10:42:25.6097953
4853,Sneha,Sharma,1965-02-03,YFOVU1971C,sneha.sharma78@gmail.com,9374485102,VERIFIED,BR001,2026-05-16 10:42:25.6097953,2026-05-16 10:42:25.6097953
4854,Rahul,Iyer,1963-01-23,FCGWL1093G,rahul.iyer41@gmail.com,9942728679,VERIFIED,BR002,2026-05-16 10:42:25.6097953,2026-05-16 10:42:25.6097953
4855,Suresh,Kumar,1986-11-25,AORNZ4951O,suresh.kumar77@gmail.com,9001382069,VERIFIED,BR002,2026-05-16 10:42:25.6097953,2026-05-16 10:42:25.6097953
4856,Rahul,Singh,1964-01-26,ENLRB3493L,rahul.singh60@gmail.com,9232243826,REJECTED,BR001,2026-05-16 10:42:25.6097953,2026-05-16 10:42:25.6097953
4857,Priya,Reddy,1998-04-17,LGXUH8376O,priya.reddy80@gmail.com,9129164976,VERIFIED,BR004,2026-05-16 10:42:25.6097953,2026-05-16 10:42:25.6097953
4858,Neha,Reddy,1984-07-03,MRJAB3876X,neha.reddy21@gmail.com,9987375157,VERIFIED,BR003,2026-05-16 10:42:25.6097953,2026-05-16 10:42:25.6097953
4859,Rahul,Verma,1976-08-04,NBQXU5135Y,rahul.verma73@gmail.com,8917779938,VERIFIED,BR001,2026-05-16 10:42:25.6097953,2026-05-16 10:42:25.6097953
4860,Sneha,Sharma,1978-05-24,JMDND9023Z,sneha.sharma49@gmail.com,9093046096,PENDING,BR004,2026-05-16 10:42:25.6097953,2026-05-16 10:42:25.6097953
4861,Rohit,Patel,1972-11-30,MYTPD3517D,rohit.patel24@gmail.com,9190587801,VERIFIED,BR002,2026-05-16 10:42:25.6097953,2026-05-16 10:42:25.6097953
4862,Neha,Patel,1962-06-15,CQQZC6026L,neha.patel95@gmail.com,9791771048,VERIFIED,BR003,2026-05-16 10:42:25.6097953,2026-05-16 10:42:25.6097953
4863,Suresh,Reddy,1967-10-06,BBVIH9516A,suresh.reddy53@gmail.com,9581987636,VERIFIED,BR004,2026-05-16 10:42:25.6097953,2026-05-16 10:42:25.6097953
4864,Amit,Patel,1999-02-09,KXQAQ3763U,amit.patel30@gmail.com,8453390601,VERIFIED,BR003,2026-05-16 10:42:25.6097953,2026-05-16 10:42:25.6097953
4865,Vikram,Mehta,1970-06-23,JSXVY9262G,vikram.mehta22@gmail.com,9907983443,VERIFIED,BR003,2026-05-16 10:42:25.6097953,2026-05-16 10:42:25.6097953
4866,Neha,Iyer,1965-08-16,KMWHI5745H,neha.iyer92@gmail.com,8554928208,VERIFIED,BR003,2026-05-16 10:42:25.6097953,2026-05-16 10:42:25.6097953
4867,Kavita,Verma,1980-09-16,GBTHQ1267U,kavita.verma61@gmail.com,9560985004,VERIFIED,BR004,2026-05-16 10:42:25.6097953,2026-05-16 10:42:25.6097953
4868,Priya,Reddy,1984-01-15,VKSRA0035W,priya.reddy28@gmail.com,9259691519,VERIFIED,BR004,2026-05-16 10:42:25.6097953,2026-05-16 10:42:25.6097953
4869,Rohit,Patel,1978-07-18,OHZXO7746K,rohit.patel22@gmail.com,9019916584,VERIFIED,BR002,2026-05-16 10:42:25.6097953,2026-05-16 10:42:25.6097953
4870,Priya,Sharma,1998-11-02,CAOCL5540A,priya.sharma34@gmail.com,9712814040,VERIFIED,BR003,2026-05-16 10:42:25.6097953,2026-05-16 10:42:25.6097953
4871,Neha,Jain,1991-11-11,YNDKK5520U,neha.jain30@gmail.com,9331962038,VERIFIED,BR001,2026-05-16 10:42:25.6097953,2026-05-16 10:42:25.6097953
4872,Neha,Yadav,1982-01-02,OJCEC0339M,neha.yadav63@gmail.com,9912750299,VERIFIED,BR001,2026-05-16 10:42:25.6097953,2026-05-16 10:42:25.6097953
4873,Kavita,Kumar,1971-09-07,ZJGEJ4145M,kavita.kumar97@gmail.com,9773698694,VERIFIED,BR001,2026-05-16 10:42:25.6097953,2026-05-16 10:42:25.6097953
4874,Suresh,Iyer,1983-09-16,EWUYP9769P,suresh.iyer6@gmail.com,9271216162,VERIFIED,BR004,2026-05-16 10:42:25.6097953,2026-05-16 10:42:25.6097953
4875,Priya,Singh,1977-05-12,HABON7196C,priya.singh25@gmail.com,9122460700,VERIFIED,BR002,2026-05-16 10:42:25.6097953,2026-05-16 10:42:25.6097953
4876,Neha,Jain,1981-08-29,TUCLX1982Y,neha.jain87@gmail.com,9743343645,VERIFIED,BR004,2026-05-16 10:42:25.6097953,2026-05-16 10:42:25.6097953
4877,Vikram,Singh,1972-11-27,GCKAG7342L,vikram.singh82@gmail.com,9005869425,VERIFIED,BR003,2026-05-16 10:42:25.6097953,2026-05-16 10:42:25.6097953
4878,Rahul,Mehta,1961-11-08,RNQPU7292V,rahul.mehta79@gmail.com,9102032761,VERIFIED,BR001,2026-05-16 10:42:25.6097953,2026-05-16 10:42:25.6097953
4879,Suresh,Desai,1975-09-21,ROWVY8525N,suresh.desai11@gmail.com,9313518207,VERIFIED,BR004,2026-05-16 10:42:25.6097953,2026-05-16 10:42:25.6097953
4880,Vikram,Sharma,1973-01-08,DPVVL5973F,vikram.sharma74@gmail.com,8777372711,VERIFIED,BR001,2026-05-16 10:42:25.6097953,2026-05-16 10:42:25.6097953
4881,Suresh,Desai,1972-05-22,VRAUH6327I,suresh.desai86@gmail.com,9705767610,PENDING,BR004,2026-05-16 10:42:25.6097953,2026-05-16 10:42:25.6097953
4882,Vikram,Verma,1980-03-03,AESEE1335E,vikram.verma6@gmail.com,9848755393,VERIFIED,BR001,2026-05-16 10:42:25.6097953,2026-05-16 10:42:25.6097953
4883,Sneha,Kumar,1968-12-19,VLDCN9830A,sneha.kumar42@gmail.com,9779195835,VERIFIED,BR003,2026-05-16 10:42:25.6097953,2026-05-16 10:42:25.6097953
4884,Rohit,Verma,1982-09-26,OJYWQ7833R,rohit.verma53@gmail.com,9879134555,VERIFIED,BR001,2026-05-16 10:42:25.6097953,2026-05-16 10:42:25.6097953
4885,Vikram,Reddy,1984-06-08,NBXQN1010M,vikram.reddy52@gmail.com,9191105401,VERIFIED,BR003,2026-05-16 10:42:25.6097953,2026-05-16 10:42:25.6097953
4886,Pooja,Jain,1968-07-29,EHREQ4972N,pooja.jain98@gmail.com,9656999335,VERIFIED,BR003,2026-05-16 10:42:25.6097953,2026-05-16 10:42:25.6097953
4887,Vikram,Sharma,1969-02-17,MLGWD4744T,vikram.sharma42@gmail.com,9832185314,VERIFIED,BR004,2026-05-16 10:42:25.6097953,2026-05-16 10:42:25.6097953
4888,Amit,Jain,1972-10-02,INNDQ2396O,amit.jain88@gmail.com,9190935457,PENDING,BR004,2026-05-16 10:42:25.6097953,2026-05-16 10:42:25.6097953
4889,Amit,Reddy,1999-03-23,TPDOG6724U,amit.reddy14@gmail.com,9197711161,VERIFIED,BR004,2026-05-16 10:42:25.6097953,2026-05-16 10:42:25.6097953
4890,Ramesh,Gupta,1997-01-08,XEWSW4289A,ramesh.gupta34@gmail.com,9657313326,VERIFIED,BR003,2026-05-16 10:42:25.6097953,2026-05-16 10:42:25.6097953
4891,Pooja,Patel,1994-12-23,XIKKL5700D,pooja.patel9@gmail.com,9403361739,VERIFIED,BR002,2026-05-16 10:42:25.6097953,2026-05-16 10:42:25.6097953
4892,Pooja,Singh,1982-05-05,XSFCL0202V,pooja.singh88@gmail.com,9097673949,VERIFIED,BR002,2026-05-16 10:42:25.6097953,2026-05-16 10:42:25.6097953
4893,Rahul,Jain,1983-03-18,NECIZ9751M,rahul.jain30@gmail.com,9551018634,VERIFIED,BR003,2026-05-16 10:42:25.6097953,2026-05-16 10:42:25.6097953
4894,Pooja,Yadav,1981-04-02,HVELN8825W,pooja.yadav40@gmail.com,9145500997,VERIFIED,BR003,2026-05-16 10:42:25.6097953,2026-05-16 10:42:25.6097953
4895,Rahul,Reddy,1985-01-07,TPWYB3762P,rahul.reddy25@gmail.com,9449452442,VERIFIED,BR004,2026-05-16 10:42:25.6097953,2026-05-16 10:42:25.6097953
4896,Ramesh,Desai,1999-09-30,OCMGC3803N,ramesh.desai3@gmail.com,9977646089,VERIFIED,BR004,2026-05-16 10:42:25.6097953,2026-05-16 10:42:25.6097953
4897,Ramesh,Gupta,1999-11-04,AKESJ2019U,ramesh.gupta58@gmail.com,9150467231,PENDING,BR004,2026-05-16 10:42:25.6097953,2026-05-16 10:42:25.6097953
4898,Rohit,Singh,1965-09-20,EDWMQ1991Z,rohit.singh51@gmail.com,9715301113,VERIFIED,BR002,2026-05-16 10:42:25.6097953,2026-05-16 10:42:25.6097953
4899,Amit,Reddy,1970-10-11,OSWXZ0720N,amit.reddy67@gmail.com,9942266451,VERIFIED,BR002,2026-05-16 10:42:25.6097953,2026-05-16 10:42:25.6097953
4900,Vikram,Jain,1987-07-03,DBHCW8846M,vikram.jain84@gmail.com,8149336278,VERIFIED,BR003,2026-05-16 10:42:25.6097953,2026-05-16 10:42:25.6097953
4901,Vikram,Gupta,1997-05-07,DPNAZ4384M,vikram.gupta30@gmail.com,9711029496,VERIFIED,BR002,2026-05-16 10:42:25.6097953,2026-05-16 10:42:25.6097953
4902,Kavita,Gupta,1983-10-11,KJZFO7589D,kavita.gupta20@gmail.com,9957094457,PENDING,BR004,2026-05-16 10:42:25.6097953,2026-05-16 10:42:25.6097953
4903,Kavita,Sharma,1999-01-16,HLFZB6497S,kavita.sharma74@gmail.com,8122175611,VERIFIED,BR004,2026-05-16 10:42:25.6097953,2026-05-16 10:42:25.6097953
4904,Anjali,Verma,1987-01-13,AQPYA0873M,anjali.verma65@gmail.com,9213973783,VERIFIED,BR004,2026-05-16 10:42:25.6097953,2026-05-16 10:42:25.6097953
4905,Suresh,Gupta,1996-07-21,UMQZY4536T,suresh.gupta57@gmail.com,9389715511,VERIFIED,BR004,2026-05-16 10:42:25.6097953,2026-05-16 10:42:25.6097953
4906,Rohit,Mehta,1998-03-16,NNNEG4589E,rohit.mehta50@gmail.com,9958780591,VERIFIED,BR004,2026-05-16 10:42:25.6097953,2026-05-16 10:42:25.6097953
4907,Anjali,Verma,1969-07-04,PVEOR1721S,anjali.verma89@gmail.com,9811502086,VERIFIED,BR001,2026-05-16 10:42:25.6097953,2026-05-16 10:42:25.6097953
4908,Anjali,Singh,1996-06-22,RROYX4826Q,anjali.singh71@gmail.com,9403001387,VERIFIED,BR003,2026-05-16 10:42:25.6097953,2026-05-16 10:42:25.6097953
4909,Neha,Singh,1984-03-04,NUJGO0885X,neha.singh11@gmail.com,9531480595,REJECTED,BR003,2026-05-16 10:42:25.6097953,2026-05-16 10:42:25.6097953
4910,Neha,Singh,1983-07-09,ZTFKP5439U,neha.singh83@gmail.com,9115088781,PENDING,BR002,2026-05-16 10:42:25.6097953,2026-05-16 10:42:25.6097953
4911,Priya,Singh,1981-09-07,JAVIG4084O,priya.singh82@gmail.com,9645339127,VERIFIED,BR004,2026-05-16 10:42:25.6097953,2026-05-16 10:42:25.6097953
4912,Anjali,Mehta,2000-01-03,ZQBEL1602L,anjali.mehta96@gmail.com,9695365577,VERIFIED,BR001,2026-05-16 10:42:25.6097953,2026-05-16 10:42:25.6097953
4913,Pooja,Jain,1968-05-17,ZSAFG8344A,pooja.jain56@gmail.com,8202977687,VERIFIED,BR004,2026-05-16 10:42:25.6097953,2026-05-16 10:42:25.6097953
4914,Suresh,Reddy,1989-05-15,DCKCQ1921N,suresh.reddy5@gmail.com,9010784723,VERIFIED,BR004,2026-05-16 10:42:25.6097953,2026-05-16 10:42:25.6097953
4915,Rohit,Kumar,1996-09-28,EEZBO0327M,rohit.kumar46@gmail.com,8660856099,VERIFIED,BR002,2026-05-16 10:42:25.6097953,2026-05-16 10:42:25.6097953
4916,Anjali,Jain,1981-08-03,VFDCB5110C,anjali.jain93@gmail.com,9324555856,VERIFIED,BR001,2026-05-16 10:42:25.6097953,2026-05-16 10:42:25.6097953
4917,Sneha,Gupta,1996-07-13,RDUHM7076U,sneha.gupta81@gmail.com,9886804809,VERIFIED,BR001,2026-05-16 10:42:25.6097953,2026-05-16 10:42:25.6097953
4918,Vikram,Singh,1974-06-01,OABXA8737Z,vikram.singh12@gmail.com,9642076474,VERIFIED,BR003,2026-05-16 10:42:25.6097953,2026-05-16 10:42:25.6097953
4919,Suresh,Iyer,1990-02-24,VQEKF5072F,suresh.iyer75@gmail.com,8435540907,VERIFIED,BR004,2026-05-16 10:42:25.6097953,2026-05-16 10:42:25.6097953
4920,Neha,Verma,1962-07-15,GGYDE9574D,neha.verma14@gmail.com,9811527059,PENDING,BR001,2026-05-16 10:42:25.6097953,2026-05-16 10:42:25.6097953
4921,Priya,Verma,1978-10-07,BKTAH1184J,priya.verma61@gmail.com,9542098192,VERIFIED,BR003,2026-05-16 10:42:25.6097953,2026-05-16 10:42:25.6097953
4922,Vikram,Gupta,1997-07-23,CHBMM1146T,vikram.gupta1@gmail.com,9477131515,PENDING,BR001,2026-05-16 10:42:25.6097953,2026-05-16 10:42:25.6097953
4923,Neha,Reddy,1995-10-07,WMUTE9349T,neha.reddy21@gmail.com,8165908479,VERIFIED,BR004,2026-05-16 10:42:25.6097953,2026-05-16 10:42:25.6097953
4924,Neha,Yadav,2000-06-29,SVNUC8524D,neha.yadav88@gmail.com,9202530600,VERIFIED,BR003,2026-05-16 10:42:25.6097953,2026-05-16 10:42:25.6097953
4925,Suresh,Yadav,1961-10-12,IYCGS1283L,suresh.yadav35@gmail.com,9936771787,VERIFIED,BR001,2026-05-16 10:42:25.6097953,2026-05-16 10:42:25.6097953
4926,Neha,Kumar,1965-02-27,XZLBR2078W,neha.kumar24@gmail.com,9277152971,VERIFIED,BR002,2026-05-16 10:42:25.6097953,2026-05-16 10:42:25.6097953
4927,Sneha,Reddy,1983-03-28,GOXRK3930L,sneha.reddy31@gmail.com,9888354844,PENDING,BR001,2026-05-16 10:42:25.6097953,2026-05-16 10:42:25.6097953
4928,Ramesh,Gupta,1979-09-27,MVEAD9048C,ramesh.gupta55@gmail.com,8242785161,VERIFIED,BR004,2026-05-16 10:42:25.6097953,2026-05-16 10:42:25.6097953
4929,Priya,Yadav,1961-04-19,LKFWC6458V,priya.yadav96@gmail.com,9520118669,PENDING,BR002,2026-05-16 10:42:25.6097953,2026-05-16 10:42:25.6097953
4930,Amit,Yadav,1992-03-24,YQQLA2353N,amit.yadav31@gmail.com,9740584202,VERIFIED,BR001,2026-05-16 10:42:25.6097953,2026-05-16 10:42:25.6097953
4931,Ramesh,Yadav,1973-10-18,GAORW9921M,ramesh.yadav57@gmail.com,9357493444,VERIFIED,BR001,2026-05-16 10:42:25.6097953,2026-05-16 10:42:25.6097953
4932,Amit,Desai,1981-02-26,SSWOY8042I,amit.desai33@gmail.com,9710753824,VERIFIED,BR003,2026-05-16 10:42:25.6097953,2026-05-16 10:42:25.6097953
4933,Kavita,Iyer,1992-09-15,TEYSV8293J,kavita.iyer94@gmail.com,9386210203,VERIFIED,BR004,2026-05-16 10:42:25.6097953,2026-05-16 10:42:25.6097953
4934,Kavita,Jain,1961-03-06,RYDXN1904J,kavita.jain85@gmail.com,9386346712,VERIFIED,BR001,2026-05-16 10:42:25.6097953,2026-05-16 10:42:25.6097953
4935,Neha,Mehta,1965-10-30,DBCXG0595L,neha.mehta28@gmail.com,9699011405,VERIFIED,BR001,2026-05-16 10:42:25.6097953,2026-05-16 10:42:25.6097953
4936,Rohit,Gupta,1964-01-13,CSPGX4307J,rohit.gupta60@gmail.com,8387802578,VERIFIED,BR001,2026-05-16 10:42:25.6097953,2026-05-16 10:42:25.6097953
4937,Rohit,Patel,1969-01-08,LITGY7270B,rohit.patel32@gmail.com,9286041170,VERIFIED,BR004,2026-05-16 10:42:25.6097953,2026-05-16 10:42:25.6097953
4938,Amit,Sharma,1962-10-17,UQHCW4969U,amit.sharma69@gmail.com,9720099218,VERIFIED,BR002,2026-05-16 10:42:25.6097953,2026-05-16 10:42:25.6097953
4939,Vikram,Jain,1981-02-23,RQTUQ7045V,vikram.jain6@gmail.com,9628291642,VERIFIED,BR004,2026-05-16 10:42:25.6097953,2026-05-16 10:42:25.6097953
4940,Suresh,Sharma,1960-03-08,BMLVT4318Q,suresh.sharma9@gmail.com,9543290378,VERIFIED,BR003,2026-05-16 10:42:25.6097953,2026-05-16 10:42:25.6097953
4941,Neha,Reddy,1989-02-22,FACRQ9648H,neha.reddy28@gmail.com,9786260557,VERIFIED,BR003,2026-05-16 10:42:25.6097953,2026-05-16 10:42:25.6097953
4942,Suresh,Gupta,1994-05-29,GSJRQ6274D,suresh.gupta10@gmail.com,8700872708,VERIFIED,BR004,2026-05-16 10:42:25.6097953,2026-05-16 10:42:25.6097953
4943,Ramesh,Gupta,1981-01-19,RNJVJ2684K,ramesh.gupta68@gmail.com,8935711544,VERIFIED,BR001,2026-05-16 10:42:25.6097953,2026-05-16 10:42:25.6097953
4944,Rohit,Sharma,1977-10-11,BZUFA9133S,rohit.sharma34@gmail.com,9163350510,VERIFIED,BR001,2026-05-16 10:42:25.6097953,2026-05-16 10:42:25.6097953
4945,Pooja,Kumar,1985-07-06,SGAQE0763T,pooja.kumar25@gmail.com,9067948317,VERIFIED,BR002,2026-05-16 10:42:25.6097953,2026-05-16 10:42:25.6097953
4946,Priya,Sharma,1970-10-27,JXDBG7353G,priya.sharma37@gmail.com,9481698651,PENDING,BR004,2026-05-16 10:42:25.6097953,2026-05-16 10:42:25.6097953
4947,Ramesh,Gupta,1994-01-02,TPQEC9058B,ramesh.gupta10@gmail.com,9899882609,PENDING,BR004,2026-05-16 10:42:25.6097953,2026-05-16 10:42:25.6097953
4948,Priya,Yadav,1979-02-01,VSXQY3758T,priya.yadav25@gmail.com,9749402734,PENDING,BR001,2026-05-16 10:42:25.6097953,2026-05-16 10:42:25.6097953
4949,Sneha,Kumar,1981-01-25,AZZTB5271V,sneha.kumar45@gmail.com,9647288015,VERIFIED,BR003,2026-05-16 10:42:25.6097953,2026-05-16 10:42:25.6097953
4950,Ramesh,Singh,1969-10-01,VLPPW1812C,ramesh.singh87@gmail.com,8190234067,VERIFIED,BR003,2026-05-16 10:42:25.6097953,2026-05-16 10:42:25.6097953
4951,Amit,Patel,1974-06-09,EKMJV7289N,amit.patel62@gmail.com,9050211991,VERIFIED,BR002,2026-05-16 10:42:25.6097953,2026-05-16 10:42:25.6097953
4952,Sneha,Desai,1991-09-20,DELDZ0216P,sneha.desai92@gmail.com,9539115732,VERIFIED,BR002,2026-05-16 10:42:25.6097953,2026-05-16 10:42:25.6097953
4953,Rahul,Iyer,1995-04-03,EFQGM2918X,rahul.iyer16@gmail.com,9092510735,PENDING,BR003,2026-05-16 10:42:25.6097953,2026-05-16 10:42:25.6097953
4954,Ramesh,Mehta,1973-04-19,DPELG4164T,ramesh.mehta56@gmail.com,9403324786,VERIFIED,BR004,2026-05-16 10:42:25.6097953,2026-05-16 10:42:25.6097953
4955,Sneha,Singh,1961-07-24,SHIZR9197H,sneha.singh96@gmail.com,8949484580,VERIFIED,BR002,2026-05-16 10:42:25.6097953,2026-05-16 10:42:25.6097953
4956,Neha,Verma,1962-01-15,YXUAT3675P,neha.verma72@gmail.com,9886217194,VERIFIED,BR001,2026-05-16 10:42:25.6097953,2026-05-16 10:42:25.6097953
4957,Priya,Sharma,1979-08-08,PZPKR1254H,priya.sharma19@gmail.com,9318233913,VERIFIED,BR004,2026-05-16 10:42:25.6097953,2026-05-16 10:42:25.6097953
4958,Anjali,Patel,1981-12-04,NQKRX1121V,anjali.patel53@gmail.com,9604636760,VERIFIED,BR001,2026-05-16 10:42:25.6097953,2026-05-16 10:42:25.6097953
4959,Anjali,Sharma,1973-11-29,XBRBA3370I,anjali.sharma16@gmail.com,9084435614,VERIFIED,BR002,2026-05-16 10:42:25.6097953,2026-05-16 10:42:25.6097953
4960,Neha,Iyer,1984-06-30,KOYVV7811X,neha.iyer9@gmail.com,9246779872,PENDING,BR003,2026-05-16 10:42:25.6097953,2026-05-16 10:42:25.6097953
4961,Rahul,Sharma,1971-03-18,DFEAM2788P,rahul.sharma14@gmail.com,9788744634,PENDING,BR002,2026-05-16 10:42:25.6097953,2026-05-16 10:42:25.6097953
4962,Rahul,Singh,1960-05-06,BTTOF8149L,rahul.singh95@gmail.com,9387632328,VERIFIED,BR003,2026-05-16 10:42:25.6097953,2026-05-16 10:42:25.6097953
4963,Amit,Yadav,1978-07-26,OLNME2949R,amit.yadav37@gmail.com,9619212595,VERIFIED,BR004,2026-05-16 10:42:25.6097953,2026-05-16 10:42:25.6097953
4964,Rohit,Jain,1962-10-11,EJBAZ5436C,rohit.jain60@gmail.com,8619469517,VERIFIED,BR002,2026-05-16 10:42:25.6097953,2026-05-16 10:42:25.6097953
4965,Suresh,Yadav,1974-03-22,YVHSO7851U,suresh.yadav49@gmail.com,9809462570,VERIFIED,BR002,2026-05-16 10:42:25.6097953,2026-05-16 10:42:25.6097953
4966,Priya,Desai,2000-10-18,HQXUO0746S,priya.desai22@gmail.com,9486125019,PENDING,BR002,2026-05-16 10:42:25.6097953,2026-05-16 10:42:25.6097953
4967,Rahul,Kumar,1997-09-14,GEVIA8803H,rahul.kumar4@gmail.com,9532909089,VERIFIED,BR004,2026-05-16 10:42:25.6097953,2026-05-16 10:42:25.6097953
4968,Pooja,Sharma,1995-05-02,XIYNW9511Q,pooja.sharma57@gmail.com,9810712942,VERIFIED,BR001,2026-05-16 10:42:25.6097953,2026-05-16 10:42:25.6097953
4969,Amit,Reddy,1998-07-30,AOEQG9097R,amit.reddy27@gmail.com,9052555614,VERIFIED,BR001,2026-05-16 10:42:25.6097953,2026-05-16 10:42:25.6097953
4970,Kavita,Yadav,1985-06-01,HMZTY5720L,kavita.yadav33@gmail.com,9392672588,VERIFIED,BR003,2026-05-16 10:42:25.6097953,2026-05-16 10:42:25.6097953
4971,Vikram,Iyer,1983-09-17,LHIWY2073N,vikram.iyer60@gmail.com,8932101439,VERIFIED,BR002,2026-05-16 10:42:25.6097953,2026-05-16 10:42:25.6097953
4972,Kavita,Gupta,1992-09-03,RMQRK7207C,kavita.gupta69@gmail.com,9322120635,VERIFIED,BR001,2026-05-16 10:42:25.6097953,2026-05-16 10:42:25.6097953
4973,Amit,Jain,1990-02-22,SSZZP3254X,amit.jain62@gmail.com,8520013021,VERIFIED,BR004,2026-05-16 10:42:25.6097953,2026-05-16 10:42:25.6097953
4974,Priya,Patel,1964-09-25,CERFM0472S,priya.patel97@gmail.com,8106371546,VERIFIED,BR002,2026-05-16 10:42:25.6097953,2026-05-16 10:42:25.6097953
4975,Sneha,Reddy,1965-10-16,QFKVP8829Q,sneha.reddy30@gmail.com,8559460583,VERIFIED,BR003,2026-05-16 10:42:25.6097953,2026-05-16 10:42:25.6097953
4976,Ramesh,Singh,1999-05-11,DMUKV4614I,ramesh.singh94@gmail.com,9345093331,PENDING,BR001,2026-05-16 10:42:25.6097953,2026-05-16 10:42:25.6097953
4977,Suresh,Singh,1967-08-01,YGJUI7985T,suresh.singh45@gmail.com,9333532241,VERIFIED,BR004,2026-05-16 10:42:25.6097953,2026-05-16 10:42:25.6097953
4978,Vikram,Desai,2000-11-17,ASFUY6104F,vikram.desai40@gmail.com,9869081610,VERIFIED,BR004,2026-05-16 10:42:25.6097953,2026-05-16 10:42:25.6097953
4979,Kavita,Desai,1960-08-30,XTAIO6683W,kavita.desai16@gmail.com,9177225709,VERIFIED,BR003,2026-05-16 10:42:25.6097953,2026-05-16 10:42:25.6097953
4980,Vikram,Kumar,1974-06-30,IXNOT7858X,vikram.kumar36@gmail.com,9214196456,VERIFIED,BR001,2026-05-16 10:42:25.6097953,2026-05-16 10:42:25.6097953
4981,Pooja,Jain,1974-03-10,GIISZ7778O,pooja.jain42@gmail.com,9954604962,VERIFIED,BR002,2026-05-16 10:42:25.6097953,2026-05-16 10:42:25.6097953
4982,Pooja,Gupta,1997-06-27,GZAIB9308L,pooja.gupta45@gmail.com,8570775469,VERIFIED,BR004,2026-05-16 10:42:25.6097953,2026-05-16 10:42:25.6097953
4983,Sneha,Patel,1966-05-06,YRKUH5113P,sneha.patel54@gmail.com,9453930546,VERIFIED,BR003,2026-05-16 10:42:25.6097953,2026-05-16 10:42:25.6097953
4984,Pooja,Gupta,1996-01-26,UPPGY0226J,pooja.gupta40@gmail.com,9550588249,VERIFIED,BR004,2026-05-16 10:42:25.6097953,2026-05-16 10:42:25.6097953
4985,Amit,Verma,1967-04-13,WJQBQ0027N,amit.verma58@gmail.com,9320194443,VERIFIED,BR004,2026-05-16 10:42:25.6097953,2026-05-16 10:42:25.6097953
4986,Suresh,Desai,1964-12-04,JNABB2072L,suresh.desai25@gmail.com,9553070716,VERIFIED,BR001,2026-05-16 10:42:25.6097953,2026-05-16 10:42:25.6097953
4987,Priya,Kumar,1972-05-27,GMNFT5414J,priya.kumar9@gmail.com,9814244460,VERIFIED,BR001,2026-05-16 10:42:25.6097953,2026-05-16 10:42:25.6097953
4988,Sneha,Mehta,1972-01-21,ZOPWK1409Q,sneha.mehta84@gmail.com,9564683301,PENDING,BR002,2026-05-16 10:42:25.6097953,2026-05-16 10:42:25.6097953
4989,Amit,Sharma,1989-10-01,BMICZ1618L,amit.sharma13@gmail.com,9773559650,VERIFIED,BR004,2026-05-16 10:42:25.6097953,2026-05-16 10:42:25.6097953
4990,Anjali,Sharma,1989-02-01,ERBRJ3023A,anjali.sharma51@gmail.com,9309639734,VERIFIED,BR003,2026-05-16 10:42:25.6097953,2026-05-16 10:42:25.6097953
4991,Ramesh,Mehta,1980-07-29,LVWUG6648Y,ramesh.mehta66@gmail.com,9195362772,VERIFIED,BR004,2026-05-16 10:42:25.6097953,2026-05-16 10:42:25.6097953
4992,Ramesh,Yadav,1986-10-21,ZRWVV1092F,ramesh.yadav69@gmail.com,9223785654,VERIFIED,BR003,2026-05-16 10:42:25.6097953,2026-05-16 10:42:25.6097953
4993,Pooja,Gupta,1996-06-20,SDLME3342J,pooja.gupta42@gmail.com,9987575999,VERIFIED,BR004,2026-05-16 10:42:25.6097953,2026-05-16 10:42:25.6097953
4994,Anjali,Mehta,1990-12-31,HPHTQ6723V,anjali.mehta76@gmail.com,9805137371,VERIFIED,BR003,2026-05-16 10:42:25.6097953,2026-05-16 10:42:25.6097953
4995,Rahul,Kumar,1971-05-31,OEXBC7241X,rahul.kumar23@gmail.com,9555322780,VERIFIED,BR004,2026-05-16 10:42:25.6097953,2026-05-16 10:42:25.6097953
4996,Rahul,Patel,1975-04-04,RHMSV1573S,rahul.patel52@gmail.com,9951428890,VERIFIED,BR004,2026-05-16 10:42:25.6097953,2026-05-16 10:42:25.6097953
4997,Priya,Mehta,1965-01-21,CWXHN9900V,priya.mehta52@gmail.com,9978731406,VERIFIED,BR002,2026-05-16 10:42:25.6097953,2026-05-16 10:42:25.6097953
4998,Pooja,Kumar,1987-09-13,IITOX2956J,pooja.kumar30@gmail.com,8207405547,VERIFIED,BR001,2026-05-16 10:42:25.6097953,2026-05-16 10:42:25.6097953
4999,Kavita,Desai,1981-03-13,OVNOQ4236Z,kavita.desai61@gmail.com,9208422907,VERIFIED,BR001,2026-05-16 10:42:25.6097953,2026-05-16 10:42:25.6097953
5000,Amit,Reddy,1961-02-11,MUWMF5321D,amit.reddy82@gmail.com,9621143823,VERIFIED,BR003,2026-05-16 10:42:25.6097953,2026-05-16 10:42:25.6097953
5001,Priya,Yadav,1994-03-12,XKRVI5589A,priya.yadav23@gmail.com,9956462477,VERIFIED,BR001,2026-05-16 10:43:23.5174354,2026-05-16 10:43:23.5174354
5002,Anjali,Desai,1960-08-06,KOENK5333F,anjali.desai56@gmail.com,9080485185,VERIFIED,BR001,2026-05-16 10:43:23.5174354,2026-05-16 10:43:23.5174354
5003,Vikram,Mehta,1960-01-17,DAWNY4367D,vikram.mehta58@gmail.com,9874121669,VERIFIED,BR005,2026-05-16 10:43:23.5174354,2026-05-16 10:43:23.5174354
5004,Rohit,Reddy,1990-09-18,VUYAB8247J,rohit.reddy55@gmail.com,9536328774,VERIFIED,BR004,2026-05-16 10:43:23.5174354,2026-05-16 10:43:23.5174354
5005,Kavita,Singh,1990-09-02,PQJZN5513W,kavita.singh86@gmail.com,9073921971,PENDING,BR002,2026-05-16 10:43:23.5174354,2026-05-16 10:43:23.5174354
5006,Kavita,Iyer,1963-12-27,BETTR1437D,kavita.iyer67@gmail.com,9762988898,PENDING,BR005,2026-05-16 10:43:23.5174354,2026-05-16 10:43:23.5174354
5007,Sneha,Yadav,1964-02-26,QHLOA9341D,sneha.yadav62@gmail.com,9144975247,PENDING,BR002,2026-05-16 10:43:23.5174354,2026-05-16 10:43:23.5174354
5008,Amit,Gupta,1989-03-16,FNCJO2134D,amit.gupta73@gmail.com,9730214229,PENDING,BR002,2026-05-16 10:43:23.5174354,2026-05-16 10:43:23.5174354
5009,Anjali,Patel,1990-03-22,QWEZW7556Q,anjali.patel71@gmail.com,9516497605,VERIFIED,BR002,2026-05-16 10:43:23.5174354,2026-05-16 10:43:23.5174354
5010,Rohit,Reddy,1986-07-09,TBSUO0631B,rohit.reddy60@gmail.com,9475264618,VERIFIED,BR003,2026-05-16 10:43:23.5174354,2026-05-16 10:43:23.5174354
5011,Rahul,Reddy,1971-01-13,IYPTM6526P,rahul.reddy52@gmail.com,9175740682,VERIFIED,BR005,2026-05-16 10:43:23.5174354,2026-05-16 10:43:23.5174354
5012,Neha,Patel,1968-04-27,LKUQG7116T,neha.patel5@gmail.com,9355051981,PENDING,BR003,2026-05-16 10:43:23.5174354,2026-05-16 10:43:23.5174354
5013,Neha,Yadav,2000-03-22,RVWZW8662N,neha.yadav44@gmail.com,9205366196,VERIFIED,BR004,2026-05-16 10:43:23.5174354,2026-05-16 10:43:23.5174354
5014,Kavita,Mehta,1963-01-01,NOMHC3322M,kavita.mehta78@gmail.com,9996638219,VERIFIED,BR004,2026-05-16 10:43:23.5174354,2026-05-16 10:43:23.5174354
5015,Priya,Mehta,1966-01-29,WGRDV2360A,priya.mehta12@gmail.com,9524167170,VERIFIED,BR001,2026-05-16 10:43:23.5174354,2026-05-16 10:43:23.5174354
5016,Priya,Verma,1974-09-28,ROLRN0599R,priya.verma92@gmail.com,9147888153,PENDING,BR001,2026-05-16 10:43:23.5174354,2026-05-16 10:43:23.5174354
5017,Anjali,Sharma,1983-08-19,UEAMT6513E,anjali.sharma18@gmail.com,9611909781,VERIFIED,BR001,2026-05-16 10:43:23.5174354,2026-05-16 10:43:23.5174354
5018,Amit,Yadav,1999-09-12,RTZGG7007U,amit.yadav83@gmail.com,9465299188,VERIFIED,BR004,2026-05-16 10:43:23.5174354,2026-05-16 10:43:23.5174354
5019,Kavita,Desai,1988-04-17,QBZFY0640T,kavita.desai58@gmail.com,9295661745,REJECTED,BR002,2026-05-16 10:43:23.5174354,2026-05-16 10:43:23.5174354
5020,Neha,Desai,1966-02-04,MKZDN2160J,neha.desai73@gmail.com,9230251042,VERIFIED,BR002,2026-05-16 10:43:23.5174354,2026-05-16 10:43:23.5174354
5021,Kavita,Yadav,1992-01-29,JZIGH9873S,kavita.yadav64@gmail.com,9487639544,REJECTED,BR005,2026-05-16 10:43:23.5174354,2026-05-16 10:43:23.5174354
5022,Neha,Jain,1999-09-29,ZYAFZ8385N,neha.jain18@gmail.com,9677209169,VERIFIED,BR004,2026-05-16 10:43:23.5174354,2026-05-16 10:43:23.5174354
5023,Anjali,Patel,1976-08-12,XUKXH8057V,anjali.patel65@gmail.com,9678473451,VERIFIED,BR001,2026-05-16 10:43:23.5174354,2026-05-16 10:43:23.5174354
5024,Anjali,Desai,1965-02-03,DVOEN2712F,anjali.desai71@gmail.com,9463743332,PENDING,BR004,2026-05-16 10:43:23.5174354,2026-05-16 10:43:23.5174354
5025,Amit,Desai,1974-06-07,YQQIQ6092B,amit.desai19@gmail.com,9961553479,VERIFIED,BR002,2026-05-16 10:43:23.5174354,2026-05-16 10:43:23.5174354
5026,Vikram,Sharma,1986-09-22,JSWHV0635O,vikram.sharma33@gmail.com,9466087464,VERIFIED,BR002,2026-05-16 10:43:23.5174354,2026-05-16 10:43:23.5174354
5027,Vikram,Jain,1975-01-12,SVOBZ0617N,vikram.jain55@gmail.com,9682460789,VERIFIED,BR003,2026-05-16 10:43:23.5174354,2026-05-16 10:43:23.5174354
5028,Kavita,Reddy,1969-09-12,RTDNW0372T,kavita.reddy26@gmail.com,9084852768,VERIFIED,BR003,2026-05-16 10:43:23.5174354,2026-05-16 10:43:23.5174354
5029,Sneha,Reddy,1961-01-15,SRQTP6960X,sneha.reddy45@gmail.com,9507141546,VERIFIED,BR005,2026-05-16 10:43:23.5174354,2026-05-16 10:43:23.5174354
5030,Kavita,Yadav,1980-10-23,YMWTY6108Z,kavita.yadav72@gmail.com,9652036526,VERIFIED,BR004,2026-05-16 10:43:23.5174354,2026-05-16 10:43:23.5174354
5031,Kavita,Kumar,1960-09-22,IBEPQ5693I,kavita.kumar86@gmail.com,9713189537,VERIFIED,BR003,2026-05-16 10:43:23.5174354,2026-05-16 10:43:23.5174354
5032,Amit,Jain,1981-09-25,MBNFQ9724V,amit.jain45@gmail.com,9792647778,PENDING,BR003,2026-05-16 10:43:23.5174354,2026-05-16 10:43:23.5174354
5033,Sneha,Reddy,1987-08-03,JXSDD5477K,sneha.reddy90@gmail.com,9750743940,VERIFIED,BR004,2026-05-16 10:43:23.5174354,2026-05-16 10:43:23.5174354
5034,Suresh,Patel,1980-10-04,AOMCH0654M,suresh.patel78@gmail.com,9921487438,VERIFIED,BR002,2026-05-16 10:43:23.5174354,2026-05-16 10:43:23.5174354
5035,Kavita,Singh,1993-06-12,FHDCF3067J,kavita.singh28@gmail.com,9229947532,VERIFIED,BR005,2026-05-16 10:43:23.5174354,2026-05-16 10:43:23.5174354
5036,Vikram,Kumar,1982-04-01,VFYAY4810D,vikram.kumar19@gmail.com,9713744401,VERIFIED,BR005,2026-05-16 10:43:23.5174354,2026-05-16 10:43:23.5174354
5037,Vikram,Sharma,1994-07-01,MBXRG1496Y,vikram.sharma10@gmail.com,9901354394,PENDING,BR005,2026-05-16 10:43:23.5174354,2026-05-16 10:43:23.5174354
5038,Sneha,Patel,1994-10-21,KZLYJ1508E,sneha.patel8@gmail.com,9861098046,VERIFIED,BR003,2026-05-16 10:43:23.5174354,2026-05-16 10:43:23.5174354
5039,Rohit,Mehta,1993-09-01,UZLWM0195R,rohit.mehta80@gmail.com,9059452729,PENDING,BR002,2026-05-16 10:43:23.5174354,2026-05-16 10:43:23.5174354
5040,Priya,Sharma,1988-08-09,YVAFH7080O,priya.sharma72@gmail.com,9900942806,VERIFIED,BR005,2026-05-16 10:43:23.5174354,2026-05-16 10:43:23.5174354
5041,Anjali,Verma,1969-03-10,KBGQC0010F,anjali.verma43@gmail.com,9594797248,VERIFIED,BR004,2026-05-16 10:43:23.5174354,2026-05-16 10:43:23.5174354
5042,Sneha,Desai,1994-01-25,GFYZV9358N,sneha.desai45@gmail.com,9097499822,VERIFIED,BR005,2026-05-16 10:43:23.5174354,2026-05-16 10:43:23.5174354
5043,Suresh,Gupta,1996-09-03,YEWYG0194K,suresh.gupta50@gmail.com,9932788181,VERIFIED,BR001,2026-05-16 10:43:23.5174354,2026-05-16 10:43:23.5174354
5044,Neha,Mehta,1966-07-15,QPPON4836A,neha.mehta42@gmail.com,9736594344,VERIFIED,BR002,2026-05-16 10:43:23.5174354,2026-05-16 10:43:23.5174354
5045,Vikram,Kumar,1971-07-01,JDDKN9912C,vikram.kumar62@gmail.com,9082469820,VERIFIED,BR001,2026-05-16 10:43:23.5174354,2026-05-16 10:43:23.5174354
5046,Rahul,Patel,1964-03-04,PPYNW1964P,rahul.patel50@gmail.com,9180805947,VERIFIED,BR002,2026-05-16 10:43:23.5174354,2026-05-16 10:43:23.5174354
5047,Rahul,Mehta,1974-12-01,UXDMZ8787F,rahul.mehta70@gmail.com,9125984479,PENDING,BR004,2026-05-16 10:43:23.5174354,2026-05-16 10:43:23.5174354
5048,Vikram,Verma,1980-06-01,OEUUC6545W,vikram.verma2@gmail.com,9221325533,VERIFIED,BR003,2026-05-16 10:43:23.5174354,2026-05-16 10:43:23.5174354
5049,Priya,Patel,1968-06-09,UDBQS8118J,priya.patel15@gmail.com,9518001354,VERIFIED,BR003,2026-05-16 10:43:23.5174354,2026-05-16 10:43:23.5174354
5050,Rahul,Gupta,1964-10-29,PSVOQ4728J,rahul.gupta64@gmail.com,9432309504,VERIFIED,BR002,2026-05-16 10:43:23.5174354,2026-05-16 10:43:23.5174354
5051,Pooja,Kumar,1981-06-16,YFRWJ6819F,pooja.kumar69@gmail.com,9877078621,VERIFIED,BR005,2026-05-16 10:43:23.5174354,2026-05-16 10:43:23.5174354
5052,Suresh,Sharma,1992-02-28,GAGGL6829Y,suresh.sharma18@gmail.com,9585220654,REJECTED,BR001,2026-05-16 10:43:23.5174354,2026-05-16 10:43:23.5174354
5053,Anjali,Yadav,1965-01-24,FCYHI9594U,anjali.yadav77@gmail.com,9841927806,VERIFIED,BR004,2026-05-16 10:43:23.5174354,2026-05-16 10:43:23.5174354
5054,Vikram,Mehta,1978-12-18,YIPSY7928C,vikram.mehta82@gmail.com,9843352510,VERIFIED,BR005,2026-05-16 10:43:23.5174354,2026-05-16 10:43:23.5174354
5055,Vikram,Gupta,1995-04-26,JHUEB4680I,vikram.gupta22@gmail.com,9328825013,VERIFIED,BR003,2026-05-16 10:43:23.5174354,2026-05-16 10:43:23.5174354
5056,Neha,Verma,1986-08-08,DIQSE2273Z,neha.verma55@gmail.com,9780065163,VERIFIED,BR005,2026-05-16 10:43:23.5174354,2026-05-16 10:43:23.5174354
5057,Suresh,Mehta,1980-08-24,ASWUK1225V,suresh.mehta65@gmail.com,9331916416,VERIFIED,BR001,2026-05-16 10:43:23.5174354,2026-05-16 10:43:23.5174354
5058,Kavita,Singh,1994-10-10,TSWMJ4450J,kavita.singh70@gmail.com,9805940997,VERIFIED,BR003,2026-05-16 10:43:23.5174354,2026-05-16 10:43:23.5174354
5059,Priya,Singh,1969-02-10,PDBKZ1018I,priya.singh92@gmail.com,9942338437,PENDING,BR002,2026-05-16 10:43:23.5174354,2026-05-16 10:43:23.5174354
5060,Kavita,Iyer,1991-02-18,UXCOK9050V,kavita.iyer79@gmail.com,9775442182,VERIFIED,BR004,2026-05-16 10:43:23.5174354,2026-05-16 10:43:23.5174354
5061,Ramesh,Kumar,1995-12-28,VSQFE8855I,ramesh.kumar67@gmail.com,9276244740,VERIFIED,BR004,2026-05-16 10:43:23.5174354,2026-05-16 10:43:23.5174354
5062,Rohit,Sharma,1995-01-21,KJNIT0782N,rohit.sharma48@gmail.com,9051807038,VERIFIED,BR003,2026-05-16 10:43:23.5174354,2026-05-16 10:43:23.5174354
5063,Pooja,Jain,2000-06-07,SCDFP1599L,pooja.jain11@gmail.com,9678127072,VERIFIED,BR002,2026-05-16 10:43:23.5174354,2026-05-16 10:43:23.5174354
5064,Amit,Kumar,1963-06-28,ZQDFU0833Q,amit.kumar46@gmail.com,9513319647,PENDING,BR001,2026-05-16 10:43:23.5174354,2026-05-16 10:43:23.5174354
5065,Amit,Kumar,1976-12-22,CKPIQ4886Y,amit.kumar45@gmail.com,9127694372,PENDING,BR004,2026-05-16 10:43:23.5174354,2026-05-16 10:43:23.5174354
5066,Ramesh,Iyer,1995-01-18,OPCSO6569E,ramesh.iyer81@gmail.com,9461873764,VERIFIED,BR003,2026-05-16 10:43:23.5174354,2026-05-16 10:43:23.5174354
5067,Anjali,Desai,1966-12-19,BVFQO1474G,anjali.desai13@gmail.com,9040412525,VERIFIED,BR004,2026-05-16 10:43:23.5174354,2026-05-16 10:43:23.5174354
5068,Amit,Iyer,1990-08-16,RJKQK3715K,amit.iyer76@gmail.com,9446018072,VERIFIED,BR002,2026-05-16 10:43:23.5174354,2026-05-16 10:43:23.5174354
5069,Sneha,Sharma,1995-08-19,OZEQI8343X,sneha.sharma51@gmail.com,9376271495,VERIFIED,BR001,2026-05-16 10:43:23.5174354,2026-05-16 10:43:23.5174354
5070,Kavita,Iyer,1963-03-05,XLCKD6988Q,kavita.iyer43@gmail.com,9083231180,VERIFIED,BR002,2026-05-16 10:43:23.5174354,2026-05-16 10:43:23.5174354
5071,Priya,Jain,1983-10-04,SSJOQ6475J,priya.jain57@gmail.com,9949350443,REJECTED,BR005,2026-05-16 10:43:23.5174354,2026-05-16 10:43:23.5174354
5072,Rahul,Desai,1963-05-01,PXHJV3334U,rahul.desai85@gmail.com,9173058443,VERIFIED,BR002,2026-05-16 10:43:23.5174354,2026-05-16 10:43:23.5174354
5073,Rohit,Patel,1977-05-23,RPTYI2551I,rohit.patel98@gmail.com,9714412225,VERIFIED,BR002,2026-05-16 10:43:23.5174354,2026-05-16 10:43:23.5174354
5074,Sneha,Gupta,1976-07-11,VPZVA8982F,sneha.gupta72@gmail.com,9320756405,PENDING,BR004,2026-05-16 10:43:23.5174354,2026-05-16 10:43:23.5174354
5075,Sneha,Gupta,1998-04-26,COHSV1694Q,sneha.gupta10@gmail.com,9565511367,VERIFIED,BR002,2026-05-16 10:43:23.5174354,2026-05-16 10:43:23.5174354
5076,Suresh,Sharma,1967-04-07,MWUEU8006O,suresh.sharma53@gmail.com,9906618289,REJECTED,BR003,2026-05-16 10:43:23.5174354,2026-05-16 10:43:23.5174354
5077,Kavita,Sharma,1968-01-29,QOVDQ9165U,kavita.sharma83@gmail.com,9544782930,VERIFIED,BR004,2026-05-16 10:43:23.5174354,2026-05-16 10:43:23.5174354
5078,Neha,Patel,1985-08-27,EVHKL4291D,neha.patel79@gmail.com,9342968089,PENDING,BR004,2026-05-16 10:43:23.5174354,2026-05-16 10:43:23.5174354
5079,Suresh,Gupta,1977-07-04,JUPNG4987T,suresh.gupta15@gmail.com,9155540202,VERIFIED,BR005,2026-05-16 10:43:23.5174354,2026-05-16 10:43:23.5174354
5080,Amit,Patel,1970-01-26,MEFPY9655Q,amit.patel99@gmail.com,9555941724,VERIFIED,BR003,2026-05-16 10:43:23.5174354,2026-05-16 10:43:23.5174354
5081,Sneha,Yadav,1987-09-01,BKKIG5322N,sneha.yadav60@gmail.com,9426628247,VERIFIED,BR002,2026-05-16 10:43:23.5174354,2026-05-16 10:43:23.5174354
5082,Neha,Verma,1994-12-10,OLRFG8906G,neha.verma20@gmail.com,9989456420,VERIFIED,BR005,2026-05-16 10:43:23.5174354,2026-05-16 10:43:23.5174354
5083,Suresh,Singh,1972-08-23,JVLFE7474C,suresh.singh98@gmail.com,9527706973,VERIFIED,BR003,2026-05-16 10:43:23.5174354,2026-05-16 10:43:23.5174354
5084,Vikram,Iyer,1975-02-21,ZYTZO2336N,vikram.iyer25@gmail.com,9937390051,REJECTED,BR005,2026-05-16 10:43:23.5174354,2026-05-16 10:43:23.5174354
5085,Pooja,Yadav,1968-08-06,AEOLA5438P,pooja.yadav15@gmail.com,9955212087,PENDING,BR001,2026-05-16 10:43:23.5174354,2026-05-16 10:43:23.5174354
5086,Kavita,Kumar,1996-06-10,NMYPH8422Q,kavita.kumar33@gmail.com,9950616661,VERIFIED,BR002,2026-05-16 10:43:23.5174354,2026-05-16 10:43:23.5174354
5087,Neha,Mehta,1989-07-10,RYJIT1044E,neha.mehta90@gmail.com,9111144325,VERIFIED,BR005,2026-05-16 10:43:23.5174354,2026-05-16 10:43:23.5174354
5088,Ramesh,Desai,1969-10-14,MIPJJ5579P,ramesh.desai4@gmail.com,9428477569,VERIFIED,BR001,2026-05-16 10:43:23.5174354,2026-05-16 10:43:23.5174354
5089,Pooja,Iyer,1971-07-23,SPVYK4483V,pooja.iyer34@gmail.com,9283787965,VERIFIED,BR002,2026-05-16 10:43:23.5174354,2026-05-16 10:43:23.5174354
5090,Suresh,Reddy,1976-06-05,QXQLT5346O,suresh.reddy16@gmail.com,9881972476,VERIFIED,BR005,2026-05-16 10:43:23.5174354,2026-05-16 10:43:23.5174354
5091,Anjali,Mehta,1983-12-18,QJVBA8881G,anjali.mehta43@gmail.com,9142267883,PENDING,BR005,2026-05-16 10:43:23.5174354,2026-05-16 10:43:23.5174354
5092,Ramesh,Sharma,1967-03-03,UWGDK3013R,ramesh.sharma32@gmail.com,9841536211,VERIFIED,BR005,2026-05-16 10:43:23.5174354,2026-05-16 10:43:23.5174354
5093,Kavita,Verma,1996-01-20,IQDJD2616D,kavita.verma45@gmail.com,9239314909,VERIFIED,BR005,2026-05-16 10:43:23.5174354,2026-05-16 10:43:23.5174354
5094,Vikram,Iyer,1979-05-06,PYBHW4747J,vikram.iyer39@gmail.com,9885056871,VERIFIED,BR004,2026-05-16 10:43:23.5174354,2026-05-16 10:43:23.5174354
5095,Neha,Yadav,1970-05-25,GLZHP6988B,neha.yadav67@gmail.com,9058589069,VERIFIED,BR005,2026-05-16 10:43:23.5174354,2026-05-16 10:43:23.5174354
5096,Rahul,Reddy,1997-11-24,FOEWJ7691X,rahul.reddy13@gmail.com,9555900086,VERIFIED,BR004,2026-05-16 10:43:23.5174354,2026-05-16 10:43:23.5174354
5097,Neha,Reddy,1969-07-02,CLTSZ0038Y,neha.reddy25@gmail.com,9896944227,VERIFIED,BR004,2026-05-16 10:43:23.5174354,2026-05-16 10:43:23.5174354
5098,Pooja,Jain,1967-09-19,WLGOT1114R,pooja.jain61@gmail.com,9980853527,VERIFIED,BR001,2026-05-16 10:43:23.5174354,2026-05-16 10:43:23.5174354
5099,Neha,Sharma,1977-01-05,CMPJE7490G,neha.sharma6@gmail.com,9718199251,VERIFIED,BR002,2026-05-16 10:43:23.5174354,2026-05-16 10:43:23.5174354
5100,Pooja,Yadav,1993-09-25,AAIEW4659X,pooja.yadav24@gmail.com,9414470038,VERIFIED,BR004,2026-05-16 10:43:23.5174354,2026-05-16 10:43:23.5174354
5101,Ramesh,Reddy,1979-08-08,KYCBM9168D,ramesh.reddy55@gmail.com,9843162450,VERIFIED,BR003,2026-05-16 10:43:23.5174354,2026-05-16 10:43:23.5174354
5102,Neha,Yadav,1993-02-17,CSFJW8531O,neha.yadav99@gmail.com,9259772074,VERIFIED,BR004,2026-05-16 10:43:23.5174354,2026-05-16 10:43:23.5174354
5103,Ramesh,Iyer,1994-12-12,TBJRF5536R,ramesh.iyer66@gmail.com,9110695255,VERIFIED,BR003,2026-05-16 10:43:23.5174354,2026-05-16 10:43:23.5174354
5104,Vikram,Desai,1999-04-29,LROWT1935V,vikram.desai75@gmail.com,9628489421,PENDING,BR001,2026-05-16 10:43:23.5174354,2026-05-16 10:43:23.5174354
5105,Vikram,Iyer,1979-07-18,SNNOM1654F,vikram.iyer95@gmail.com,9908535558,VERIFIED,BR003,2026-05-16 10:43:23.5174354,2026-05-16 10:43:23.5174354
5106,Pooja,Desai,1969-10-18,TGHKQ6504C,pooja.desai84@gmail.com,9556428648,VERIFIED,BR001,2026-05-16 10:43:23.5174354,2026-05-16 10:43:23.5174354
5107,Suresh,Reddy,1988-07-07,BREFN2956O,suresh.reddy23@gmail.com,9151002001,VERIFIED,BR001,2026-05-16 10:43:23.5174354,2026-05-16 10:43:23.5174354
5108,Vikram,Reddy,1979-10-20,HCOFN5594H,vikram.reddy8@gmail.com,9704452722,VERIFIED,BR001,2026-05-16 10:43:23.5174354,2026-05-16 10:43:23.5174354
5109,Rohit,Sharma,1975-04-19,OHPLQ5709C,rohit.sharma3@gmail.com,9686383630,VERIFIED,BR003,2026-05-16 10:43:23.5174354,2026-05-16 10:43:23.5174354
5110,Neha,Yadav,1998-04-16,EQMCV1853A,neha.yadav44@gmail.com,9205061636,VERIFIED,BR003,2026-05-16 10:43:23.5174354,2026-05-16 10:43:23.5174354
5111,Rohit,Gupta,1972-12-21,HEKCY5976V,rohit.gupta71@gmail.com,9462696650,VERIFIED,BR001,2026-05-16 10:43:23.5174354,2026-05-16 10:43:23.5174354
5112,Neha,Patel,1985-11-16,KPXHC1565C,neha.patel22@gmail.com,9436709321,PENDING,BR001,2026-05-16 10:43:23.5174354,2026-05-16 10:43:23.5174354
5113,Amit,Patel,1965-09-02,FAYXN0498Z,amit.patel7@gmail.com,9226684452,PENDING,BR002,2026-05-16 10:43:23.5174354,2026-05-16 10:43:23.5174354
5114,Ramesh,Mehta,1987-06-16,DXIRL8972B,ramesh.mehta79@gmail.com,9775763087,VERIFIED,BR001,2026-05-16 10:43:23.5174354,2026-05-16 10:43:23.5174354
5115,Pooja,Mehta,1999-03-01,VQMHK4155D,pooja.mehta31@gmail.com,9591602260,VERIFIED,BR005,2026-05-16 10:43:23.5174354,2026-05-16 10:43:23.5174354
5116,Kavita,Reddy,1980-09-21,YSPZM3556Z,kavita.reddy45@gmail.com,9164413488,REJECTED,BR002,2026-05-16 10:43:23.5174354,2026-05-16 10:43:23.5174354
5117,Kavita,Singh,1963-10-17,EHVDS9844K,kavita.singh58@gmail.com,9708504513,VERIFIED,BR002,2026-05-16 10:43:23.5174354,2026-05-16 10:43:23.5174354
5118,Anjali,Desai,1972-10-29,DTJUG4069V,anjali.desai38@gmail.com,9420147781,VERIFIED,BR002,2026-05-16 10:43:23.5174354,2026-05-16 10:43:23.5174354
5119,Priya,Kumar,1979-10-19,OYEVT9766R,priya.kumar37@gmail.com,9910068240,REJECTED,BR005,2026-05-16 10:43:23.5174354,2026-05-16 10:43:23.5174354
5120,Sneha,Yadav,1969-05-12,IHCJF9078O,sneha.yadav9@gmail.com,9922749635,REJECTED,BR002,2026-05-16 10:43:23.5174354,2026-05-16 10:43:23.5174354
5121,Suresh,Verma,1966-02-03,LDWNC6288Z,suresh.verma68@gmail.com,9348055049,VERIFIED,BR002,2026-05-16 10:43:23.5174354,2026-05-16 10:43:23.5174354
5122,Pooja,Verma,1975-11-11,MXNNO8722H,pooja.verma14@gmail.com,9631914193,VERIFIED,BR003,2026-05-16 10:43:23.5174354,2026-05-16 10:43:23.5174354
5123,Vikram,Desai,1965-09-27,DSEXK5974Q,vikram.desai37@gmail.com,9877777922,VERIFIED,BR003,2026-05-16 10:43:23.5174354,2026-05-16 10:43:23.5174354
5124,Rahul,Mehta,1969-07-11,VFUXD9998C,rahul.mehta53@gmail.com,9253124793,PENDING,BR001,2026-05-16 10:43:23.5174354,2026-05-16 10:43:23.5174354
5125,Suresh,Sharma,1962-05-09,BFGVF0546U,suresh.sharma76@gmail.com,9599408466,PENDING,BR001,2026-05-16 10:43:23.5174354,2026-05-16 10:43:23.5174354
5126,Suresh,Verma,1982-12-02,GGEVQ4696U,suresh.verma85@gmail.com,9970745908,VERIFIED,BR004,2026-05-16 10:43:23.5174354,2026-05-16 10:43:23.5174354
5127,Rahul,Reddy,1997-11-28,YDEMK4522N,rahul.reddy44@gmail.com,9807268259,VERIFIED,BR005,2026-05-16 10:43:23.5174354,2026-05-16 10:43:23.5174354
5128,Ramesh,Singh,1982-04-13,KCQSN5292R,ramesh.singh88@gmail.com,9553762382,VERIFIED,BR003,2026-05-16 10:43:23.5174354,2026-05-16 10:43:23.5174354
5129,Suresh,Jain,2000-08-25,ESTUG6675O,suresh.jain82@gmail.com,9913005383,VERIFIED,BR001,2026-05-16 10:43:23.5174354,2026-05-16 10:43:23.5174354
5130,Amit,Verma,1997-11-14,GPGVQ4059W,amit.verma6@gmail.com,9349518240,PENDING,BR005,2026-05-16 10:43:23.5174354,2026-05-16 10:43:23.5174354
5131,Suresh,Iyer,1966-04-27,CNTZX1656T,suresh.iyer61@gmail.com,9083293783,VERIFIED,BR002,2026-05-16 10:43:23.5174354,2026-05-16 10:43:23.5174354
5132,Priya,Jain,1990-07-16,DQJBG1887M,priya.jain95@gmail.com,9310573969,VERIFIED,BR005,2026-05-16 10:43:23.5174354,2026-05-16 10:43:23.5174354
5133,Sneha,Jain,1981-07-30,GWYIJ5656Q,sneha.jain9@gmail.com,9691030691,VERIFIED,BR003,2026-05-16 10:43:23.5174354,2026-05-16 10:43:23.5174354
5134,Anjali,Patel,1987-04-27,DBDHD2106I,anjali.patel91@gmail.com,9389264618,VERIFIED,BR004,2026-05-16 10:43:23.5174354,2026-05-16 10:43:23.5174354
5135,Rohit,Singh,1968-03-25,QTPMC2619N,rohit.singh39@gmail.com,9169064796,VERIFIED,BR003,2026-05-16 10:43:23.5174354,2026-05-16 10:43:23.5174354
5136,Kavita,Singh,1991-04-17,USAJR2643J,kavita.singh10@gmail.com,9961407492,VERIFIED,BR001,2026-05-16 10:43:23.5174354,2026-05-16 10:43:23.5174354
5137,Ramesh,Verma,1968-04-25,JSJMC7615L,ramesh.verma48@gmail.com,9955322113,PENDING,BR001,2026-05-16 10:43:23.5174354,2026-05-16 10:43:23.5174354
5138,Pooja,Sharma,1981-02-28,FUTZS4738G,pooja.sharma97@gmail.com,9690173386,VERIFIED,BR005,2026-05-16 10:43:23.5174354,2026-05-16 10:43:23.5174354
5139,Vikram,Sharma,1993-12-13,ZLDPN2057A,vikram.sharma65@gmail.com,9444477571,PENDING,BR003,2026-05-16 10:43:23.5174354,2026-05-16 10:43:23.5174354
5140,Amit,Mehta,2000-06-06,CEABS7044H,amit.mehta7@gmail.com,9887079819,VERIFIED,BR001,2026-05-16 10:43:23.5174354,2026-05-16 10:43:23.5174354
5141,Ramesh,Desai,1991-11-09,YKADI0971X,ramesh.desai92@gmail.com,9175229450,VERIFIED,BR002,2026-05-16 10:43:23.5174354,2026-05-16 10:43:23.5174354
5142,Rohit,Reddy,1984-06-08,NEEJO3707Y,rohit.reddy33@gmail.com,9258027949,VERIFIED,BR002,2026-05-16 10:43:23.5174354,2026-05-16 10:43:23.5174354
5143,Sneha,Kumar,1961-12-01,PNUID6255K,sneha.kumar54@gmail.com,9830981649,PENDING,BR004,2026-05-16 10:43:23.5174354,2026-05-16 10:43:23.5174354
5144,Anjali,Gupta,1992-02-22,ISZZO4677F,anjali.gupta45@gmail.com,9813962314,VERIFIED,BR005,2026-05-16 10:43:23.5174354,2026-05-16 10:43:23.5174354
5145,Rohit,Kumar,1990-11-05,YVJNN9000V,rohit.kumar59@gmail.com,9290733127,VERIFIED,BR001,2026-05-16 10:43:23.5174354,2026-05-16 10:43:23.5174354
5146,Pooja,Patel,1960-11-29,KNJDH7604F,pooja.patel17@gmail.com,9588421516,VERIFIED,BR004,2026-05-16 10:43:23.5174354,2026-05-16 10:43:23.5174354
5147,Rahul,Sharma,1988-01-10,STSFF4754B,rahul.sharma10@gmail.com,9301346367,VERIFIED,BR002,2026-05-16 10:43:23.5174354,2026-05-16 10:43:23.5174354
5148,Vikram,Iyer,1963-10-30,OPWBV3934B,vikram.iyer13@gmail.com,9236389122,REJECTED,BR004,2026-05-16 10:43:23.5174354,2026-05-16 10:43:23.5174354
5149,Rahul,Jain,1967-03-23,CDMAC9947N,rahul.jain71@gmail.com,9952694564,PENDING,BR004,2026-05-16 10:43:23.5174354,2026-05-16 10:43:23.5174354
5150,Neha,Mehta,1965-01-03,GGSIX4018J,neha.mehta58@gmail.com,9617196091,VERIFIED,BR001,2026-05-16 10:43:23.5174354,2026-05-16 10:43:23.5174354
5151,Anjali,Patel,1989-08-28,LTDDR6350P,anjali.patel19@gmail.com,9891606337,VERIFIED,BR001,2026-05-16 10:43:23.5174354,2026-05-16 10:43:23.5174354
5152,Vikram,Kumar,1988-03-13,KRPDM4392M,vikram.kumar65@gmail.com,9847144078,VERIFIED,BR001,2026-05-16 10:43:23.5174354,2026-05-16 10:43:23.5174354
5153,Pooja,Singh,1981-08-23,YCTCU2495Q,pooja.singh91@gmail.com,9120299056,VERIFIED,BR005,2026-05-16 10:43:23.5174354,2026-05-16 10:43:23.5174354
5154,Ramesh,Jain,1993-07-13,VCRNE7617X,ramesh.jain97@gmail.com,9401192584,PENDING,BR004,2026-05-16 10:43:23.5174354,2026-05-16 10:43:23.5174354
5155,Kavita,Desai,1980-09-03,NGHGR8022W,kavita.desai69@gmail.com,9153238382,REJECTED,BR004,2026-05-16 10:43:23.5174354,2026-05-16 10:43:23.5174354
5156,Vikram,Singh,1999-07-19,YYVNG3780R,vikram.singh34@gmail.com,9823870960,VERIFIED,BR005,2026-05-16 10:43:23.5174354,2026-05-16 10:43:23.5174354
5157,Priya,Kumar,1967-10-02,RETEQ7913F,priya.kumar27@gmail.com,9643122009,VERIFIED,BR002,2026-05-16 10:43:23.5174354,2026-05-16 10:43:23.5174354
5158,Ramesh,Verma,1987-12-30,FHUSF0074C,ramesh.verma43@gmail.com,9407979963,VERIFIED,BR003,2026-05-16 10:43:23.5174354,2026-05-16 10:43:23.5174354
5159,Ramesh,Desai,1975-03-10,WBWRG5260S,ramesh.desai80@gmail.com,9833668236,VERIFIED,BR002,2026-05-16 10:43:23.5174354,2026-05-16 10:43:23.5174354
5160,Priya,Iyer,1985-04-15,QXRSS0614Q,priya.iyer60@gmail.com,9203413933,VERIFIED,BR005,2026-05-16 10:43:23.5174354,2026-05-16 10:43:23.5174354
5161,Neha,Mehta,1979-03-05,JLCFW0499H,neha.mehta80@gmail.com,9022944832,VERIFIED,BR004,2026-05-16 10:43:23.5174354,2026-05-16 10:43:23.5174354
5162,Amit,Yadav,1980-03-22,ZDCDA4274H,amit.yadav99@gmail.com,9286134175,VERIFIED,BR004,2026-05-16 10:43:23.5174354,2026-05-16 10:43:23.5174354
5163,Sneha,Singh,1975-04-19,PYZQN9536N,sneha.singh86@gmail.com,9114505696,VERIFIED,BR001,2026-05-16 10:43:23.5174354,2026-05-16 10:43:23.5174354
5164,Anjali,Verma,1986-03-09,HDKAP5281E,anjali.verma7@gmail.com,9783651761,VERIFIED,BR001,2026-05-16 10:43:23.5174354,2026-05-16 10:43:23.5174354
5165,Anjali,Iyer,1961-08-25,GBMWL2599G,anjali.iyer25@gmail.com,9280080198,VERIFIED,BR004,2026-05-16 10:43:23.5174354,2026-05-16 10:43:23.5174354
5166,Neha,Patel,1978-02-11,IUKCQ3639K,neha.patel48@gmail.com,9283399636,PENDING,BR004,2026-05-16 10:43:23.5174354,2026-05-16 10:43:23.5174354
5167,Rahul,Yadav,1974-02-26,OQBJR3086R,rahul.yadav49@gmail.com,9657801249,VERIFIED,BR001,2026-05-16 10:43:23.5174354,2026-05-16 10:43:23.5174354
5168,Rahul,Patel,1998-10-30,SXAJY4572R,rahul.patel45@gmail.com,9554642796,PENDING,BR001,2026-05-16 10:43:23.5174354,2026-05-16 10:43:23.5174354
5169,Pooja,Sharma,1986-10-30,OBWBZ9538W,pooja.sharma15@gmail.com,9380653949,VERIFIED,BR002,2026-05-16 10:43:23.5174354,2026-05-16 10:43:23.5174354
5170,Amit,Yadav,1981-06-30,HXJRB3786A,amit.yadav9@gmail.com,9873136806,PENDING,BR004,2026-05-16 10:43:23.5174354,2026-05-16 10:43:23.5174354
5171,Ramesh,Desai,1964-10-31,EUJYC5816L,ramesh.desai54@gmail.com,9079695427,PENDING,BR004,2026-05-16 10:43:23.5174354,2026-05-16 10:43:23.5174354
5172,Suresh,Sharma,1981-04-23,DHKIX6949M,suresh.sharma77@gmail.com,9697532055,VERIFIED,BR005,2026-05-16 10:43:23.5174354,2026-05-16 10:43:23.5174354
5173,Suresh,Desai,1967-11-15,WXQBG2681Y,suresh.desai78@gmail.com,9395267383,VERIFIED,BR002,2026-05-16 10:43:23.5174354,2026-05-16 10:43:23.5174354
5174,Rahul,Reddy,1985-05-10,HWLSM5276Z,rahul.reddy65@gmail.com,9995262903,PENDING,BR003,2026-05-16 10:43:23.5174354,2026-05-16 10:43:23.5174354
5175,Neha,Verma,1968-12-11,UFKUW2795Y,neha.verma55@gmail.com,9310741363,VERIFIED,BR003,2026-05-16 10:43:23.5174354,2026-05-16 10:43:23.5174354
5176,Amit,Kumar,2000-06-28,VVODN3915S,amit.kumar1@gmail.com,9905981483,PENDING,BR003,2026-05-16 10:43:23.5174354,2026-05-16 10:43:23.5174354
5177,Priya,Patel,1987-12-29,PGRWH4088R,priya.patel64@gmail.com,9619689582,VERIFIED,BR001,2026-05-16 10:43:23.5174354,2026-05-16 10:43:23.5174354
5178,Rohit,Kumar,1971-07-02,EMPUQ1852A,rohit.kumar64@gmail.com,9971573650,VERIFIED,BR003,2026-05-16 10:43:23.5174354,2026-05-16 10:43:23.5174354
5179,Kavita,Yadav,1980-09-06,QXPQL5678G,kavita.yadav83@gmail.com,9127776981,VERIFIED,BR005,2026-05-16 10:43:23.5174354,2026-05-16 10:43:23.5174354
5180,Amit,Singh,1967-08-29,STROW7975Z,amit.singh67@gmail.com,9736762084,VERIFIED,BR001,2026-05-16 10:43:23.5174354,2026-05-16 10:43:23.5174354
5181,Sneha,Singh,1969-02-21,TWEMM0389G,sneha.singh91@gmail.com,9127778893,REJECTED,BR001,2026-05-16 10:43:23.5174354,2026-05-16 10:43:23.5174354
5182,Pooja,Jain,1994-05-24,XCNUQ5184N,pooja.jain39@gmail.com,9530282615,VERIFIED,BR003,2026-05-16 10:43:23.5174354,2026-05-16 10:43:23.5174354
5183,Ramesh,Patel,1997-10-27,RSAWW2549I,ramesh.patel97@gmail.com,9251604626,VERIFIED,BR001,2026-05-16 10:43:23.5174354,2026-05-16 10:43:23.5174354
5184,Sneha,Sharma,1986-12-05,HBCRO2329N,sneha.sharma4@gmail.com,9178628440,VERIFIED,BR002,2026-05-16 10:43:23.5174354,2026-05-16 10:43:23.5174354
5185,Ramesh,Patel,1967-05-06,DEBOH9908U,ramesh.patel30@gmail.com,9625045749,VERIFIED,BR002,2026-05-16 10:43:23.5174354,2026-05-16 10:43:23.5174354
5186,Priya,Reddy,1965-09-20,KEIMK4964F,priya.reddy15@gmail.com,9306309485,VERIFIED,BR003,2026-05-16 10:43:23.5174354,2026-05-16 10:43:23.5174354
5187,Anjali,Jain,1980-01-25,MDVYO3325P,anjali.jain87@gmail.com,9553250270,VERIFIED,BR005,2026-05-16 10:43:23.5174354,2026-05-16 10:43:23.5174354
5188,Vikram,Reddy,1973-11-02,ECDIF6048F,vikram.reddy4@gmail.com,9051546711,VERIFIED,BR001,2026-05-16 10:43:23.5174354,2026-05-16 10:43:23.5174354
5189,Sneha,Kumar,1974-10-11,FOKRZ4523Y,sneha.kumar48@gmail.com,9084346111,VERIFIED,BR004,2026-05-16 10:43:23.5174354,2026-05-16 10:43:23.5174354
5190,Vikram,Yadav,1981-12-19,JMFDH6915E,vikram.yadav92@gmail.com,9762766042,VERIFIED,BR003,2026-05-16 10:43:23.5174354,2026-05-16 10:43:23.5174354
5191,Anjali,Reddy,1961-10-14,IIGJW7177Z,anjali.reddy78@gmail.com,9928997216,VERIFIED,BR001,2026-05-16 10:43:23.5174354,2026-05-16 10:43:23.5174354
5192,Pooja,Verma,1978-08-07,EMXYD9924H,pooja.verma87@gmail.com,9932081885,PENDING,BR003,2026-05-16 10:43:23.5174354,2026-05-16 10:43:23.5174354
5193,Sneha,Sharma,1991-03-18,TODWB9505I,sneha.sharma43@gmail.com,9239751437,PENDING,BR003,2026-05-16 10:43:23.5174354,2026-05-16 10:43:23.5174354
5194,Ramesh,Sharma,1980-05-10,PRQWM6645E,ramesh.sharma95@gmail.com,9614014328,VERIFIED,BR005,2026-05-16 10:43:23.5174354,2026-05-16 10:43:23.5174354
5195,Vikram,Reddy,1965-04-07,GOERP1848H,vikram.reddy32@gmail.com,9098494977,VERIFIED,BR004,2026-05-16 10:43:23.5174354,2026-05-16 10:43:23.5174354
5196,Vikram,Gupta,1966-11-08,FJYUE9213T,vikram.gupta23@gmail.com,9011097692,VERIFIED,BR001,2026-05-16 10:43:23.5174354,2026-05-16 10:43:23.5174354
5197,Kavita,Singh,2000-11-07,TJMKO9107C,kavita.singh47@gmail.com,9550365563,VERIFIED,BR003,2026-05-16 10:43:23.5174354,2026-05-16 10:43:23.5174354
5198,Vikram,Gupta,1980-11-13,PYQDE1324H,vikram.gupta90@gmail.com,9358058948,VERIFIED,BR003,2026-05-16 10:43:23.5174354,2026-05-16 10:43:23.5174354
5199,Ramesh,Yadav,1996-05-12,GOVPE7084J,ramesh.yadav2@gmail.com,9983064704,PENDING,BR001,2026-05-16 10:43:23.5174354,2026-05-16 10:43:23.5174354
5200,Pooja,Yadav,1989-08-13,QPSOO9584Y,pooja.yadav65@gmail.com,9250888101,VERIFIED,BR003,2026-05-16 10:43:23.5174354,2026-05-16 10:43:23.5174354
5201,Rohit,Desai,1971-02-21,HGPNV4810E,rohit.desai87@gmail.com,9584322396,PENDING,BR003,2026-05-16 10:43:23.5174354,2026-05-16 10:43:23.5174354
5202,Rahul,Jain,1998-05-28,CKNEW8005O,rahul.jain47@gmail.com,9018193688,VERIFIED,BR003,2026-05-16 10:43:23.5174354,2026-05-16 10:43:23.5174354
5203,Amit,Yadav,1988-06-19,CDZQA7273P,amit.yadav67@gmail.com,9470816326,VERIFIED,BR002,2026-05-16 10:43:23.5174354,2026-05-16 10:43:23.5174354
5204,Sneha,Desai,1970-04-04,JZTGV7914I,sneha.desai4@gmail.com,9657033305,REJECTED,BR002,2026-05-16 10:43:23.5174354,2026-05-16 10:43:23.5174354
5205,Priya,Sharma,1968-09-07,CKFXQ6733N,priya.sharma34@gmail.com,9990931972,VERIFIED,BR004,2026-05-16 10:43:23.5174354,2026-05-16 10:43:23.5174354
5206,Neha,Verma,1993-12-14,CHKSZ4495S,neha.verma86@gmail.com,9342560491,VERIFIED,BR005,2026-05-16 10:43:23.5174354,2026-05-16 10:43:23.5174354
5207,Suresh,Mehta,1981-06-06,FCAOQ5856T,suresh.mehta18@gmail.com,9312687180,VERIFIED,BR001,2026-05-16 10:43:23.5174354,2026-05-16 10:43:23.5174354
5208,Amit,Singh,1984-08-14,WWEIL7400I,amit.singh49@gmail.com,9659087130,VERIFIED,BR005,2026-05-16 10:43:23.5174354,2026-05-16 10:43:23.5174354
5209,Kavita,Desai,1964-10-09,TAGGH8812O,kavita.desai58@gmail.com,9456361506,VERIFIED,BR005,2026-05-16 10:43:23.5174354,2026-05-16 10:43:23.5174354
5210,Vikram,Jain,1999-09-14,UGASA4926Y,vikram.jain19@gmail.com,9397367582,VERIFIED,BR002,2026-05-16 10:43:23.5174354,2026-05-16 10:43:23.5174354
5211,Pooja,Jain,1998-03-02,UPQYB4533T,pooja.jain56@gmail.com,9720165153,VERIFIED,BR004,2026-05-16 10:43:23.5174354,2026-05-16 10:43:23.5174354
5212,Rohit,Iyer,1979-03-02,ZWSHY0866F,rohit.iyer76@gmail.com,9378150486,VERIFIED,BR005,2026-05-16 10:43:23.5174354,2026-05-16 10:43:23.5174354
5213,Suresh,Kumar,1985-04-27,VXJID4327O,suresh.kumar54@gmail.com,9643953689,PENDING,BR005,2026-05-16 10:43:23.5174354,2026-05-16 10:43:23.5174354
5214,Anjali,Jain,1985-01-03,WERPR5933F,anjali.jain50@gmail.com,9135697940,VERIFIED,BR003,2026-05-16 10:43:23.5174354,2026-05-16 10:43:23.5174354
5215,Rohit,Verma,1996-06-22,NROPR1086B,rohit.verma72@gmail.com,9550661988,VERIFIED,BR001,2026-05-16 10:43:23.5174354,2026-05-16 10:43:23.5174354
5216,Sneha,Patel,1976-10-05,ZSZHL1394K,sneha.patel18@gmail.com,9330181341,VERIFIED,BR004,2026-05-16 10:43:23.5174354,2026-05-16 10:43:23.5174354
5217,Rahul,Kumar,1983-04-11,OFQUL9579R,rahul.kumar95@gmail.com,9666265894,VERIFIED,BR001,2026-05-16 10:43:23.5174354,2026-05-16 10:43:23.5174354
5218,Vikram,Verma,1979-10-30,OQSON5381O,vikram.verma39@gmail.com,9834311191,VERIFIED,BR002,2026-05-16 10:43:23.5174354,2026-05-16 10:43:23.5174354
5219,Neha,Kumar,1968-01-31,CYIAX5049Y,neha.kumar97@gmail.com,9135483862,VERIFIED,BR005,2026-05-16 10:43:23.5174354,2026-05-16 10:43:23.5174354
5220,Priya,Reddy,1964-08-29,TBVJM0269U,priya.reddy76@gmail.com,9008125213,VERIFIED,BR005,2026-05-16 10:43:23.5174354,2026-05-16 10:43:23.5174354
5221,Suresh,Kumar,1966-03-25,QOPCN1756Y,suresh.kumar36@gmail.com,9609546648,VERIFIED,BR001,2026-05-16 10:43:23.5174354,2026-05-16 10:43:23.5174354
5222,Vikram,Desai,1997-04-30,CSBRF5308M,vikram.desai59@gmail.com,9407068497,VERIFIED,BR002,2026-05-16 10:43:23.5174354,2026-05-16 10:43:23.5174354
5223,Priya,Verma,1977-05-30,QXKII4097E,priya.verma35@gmail.com,9227839113,PENDING,BR003,2026-05-16 10:43:23.5174354,2026-05-16 10:43:23.5174354
5224,Priya,Patel,1984-01-17,FTVHA4827E,priya.patel49@gmail.com,9929669340,VERIFIED,BR003,2026-05-16 10:43:23.5174354,2026-05-16 10:43:23.5174354
5225,Suresh,Yadav,1965-01-30,DOWAY9244U,suresh.yadav80@gmail.com,9061906036,VERIFIED,BR005,2026-05-16 10:43:23.5174354,2026-05-16 10:43:23.5174354
5226,Neha,Kumar,1997-05-29,PJBJG6837E,neha.kumar24@gmail.com,9983532410,VERIFIED,BR005,2026-05-16 10:43:23.5174354,2026-05-16 10:43:23.5174354
5227,Rahul,Jain,1988-08-05,GXUOR9961A,rahul.jain42@gmail.com,9859263411,VERIFIED,BR004,2026-05-16 10:43:23.5174354,2026-05-16 10:43:23.5174354
5228,Priya,Patel,1965-05-27,JNZXU4788H,priya.patel79@gmail.com,9311422832,PENDING,BR001,2026-05-16 10:43:23.5174354,2026-05-16 10:43:23.5174354
5229,Anjali,Verma,1967-08-26,APGMF9571Z,anjali.verma57@gmail.com,9790646440,VERIFIED,BR005,2026-05-16 10:43:23.5174354,2026-05-16 10:43:23.5174354
5230,Priya,Patel,1980-03-27,CXBED8018X,priya.patel54@gmail.com,9524900150,PENDING,BR002,2026-05-16 10:43:23.5174354,2026-05-16 10:43:23.5174354
5231,Ramesh,Mehta,1977-12-05,SGYIA3894U,ramesh.mehta73@gmail.com,9461806919,VERIFIED,BR001,2026-05-16 10:43:23.5174354,2026-05-16 10:43:23.5174354
5232,Priya,Mehta,1996-01-07,VIBUP2649K,priya.mehta17@gmail.com,9520986449,VERIFIED,BR004,2026-05-16 10:43:23.5174354,2026-05-16 10:43:23.5174354
5233,Priya,Kumar,1971-05-25,MCUYV8668K,priya.kumar33@gmail.com,9875372456,REJECTED,BR003,2026-05-16 10:43:23.5174354,2026-05-16 10:43:23.5174354
5234,Pooja,Kumar,1997-11-27,XXEIO1093J,pooja.kumar53@gmail.com,9482047940,VERIFIED,BR004,2026-05-16 10:43:23.5174354,2026-05-16 10:43:23.5174354
5235,Rohit,Kumar,1996-10-05,HUKIB0104Z,rohit.kumar84@gmail.com,9525676632,PENDING,BR001,2026-05-16 10:43:23.5174354,2026-05-16 10:43:23.5174354
5236,Amit,Singh,1996-07-25,TZCSO2104F,amit.singh42@gmail.com,9621051354,VERIFIED,BR003,2026-05-16 10:43:23.5174354,2026-05-16 10:43:23.5174354
5237,Anjali,Jain,1990-10-18,MWMCC0235X,anjali.jain68@gmail.com,9868673488,VERIFIED,BR002,2026-05-16 10:43:23.5174354,2026-05-16 10:43:23.5174354
5238,Anjali,Reddy,1976-07-01,RDVRP4938K,anjali.reddy36@gmail.com,9613040725,VERIFIED,BR003,2026-05-16 10:43:23.5174354,2026-05-16 10:43:23.5174354
5239,Kavita,Patel,1968-01-03,UVEGT1429B,kavita.patel8@gmail.com,9227522671,VERIFIED,BR003,2026-05-16 10:43:23.5174354,2026-05-16 10:43:23.5174354
5240,Suresh,Gupta,1984-01-08,EEEAH5309C,suresh.gupta27@gmail.com,9981249433,VERIFIED,BR002,2026-05-16 10:43:23.5174354,2026-05-16 10:43:23.5174354
5241,Suresh,Sharma,1970-04-15,KZTJW7122F,suresh.sharma97@gmail.com,9223010833,VERIFIED,BR005,2026-05-16 10:43:23.5174354,2026-05-16 10:43:23.5174354
5242,Kavita,Kumar,1975-01-08,AWLNN2335Z,kavita.kumar43@gmail.com,9013193663,VERIFIED,BR005,2026-05-16 10:43:23.5174354,2026-05-16 10:43:23.5174354
5243,Rohit,Desai,1995-11-12,JFCWL1806W,rohit.desai19@gmail.com,9060868024,VERIFIED,BR003,2026-05-16 10:43:23.5174354,2026-05-16 10:43:23.5174354
5244,Suresh,Mehta,1999-05-24,IMRPD0153J,suresh.mehta53@gmail.com,9512641061,VERIFIED,BR003,2026-05-16 10:43:23.5174354,2026-05-16 10:43:23.5174354
5245,Ramesh,Mehta,1991-06-08,CBQHX7150S,ramesh.mehta18@gmail.com,9347876309,PENDING,BR004,2026-05-16 10:43:23.5174354,2026-05-16 10:43:23.5174354
5246,Pooja,Yadav,1985-10-05,ASEIG5876U,pooja.yadav10@gmail.com,9057385029,VERIFIED,BR005,2026-05-16 10:43:23.5174354,2026-05-16 10:43:23.5174354
5247,Amit,Sharma,1972-09-06,UMDPJ9581G,amit.sharma22@gmail.com,9499637788,VERIFIED,BR002,2026-05-16 10:43:23.5174354,2026-05-16 10:43:23.5174354
5248,Amit,Patel,1966-03-02,EYIIT4783B,amit.patel8@gmail.com,9843791630,VERIFIED,BR003,2026-05-16 10:43:23.5174354,2026-05-16 10:43:23.5174354
5249,Neha,Verma,1973-10-24,GEQKH9642A,neha.verma37@gmail.com,9491041915,PENDING,BR003,2026-05-16 10:43:23.5174354,2026-05-16 10:43:23.5174354
5250,Neha,Jain,1993-04-22,VCSEA8614P,neha.jain2@gmail.com,9369004857,VERIFIED,BR004,2026-05-16 10:43:23.5174354,2026-05-16 10:43:23.5174354
5251,Pooja,Sharma,1974-12-15,QEBKS7299B,pooja.sharma61@gmail.com,9017227389,VERIFIED,BR004,2026-05-16 10:43:23.5174354,2026-05-16 10:43:23.5174354
5252,Vikram,Reddy,1965-05-15,KIJTA7321H,vikram.reddy71@gmail.com,9146221208,VERIFIED,BR004,2026-05-16 10:43:23.5174354,2026-05-16 10:43:23.5174354
5253,Vikram,Iyer,1979-10-22,JIDLC2234X,vikram.iyer40@gmail.com,9451700701,VERIFIED,BR001,2026-05-16 10:43:23.5174354,2026-05-16 10:43:23.5174354
5254,Anjali,Kumar,1973-12-23,HHGQM0674B,anjali.kumar35@gmail.com,9989241790,VERIFIED,BR002,2026-05-16 10:43:23.5174354,2026-05-16 10:43:23.5174354
5255,Anjali,Desai,1977-11-01,NZRXO2074N,anjali.desai31@gmail.com,9952316275,REJECTED,BR001,2026-05-16 10:43:23.5174354,2026-05-16 10:43:23.5174354
5256,Sneha,Patel,1976-10-17,LOJLT9957D,sneha.patel61@gmail.com,9302203941,VERIFIED,BR003,2026-05-16 10:43:23.5174354,2026-05-16 10:43:23.5174354
5257,Kavita,Patel,1989-06-27,RIGXA8289L,kavita.patel15@gmail.com,9001684715,VERIFIED,BR004,2026-05-16 10:43:23.5174354,2026-05-16 10:43:23.5174354
5258,Rahul,Kumar,1960-08-31,SPJVA2612L,rahul.kumar7@gmail.com,9733681428,REJECTED,BR004,2026-05-16 10:43:23.5174354,2026-05-16 10:43:23.5174354
5259,Sneha,Reddy,1987-01-10,SCVXP2281H,sneha.reddy4@gmail.com,9939174044,VERIFIED,BR004,2026-05-16 10:43:23.5174354,2026-05-16 10:43:23.5174354
5260,Neha,Kumar,1975-12-26,TCFGP0901E,neha.kumar30@gmail.com,9819826424,PENDING,BR005,2026-05-16 10:43:23.5174354,2026-05-16 10:43:23.5174354
5261,Rahul,Kumar,1970-03-07,ERFUR3544J,rahul.kumar12@gmail.com,9314934537,PENDING,BR002,2026-05-16 10:43:23.5174354,2026-05-16 10:43:23.5174354
5262,Suresh,Jain,1984-06-07,SWIFZ1987H,suresh.jain41@gmail.com,9280401458,VERIFIED,BR001,2026-05-16 10:43:23.5174354,2026-05-16 10:43:23.5174354
5263,Amit,Iyer,1962-04-27,DWYLN7467W,amit.iyer30@gmail.com,9747889535,VERIFIED,BR002,2026-05-16 10:43:23.5174354,2026-05-16 10:43:23.5174354
5264,Anjali,Sharma,1966-03-23,DVJCC0487W,anjali.sharma79@gmail.com,9256461163,VERIFIED,BR004,2026-05-16 10:43:23.5174354,2026-05-16 10:43:23.5174354
5265,Vikram,Desai,1979-07-27,MLNDI4572Y,vikram.desai12@gmail.com,9505625526,VERIFIED,BR003,2026-05-16 10:43:23.5174354,2026-05-16 10:43:23.5174354
5266,Pooja,Jain,1992-12-23,EBXCX0227R,pooja.jain20@gmail.com,9633455312,PENDING,BR005,2026-05-16 10:43:23.5174354,2026-05-16 10:43:23.5174354
5267,Neha,Patel,1971-05-17,BFTQD8737H,neha.patel8@gmail.com,9107447163,PENDING,BR002,2026-05-16 10:43:23.5174354,2026-05-16 10:43:23.5174354
5268,Amit,Yadav,1999-05-11,SKFUW1502P,amit.yadav34@gmail.com,9238954501,VERIFIED,BR003,2026-05-16 10:43:23.5174354,2026-05-16 10:43:23.5174354
5269,Rohit,Kumar,1980-09-06,GPXUL5675X,rohit.kumar5@gmail.com,9503573257,VERIFIED,BR004,2026-05-16 10:43:23.5174354,2026-05-16 10:43:23.5174354
5270,Pooja,Singh,1965-03-10,ACLGF7210P,pooja.singh94@gmail.com,9271242571,VERIFIED,BR004,2026-05-16 10:43:23.5174354,2026-05-16 10:43:23.5174354
5271,Rahul,Verma,1974-09-29,WANDB9229S,rahul.verma71@gmail.com,9807688906,VERIFIED,BR004,2026-05-16 10:43:23.5174354,2026-05-16 10:43:23.5174354
5272,Sneha,Iyer,1989-11-14,BONZE1001H,sneha.iyer6@gmail.com,9916946306,VERIFIED,BR004,2026-05-16 10:43:23.5174354,2026-05-16 10:43:23.5174354
5273,Sneha,Kumar,1998-02-22,OESVH6493U,sneha.kumar52@gmail.com,9160710611,PENDING,BR005,2026-05-16 10:43:23.5174354,2026-05-16 10:43:23.5174354
5274,Sneha,Kumar,1989-03-11,IGKRI8377Q,sneha.kumar26@gmail.com,9999031257,VERIFIED,BR005,2026-05-16 10:43:23.5174354,2026-05-16 10:43:23.5174354
5275,Ramesh,Jain,1999-09-01,RVOWX3852R,ramesh.jain58@gmail.com,9596200539,PENDING,BR002,2026-05-16 10:43:23.5174354,2026-05-16 10:43:23.5174354
5276,Rahul,Patel,1967-07-01,MNEIU3051B,rahul.patel51@gmail.com,9284857050,VERIFIED,BR004,2026-05-16 10:43:23.5174354,2026-05-16 10:43:23.5174354
5277,Neha,Mehta,1982-06-04,ZPIXI8840X,neha.mehta29@gmail.com,9909806435,VERIFIED,BR005,2026-05-16 10:43:23.5174354,2026-05-16 10:43:23.5174354
5278,Pooja,Gupta,1974-10-22,SOVAG8922X,pooja.gupta10@gmail.com,9170140076,VERIFIED,BR003,2026-05-16 10:43:23.5174354,2026-05-16 10:43:23.5174354
5279,Ramesh,Verma,1988-01-28,NGXFI0218Z,ramesh.verma44@gmail.com,9545185384,PENDING,BR005,2026-05-16 10:43:23.5174354,2026-05-16 10:43:23.5174354
5280,Suresh,Mehta,1978-11-29,UHJPK5031I,suresh.mehta65@gmail.com,9629480631,VERIFIED,BR005,2026-05-16 10:43:23.5174354,2026-05-16 10:43:23.5174354
5281,Rohit,Sharma,1991-11-28,QGMXM3940H,rohit.sharma54@gmail.com,9202212442,VERIFIED,BR002,2026-05-16 10:43:23.5174354,2026-05-16 10:43:23.5174354
5282,Rahul,Singh,1960-02-20,OJSBP0023W,rahul.singh77@gmail.com,9181197977,VERIFIED,BR005,2026-05-16 10:43:23.5174354,2026-05-16 10:43:23.5174354
5283,Rohit,Gupta,1974-03-15,IMPLJ3741P,rohit.gupta3@gmail.com,9107749467,VERIFIED,BR003,2026-05-16 10:43:23.5174354,2026-05-16 10:43:23.5174354
5284,Pooja,Jain,1968-03-02,NYNVO8393W,pooja.jain40@gmail.com,9175871215,VERIFIED,BR004,2026-05-16 10:43:23.5174354,2026-05-16 10:43:23.5174354
5285,Amit,Verma,1982-05-23,VTEUB0165N,amit.verma47@gmail.com,9237097799,VERIFIED,BR001,2026-05-16 10:43:23.5174354,2026-05-16 10:43:23.5174354
5286,Pooja,Mehta,1987-04-08,QRINM0780Q,pooja.mehta11@gmail.com,9720618461,VERIFIED,BR002,2026-05-16 10:43:23.5174354,2026-05-16 10:43:23.5174354
5287,Vikram,Jain,1998-10-02,CNORE9523K,vikram.jain31@gmail.com,9483349227,VERIFIED,BR003,2026-05-16 10:43:23.5174354,2026-05-16 10:43:23.5174354
5288,Ramesh,Desai,1965-10-17,JCIIG7496V,ramesh.desai21@gmail.com,9431595977,VERIFIED,BR002,2026-05-16 10:43:23.5174354,2026-05-16 10:43:23.5174354
5289,Priya,Desai,1983-02-13,MNFOR7815D,priya.desai80@gmail.com,9487536174,PENDING,BR004,2026-05-16 10:43:23.5174354,2026-05-16 10:43:23.5174354
5290,Amit,Reddy,1983-06-27,AOACW6606A,amit.reddy28@gmail.com,9409276796,VERIFIED,BR005,2026-05-16 10:43:23.5174354,2026-05-16 10:43:23.5174354
5291,Rahul,Jain,1985-12-05,KIDXG2275A,rahul.jain16@gmail.com,9858009336,VERIFIED,BR005,2026-05-16 10:43:23.5174354,2026-05-16 10:43:23.5174354
5292,Suresh,Kumar,1966-04-01,ECVLB2216E,suresh.kumar12@gmail.com,9095938552,VERIFIED,BR003,2026-05-16 10:43:23.5174354,2026-05-16 10:43:23.5174354
5293,Rohit,Singh,1973-05-13,MRGBM1274D,rohit.singh32@gmail.com,9359627035,VERIFIED,BR004,2026-05-16 10:43:23.5174354,2026-05-16 10:43:23.5174354
5294,Pooja,Gupta,1973-03-09,PNSDQ9995O,pooja.gupta59@gmail.com,9772122161,VERIFIED,BR001,2026-05-16 10:43:23.5174354,2026-05-16 10:43:23.5174354
5295,Kavita,Iyer,1991-08-21,AXNPP5491Z,kavita.iyer14@gmail.com,9688192572,PENDING,BR001,2026-05-16 10:43:23.5174354,2026-05-16 10:43:23.5174354
5296,Neha,Verma,1992-02-08,UCWLP4975O,neha.verma72@gmail.com,9715626160,VERIFIED,BR005,2026-05-16 10:43:23.5174354,2026-05-16 10:43:23.5174354
5297,Rahul,Desai,1967-01-11,SWGUY1574F,rahul.desai88@gmail.com,9345326265,VERIFIED,BR004,2026-05-16 10:43:23.5174354,2026-05-16 10:43:23.5174354
5298,Priya,Singh,1986-04-11,PROGL6417Y,priya.singh32@gmail.com,9391696078,VERIFIED,BR004,2026-05-16 10:43:23.5174354,2026-05-16 10:43:23.5174354
5299,Neha,Gupta,1961-12-13,UEYLV6908D,neha.gupta37@gmail.com,9714555853,VERIFIED,BR003,2026-05-16 10:43:23.5174354,2026-05-16 10:43:23.5174354
5300,Amit,Reddy,1992-03-12,TWUMS2195G,amit.reddy71@gmail.com,9397116381,REJECTED,BR001,2026-05-16 10:43:23.5174354,2026-05-16 10:43:23.5174354
5301,Vikram,Desai,1971-11-26,GFMVW2883Z,vikram.desai85@gmail.com,9744640296,REJECTED,BR003,2026-05-16 10:43:23.5174354,2026-05-16 10:43:23.5174354
5302,Rahul,Patel,1962-10-03,HBPKK2900G,rahul.patel31@gmail.com,9211064858,VERIFIED,BR002,2026-05-16 10:43:23.5174354,2026-05-16 10:43:23.5174354
5303,Vikram,Desai,1993-11-12,CNBGY0107U,vikram.desai5@gmail.com,9825303746,VERIFIED,BR004,2026-05-16 10:43:23.5174354,2026-05-16 10:43:23.5174354
5304,Priya,Yadav,1989-11-04,CMVHJ0213Y,priya.yadav66@gmail.com,9852761745,PENDING,BR001,2026-05-16 10:43:23.5174354,2026-05-16 10:43:23.5174354
5305,Vikram,Patel,1978-02-22,DANOO6697V,vikram.patel49@gmail.com,9209763061,VERIFIED,BR003,2026-05-16 10:43:23.5174354,2026-05-16 10:43:23.5174354
5306,Suresh,Singh,1999-01-12,FXDTK6481V,suresh.singh96@gmail.com,9112965734,VERIFIED,BR005,2026-05-16 10:43:23.5174354,2026-05-16 10:43:23.5174354
5307,Amit,Jain,1985-08-28,MUBIW5724X,amit.jain31@gmail.com,9843915402,REJECTED,BR002,2026-05-16 10:43:23.5174354,2026-05-16 10:43:23.5174354
5308,Pooja,Reddy,1981-07-24,YPUPW0619E,pooja.reddy62@gmail.com,9781389474,VERIFIED,BR003,2026-05-16 10:43:23.5174354,2026-05-16 10:43:23.5174354
5309,Kavita,Mehta,1973-07-07,WAPON7834J,kavita.mehta8@gmail.com,9038409418,VERIFIED,BR005,2026-05-16 10:43:23.5174354,2026-05-16 10:43:23.5174354
5310,Ramesh,Sharma,1974-01-21,QGJOY3743X,ramesh.sharma14@gmail.com,9467820750,PENDING,BR001,2026-05-16 10:43:23.5174354,2026-05-16 10:43:23.5174354
5311,Priya,Kumar,1985-06-19,YRCPD7144H,priya.kumar20@gmail.com,9840960577,VERIFIED,BR001,2026-05-16 10:43:23.5174354,2026-05-16 10:43:23.5174354
5312,Sneha,Kumar,1998-05-28,HGVTD3975R,sneha.kumar56@gmail.com,9816637309,VERIFIED,BR002,2026-05-16 10:43:23.5174354,2026-05-16 10:43:23.5174354
5313,Vikram,Desai,1968-10-15,ZLGZF1876G,vikram.desai64@gmail.com,9965576410,VERIFIED,BR005,2026-05-16 10:43:23.5174354,2026-05-16 10:43:23.5174354
5314,Amit,Verma,1970-12-02,ODRTQ4076U,amit.verma94@gmail.com,9332246421,VERIFIED,BR004,2026-05-16 10:43:23.5174354,2026-05-16 10:43:23.5174354
5315,Suresh,Patel,1968-09-01,HLIJQ9762L,suresh.patel81@gmail.com,9320355118,VERIFIED,BR001,2026-05-16 10:43:23.5174354,2026-05-16 10:43:23.5174354
5316,Rahul,Yadav,1984-10-08,RYETO0470R,rahul.yadav63@gmail.com,9785990218,VERIFIED,BR004,2026-05-16 10:43:23.5174354,2026-05-16 10:43:23.5174354
5317,Anjali,Desai,1991-12-08,DBZHM4290S,anjali.desai3@gmail.com,9802885760,VERIFIED,BR004,2026-05-16 10:43:23.5174354,2026-05-16 10:43:23.5174354
5318,Anjali,Reddy,1969-02-03,XLXEF4890N,anjali.reddy57@gmail.com,9588983471,REJECTED,BR003,2026-05-16 10:43:23.5174354,2026-05-16 10:43:23.5174354
5319,Kavita,Sharma,1977-07-22,WXBYJ8987M,kavita.sharma78@gmail.com,9263527474,VERIFIED,BR003,2026-05-16 10:43:23.5174354,2026-05-16 10:43:23.5174354
5320,Priya,Mehta,1996-12-20,UYDHK7252J,priya.mehta35@gmail.com,9727425310,VERIFIED,BR001,2026-05-16 10:43:23.5174354,2026-05-16 10:43:23.5174354
5321,Suresh,Sharma,1999-06-13,SZBMY8294S,suresh.sharma9@gmail.com,9835391617,VERIFIED,BR004,2026-05-16 10:43:23.5174354,2026-05-16 10:43:23.5174354
5322,Amit,Yadav,1992-12-30,NZPQH2012V,amit.yadav36@gmail.com,9341403011,PENDING,BR003,2026-05-16 10:43:23.5174354,2026-05-16 10:43:23.5174354
5323,Suresh,Sharma,1983-05-12,JAALF4123U,suresh.sharma99@gmail.com,9702351385,VERIFIED,BR005,2026-05-16 10:43:23.5174354,2026-05-16 10:43:23.5174354
5324,Ramesh,Jain,1971-04-05,BOCBX3453O,ramesh.jain17@gmail.com,9488125338,VERIFIED,BR005,2026-05-16 10:43:23.5174354,2026-05-16 10:43:23.5174354
5325,Ramesh,Jain,1988-11-05,FZQIY8747V,ramesh.jain67@gmail.com,9610818312,VERIFIED,BR005,2026-05-16 10:43:23.5174354,2026-05-16 10:43:23.5174354
5326,Pooja,Iyer,1963-03-07,DFODL1434P,pooja.iyer23@gmail.com,9404800168,VERIFIED,BR005,2026-05-16 10:43:23.5174354,2026-05-16 10:43:23.5174354
5327,Anjali,Sharma,1964-05-11,COGKZ5758Q,anjali.sharma34@gmail.com,9470377805,VERIFIED,BR004,2026-05-16 10:43:23.5174354,2026-05-16 10:43:23.5174354
5328,Anjali,Singh,1984-01-11,RMTZN8539P,anjali.singh69@gmail.com,9907248787,VERIFIED,BR005,2026-05-16 10:43:23.5174354,2026-05-16 10:43:23.5174354
5329,Ramesh,Reddy,1967-01-14,WYAVH0135A,ramesh.reddy69@gmail.com,9990325157,PENDING,BR004,2026-05-16 10:43:23.5174354,2026-05-16 10:43:23.5174354
5330,Suresh,Reddy,1978-05-16,EPJNL3045B,suresh.reddy31@gmail.com,9881129570,PENDING,BR001,2026-05-16 10:43:23.5174354,2026-05-16 10:43:23.5174354
5331,Kavita,Jain,1975-10-27,XSCFR9489G,kavita.jain12@gmail.com,9322156701,REJECTED,BR001,2026-05-16 10:43:23.5174354,2026-05-16 10:43:23.5174354
5332,Kavita,Gupta,1999-09-11,EBLVZ4938W,kavita.gupta40@gmail.com,9147536237,VERIFIED,BR005,2026-05-16 10:43:23.5174354,2026-05-16 10:43:23.5174354
5333,Priya,Jain,1999-09-05,MWYTD4502E,priya.jain36@gmail.com,9647517284,REJECTED,BR005,2026-05-16 10:43:23.5174354,2026-05-16 10:43:23.5174354
5334,Vikram,Desai,1989-04-23,DYTWZ1587N,vikram.desai88@gmail.com,9280093927,PENDING,BR005,2026-05-16 10:43:23.5174354,2026-05-16 10:43:23.5174354
5335,Priya,Verma,1986-08-28,FVWDE0403B,priya.verma55@gmail.com,9652445401,VERIFIED,BR001,2026-05-16 10:43:23.5174354,2026-05-16 10:43:23.5174354
5336,Rahul,Gupta,1971-10-04,LISAM5821M,rahul.gupta69@gmail.com,9755431453,VERIFIED,BR003,2026-05-16 10:43:23.5174354,2026-05-16 10:43:23.5174354
5337,Anjali,Reddy,1984-08-10,GONOB7245M,anjali.reddy24@gmail.com,9081088020,VERIFIED,BR001,2026-05-16 10:43:23.5174354,2026-05-16 10:43:23.5174354
5338,Ramesh,Kumar,1978-02-05,KPCNS6574M,ramesh.kumar88@gmail.com,9968790474,VERIFIED,BR005,2026-05-16 10:43:23.5174354,2026-05-16 10:43:23.5174354
5339,Suresh,Desai,1979-12-23,VDCTX6183N,suresh.desai88@gmail.com,9940461119,VERIFIED,BR003,2026-05-16 10:43:23.5174354,2026-05-16 10:43:23.5174354
5340,Priya,Jain,1976-09-07,UJFKL4283J,priya.jain93@gmail.com,9916094667,VERIFIED,BR003,2026-05-16 10:43:23.5174354,2026-05-16 10:43:23.5174354
5341,Priya,Yadav,2000-03-11,GTJLR8824P,priya.yadav8@gmail.com,9371121127,VERIFIED,BR002,2026-05-16 10:43:23.5174354,2026-05-16 10:43:23.5174354
5342,Amit,Singh,1964-11-13,WDZTQ0544A,amit.singh35@gmail.com,9748819510,VERIFIED,BR004,2026-05-16 10:43:23.5174354,2026-05-16 10:43:23.5174354
5343,Rahul,Mehta,1988-03-30,BOOJH6503O,rahul.mehta3@gmail.com,9312741215,VERIFIED,BR005,2026-05-16 10:43:23.5174354,2026-05-16 10:43:23.5174354
5344,Priya,Kumar,1962-05-09,TDIHB5216L,priya.kumar11@gmail.com,9971648143,VERIFIED,BR004,2026-05-16 10:43:23.5174354,2026-05-16 10:43:23.5174354
5345,Kavita,Reddy,1978-06-12,YZKXZ5971H,kavita.reddy70@gmail.com,9584263614,PENDING,BR002,2026-05-16 10:43:23.5174354,2026-05-16 10:43:23.5174354
5346,Neha,Iyer,1986-08-24,BVZSB4026E,neha.iyer2@gmail.com,9425207433,REJECTED,BR004,2026-05-16 10:43:23.5174354,2026-05-16 10:43:23.5174354
5347,Neha,Desai,1992-02-13,GQLCG4576I,neha.desai85@gmail.com,9652874185,VERIFIED,BR005,2026-05-16 10:43:23.5174354,2026-05-16 10:43:23.5174354
5348,Suresh,Reddy,1996-10-21,QTUUH2280Y,suresh.reddy63@gmail.com,9794679438,VERIFIED,BR002,2026-05-16 10:43:23.5174354,2026-05-16 10:43:23.5174354
5349,Rohit,Patel,1991-06-14,GCGNT5052P,rohit.patel79@gmail.com,9051410672,VERIFIED,BR004,2026-05-16 10:43:23.5174354,2026-05-16 10:43:23.5174354
5350,Priya,Gupta,1995-03-14,YZRQD2870O,priya.gupta36@gmail.com,9309646174,VERIFIED,BR001,2026-05-16 10:43:23.5174354,2026-05-16 10:43:23.5174354
5351,Priya,Mehta,1973-03-28,GYRKW3538D,priya.mehta77@gmail.com,9109287955,VERIFIED,BR003,2026-05-16 10:43:23.5174354,2026-05-16 10:43:23.5174354
5352,Priya,Mehta,1992-02-25,ADTTU6205I,priya.mehta66@gmail.com,9907638023,VERIFIED,BR002,2026-05-16 10:43:23.5174354,2026-05-16 10:43:23.5174354
5353,Rohit,Verma,1994-07-08,YLTKE4582P,rohit.verma2@gmail.com,9947552128,REJECTED,BR001,2026-05-16 10:43:23.5174354,2026-05-16 10:43:23.5174354
5354,Anjali,Patel,1982-03-09,IRYRX8546S,anjali.patel87@gmail.com,9485143622,VERIFIED,BR005,2026-05-16 10:43:23.5174354,2026-05-16 10:43:23.5174354
5355,Amit,Sharma,1960-05-11,PGXNL8196I,amit.sharma2@gmail.com,9247965778,VERIFIED,BR003,2026-05-16 10:43:23.5174354,2026-05-16 10:43:23.5174354
5356,Sneha,Jain,1983-08-23,QYHCW4397X,sneha.jain82@gmail.com,9325141200,VERIFIED,BR002,2026-05-16 10:43:23.5174354,2026-05-16 10:43:23.5174354
5357,Vikram,Patel,1981-04-01,PULMJ4987E,vikram.patel53@gmail.com,9324972817,VERIFIED,BR003,2026-05-16 10:43:23.5174354,2026-05-16 10:43:23.5174354
5358,Suresh,Mehta,1987-06-05,ZMTOB4602L,suresh.mehta45@gmail.com,9154333038,VERIFIED,BR002,2026-05-16 10:43:23.5174354,2026-05-16 10:43:23.5174354
5359,Neha,Kumar,1977-10-30,KVQAS8410P,neha.kumar80@gmail.com,9137670289,VERIFIED,BR002,2026-05-16 10:43:23.5174354,2026-05-16 10:43:23.5174354
5360,Neha,Jain,1960-01-09,XGJIA0257G,neha.jain48@gmail.com,9048991229,VERIFIED,BR004,2026-05-16 10:43:23.5174354,2026-05-16 10:43:23.5174354
5361,Amit,Jain,1982-02-17,URTOD2363G,amit.jain29@gmail.com,9261508623,VERIFIED,BR003,2026-05-16 10:43:23.5174354,2026-05-16 10:43:23.5174354
5362,Anjali,Iyer,1978-04-21,CBLUF3840M,anjali.iyer33@gmail.com,9820999202,VERIFIED,BR003,2026-05-16 10:43:23.5174354,2026-05-16 10:43:23.5174354
5363,Rohit,Verma,1972-05-23,ONZTO7773W,rohit.verma99@gmail.com,9992898474,VERIFIED,BR001,2026-05-16 10:43:23.5174354,2026-05-16 10:43:23.5174354
5364,Pooja,Yadav,1990-04-23,BEUXF6802C,pooja.yadav61@gmail.com,9415429502,VERIFIED,BR005,2026-05-16 10:43:23.5174354,2026-05-16 10:43:23.5174354
5365,Anjali,Kumar,1999-12-13,JVLXH2511B,anjali.kumar73@gmail.com,9564210291,VERIFIED,BR001,2026-05-16 10:43:23.5174354,2026-05-16 10:43:23.5174354
5366,Anjali,Desai,1975-05-14,WRWLY7089M,anjali.desai45@gmail.com,9395593216,VERIFIED,BR004,2026-05-16 10:43:23.5174354,2026-05-16 10:43:23.5174354
5367,Kavita,Sharma,1980-04-29,GYGEN8745A,kavita.sharma89@gmail.com,9434786671,VERIFIED,BR002,2026-05-16 10:43:23.5174354,2026-05-16 10:43:23.5174354
5368,Vikram,Gupta,1984-10-18,FCWTJ6543O,vikram.gupta62@gmail.com,9932921853,VERIFIED,BR004,2026-05-16 10:43:23.5174354,2026-05-16 10:43:23.5174354
5369,Vikram,Yadav,2000-05-13,ROZFR0559E,vikram.yadav50@gmail.com,9771513426,VERIFIED,BR004,2026-05-16 10:43:23.5174354,2026-05-16 10:43:23.5174354
5370,Neha,Kumar,1977-07-06,PZNQF5768D,neha.kumar42@gmail.com,9686344092,VERIFIED,BR001,2026-05-16 10:43:23.5174354,2026-05-16 10:43:23.5174354
5371,Vikram,Desai,1964-12-03,WCFJH2386M,vikram.desai10@gmail.com,9184369602,VERIFIED,BR002,2026-05-16 10:43:23.5174354,2026-05-16 10:43:23.5174354
5372,Neha,Reddy,1993-02-28,VRIZJ5759Y,neha.reddy28@gmail.com,9277582520,VERIFIED,BR005,2026-05-16 10:43:23.5174354,2026-05-16 10:43:23.5174354
5373,Anjali,Singh,1960-10-02,MSKMX1594H,anjali.singh78@gmail.com,9314644380,VERIFIED,BR004,2026-05-16 10:43:23.5174354,2026-05-16 10:43:23.5174354
5374,Amit,Sharma,1986-05-13,LJUAF9399T,amit.sharma56@gmail.com,9362601154,VERIFIED,BR005,2026-05-16 10:43:23.5174354,2026-05-16 10:43:23.5174354
5375,Pooja,Gupta,1980-06-07,ZIIBA8515Y,pooja.gupta7@gmail.com,9352073426,PENDING,BR002,2026-05-16 10:43:23.5174354,2026-05-16 10:43:23.5174354
5376,Amit,Verma,1960-04-24,TOSKF0473H,amit.verma13@gmail.com,9066486842,VERIFIED,BR002,2026-05-16 10:43:23.5174354,2026-05-16 10:43:23.5174354
5377,Anjali,Patel,1965-08-05,ZFXBA2036K,anjali.patel28@gmail.com,9884302758,VERIFIED,BR001,2026-05-16 10:43:23.5174354,2026-05-16 10:43:23.5174354
5378,Ramesh,Singh,1991-03-04,NRFDE2218T,ramesh.singh13@gmail.com,9412011567,VERIFIED,BR003,2026-05-16 10:43:23.5174354,2026-05-16 10:43:23.5174354
5379,Priya,Sharma,1992-12-28,EHEEH0631C,priya.sharma29@gmail.com,9557246446,VERIFIED,BR001,2026-05-16 10:43:23.5174354,2026-05-16 10:43:23.5174354
5380,Suresh,Yadav,1961-09-29,IQZWH7964C,suresh.yadav17@gmail.com,9041373228,VERIFIED,BR005,2026-05-16 10:43:23.5174354,2026-05-16 10:43:23.5174354
5381,Rohit,Reddy,1972-11-10,CZXQP8195R,rohit.reddy12@gmail.com,9423489898,VERIFIED,BR001,2026-05-16 10:43:23.5174354,2026-05-16 10:43:23.5174354
5382,Suresh,Jain,2000-05-18,KXQQZ7623T,suresh.jain4@gmail.com,9661992398,VERIFIED,BR002,2026-05-16 10:43:23.5174354,2026-05-16 10:43:23.5174354
5383,Pooja,Iyer,1986-02-17,MITZC5982J,pooja.iyer63@gmail.com,9715345261,PENDING,BR004,2026-05-16 10:43:23.5174354,2026-05-16 10:43:23.5174354
5384,Vikram,Verma,1999-02-20,AVMJP1822P,vikram.verma81@gmail.com,9756169071,VERIFIED,BR003,2026-05-16 10:43:23.5174354,2026-05-16 10:43:23.5174354
5385,Suresh,Mehta,1997-03-10,FPAAE5707T,suresh.mehta2@gmail.com,9377946269,VERIFIED,BR002,2026-05-16 10:43:23.5174354,2026-05-16 10:43:23.5174354
5386,Vikram,Kumar,1991-12-02,BCQHW0214M,vikram.kumar95@gmail.com,9651516188,VERIFIED,BR004,2026-05-16 10:43:23.5174354,2026-05-16 10:43:23.5174354
5387,Anjali,Kumar,1998-08-12,MASCH3877K,anjali.kumar29@gmail.com,9218790827,VERIFIED,BR005,2026-05-16 10:43:23.5174354,2026-05-16 10:43:23.5174354
5388,Pooja,Verma,1986-11-21,OJXNK9430X,pooja.verma22@gmail.com,9752815106,PENDING,BR005,2026-05-16 10:43:23.5174354,2026-05-16 10:43:23.5174354
5389,Kavita,Mehta,1960-11-18,OIEQF4961N,kavita.mehta37@gmail.com,9205460097,VERIFIED,BR005,2026-05-16 10:43:23.5174354,2026-05-16 10:43:23.5174354
5390,Rohit,Iyer,1988-02-25,BKIFH1641Y,rohit.iyer59@gmail.com,9660420033,REJECTED,BR001,2026-05-16 10:43:23.5174354,2026-05-16 10:43:23.5174354
5391,Priya,Jain,1987-09-24,QEMZT9293F,priya.jain18@gmail.com,9894294645,VERIFIED,BR005,2026-05-16 10:43:23.5174354,2026-05-16 10:43:23.5174354
5392,Sneha,Kumar,1963-02-12,VLXWS8277V,sneha.kumar59@gmail.com,9827504625,VERIFIED,BR005,2026-05-16 10:43:23.5174354,2026-05-16 10:43:23.5174354
5393,Rohit,Sharma,1985-06-10,VLLWW4397B,rohit.sharma89@gmail.com,9783029769,VERIFIED,BR001,2026-05-16 10:43:23.5174354,2026-05-16 10:43:23.5174354
5394,Ramesh,Verma,2000-01-25,YUOKI3776F,ramesh.verma15@gmail.com,9395922044,VERIFIED,BR004,2026-05-16 10:43:23.5174354,2026-05-16 10:43:23.5174354
5395,Kavita,Iyer,1978-08-21,QQGOT0929Y,kavita.iyer19@gmail.com,9941030972,VERIFIED,BR002,2026-05-16 10:43:23.5174354,2026-05-16 10:43:23.5174354
5396,Neha,Verma,1967-11-22,PEGGX5408V,neha.verma82@gmail.com,9364388066,VERIFIED,BR003,2026-05-16 10:43:23.5174354,2026-05-16 10:43:23.5174354
5397,Rohit,Yadav,1993-07-17,XQVVY9975B,rohit.yadav17@gmail.com,9863944023,VERIFIED,BR005,2026-05-16 10:43:23.5174354,2026-05-16 10:43:23.5174354
5398,Rahul,Mehta,1973-11-19,WLCFT4955B,rahul.mehta39@gmail.com,9001763940,VERIFIED,BR005,2026-05-16 10:43:23.5174354,2026-05-16 10:43:23.5174354
5399,Neha,Yadav,1979-12-27,DUNBU6430Y,neha.yadav52@gmail.com,9462799082,VERIFIED,BR005,2026-05-16 10:43:23.5174354,2026-05-16 10:43:23.5174354
5400,Rohit,Mehta,1973-10-07,ZNNQK3500Y,rohit.mehta30@gmail.com,9950345304,VERIFIED,BR001,2026-05-16 10:43:23.5174354,2026-05-16 10:43:23.5174354
5401,Anjali,Yadav,1996-02-02,NGQTU5586Q,anjali.yadav76@gmail.com,9024901512,VERIFIED,BR001,2026-05-16 10:43:23.5174354,2026-05-16 10:43:23.5174354
5402,Pooja,Verma,1965-11-08,LPMVH4267P,pooja.verma98@gmail.com,9103817106,VERIFIED,BR001,2026-05-16 10:43:23.5174354,2026-05-16 10:43:23.5174354
5403,Pooja,Patel,1982-09-28,MYYRB7514H,pooja.patel40@gmail.com,9927484792,VERIFIED,BR003,2026-05-16 10:43:23.5174354,2026-05-16 10:43:23.5174354
5404,Rahul,Patel,1960-03-11,OBUXN9565H,rahul.patel68@gmail.com,9211815001,VERIFIED,BR002,2026-05-16 10:43:23.5174354,2026-05-16 10:43:23.5174354
5405,Priya,Patel,1961-07-25,MISKF2978B,priya.patel34@gmail.com,9957946638,REJECTED,BR005,2026-05-16 10:43:23.5174354,2026-05-16 10:43:23.5174354
5406,Anjali,Verma,1991-07-18,SNSMW6840L,anjali.verma11@gmail.com,9899431681,VERIFIED,BR004,2026-05-16 10:43:23.5174354,2026-05-16 10:43:23.5174354
5407,Rahul,Kumar,1976-06-26,WHJNL5063P,rahul.kumar72@gmail.com,9532719317,VERIFIED,BR005,2026-05-16 10:43:23.5174354,2026-05-16 10:43:23.5174354
5408,Vikram,Iyer,1994-04-04,MOFOV6697T,vikram.iyer38@gmail.com,9917995498,VERIFIED,BR005,2026-05-16 10:43:23.5174354,2026-05-16 10:43:23.5174354
5409,Amit,Reddy,1993-08-12,WYNHT7563B,amit.reddy73@gmail.com,9330765091,VERIFIED,BR005,2026-05-16 10:43:23.5174354,2026-05-16 10:43:23.5174354
5410,Rohit,Jain,1963-01-13,VETEN4903T,rohit.jain65@gmail.com,9334507470,VERIFIED,BR005,2026-05-16 10:43:23.5174354,2026-05-16 10:43:23.5174354
5411,Anjali,Gupta,1994-01-01,LARST4507D,anjali.gupta56@gmail.com,9208699525,VERIFIED,BR002,2026-05-16 10:43:23.5174354,2026-05-16 10:43:23.5174354
5412,Amit,Reddy,1962-03-08,GJIWC0096M,amit.reddy80@gmail.com,9047537934,VERIFIED,BR004,2026-05-16 10:43:23.5174354,2026-05-16 10:43:23.5174354
5413,Amit,Patel,1984-02-23,ZCSSO1840E,amit.patel29@gmail.com,9316513228,VERIFIED,BR001,2026-05-16 10:43:23.5174354,2026-05-16 10:43:23.5174354
5414,Pooja,Kumar,1968-07-01,QFPYY6163A,pooja.kumar41@gmail.com,9464977772,PENDING,BR004,2026-05-16 10:43:23.5174354,2026-05-16 10:43:23.5174354
5415,Pooja,Verma,1961-10-30,LIGHJ9497U,pooja.verma1@gmail.com,9363979059,REJECTED,BR005,2026-05-16 10:43:23.5174354,2026-05-16 10:43:23.5174354
5416,Kavita,Desai,1976-11-04,TCMIL5899L,kavita.desai19@gmail.com,9706734412,VERIFIED,BR004,2026-05-16 10:43:23.5174354,2026-05-16 10:43:23.5174354
5417,Vikram,Kumar,1970-11-22,FVFUU9319K,vikram.kumar69@gmail.com,9564901786,VERIFIED,BR005,2026-05-16 10:43:23.5174354,2026-05-16 10:43:23.5174354
5418,Priya,Desai,1982-07-19,HUYNL6453M,priya.desai87@gmail.com,9738334336,VERIFIED,BR004,2026-05-16 10:43:23.5174354,2026-05-16 10:43:23.5174354
5419,Anjali,Verma,1994-10-09,MGVAJ9283U,anjali.verma47@gmail.com,9745687438,VERIFIED,BR003,2026-05-16 10:43:23.5174354,2026-05-16 10:43:23.5174354
5420,Ramesh,Sharma,1960-11-24,GBYNG6013Q,ramesh.sharma1@gmail.com,9567181860,VERIFIED,BR004,2026-05-16 10:43:23.5174354,2026-05-16 10:43:23.5174354
5421,Anjali,Jain,1961-04-17,ZUXHQ5662N,anjali.jain14@gmail.com,9265479058,VERIFIED,BR001,2026-05-16 10:43:23.5174354,2026-05-16 10:43:23.5174354
5422,Vikram,Mehta,1962-01-28,FIVUW3520L,vikram.mehta34@gmail.com,9239503036,VERIFIED,BR001,2026-05-16 10:43:23.5174354,2026-05-16 10:43:23.5174354
5423,Pooja,Iyer,1967-11-23,VTSLM3546K,pooja.iyer56@gmail.com,9824866495,REJECTED,BR004,2026-05-16 10:43:23.5174354,2026-05-16 10:43:23.5174354
5424,Pooja,Gupta,1971-05-15,MMCVV2824R,pooja.gupta68@gmail.com,9703315070,PENDING,BR004,2026-05-16 10:43:23.5174354,2026-05-16 10:43:23.5174354
5425,Rohit,Reddy,1996-09-12,LFTCL3482U,rohit.reddy79@gmail.com,9999283611,VERIFIED,BR002,2026-05-16 10:43:23.5174354,2026-05-16 10:43:23.5174354
5426,Suresh,Yadav,1973-04-16,SVFVV2886D,suresh.yadav59@gmail.com,9612005180,VERIFIED,BR004,2026-05-16 10:43:23.5174354,2026-05-16 10:43:23.5174354
5427,Pooja,Yadav,1999-12-02,FGVFP5806Q,pooja.yadav57@gmail.com,9490648648,VERIFIED,BR001,2026-05-16 10:43:23.5174354,2026-05-16 10:43:23.5174354
5428,Rahul,Mehta,1995-06-14,XERXQ8906B,rahul.mehta28@gmail.com,9041018841,VERIFIED,BR003,2026-05-16 10:43:23.5174354,2026-05-16 10:43:23.5174354
5429,Rohit,Kumar,1964-07-13,GISUQ3818P,rohit.kumar45@gmail.com,9174559168,VERIFIED,BR001,2026-05-16 10:43:23.5174354,2026-05-16 10:43:23.5174354
5430,Priya,Yadav,1994-01-03,IICVR6633T,priya.yadav27@gmail.com,9793949380,PENDING,BR002,2026-05-16 10:43:23.5174354,2026-05-16 10:43:23.5174354
5431,Neha,Jain,1962-04-16,WBOMT0730I,neha.jain88@gmail.com,9514340763,VERIFIED,BR004,2026-05-16 10:43:23.5174354,2026-05-16 10:43:23.5174354
5432,Priya,Singh,1981-01-11,GWNWO3214M,priya.singh54@gmail.com,9178349838,VERIFIED,BR003,2026-05-16 10:43:23.5174354,2026-05-16 10:43:23.5174354
5433,Priya,Yadav,1994-08-14,ECTYN8778R,priya.yadav97@gmail.com,9072628229,VERIFIED,BR001,2026-05-16 10:43:23.5174354,2026-05-16 10:43:23.5174354
5434,Suresh,Verma,1984-06-05,YJTSW1592X,suresh.verma90@gmail.com,9856042762,VERIFIED,BR003,2026-05-16 10:43:23.5174354,2026-05-16 10:43:23.5174354
5435,Suresh,Mehta,1967-09-20,VWRGU7671T,suresh.mehta66@gmail.com,9103805211,VERIFIED,BR005,2026-05-16 10:43:23.5174354,2026-05-16 10:43:23.5174354
5436,Rahul,Gupta,1960-06-20,AMDLM0393M,rahul.gupta55@gmail.com,9165939587,VERIFIED,BR001,2026-05-16 10:43:23.5174354,2026-05-16 10:43:23.5174354
5437,Priya,Mehta,1971-12-28,EQECJ2204T,priya.mehta88@gmail.com,9250043818,PENDING,BR005,2026-05-16 10:43:23.5174354,2026-05-16 10:43:23.5174354
5438,Suresh,Gupta,1994-11-18,RMFSG1988Y,suresh.gupta49@gmail.com,9903751387,VERIFIED,BR003,2026-05-16 10:43:23.5174354,2026-05-16 10:43:23.5174354
5439,Ramesh,Singh,1988-01-17,WDPIN1724Z,ramesh.singh56@gmail.com,9244100311,VERIFIED,BR004,2026-05-16 10:43:23.5174354,2026-05-16 10:43:23.5174354
5440,Pooja,Iyer,1972-01-06,MWMOJ1596Y,pooja.iyer93@gmail.com,9581678746,VERIFIED,BR004,2026-05-16 10:43:23.5174354,2026-05-16 10:43:23.5174354
5441,Pooja,Yadav,1987-06-26,SDDLH4923O,pooja.yadav77@gmail.com,9095737668,VERIFIED,BR004,2026-05-16 10:43:23.5174354,2026-05-16 10:43:23.5174354
5442,Rohit,Mehta,1963-06-04,CLWWL4908Y,rohit.mehta54@gmail.com,9900195238,VERIFIED,BR005,2026-05-16 10:43:23.5174354,2026-05-16 10:43:23.5174354
5443,Vikram,Jain,1981-01-18,NLOGK8587Y,vikram.jain9@gmail.com,9083677294,VERIFIED,BR004,2026-05-16 10:43:23.5174354,2026-05-16 10:43:23.5174354
5444,Rahul,Desai,1995-11-13,CEPEE4837H,rahul.desai57@gmail.com,9471554808,VERIFIED,BR002,2026-05-16 10:43:23.5174354,2026-05-16 10:43:23.5174354
5445,Pooja,Patel,1963-12-25,EZIMO5491C,pooja.patel81@gmail.com,9145935104,VERIFIED,BR001,2026-05-16 10:43:23.5174354,2026-05-16 10:43:23.5174354
5446,Amit,Jain,1992-05-14,DQGGK7737Y,amit.jain6@gmail.com,9481106869,VERIFIED,BR001,2026-05-16 10:43:23.5174354,2026-05-16 10:43:23.5174354
5447,Sneha,Singh,1969-12-19,CJQRI3274C,sneha.singh24@gmail.com,9088472685,VERIFIED,BR003,2026-05-16 10:43:23.5174354,2026-05-16 10:43:23.5174354
5448,Kavita,Kumar,1976-08-14,FPDHJ6195I,kavita.kumar61@gmail.com,9798158063,VERIFIED,BR005,2026-05-16 10:43:23.5174354,2026-05-16 10:43:23.5174354
5449,Pooja,Desai,1973-08-04,FGKEL0861X,pooja.desai60@gmail.com,9002031523,VERIFIED,BR001,2026-05-16 10:43:23.5174354,2026-05-16 10:43:23.5174354
5450,Anjali,Gupta,1963-08-10,GKXFN1477X,anjali.gupta99@gmail.com,9844038978,VERIFIED,BR005,2026-05-16 10:43:23.5174354,2026-05-16 10:43:23.5174354
5451,Amit,Mehta,1978-02-23,YSTWV0939G,amit.mehta45@gmail.com,9412982764,VERIFIED,BR003,2026-05-16 10:43:23.5174354,2026-05-16 10:43:23.5174354
5452,Vikram,Gupta,1962-03-17,YYROA4031V,vikram.gupta96@gmail.com,9069849720,VERIFIED,BR004,2026-05-16 10:43:23.5174354,2026-05-16 10:43:23.5174354
5453,Amit,Gupta,1963-03-06,XKLZF7270J,amit.gupta74@gmail.com,9494803103,VERIFIED,BR003,2026-05-16 10:43:23.5174354,2026-05-16 10:43:23.5174354
5454,Suresh,Jain,1991-12-07,WSZVY7148R,suresh.jain10@gmail.com,9287566308,VERIFIED,BR002,2026-05-16 10:43:23.5174354,2026-05-16 10:43:23.5174354
5455,Kavita,Jain,1987-12-22,ZAAWH6523L,kavita.jain12@gmail.com,9040878491,VERIFIED,BR004,2026-05-16 10:43:23.5174354,2026-05-16 10:43:23.5174354
5456,Priya,Singh,1967-04-05,RJVOC8102L,priya.singh3@gmail.com,9457067570,VERIFIED,BR004,2026-05-16 10:43:23.5174354,2026-05-16 10:43:23.5174354
5457,Neha,Jain,1965-07-19,HYEOE3432Q,neha.jain58@gmail.com,9684004430,PENDING,BR004,2026-05-16 10:43:23.5174354,2026-05-16 10:43:23.5174354
5458,Kavita,Desai,1993-05-16,RIXYP7745Z,kavita.desai89@gmail.com,9320884003,VERIFIED,BR003,2026-05-16 10:43:23.5174354,2026-05-16 10:43:23.5174354
5459,Priya,Mehta,1983-06-12,WTBHS9324U,priya.mehta22@gmail.com,9131965957,PENDING,BR002,2026-05-16 10:43:23.5174354,2026-05-16 10:43:23.5174354
5460,Pooja,Yadav,1978-11-10,TYNSE1403G,pooja.yadav33@gmail.com,9363377126,VERIFIED,BR005,2026-05-16 10:43:23.5174354,2026-05-16 10:43:23.5174354
5461,Rohit,Sharma,1962-05-24,RJQCL4291W,rohit.sharma68@gmail.com,9964772446,VERIFIED,BR003,2026-05-16 10:43:23.5174354,2026-05-16 10:43:23.5174354
5462,Ramesh,Reddy,1972-03-19,TAEKJ5234S,ramesh.reddy28@gmail.com,9256401763,PENDING,BR001,2026-05-16 10:43:23.5174354,2026-05-16 10:43:23.5174354
5463,Vikram,Reddy,1994-03-18,JJBYZ6843Q,vikram.reddy41@gmail.com,9404681587,PENDING,BR001,2026-05-16 10:43:23.5174354,2026-05-16 10:43:23.5174354
5464,Rohit,Jain,1978-08-13,YQKQQ1468X,rohit.jain14@gmail.com,9714531156,VERIFIED,BR003,2026-05-16 10:43:23.5174354,2026-05-16 10:43:23.5174354
5465,Pooja,Singh,1975-11-26,OBOYO0416V,pooja.singh97@gmail.com,9185576533,VERIFIED,BR005,2026-05-16 10:43:23.5174354,2026-05-16 10:43:23.5174354
5466,Rohit,Kumar,1983-06-28,OXZKV5301N,rohit.kumar92@gmail.com,9404087750,VERIFIED,BR001,2026-05-16 10:43:23.5174354,2026-05-16 10:43:23.5174354
5467,Sneha,Jain,1982-02-05,FMCZR7630P,sneha.jain95@gmail.com,9211124972,VERIFIED,BR005,2026-05-16 10:43:23.5174354,2026-05-16 10:43:23.5174354
5468,Anjali,Verma,1976-09-18,LEVAX2795D,anjali.verma54@gmail.com,9377155854,VERIFIED,BR004,2026-05-16 10:43:23.5174354,2026-05-16 10:43:23.5174354
5469,Amit,Sharma,1998-04-26,ULSOB2048R,amit.sharma62@gmail.com,9442405774,VERIFIED,BR003,2026-05-16 10:43:23.5174354,2026-05-16 10:43:23.5174354
5470,Priya,Mehta,1966-03-12,XHVIX9931W,priya.mehta97@gmail.com,9038624760,PENDING,BR004,2026-05-16 10:43:23.5174354,2026-05-16 10:43:23.5174354
5471,Ramesh,Reddy,1971-02-25,LKSIY3076T,ramesh.reddy1@gmail.com,9437492859,VERIFIED,BR001,2026-05-16 10:43:23.5174354,2026-05-16 10:43:23.5174354
5472,Sneha,Kumar,1987-05-07,BZVOH6499Q,sneha.kumar14@gmail.com,9332175854,VERIFIED,BR005,2026-05-16 10:43:23.5174354,2026-05-16 10:43:23.5174354
5473,Pooja,Verma,2000-03-31,OBNAS7532Z,pooja.verma4@gmail.com,9438495324,VERIFIED,BR004,2026-05-16 10:43:23.5174354,2026-05-16 10:43:23.5174354
5474,Suresh,Desai,1961-05-06,WOUSF6898Q,suresh.desai31@gmail.com,9155061131,VERIFIED,BR001,2026-05-16 10:43:23.5174354,2026-05-16 10:43:23.5174354
5475,Vikram,Mehta,1963-12-18,GCCYK8749S,vikram.mehta87@gmail.com,9626278930,VERIFIED,BR002,2026-05-16 10:43:23.5174354,2026-05-16 10:43:23.5174354
5476,Suresh,Gupta,1992-06-26,LEWRK2653F,suresh.gupta64@gmail.com,9923487410,VERIFIED,BR004,2026-05-16 10:43:23.5174354,2026-05-16 10:43:23.5174354
5477,Amit,Jain,1987-02-12,ZQYJB6972O,amit.jain60@gmail.com,9849036309,VERIFIED,BR002,2026-05-16 10:43:23.5174354,2026-05-16 10:43:23.5174354
5478,Ramesh,Kumar,1996-03-18,SLQUH7022Q,ramesh.kumar43@gmail.com,9943334342,VERIFIED,BR002,2026-05-16 10:43:23.5174354,2026-05-16 10:43:23.5174354
5479,Amit,Mehta,1972-04-26,BZPKJ1514N,amit.mehta54@gmail.com,9693265440,VERIFIED,BR001,2026-05-16 10:43:23.5174354,2026-05-16 10:43:23.5174354
5480,Rahul,Sharma,1980-08-22,OHYLA0778I,rahul.sharma48@gmail.com,9284116771,VERIFIED,BR003,2026-05-16 10:43:23.5174354,2026-05-16 10:43:23.5174354
5481,Suresh,Gupta,1993-07-04,MUIXK0865U,suresh.gupta68@gmail.com,9618575596,VERIFIED,BR005,2026-05-16 10:43:23.5174354,2026-05-16 10:43:23.5174354
5482,Priya,Sharma,1980-09-08,KTAAS1557B,priya.sharma97@gmail.com,9884880144,VERIFIED,BR001,2026-05-16 10:43:23.5174354,2026-05-16 10:43:23.5174354
5483,Sneha,Patel,1999-12-17,YVAUV6998L,sneha.patel56@gmail.com,9917321452,VERIFIED,BR004,2026-05-16 10:43:23.5174354,2026-05-16 10:43:23.5174354
5484,Amit,Reddy,1988-04-30,VLVLZ5056N,amit.reddy86@gmail.com,9062207789,PENDING,BR005,2026-05-16 10:43:23.5174354,2026-05-16 10:43:23.5174354
5485,Amit,Iyer,1974-09-08,EIZLN0630C,amit.iyer80@gmail.com,9436625935,VERIFIED,BR003,2026-05-16 10:43:23.5174354,2026-05-16 10:43:23.5174354
5486,Rohit,Verma,1997-12-04,YOOYT1946X,rohit.verma92@gmail.com,9582465449,VERIFIED,BR001,2026-05-16 10:43:23.5174354,2026-05-16 10:43:23.5174354
5487,Pooja,Iyer,1968-09-12,LAOEO2786U,pooja.iyer41@gmail.com,9421357210,VERIFIED,BR003,2026-05-16 10:43:23.5174354,2026-05-16 10:43:23.5174354
5488,Sneha,Kumar,1960-10-14,ZGMHI8406Q,sneha.kumar76@gmail.com,9285018301,VERIFIED,BR004,2026-05-16 10:43:23.5174354,2026-05-16 10:43:23.5174354
5489,Rohit,Gupta,1980-06-22,VLTWW4201R,rohit.gupta93@gmail.com,9544149242,VERIFIED,BR001,2026-05-16 10:43:23.5174354,2026-05-16 10:43:23.5174354
5490,Rahul,Reddy,1975-02-25,QJWBY9510N,rahul.reddy36@gmail.com,9367445607,VERIFIED,BR004,2026-05-16 10:43:23.5174354,2026-05-16 10:43:23.5174354
5491,Kavita,Singh,1996-01-17,YWECK7874M,kavita.singh52@gmail.com,9910472409,PENDING,BR005,2026-05-16 10:43:23.5174354,2026-05-16 10:43:23.5174354
5492,Priya,Jain,1991-02-09,UUHVV0122T,priya.jain62@gmail.com,9093997921,VERIFIED,BR005,2026-05-16 10:43:23.5174354,2026-05-16 10:43:23.5174354
5493,Kavita,Sharma,1993-10-15,YBMGB0240X,kavita.sharma90@gmail.com,9229755772,VERIFIED,BR003,2026-05-16 10:43:23.5174354,2026-05-16 10:43:23.5174354
5494,Rohit,Patel,1983-02-17,NWIFM9730M,rohit.patel27@gmail.com,9985905495,VERIFIED,BR003,2026-05-16 10:43:23.5174354,2026-05-16 10:43:23.5174354
5495,Neha,Sharma,1995-02-01,ZDHIX3684O,neha.sharma72@gmail.com,9109366169,VERIFIED,BR005,2026-05-16 10:43:23.5174354,2026-05-16 10:43:23.5174354
5496,Suresh,Mehta,1993-05-10,LPZWO0127J,suresh.mehta83@gmail.com,9091015060,VERIFIED,BR002,2026-05-16 10:43:23.5174354,2026-05-16 10:43:23.5174354
5497,Priya,Desai,1989-03-22,OPWAC3673Z,priya.desai93@gmail.com,9815384417,VERIFIED,BR005,2026-05-16 10:43:23.5174354,2026-05-16 10:43:23.5174354
5498,Rohit,Patel,1970-08-14,FJCNF9855H,rohit.patel87@gmail.com,9976288299,VERIFIED,BR001,2026-05-16 10:43:23.5174354,2026-05-16 10:43:23.5174354
5499,Anjali,Patel,1962-11-29,LIIEJ1794W,anjali.patel44@gmail.com,9289530759,PENDING,BR004,2026-05-16 10:43:23.5174354,2026-05-16 10:43:23.5174354
5500,Anjali,Verma,1984-12-10,LWZYL7526G,anjali.verma24@gmail.com,9766221882,VERIFIED,BR005,2026-05-16 10:43:23.5174354,2026-05-16 10:43:23.5174354
5501,Sneha,Kumar,1993-07-16,WMWDD5962X,sneha.kumar96@gmail.com,9450233688,REJECTED,BR005,2026-05-16 10:43:23.5174354,2026-05-16 10:43:23.5174354
5502,Vikram,Singh,1996-09-01,BYIYW6764M,vikram.singh23@gmail.com,9072140078,VERIFIED,BR004,2026-05-16 10:43:23.5174354,2026-05-16 10:43:23.5174354
5503,Rahul,Singh,1968-09-14,PXVIM3226A,rahul.singh14@gmail.com,9835059300,VERIFIED,BR004,2026-05-16 10:43:23.5174354,2026-05-16 10:43:23.5174354
5504,Sneha,Verma,1973-06-08,QJDQN2705Y,sneha.verma75@gmail.com,9025881554,VERIFIED,BR001,2026-05-16 10:43:23.5174354,2026-05-16 10:43:23.5174354
5505,Rahul,Sharma,1965-01-23,ZEQXD9984Y,rahul.sharma58@gmail.com,9082044702,VERIFIED,BR004,2026-05-16 10:43:23.5174354,2026-05-16 10:43:23.5174354
5506,Rohit,Yadav,1973-03-12,RDHZM4715N,rohit.yadav55@gmail.com,9131765937,VERIFIED,BR003,2026-05-16 10:43:23.5174354,2026-05-16 10:43:23.5174354
5507,Ramesh,Reddy,1999-08-03,IWVVY6520J,ramesh.reddy52@gmail.com,9270730810,VERIFIED,BR005,2026-05-16 10:43:23.5174354,2026-05-16 10:43:23.5174354
5508,Amit,Iyer,1998-07-11,GVDKT1065L,amit.iyer36@gmail.com,9128029481,VERIFIED,BR004,2026-05-16 10:43:23.5174354,2026-05-16 10:43:23.5174354
5509,Pooja,Yadav,1989-04-28,XGTCX5224F,pooja.yadav97@gmail.com,9139096885,VERIFIED,BR001,2026-05-16 10:43:23.5174354,2026-05-16 10:43:23.5174354
5510,Amit,Mehta,1995-05-17,VLEUO7581Y,amit.mehta47@gmail.com,9789354371,VERIFIED,BR004,2026-05-16 10:43:23.5174354,2026-05-16 10:43:23.5174354
5511,Amit,Singh,1972-05-18,VQIEH3673M,amit.singh72@gmail.com,9928142727,VERIFIED,BR005,2026-05-16 10:43:23.5174354,2026-05-16 10:43:23.5174354
5512,Rahul,Iyer,2000-11-29,MAEXH0917G,rahul.iyer7@gmail.com,9912025879,VERIFIED,BR002,2026-05-16 10:43:23.5174354,2026-05-16 10:43:23.5174354
5513,Rahul,Kumar,1964-08-12,EBTHN9819P,rahul.kumar60@gmail.com,9205510328,VERIFIED,BR004,2026-05-16 10:43:23.5174354,2026-05-16 10:43:23.5174354
5514,Anjali,Desai,1981-12-07,UNLIC3735Y,anjali.desai12@gmail.com,9070367962,VERIFIED,BR003,2026-05-16 10:43:23.5174354,2026-05-16 10:43:23.5174354
5515,Rahul,Sharma,1986-08-14,DYKSB9231Q,rahul.sharma77@gmail.com,9960398864,VERIFIED,BR005,2026-05-16 10:43:23.5174354,2026-05-16 10:43:23.5174354
5516,Rohit,Kumar,1990-09-09,JTIDR2537U,rohit.kumar97@gmail.com,9202559967,VERIFIED,BR001,2026-05-16 10:43:23.5174354,2026-05-16 10:43:23.5174354
5517,Priya,Kumar,1987-10-11,QANMM3315H,priya.kumar8@gmail.com,9841930692,VERIFIED,BR005,2026-05-16 10:43:23.5174354,2026-05-16 10:43:23.5174354
5518,Anjali,Gupta,1984-11-11,PIIKT9280D,anjali.gupta53@gmail.com,9264302629,VERIFIED,BR002,2026-05-16 10:43:23.5174354,2026-05-16 10:43:23.5174354
5519,Suresh,Patel,1989-12-10,VECOW1422V,suresh.patel36@gmail.com,9870705535,VERIFIED,BR001,2026-05-16 10:43:23.5174354,2026-05-16 10:43:23.5174354
5520,Amit,Reddy,1969-08-26,VMWEQ1137J,amit.reddy43@gmail.com,9362253904,VERIFIED,BR002,2026-05-16 10:43:23.5174354,2026-05-16 10:43:23.5174354
5521,Suresh,Iyer,1994-09-06,DNPZG6322I,suresh.iyer60@gmail.com,9534311915,VERIFIED,BR002,2026-05-16 10:43:23.5174354,2026-05-16 10:43:23.5174354
5522,Sneha,Patel,1981-05-06,AQROW3176E,sneha.patel92@gmail.com,9593087943,VERIFIED,BR003,2026-05-16 10:43:23.5174354,2026-05-16 10:43:23.5174354
5523,Amit,Kumar,1986-03-18,EIJQS6382I,amit.kumar7@gmail.com,9581481611,VERIFIED,BR004,2026-05-16 10:43:23.5174354,2026-05-16 10:43:23.5174354
5524,Sneha,Verma,1972-09-06,JRUSE4440S,sneha.verma6@gmail.com,9276565466,PENDING,BR003,2026-05-16 10:43:23.5174354,2026-05-16 10:43:23.5174354
5525,Amit,Yadav,1977-06-16,XKUEP3758T,amit.yadav20@gmail.com,9601870840,VERIFIED,BR003,2026-05-16 10:43:23.5174354,2026-05-16 10:43:23.5174354
5526,Vikram,Gupta,1969-04-25,XDUPP8216D,vikram.gupta36@gmail.com,9713599255,VERIFIED,BR003,2026-05-16 10:43:23.5174354,2026-05-16 10:43:23.5174354
5527,Amit,Patel,1982-04-28,WUCRF2405S,amit.patel51@gmail.com,9196875511,VERIFIED,BR001,2026-05-16 10:43:23.5174354,2026-05-16 10:43:23.5174354
5528,Ramesh,Mehta,1981-07-06,AGCCZ0042C,ramesh.mehta20@gmail.com,9913247242,PENDING,BR004,2026-05-16 10:43:23.5174354,2026-05-16 10:43:23.5174354
5529,Suresh,Iyer,1974-12-14,FGPCW0776Y,suresh.iyer75@gmail.com,9900694239,VERIFIED,BR004,2026-05-16 10:43:23.5174354,2026-05-16 10:43:23.5174354
5530,Amit,Iyer,1962-12-11,QMZNK3715U,amit.iyer47@gmail.com,9531263199,VERIFIED,BR001,2026-05-16 10:43:23.5174354,2026-05-16 10:43:23.5174354
5531,Neha,Desai,1960-04-17,WQNJY2016V,neha.desai85@gmail.com,9404955857,REJECTED,BR003,2026-05-16 10:43:23.5174354,2026-05-16 10:43:23.5174354
5532,Neha,Desai,1998-10-10,FVJJF7801C,neha.desai92@gmail.com,9020911440,VERIFIED,BR003,2026-05-16 10:43:23.5174354,2026-05-16 10:43:23.5174354
5533,Neha,Reddy,1989-09-28,EVPCT2292N,neha.reddy49@gmail.com,9866204711,REJECTED,BR002,2026-05-16 10:43:23.5174354,2026-05-16 10:43:23.5174354
5534,Rohit,Iyer,1970-03-07,ISOVN1001N,rohit.iyer49@gmail.com,9874111932,VERIFIED,BR002,2026-05-16 10:43:23.5174354,2026-05-16 10:43:23.5174354
5535,Anjali,Mehta,1981-04-03,AUBQK9486R,anjali.mehta65@gmail.com,9458089440,VERIFIED,BR005,2026-05-16 10:43:23.5174354,2026-05-16 10:43:23.5174354
5536,Suresh,Patel,1983-10-16,JWGYI5800B,suresh.patel4@gmail.com,9868297521,VERIFIED,BR002,2026-05-16 10:43:23.5174354,2026-05-16 10:43:23.5174354
5537,Amit,Patel,1979-07-20,GONKO0249T,amit.patel47@gmail.com,9868403282,VERIFIED,BR004,2026-05-16 10:43:23.5174354,2026-05-16 10:43:23.5174354
5538,Kavita,Kumar,1994-06-30,MEIGJ8209G,kavita.kumar10@gmail.com,9391964405,VERIFIED,BR001,2026-05-16 10:43:23.5174354,2026-05-16 10:43:23.5174354
5539,Anjali,Patel,1996-11-16,TYWJV5847M,anjali.patel9@gmail.com,9231149275,VERIFIED,BR003,2026-05-16 10:43:23.5174354,2026-05-16 10:43:23.5174354
5540,Kavita,Mehta,1993-06-14,RTECU4337N,kavita.mehta81@gmail.com,9534334041,VERIFIED,BR005,2026-05-16 10:43:23.5174354,2026-05-16 10:43:23.5174354
5541,Sneha,Desai,1976-10-09,ANOPL2613B,sneha.desai75@gmail.com,9021145198,PENDING,BR002,2026-05-16 10:43:23.5174354,2026-05-16 10:43:23.5174354
5542,Pooja,Kumar,1983-08-30,XDNZJ7764Y,pooja.kumar39@gmail.com,9081002706,VERIFIED,BR005,2026-05-16 10:43:23.5174354,2026-05-16 10:43:23.5174354
5543,Ramesh,Sharma,1980-05-17,YYIVV5299P,ramesh.sharma59@gmail.com,9972630067,VERIFIED,BR001,2026-05-16 10:43:23.5174354,2026-05-16 10:43:23.5174354
5544,Pooja,Mehta,1965-11-18,QQXPN9613S,pooja.mehta20@gmail.com,9352000881,REJECTED,BR001,2026-05-16 10:43:23.5174354,2026-05-16 10:43:23.5174354
5545,Sneha,Verma,1998-06-21,LSUJK0809Q,sneha.verma41@gmail.com,9351129850,VERIFIED,BR005,2026-05-16 10:43:23.5174354,2026-05-16 10:43:23.5174354
5546,Rahul,Jain,1971-12-28,CRPRE3335S,rahul.jain85@gmail.com,9114744296,VERIFIED,BR005,2026-05-16 10:43:23.5174354,2026-05-16 10:43:23.5174354
5547,Sneha,Patel,1983-02-01,DZONO7597I,sneha.patel76@gmail.com,9600568247,VERIFIED,BR005,2026-05-16 10:43:23.5174354,2026-05-16 10:43:23.5174354
5548,Anjali,Desai,1986-11-10,CTZWP6795V,anjali.desai95@gmail.com,9182200551,VERIFIED,BR003,2026-05-16 10:43:23.5174354,2026-05-16 10:43:23.5174354
5549,Kavita,Yadav,1990-07-20,KEOXZ7072H,kavita.yadav38@gmail.com,9324030976,VERIFIED,BR004,2026-05-16 10:43:23.5174354,2026-05-16 10:43:23.5174354
5550,Vikram,Iyer,1969-04-25,WFWEA8014F,vikram.iyer66@gmail.com,9231401216,VERIFIED,BR002,2026-05-16 10:43:23.5174354,2026-05-16 10:43:23.5174354
5551,Amit,Iyer,1971-01-22,UNJUR3425X,amit.iyer57@gmail.com,9437545181,VERIFIED,BR002,2026-05-16 10:43:23.5174354,2026-05-16 10:43:23.5174354
5552,Sneha,Patel,1983-01-15,DDZJX7730A,sneha.patel62@gmail.com,9710285991,VERIFIED,BR002,2026-05-16 10:43:23.5174354,2026-05-16 10:43:23.5174354
5553,Rohit,Verma,1963-05-05,QGRVK8570N,rohit.verma93@gmail.com,9539625120,VERIFIED,BR005,2026-05-16 10:43:23.5174354,2026-05-16 10:43:23.5174354
5554,Suresh,Iyer,1991-03-24,JXXCY9666D,suresh.iyer50@gmail.com,9168851499,VERIFIED,BR005,2026-05-16 10:43:23.5174354,2026-05-16 10:43:23.5174354
5555,Amit,Desai,1992-05-01,OGTBR6466P,amit.desai16@gmail.com,9575276624,VERIFIED,BR005,2026-05-16 10:43:23.5174354,2026-05-16 10:43:23.5174354
5556,Suresh,Reddy,1993-12-07,LBVJW6535H,suresh.reddy22@gmail.com,9787987379,VERIFIED,BR003,2026-05-16 10:43:23.5174354,2026-05-16 10:43:23.5174354
5557,Vikram,Patel,1969-03-06,AWXKH3489J,vikram.patel56@gmail.com,9063287480,PENDING,BR003,2026-05-16 10:43:23.5174354,2026-05-16 10:43:23.5174354
5558,Amit,Kumar,1971-04-05,ICMKC3932H,amit.kumar86@gmail.com,9506177111,PENDING,BR003,2026-05-16 10:43:23.5174354,2026-05-16 10:43:23.5174354
5559,Ramesh,Gupta,1998-10-13,HPAXW2811N,ramesh.gupta66@gmail.com,9753786896,VERIFIED,BR003,2026-05-16 10:43:23.5174354,2026-05-16 10:43:23.5174354
5560,Sneha,Iyer,1996-07-17,FNGNE6636I,sneha.iyer44@gmail.com,9323717470,VERIFIED,BR001,2026-05-16 10:43:23.5174354,2026-05-16 10:43:23.5174354
5561,Rahul,Mehta,1982-12-17,DLTVL3585U,rahul.mehta29@gmail.com,9055799803,REJECTED,BR003,2026-05-16 10:43:23.5174354,2026-05-16 10:43:23.5174354
5562,Neha,Verma,1962-03-25,EYIZF0125M,neha.verma10@gmail.com,9661408415,VERIFIED,BR003,2026-05-16 10:43:23.5174354,2026-05-16 10:43:23.5174354
5563,Vikram,Patel,1984-05-22,YBELA7212R,vikram.patel37@gmail.com,9949219823,VERIFIED,BR003,2026-05-16 10:43:23.5174354,2026-05-16 10:43:23.5174354
5564,Sneha,Sharma,1971-03-10,PONAA3222L,sneha.sharma89@gmail.com,9664483753,VERIFIED,BR002,2026-05-16 10:43:23.5174354,2026-05-16 10:43:23.5174354
5565,Rahul,Yadav,1970-08-26,TYOOW5421R,rahul.yadav90@gmail.com,9829562719,REJECTED,BR002,2026-05-16 10:43:23.5174354,2026-05-16 10:43:23.5174354
5566,Amit,Desai,1965-10-21,BPYTJ5721D,amit.desai91@gmail.com,9930674298,VERIFIED,BR002,2026-05-16 10:43:23.5174354,2026-05-16 10:43:23.5174354
5567,Kavita,Verma,1999-06-16,ZTKAK0850X,kavita.verma1@gmail.com,9518683304,VERIFIED,BR004,2026-05-16 10:43:23.5174354,2026-05-16 10:43:23.5174354
5568,Rahul,Mehta,1990-07-23,GSZML2017Z,rahul.mehta89@gmail.com,9618750613,VERIFIED,BR001,2026-05-16 10:43:23.5174354,2026-05-16 10:43:23.5174354
5569,Rohit,Patel,1965-05-08,PSYNZ0454L,rohit.patel99@gmail.com,9732658563,VERIFIED,BR005,2026-05-16 10:43:23.5174354,2026-05-16 10:43:23.5174354
5570,Rahul,Sharma,2000-12-18,VINSO4592O,rahul.sharma1@gmail.com,9113960212,VERIFIED,BR003,2026-05-16 10:43:23.5174354,2026-05-16 10:43:23.5174354
5571,Pooja,Desai,1960-02-27,MDXKP8299R,pooja.desai5@gmail.com,9934274405,VERIFIED,BR002,2026-05-16 10:43:23.5174354,2026-05-16 10:43:23.5174354
5572,Ramesh,Mehta,1980-02-01,QBIFI4643R,ramesh.mehta24@gmail.com,9039525313,VERIFIED,BR001,2026-05-16 10:43:23.5174354,2026-05-16 10:43:23.5174354
5573,Vikram,Desai,1992-05-11,WVMKL0181I,vikram.desai30@gmail.com,9235561855,VERIFIED,BR003,2026-05-16 10:43:23.5174354,2026-05-16 10:43:23.5174354
5574,Neha,Mehta,1980-06-01,URPEF9771I,neha.mehta61@gmail.com,9233408437,VERIFIED,BR004,2026-05-16 10:43:23.5174354,2026-05-16 10:43:23.5174354
5575,Amit,Iyer,1961-05-30,AYZZW4555E,amit.iyer55@gmail.com,9965395347,VERIFIED,BR005,2026-05-16 10:43:23.5174354,2026-05-16 10:43:23.5174354
5576,Vikram,Iyer,1960-08-26,XNSXK8462S,vikram.iyer62@gmail.com,9489939178,VERIFIED,BR003,2026-05-16 10:43:23.5174354,2026-05-16 10:43:23.5174354
5577,Anjali,Patel,1988-11-23,CLKYW0655D,anjali.patel28@gmail.com,9789690133,VERIFIED,BR005,2026-05-16 10:43:23.5174354,2026-05-16 10:43:23.5174354
5578,Sneha,Gupta,1970-02-26,ABCZH6312K,sneha.gupta56@gmail.com,9744253802,VERIFIED,BR003,2026-05-16 10:43:23.5174354,2026-05-16 10:43:23.5174354
5579,Vikram,Singh,1964-03-14,VMIOB1451D,vikram.singh4@gmail.com,9223651459,VERIFIED,BR004,2026-05-16 10:43:23.5174354,2026-05-16 10:43:23.5174354
5580,Rohit,Kumar,1975-12-26,HKVPV9717O,rohit.kumar48@gmail.com,9806538159,VERIFIED,BR001,2026-05-16 10:43:23.5174354,2026-05-16 10:43:23.5174354
5581,Vikram,Gupta,1982-07-19,VKWIR0121Y,vikram.gupta11@gmail.com,9044915674,PENDING,BR005,2026-05-16 10:43:23.5174354,2026-05-16 10:43:23.5174354
5582,Anjali,Jain,1970-12-22,DUVWJ8815Q,anjali.jain57@gmail.com,9342509855,VERIFIED,BR005,2026-05-16 10:43:23.5174354,2026-05-16 10:43:23.5174354
5583,Rahul,Singh,1973-03-17,IQCCM3033B,rahul.singh9@gmail.com,9381502085,VERIFIED,BR001,2026-05-16 10:43:23.5174354,2026-05-16 10:43:23.5174354
5584,Priya,Patel,1980-06-24,HQLTI6263S,priya.patel30@gmail.com,9400418876,VERIFIED,BR005,2026-05-16 10:43:23.5174354,2026-05-16 10:43:23.5174354
5585,Pooja,Patel,1983-07-24,XBMKV4046Z,pooja.patel50@gmail.com,9935958624,VERIFIED,BR002,2026-05-16 10:43:23.5174354,2026-05-16 10:43:23.5174354
5586,Rahul,Patel,1976-09-08,XARJQ4683L,rahul.patel37@gmail.com,9355715151,PENDING,BR001,2026-05-16 10:43:23.5174354,2026-05-16 10:43:23.5174354
5587,Rahul,Singh,1984-05-08,WCWQU0037P,rahul.singh36@gmail.com,9593891426,VERIFIED,BR004,2026-05-16 10:43:23.5174354,2026-05-16 10:43:23.5174354
5588,Anjali,Sharma,2000-04-20,FVVBI7271C,anjali.sharma44@gmail.com,9807047280,VERIFIED,BR003,2026-05-16 10:43:23.5174354,2026-05-16 10:43:23.5174354
5589,Suresh,Verma,1989-02-12,GZMHZ9256G,suresh.verma78@gmail.com,9673579940,REJECTED,BR003,2026-05-16 10:43:23.5174354,2026-05-16 10:43:23.5174354
5590,Neha,Singh,2000-12-10,IHDFN2136Q,neha.singh96@gmail.com,9145906490,VERIFIED,BR001,2026-05-16 10:43:23.5174354,2026-05-16 10:43:23.5174354
5591,Anjali,Yadav,1975-04-01,AHNBP9447Q,anjali.yadav23@gmail.com,9684144480,VERIFIED,BR002,2026-05-16 10:43:23.5174354,2026-05-16 10:43:23.5174354
5592,Sneha,Verma,1968-07-21,KXTZT0669Z,sneha.verma32@gmail.com,9154817639,VERIFIED,BR004,2026-05-16 10:43:23.5174354,2026-05-16 10:43:23.5174354
5593,Rahul,Iyer,1992-07-13,HHRBJ9988S,rahul.iyer55@gmail.com,9370765178,VERIFIED,BR003,2026-05-16 10:43:23.5174354,2026-05-16 10:43:23.5174354
5594,Vikram,Yadav,1966-02-05,PVYCE9720G,vikram.yadav33@gmail.com,9026835132,REJECTED,BR003,2026-05-16 10:43:23.5174354,2026-05-16 10:43:23.5174354
5595,Neha,Mehta,1972-07-14,WSKTP7994S,neha.mehta73@gmail.com,9481315896,VERIFIED,BR002,2026-05-16 10:43:23.5174354,2026-05-16 10:43:23.5174354
5596,Amit,Kumar,1969-11-05,INIYC0772I,amit.kumar78@gmail.com,9897301158,PENDING,BR005,2026-05-16 10:43:23.5174354,2026-05-16 10:43:23.5174354
5597,Kavita,Kumar,1989-03-31,AVKAI2378S,kavita.kumar63@gmail.com,9974040906,REJECTED,BR001,2026-05-16 10:43:23.5174354,2026-05-16 10:43:23.5174354
5598,Amit,Iyer,1969-06-23,WMHNK6004X,amit.iyer93@gmail.com,9924120254,VERIFIED,BR002,2026-05-16 10:43:23.5174354,2026-05-16 10:43:23.5174354
5599,Rohit,Kumar,1975-11-07,NFMGW8922F,rohit.kumar76@gmail.com,9179261738,VERIFIED,BR002,2026-05-16 10:43:23.5174354,2026-05-16 10:43:23.5174354
5600,Rahul,Reddy,1967-03-13,WLNGJ8010F,rahul.reddy70@gmail.com,9970564350,VERIFIED,BR002,2026-05-16 10:43:23.5174354,2026-05-16 10:43:23.5174354
5601,Vikram,Singh,1970-04-23,ISDPI6529G,vikram.singh47@gmail.com,9326344524,VERIFIED,BR002,2026-05-16 10:43:23.5174354,2026-05-16 10:43:23.5174354
5602,Suresh,Sharma,1989-03-03,YBLUE8007M,suresh.sharma11@gmail.com,9992984040,VERIFIED,BR005,2026-05-16 10:43:23.5174354,2026-05-16 10:43:23.5174354
5603,Pooja,Mehta,1977-01-15,JOKVY1421J,pooja.mehta17@gmail.com,9271598353,VERIFIED,BR004,2026-05-16 10:43:23.5174354,2026-05-16 10:43:23.5174354
5604,Pooja,Patel,1976-09-21,BFSKG2988R,pooja.patel39@gmail.com,9762720236,VERIFIED,BR002,2026-05-16 10:43:23.5174354,2026-05-16 10:43:23.5174354
5605,Priya,Singh,1966-05-22,JGLJG3882T,priya.singh52@gmail.com,9494395879,PENDING,BR002,2026-05-16 10:43:23.5174354,2026-05-16 10:43:23.5174354
5606,Neha,Yadav,1995-05-02,RBJSA6173G,neha.yadav9@gmail.com,9038431445,VERIFIED,BR001,2026-05-16 10:43:23.5174354,2026-05-16 10:43:23.5174354
5607,Suresh,Yadav,1971-02-15,RJOCI1492T,suresh.yadav92@gmail.com,9784892251,VERIFIED,BR003,2026-05-16 10:43:23.5174354,2026-05-16 10:43:23.5174354
5608,Kavita,Verma,1992-10-16,IRJCQ9407K,kavita.verma22@gmail.com,9273387876,PENDING,BR005,2026-05-16 10:43:23.5174354,2026-05-16 10:43:23.5174354
5609,Amit,Patel,1989-11-24,JEVZW9999N,amit.patel96@gmail.com,9092621834,VERIFIED,BR002,2026-05-16 10:43:23.5174354,2026-05-16 10:43:23.5174354
5610,Kavita,Reddy,1975-03-08,JWBJN7852P,kavita.reddy44@gmail.com,9578203414,VERIFIED,BR004,2026-05-16 10:43:23.5174354,2026-05-16 10:43:23.5174354
5611,Ramesh,Iyer,1976-09-12,XRIYQ4376R,ramesh.iyer45@gmail.com,9847594773,VERIFIED,BR004,2026-05-16 10:43:23.5174354,2026-05-16 10:43:23.5174354
5612,Amit,Yadav,1984-03-08,TPUBC5583R,amit.yadav78@gmail.com,9197971617,VERIFIED,BR004,2026-05-16 10:43:23.5174354,2026-05-16 10:43:23.5174354
5613,Amit,Kumar,1965-01-28,IOPSB1056Q,amit.kumar41@gmail.com,9797449168,VERIFIED,BR001,2026-05-16 10:43:23.5174354,2026-05-16 10:43:23.5174354
5614,Amit,Verma,1999-01-28,YZMVY5432P,amit.verma90@gmail.com,9118888464,VERIFIED,BR004,2026-05-16 10:43:23.5174354,2026-05-16 10:43:23.5174354
5615,Vikram,Gupta,1997-05-15,QVLTO0574H,vikram.gupta54@gmail.com,9187534223,VERIFIED,BR001,2026-05-16 10:43:23.5174354,2026-05-16 10:43:23.5174354
5616,Anjali,Desai,1966-02-24,OXCBE4218P,anjali.desai77@gmail.com,9616168062,REJECTED,BR005,2026-05-16 10:43:23.5174354,2026-05-16 10:43:23.5174354
5617,Priya,Verma,1967-05-30,OZEMY8768C,priya.verma24@gmail.com,9908290065,VERIFIED,BR004,2026-05-16 10:43:23.5174354,2026-05-16 10:43:23.5174354
5618,Vikram,Verma,1977-12-15,SOGJI1262B,vikram.verma32@gmail.com,9860540871,VERIFIED,BR003,2026-05-16 10:43:23.5174354,2026-05-16 10:43:23.5174354
5619,Pooja,Yadav,1963-01-10,NFXFH1422B,pooja.yadav9@gmail.com,9460104372,VERIFIED,BR002,2026-05-16 10:43:23.5174354,2026-05-16 10:43:23.5174354
5620,Priya,Singh,1967-03-28,TCMVJ0692G,priya.singh67@gmail.com,9603208881,VERIFIED,BR005,2026-05-16 10:43:23.5174354,2026-05-16 10:43:23.5174354
5621,Vikram,Patel,1984-07-10,TXFMB4770Y,vikram.patel30@gmail.com,9445556380,VERIFIED,BR003,2026-05-16 10:43:23.5174354,2026-05-16 10:43:23.5174354
5622,Kavita,Iyer,1974-10-06,YRJKI8360U,kavita.iyer15@gmail.com,9589438040,PENDING,BR005,2026-05-16 10:43:23.5174354,2026-05-16 10:43:23.5174354
5623,Vikram,Gupta,1994-01-17,HVLUC0475R,vikram.gupta92@gmail.com,9493429339,VERIFIED,BR004,2026-05-16 10:43:23.5174354,2026-05-16 10:43:23.5174354
5624,Anjali,Kumar,1973-05-03,YXMMD9461J,anjali.kumar96@gmail.com,9021387560,VERIFIED,BR005,2026-05-16 10:43:23.5174354,2026-05-16 10:43:23.5174354
5625,Neha,Singh,1977-11-07,UOTXL3136M,neha.singh95@gmail.com,9503282022,VERIFIED,BR005,2026-05-16 10:43:23.5174354,2026-05-16 10:43:23.5174354
5626,Suresh,Mehta,1978-04-11,FLSLM7861R,suresh.mehta35@gmail.com,9157492077,VERIFIED,BR005,2026-05-16 10:43:23.5174354,2026-05-16 10:43:23.5174354
5627,Neha,Yadav,1981-11-27,WRQWF7230S,neha.yadav23@gmail.com,9907345652,VERIFIED,BR001,2026-05-16 10:43:23.5174354,2026-05-16 10:43:23.5174354
5628,Ramesh,Patel,1970-08-08,EXHKT9191K,ramesh.patel48@gmail.com,9787986020,VERIFIED,BR003,2026-05-16 10:43:23.5174354,2026-05-16 10:43:23.5174354
5629,Pooja,Sharma,1981-12-28,HJUVQ8199W,pooja.sharma50@gmail.com,9856458326,VERIFIED,BR004,2026-05-16 10:43:23.5174354,2026-05-16 10:43:23.5174354
5630,Ramesh,Kumar,1962-05-19,DKCMW3908C,ramesh.kumar5@gmail.com,9569115454,VERIFIED,BR002,2026-05-16 10:43:23.5174354,2026-05-16 10:43:23.5174354
5631,Ramesh,Singh,1978-03-13,ISOVP4558J,ramesh.singh25@gmail.com,9727985501,VERIFIED,BR004,2026-05-16 10:43:23.5174354,2026-05-16 10:43:23.5174354
5632,Suresh,Iyer,1975-06-02,LXWMT5256J,suresh.iyer47@gmail.com,9319238963,VERIFIED,BR004,2026-05-16 10:43:23.5174354,2026-05-16 10:43:23.5174354
5633,Suresh,Kumar,1963-07-30,QOUSP5500K,suresh.kumar13@gmail.com,9952173163,VERIFIED,BR001,2026-05-16 10:43:23.5174354,2026-05-16 10:43:23.5174354
5634,Anjali,Patel,1992-12-16,BJHVF7331Y,anjali.patel94@gmail.com,9657859361,REJECTED,BR001,2026-05-16 10:43:23.5174354,2026-05-16 10:43:23.5174354
5635,Anjali,Mehta,1995-03-10,HQNSO9327L,anjali.mehta72@gmail.com,9684645252,VERIFIED,BR005,2026-05-16 10:43:23.5174354,2026-05-16 10:43:23.5174354
5636,Neha,Mehta,1966-04-12,LZROJ0964K,neha.mehta28@gmail.com,9365530961,VERIFIED,BR004,2026-05-16 10:43:23.5174354,2026-05-16 10:43:23.5174354
5637,Anjali,Kumar,1980-08-12,DLWPL7953X,anjali.kumar61@gmail.com,9718595041,VERIFIED,BR003,2026-05-16 10:43:23.5174354,2026-05-16 10:43:23.5174354
5638,Anjali,Mehta,1962-04-08,WTDOE7983N,anjali.mehta27@gmail.com,9158225399,VERIFIED,BR001,2026-05-16 10:43:23.5174354,2026-05-16 10:43:23.5174354
5639,Rohit,Singh,1963-08-21,BRAEB9041A,rohit.singh32@gmail.com,9535672963,VERIFIED,BR001,2026-05-16 10:43:23.5174354,2026-05-16 10:43:23.5174354
5640,Rahul,Kumar,1967-06-08,EQCVQ0212Z,rahul.kumar80@gmail.com,9168150681,VERIFIED,BR003,2026-05-16 10:43:23.5174354,2026-05-16 10:43:23.5174354
5641,Neha,Jain,1963-09-25,KOTPJ2143J,neha.jain14@gmail.com,9700797201,VERIFIED,BR001,2026-05-16 10:43:23.5174354,2026-05-16 10:43:23.5174354
5642,Suresh,Singh,1972-06-10,NCVXC6474E,suresh.singh65@gmail.com,9563766759,VERIFIED,BR003,2026-05-16 10:43:23.5174354,2026-05-16 10:43:23.5174354
5643,Neha,Iyer,1963-03-26,RYZKG7650O,neha.iyer33@gmail.com,9167838548,PENDING,BR002,2026-05-16 10:43:23.5174354,2026-05-16 10:43:23.5174354
5644,Suresh,Mehta,1981-09-29,JGRJM6148L,suresh.mehta84@gmail.com,9945339207,VERIFIED,BR003,2026-05-16 10:43:23.5174354,2026-05-16 10:43:23.5174354
5645,Vikram,Reddy,1975-07-12,OOCDU9539U,vikram.reddy87@gmail.com,9623343864,VERIFIED,BR002,2026-05-16 10:43:23.5174354,2026-05-16 10:43:23.5174354
5646,Rahul,Desai,1977-09-10,NPAKH8962G,rahul.desai68@gmail.com,9765195820,VERIFIED,BR005,2026-05-16 10:43:23.5174354,2026-05-16 10:43:23.5174354
5647,Rohit,Sharma,1981-03-02,BAHFB8870M,rohit.sharma54@gmail.com,9212769274,PENDING,BR005,2026-05-16 10:43:23.5174354,2026-05-16 10:43:23.5174354
5648,Rohit,Yadav,1986-06-02,SRMMM0032E,rohit.yadav3@gmail.com,9742665609,VERIFIED,BR001,2026-05-16 10:43:23.5174354,2026-05-16 10:43:23.5174354
5649,Kavita,Patel,1990-09-18,QGFBZ8495S,kavita.patel56@gmail.com,9060811985,VERIFIED,BR003,2026-05-16 10:43:23.5174354,2026-05-16 10:43:23.5174354
5650,Pooja,Sharma,1970-02-26,EMBWM7624B,pooja.sharma9@gmail.com,9677187733,PENDING,BR001,2026-05-16 10:43:23.5174354,2026-05-16 10:43:23.5174354
5651,Suresh,Singh,1979-01-07,ZFOUY4596T,suresh.singh87@gmail.com,9438183633,VERIFIED,BR003,2026-05-16 10:43:23.5174354,2026-05-16 10:43:23.5174354
5652,Sneha,Desai,1964-08-04,ABRMP2371B,sneha.desai43@gmail.com,9888360952,VERIFIED,BR001,2026-05-16 10:43:23.5174354,2026-05-16 10:43:23.5174354
5653,Priya,Desai,1960-05-06,SJEBK8099I,priya.desai83@gmail.com,9293777901,VERIFIED,BR005,2026-05-16 10:43:23.5174354,2026-05-16 10:43:23.5174354
5654,Pooja,Reddy,1961-07-11,OKSWC1444H,pooja.reddy3@gmail.com,9341583208,PENDING,BR005,2026-05-16 10:43:23.5174354,2026-05-16 10:43:23.5174354
5655,Vikram,Iyer,1977-05-06,BUNEY8780W,vikram.iyer36@gmail.com,9415084845,PENDING,BR001,2026-05-16 10:43:23.5174354,2026-05-16 10:43:23.5174354
5656,Rohit,Jain,1986-04-18,WBSDS7414F,rohit.jain68@gmail.com,9205757066,PENDING,BR003,2026-05-16 10:43:23.5174354,2026-05-16 10:43:23.5174354
5657,Sneha,Gupta,1960-01-13,IHFIU1128D,sneha.gupta47@gmail.com,9012019304,VERIFIED,BR004,2026-05-16 10:43:23.5174354,2026-05-16 10:43:23.5174354
5658,Vikram,Gupta,1995-10-26,CPNJW3083T,vikram.gupta40@gmail.com,9859412667,PENDING,BR003,2026-05-16 10:43:23.5174354,2026-05-16 10:43:23.5174354
5659,Ramesh,Singh,1974-03-14,QDVTL5003M,ramesh.singh66@gmail.com,9245255040,VERIFIED,BR001,2026-05-16 10:43:23.5174354,2026-05-16 10:43:23.5174354
5660,Rahul,Desai,1993-08-05,GGMAC2910J,rahul.desai62@gmail.com,9368171361,VERIFIED,BR003,2026-05-16 10:43:23.5174354,2026-05-16 10:43:23.5174354
5661,Kavita,Reddy,1960-03-12,VKIIC8918T,kavita.reddy40@gmail.com,9176134923,VERIFIED,BR002,2026-05-16 10:43:23.5174354,2026-05-16 10:43:23.5174354
5662,Vikram,Yadav,1961-04-28,SWBMJ4999P,vikram.yadav27@gmail.com,9425307145,VERIFIED,BR003,2026-05-16 10:43:23.5174354,2026-05-16 10:43:23.5174354
5663,Kavita,Yadav,1981-02-25,JFUIJ1130E,kavita.yadav76@gmail.com,9885871202,VERIFIED,BR005,2026-05-16 10:43:23.5174354,2026-05-16 10:43:23.5174354
5664,Rahul,Sharma,1992-05-22,TNWRG1735U,rahul.sharma6@gmail.com,9210984602,VERIFIED,BR005,2026-05-16 10:43:23.5174354,2026-05-16 10:43:23.5174354
5665,Neha,Kumar,1963-04-03,GNGSY5709W,neha.kumar4@gmail.com,9837296503,PENDING,BR002,2026-05-16 10:43:23.5174354,2026-05-16 10:43:23.5174354
5666,Priya,Patel,1974-09-12,EXQOG6750M,priya.patel95@gmail.com,9292029660,VERIFIED,BR003,2026-05-16 10:43:23.5174354,2026-05-16 10:43:23.5174354
5667,Vikram,Reddy,1965-09-15,PRBOS5833T,vikram.reddy21@gmail.com,9744973505,VERIFIED,BR004,2026-05-16 10:43:23.5174354,2026-05-16 10:43:23.5174354
5668,Anjali,Kumar,2000-09-01,QCFIK4315O,anjali.kumar95@gmail.com,9787572529,PENDING,BR003,2026-05-16 10:43:23.5174354,2026-05-16 10:43:23.5174354
5669,Amit,Mehta,1991-09-01,YXSPR4500F,amit.mehta8@gmail.com,9833175360,VERIFIED,BR005,2026-05-16 10:43:23.5174354,2026-05-16 10:43:23.5174354
5670,Rohit,Yadav,1984-11-15,XIRWN6767S,rohit.yadav65@gmail.com,9430113347,VERIFIED,BR005,2026-05-16 10:43:23.5174354,2026-05-16 10:43:23.5174354
5671,Sneha,Singh,1982-05-01,PLCLX5386E,sneha.singh89@gmail.com,9803641571,VERIFIED,BR001,2026-05-16 10:43:23.5174354,2026-05-16 10:43:23.5174354
5672,Rohit,Reddy,1993-04-10,ZMZYW3895G,rohit.reddy78@gmail.com,9612291963,VERIFIED,BR005,2026-05-16 10:43:23.5174354,2026-05-16 10:43:23.5174354
5673,Rohit,Desai,1990-02-16,TYHFU5633I,rohit.desai14@gmail.com,9624646787,VERIFIED,BR001,2026-05-16 10:43:23.5174354,2026-05-16 10:43:23.5174354
5674,Neha,Verma,1974-05-18,MVNPA1945Q,neha.verma34@gmail.com,9829497670,VERIFIED,BR005,2026-05-16 10:43:23.5174354,2026-05-16 10:43:23.5174354
5675,Amit,Verma,1981-01-25,YDCSI8386W,amit.verma8@gmail.com,9113808878,PENDING,BR005,2026-05-16 10:43:23.5174354,2026-05-16 10:43:23.5174354
5676,Rahul,Yadav,1991-06-08,XUVJR9378T,rahul.yadav94@gmail.com,9411185222,VERIFIED,BR004,2026-05-16 10:43:23.5174354,2026-05-16 10:43:23.5174354
5677,Priya,Reddy,1990-07-16,IQIKF8090W,priya.reddy76@gmail.com,9838709457,VERIFIED,BR001,2026-05-16 10:43:23.5174354,2026-05-16 10:43:23.5174354
5678,Neha,Kumar,1982-06-13,OCULX1608C,neha.kumar54@gmail.com,9873124382,VERIFIED,BR001,2026-05-16 10:43:23.5174354,2026-05-16 10:43:23.5174354
5679,Rohit,Iyer,1966-07-21,BBNLQ5863U,rohit.iyer36@gmail.com,9811455256,VERIFIED,BR005,2026-05-16 10:43:23.5174354,2026-05-16 10:43:23.5174354
5680,Priya,Jain,1963-04-19,STGYE1962P,priya.jain52@gmail.com,9124995500,VERIFIED,BR001,2026-05-16 10:43:23.5174354,2026-05-16 10:43:23.5174354
5681,Rohit,Kumar,1960-09-03,KXKQN8273J,rohit.kumar49@gmail.com,9890958460,PENDING,BR005,2026-05-16 10:43:23.5174354,2026-05-16 10:43:23.5174354
5682,Pooja,Reddy,1996-08-21,UAXQN3011Q,pooja.reddy36@gmail.com,9631297036,VERIFIED,BR005,2026-05-16 10:43:23.5174354,2026-05-16 10:43:23.5174354
5683,Kavita,Iyer,1987-01-11,QTMAC7199Q,kavita.iyer24@gmail.com,9696620777,VERIFIED,BR003,2026-05-16 10:43:23.5174354,2026-05-16 10:43:23.5174354
5684,Kavita,Patel,1965-11-04,MCIBW7119F,kavita.patel40@gmail.com,9733690230,PENDING,BR001,2026-05-16 10:43:23.5174354,2026-05-16 10:43:23.5174354
5685,Pooja,Yadav,1960-11-23,RITDO6148X,pooja.yadav73@gmail.com,9766270180,VERIFIED,BR002,2026-05-16 10:43:23.5174354,2026-05-16 10:43:23.5174354
5686,Ramesh,Mehta,1982-09-06,IPPUB0989E,ramesh.mehta37@gmail.com,9644643023,VERIFIED,BR001,2026-05-16 10:43:23.5174354,2026-05-16 10:43:23.5174354
5687,Pooja,Sharma,1990-05-14,NTUVM8273P,pooja.sharma10@gmail.com,9897187169,VERIFIED,BR001,2026-05-16 10:43:23.5174354,2026-05-16 10:43:23.5174354
5688,Kavita,Reddy,1974-04-28,MYQOJ7575B,kavita.reddy70@gmail.com,9372591591,VERIFIED,BR004,2026-05-16 10:43:23.5174354,2026-05-16 10:43:23.5174354
5689,Rohit,Patel,1973-02-28,NVZKY0822F,rohit.patel22@gmail.com,9776181262,PENDING,BR002,2026-05-16 10:43:23.5174354,2026-05-16 10:43:23.5174354
5690,Sneha,Verma,1982-03-04,PPPNB2895U,sneha.verma61@gmail.com,9073457462,VERIFIED,BR002,2026-05-16 10:43:23.5174354,2026-05-16 10:43:23.5174354
5691,Anjali,Kumar,1996-11-12,ZMVQD9697O,anjali.kumar42@gmail.com,9090833057,VERIFIED,BR004,2026-05-16 10:43:23.5174354,2026-05-16 10:43:23.5174354
5692,Kavita,Singh,1965-11-24,ALTFQ9965E,kavita.singh99@gmail.com,9076557361,VERIFIED,BR004,2026-05-16 10:43:23.5174354,2026-05-16 10:43:23.5174354
5693,Amit,Yadav,1977-01-24,CXMSO5233U,amit.yadav38@gmail.com,9847108674,PENDING,BR001,2026-05-16 10:43:23.5174354,2026-05-16 10:43:23.5174354
5694,Anjali,Iyer,1979-01-05,SQRQA2491X,anjali.iyer89@gmail.com,9848997853,PENDING,BR003,2026-05-16 10:43:23.5174354,2026-05-16 10:43:23.5174354
5695,Neha,Kumar,1980-11-03,XPJSE9592E,neha.kumar28@gmail.com,9185405544,VERIFIED,BR004,2026-05-16 10:43:23.5174354,2026-05-16 10:43:23.5174354
5696,Kavita,Mehta,1980-11-16,SUXAD6572F,kavita.mehta6@gmail.com,9388712961,VERIFIED,BR002,2026-05-16 10:43:23.5174354,2026-05-16 10:43:23.5174354
5697,Rahul,Patel,1962-12-29,QOEXM5412D,rahul.patel60@gmail.com,9323585614,VERIFIED,BR002,2026-05-16 10:43:23.5174354,2026-05-16 10:43:23.5174354
5698,Vikram,Iyer,1980-09-13,XHKFE4577J,vikram.iyer92@gmail.com,9417207559,VERIFIED,BR001,2026-05-16 10:43:23.5174354,2026-05-16 10:43:23.5174354
5699,Vikram,Verma,1974-09-08,IQAAP5453L,vikram.verma15@gmail.com,9442646317,PENDING,BR003,2026-05-16 10:43:23.5174354,2026-05-16 10:43:23.5174354
5700,Amit,Mehta,1967-03-08,MEUEJ9420B,amit.mehta39@gmail.com,9357460202,PENDING,BR005,2026-05-16 10:43:23.5174354,2026-05-16 10:43:23.5174354
5701,Suresh,Sharma,1984-07-14,TKLLA8421H,suresh.sharma81@gmail.com,9754262485,PENDING,BR004,2026-05-16 10:43:23.5174354,2026-05-16 10:43:23.5174354
5702,Vikram,Gupta,1977-04-11,WLCXH3900L,vikram.gupta11@gmail.com,9776057010,VERIFIED,BR004,2026-05-16 10:43:23.5174354,2026-05-16 10:43:23.5174354
5703,Amit,Singh,1987-11-26,UCLYM8801L,amit.singh58@gmail.com,9609977390,PENDING,BR001,2026-05-16 10:43:23.5174354,2026-05-16 10:43:23.5174354
5704,Suresh,Sharma,1979-03-29,VQNVJ1680T,suresh.sharma40@gmail.com,9478188462,PENDING,BR003,2026-05-16 10:43:23.5174354,2026-05-16 10:43:23.5174354
5705,Neha,Yadav,1999-08-10,XGEKU3440O,neha.yadav64@gmail.com,9597267797,VERIFIED,BR002,2026-05-16 10:43:23.5174354,2026-05-16 10:43:23.5174354
5706,Suresh,Kumar,1997-04-23,BQFRS6735T,suresh.kumar82@gmail.com,9502767375,VERIFIED,BR002,2026-05-16 10:43:23.5174354,2026-05-16 10:43:23.5174354
5707,Rahul,Desai,1967-11-11,LBGRT2453M,rahul.desai14@gmail.com,9863687296,VERIFIED,BR005,2026-05-16 10:43:23.5174354,2026-05-16 10:43:23.5174354
5708,Kavita,Desai,1966-02-01,GUCYM3729P,kavita.desai98@gmail.com,9896437628,VERIFIED,BR002,2026-05-16 10:43:23.5174354,2026-05-16 10:43:23.5174354
5709,Vikram,Iyer,1990-04-16,USWKC6342C,vikram.iyer47@gmail.com,9409468480,REJECTED,BR004,2026-05-16 10:43:23.5174354,2026-05-16 10:43:23.5174354
5710,Rohit,Verma,1987-11-21,UQTYM2982C,rohit.verma60@gmail.com,9645273390,VERIFIED,BR005,2026-05-16 10:43:23.5174354,2026-05-16 10:43:23.5174354
5711,Pooja,Reddy,1985-01-14,UJCOT0387W,pooja.reddy36@gmail.com,9390513116,VERIFIED,BR003,2026-05-16 10:43:23.5174354,2026-05-16 10:43:23.5174354
5712,Sneha,Jain,1991-09-13,WAXXG8874G,sneha.jain76@gmail.com,9068287587,VERIFIED,BR005,2026-05-16 10:43:23.5174354,2026-05-16 10:43:23.5174354
5713,Kavita,Jain,1989-04-12,CEFNQ2219D,kavita.jain76@gmail.com,9958130488,VERIFIED,BR003,2026-05-16 10:43:23.5174354,2026-05-16 10:43:23.5174354
5714,Sneha,Kumar,1989-03-29,ZJOCU1041X,sneha.kumar96@gmail.com,9598650619,PENDING,BR002,2026-05-16 10:43:23.5174354,2026-05-16 10:43:23.5174354
5715,Neha,Desai,1967-01-13,KRKJH9106Y,neha.desai52@gmail.com,9388261790,VERIFIED,BR001,2026-05-16 10:43:23.5174354,2026-05-16 10:43:23.5174354
5716,Neha,Iyer,1977-10-25,AKGMB6890Y,neha.iyer95@gmail.com,9124655449,VERIFIED,BR005,2026-05-16 10:43:23.5174354,2026-05-16 10:43:23.5174354
5717,Priya,Patel,1973-11-06,GYNDA7200F,priya.patel34@gmail.com,9594342301,VERIFIED,BR005,2026-05-16 10:43:23.5174354,2026-05-16 10:43:23.5174354
5718,Amit,Jain,1988-10-01,GYAHL1417O,amit.jain59@gmail.com,9826331717,VERIFIED,BR004,2026-05-16 10:43:23.5174354,2026-05-16 10:43:23.5174354
5719,Ramesh,Gupta,1985-07-27,SWTHR1476T,ramesh.gupta22@gmail.com,9180600364,VERIFIED,BR004,2026-05-16 10:43:23.5174354,2026-05-16 10:43:23.5174354
5720,Sneha,Verma,1987-05-19,PNXIT6142N,sneha.verma28@gmail.com,9865666716,PENDING,BR003,2026-05-16 10:43:23.5174354,2026-05-16 10:43:23.5174354
5721,Suresh,Singh,1963-02-28,KLJFL1382D,suresh.singh56@gmail.com,9975169924,VERIFIED,BR001,2026-05-16 10:43:23.5174354,2026-05-16 10:43:23.5174354
5722,Suresh,Jain,1963-07-11,VJPXX5475S,suresh.jain51@gmail.com,9410029447,VERIFIED,BR004,2026-05-16 10:43:23.5174354,2026-05-16 10:43:23.5174354
5723,Amit,Sharma,1991-08-05,GQOCX2594M,amit.sharma11@gmail.com,9354849324,VERIFIED,BR004,2026-05-16 10:43:23.5174354,2026-05-16 10:43:23.5174354
5724,Pooja,Sharma,1970-08-18,OZSHJ5687H,pooja.sharma93@gmail.com,9284788991,VERIFIED,BR002,2026-05-16 10:43:23.5174354,2026-05-16 10:43:23.5174354
5725,Priya,Desai,1966-06-24,HSSSW3668V,priya.desai10@gmail.com,9705066053,REJECTED,BR002,2026-05-16 10:43:23.5174354,2026-05-16 10:43:23.5174354
5726,Rohit,Verma,1995-01-03,ZYPNO1316P,rohit.verma59@gmail.com,9795593931,VERIFIED,BR004,2026-05-16 10:43:23.5174354,2026-05-16 10:43:23.5174354
5727,Neha,Desai,1969-11-16,FTTMO5500N,neha.desai52@gmail.com,9972658034,VERIFIED,BR003,2026-05-16 10:43:23.5174354,2026-05-16 10:43:23.5174354
5728,Kavita,Sharma,1989-02-06,XECDZ0689H,kavita.sharma10@gmail.com,9558851839,VERIFIED,BR001,2026-05-16 10:43:23.5174354,2026-05-16 10:43:23.5174354
5729,Pooja,Iyer,1984-10-05,ZWHGQ0410C,pooja.iyer35@gmail.com,9763313581,VERIFIED,BR004,2026-05-16 10:43:23.5174354,2026-05-16 10:43:23.5174354
5730,Rohit,Yadav,1969-10-09,WTYIJ7988Y,rohit.yadav64@gmail.com,9153054308,VERIFIED,BR003,2026-05-16 10:43:23.5174354,2026-05-16 10:43:23.5174354
5731,Ramesh,Mehta,1986-11-12,SKDPS2024G,ramesh.mehta2@gmail.com,9003135421,VERIFIED,BR003,2026-05-16 10:43:23.5174354,2026-05-16 10:43:23.5174354
5732,Kavita,Kumar,1966-09-15,FIMTM5774M,kavita.kumar22@gmail.com,9551174700,VERIFIED,BR004,2026-05-16 10:43:23.5174354,2026-05-16 10:43:23.5174354
5733,Amit,Verma,1983-08-22,CLXKC7617D,amit.verma58@gmail.com,9605463517,PENDING,BR003,2026-05-16 10:43:23.5174354,2026-05-16 10:43:23.5174354
5734,Kavita,Patel,1994-09-06,AUKAV0972N,kavita.patel79@gmail.com,9654517900,VERIFIED,BR005,2026-05-16 10:43:23.5174354,2026-05-16 10:43:23.5174354
5735,Rahul,Desai,1971-01-16,WAKLA1004L,rahul.desai88@gmail.com,9920545881,VERIFIED,BR003,2026-05-16 10:43:23.5174354,2026-05-16 10:43:23.5174354
5736,Priya,Jain,1998-01-22,CUNNV5240D,priya.jain87@gmail.com,9484476627,PENDING,BR004,2026-05-16 10:43:23.5174354,2026-05-16 10:43:23.5174354
5737,Ramesh,Desai,1994-11-01,CABGT5520D,ramesh.desai34@gmail.com,9180516607,REJECTED,BR003,2026-05-16 10:43:23.5174354,2026-05-16 10:43:23.5174354
5738,Amit,Reddy,1980-06-16,EHJDJ0991U,amit.reddy83@gmail.com,9218054990,VERIFIED,BR004,2026-05-16 10:43:23.5174354,2026-05-16 10:43:23.5174354
5739,Amit,Gupta,1973-04-20,DLVBX0487U,amit.gupta99@gmail.com,9087305625,VERIFIED,BR002,2026-05-16 10:43:23.5174354,2026-05-16 10:43:23.5174354
5740,Amit,Jain,1970-01-23,RKYHS0387I,amit.jain8@gmail.com,9349656635,VERIFIED,BR004,2026-05-16 10:43:23.5174354,2026-05-16 10:43:23.5174354
5741,Vikram,Iyer,1979-04-29,MGFBA2771Q,vikram.iyer33@gmail.com,9726541085,VERIFIED,BR003,2026-05-16 10:43:23.5174354,2026-05-16 10:43:23.5174354
5742,Pooja,Singh,1980-02-26,EOFKL5359T,pooja.singh76@gmail.com,9471039551,VERIFIED,BR004,2026-05-16 10:43:23.5174354,2026-05-16 10:43:23.5174354
5743,Rohit,Desai,1991-10-01,MQGFD5907J,rohit.desai68@gmail.com,9936614749,VERIFIED,BR001,2026-05-16 10:43:23.5174354,2026-05-16 10:43:23.5174354
5744,Suresh,Patel,1969-01-26,ILQIE3057L,suresh.patel85@gmail.com,9782565625,VERIFIED,BR004,2026-05-16 10:43:23.5174354,2026-05-16 10:43:23.5174354
5745,Neha,Singh,1999-11-24,QMYTD9328W,neha.singh50@gmail.com,9319262961,VERIFIED,BR004,2026-05-16 10:43:23.5174354,2026-05-16 10:43:23.5174354
5746,Neha,Gupta,1996-12-18,WBRAM5988J,neha.gupta10@gmail.com,9594446767,VERIFIED,BR001,2026-05-16 10:43:23.5174354,2026-05-16 10:43:23.5174354
5747,Rahul,Reddy,1979-10-22,FPFWV4584L,rahul.reddy13@gmail.com,9018334398,VERIFIED,BR001,2026-05-16 10:43:23.5174354,2026-05-16 10:43:23.5174354
5748,Rahul,Desai,1991-01-27,AHJGG3095N,rahul.desai14@gmail.com,9342975168,VERIFIED,BR001,2026-05-16 10:43:23.5174354,2026-05-16 10:43:23.5174354
5749,Rahul,Singh,1974-06-11,MDLXM7579U,rahul.singh58@gmail.com,9081709717,VERIFIED,BR005,2026-05-16 10:43:23.5174354,2026-05-16 10:43:23.5174354
5750,Anjali,Singh,1962-12-28,FMHIC7044U,anjali.singh22@gmail.com,9089515814,VERIFIED,BR004,2026-05-16 10:43:23.5174354,2026-05-16 10:43:23.5174354
5751,Rahul,Yadav,1973-01-22,WEOLF1160R,rahul.yadav35@gmail.com,9316780236,VERIFIED,BR001,2026-05-16 10:43:23.5174354,2026-05-16 10:43:23.5174354
5752,Neha,Singh,1962-01-04,MYRSY4431L,neha.singh58@gmail.com,9872929946,VERIFIED,BR001,2026-05-16 10:43:23.5174354,2026-05-16 10:43:23.5174354
5753,Ramesh,Sharma,1999-04-25,DSTDF4231W,ramesh.sharma88@gmail.com,9679479350,VERIFIED,BR002,2026-05-16 10:43:23.5174354,2026-05-16 10:43:23.5174354
5754,Rohit,Gupta,1979-05-31,BDRAJ8974U,rohit.gupta92@gmail.com,9822561998,VERIFIED,BR005,2026-05-16 10:43:23.5174354,2026-05-16 10:43:23.5174354
5755,Rahul,Patel,1970-05-11,FTLXS1977N,rahul.patel94@gmail.com,9676297883,VERIFIED,BR004,2026-05-16 10:43:23.5174354,2026-05-16 10:43:23.5174354
5756,Ramesh,Reddy,1989-04-29,BKOMC7435S,ramesh.reddy71@gmail.com,9950314010,VERIFIED,BR003,2026-05-16 10:43:23.5174354,2026-05-16 10:43:23.5174354
5757,Anjali,Gupta,1980-03-14,OJJZQ5008S,anjali.gupta79@gmail.com,9963770360,VERIFIED,BR005,2026-05-16 10:43:23.5174354,2026-05-16 10:43:23.5174354
5758,Anjali,Mehta,1999-06-18,FPRNK3102K,anjali.mehta16@gmail.com,9971832017,VERIFIED,BR005,2026-05-16 10:43:23.5174354,2026-05-16 10:43:23.5174354
5759,Suresh,Iyer,1982-10-03,NKKVA8378I,suresh.iyer33@gmail.com,9347897604,VERIFIED,BR002,2026-05-16 10:43:23.5174354,2026-05-16 10:43:23.5174354
5760,Vikram,Sharma,1976-05-06,UWJBB4260J,vikram.sharma86@gmail.com,9018456151,VERIFIED,BR004,2026-05-16 10:43:23.5174354,2026-05-16 10:43:23.5174354
5761,Vikram,Reddy,1973-02-02,REPRQ9256B,vikram.reddy54@gmail.com,9976756002,VERIFIED,BR004,2026-05-16 10:43:23.5174354,2026-05-16 10:43:23.5174354
5762,Kavita,Iyer,1989-05-10,MEEKT0213D,kavita.iyer45@gmail.com,9800196154,VERIFIED,BR001,2026-05-16 10:43:23.5174354,2026-05-16 10:43:23.5174354
5763,Vikram,Mehta,1983-11-27,GAGPN5292E,vikram.mehta31@gmail.com,9999364159,VERIFIED,BR001,2026-05-16 10:43:23.5174354,2026-05-16 10:43:23.5174354
5764,Kavita,Singh,1979-02-18,CMWRI1158J,kavita.singh95@gmail.com,9232485097,PENDING,BR005,2026-05-16 10:43:23.5174354,2026-05-16 10:43:23.5174354
5765,Sneha,Gupta,1994-06-26,CZQVE4373S,sneha.gupta36@gmail.com,9714145142,VERIFIED,BR002,2026-05-16 10:43:23.5174354,2026-05-16 10:43:23.5174354
5766,Pooja,Jain,1964-02-24,VYJTV9182Z,pooja.jain49@gmail.com,9730189671,VERIFIED,BR004,2026-05-16 10:43:23.5174354,2026-05-16 10:43:23.5174354
5767,Vikram,Patel,1962-10-29,LOMEV1754D,vikram.patel11@gmail.com,9242318313,VERIFIED,BR002,2026-05-16 10:43:23.5174354,2026-05-16 10:43:23.5174354
5768,Anjali,Reddy,1969-06-23,NLEOW1109E,anjali.reddy80@gmail.com,9465464262,VERIFIED,BR003,2026-05-16 10:43:23.5174354,2026-05-16 10:43:23.5174354
5769,Suresh,Kumar,1960-03-09,GODZV2440H,suresh.kumar83@gmail.com,9803012952,VERIFIED,BR004,2026-05-16 10:43:23.5174354,2026-05-16 10:43:23.5174354
5770,Ramesh,Iyer,1974-05-05,SNNRZ0048N,ramesh.iyer23@gmail.com,9805698603,VERIFIED,BR001,2026-05-16 10:43:23.5174354,2026-05-16 10:43:23.5174354
5771,Priya,Mehta,1975-10-30,UVPPA7862K,priya.mehta33@gmail.com,9436413352,VERIFIED,BR005,2026-05-16 10:43:23.5174354,2026-05-16 10:43:23.5174354
5772,Rahul,Iyer,1961-07-22,XWIRP9322I,rahul.iyer5@gmail.com,9315529838,VERIFIED,BR002,2026-05-16 10:43:23.5174354,2026-05-16 10:43:23.5174354
5773,Vikram,Yadav,1983-03-06,DSEXN7763U,vikram.yadav1@gmail.com,9684849955,VERIFIED,BR001,2026-05-16 10:43:23.5174354,2026-05-16 10:43:23.5174354
5774,Priya,Sharma,1968-11-16,XSEYH4636Q,priya.sharma12@gmail.com,9682946493,VERIFIED,BR005,2026-05-16 10:43:23.5174354,2026-05-16 10:43:23.5174354
5775,Kavita,Sharma,1985-05-15,HZKIV4491W,kavita.sharma93@gmail.com,9252054622,VERIFIED,BR001,2026-05-16 10:43:23.5174354,2026-05-16 10:43:23.5174354
5776,Ramesh,Jain,1960-10-21,FSKWV7654X,ramesh.jain18@gmail.com,9864466981,VERIFIED,BR004,2026-05-16 10:43:23.5174354,2026-05-16 10:43:23.5174354
5777,Amit,Yadav,1989-04-30,SXSNM9859Q,amit.yadav7@gmail.com,9954494314,VERIFIED,BR002,2026-05-16 10:43:23.5174354,2026-05-16 10:43:23.5174354
5778,Neha,Sharma,1962-05-14,QBDZM7263I,neha.sharma20@gmail.com,9014494828,VERIFIED,BR003,2026-05-16 10:43:23.5174354,2026-05-16 10:43:23.5174354
5779,Vikram,Verma,1963-05-16,ALYEB7952R,vikram.verma75@gmail.com,9637755731,VERIFIED,BR001,2026-05-16 10:43:23.5174354,2026-05-16 10:43:23.5174354
5780,Neha,Verma,1964-02-16,VTIOB9707U,neha.verma65@gmail.com,9645499707,VERIFIED,BR002,2026-05-16 10:43:23.5174354,2026-05-16 10:43:23.5174354
5781,Vikram,Reddy,1994-08-23,GARGI9917G,vikram.reddy75@gmail.com,9697368607,VERIFIED,BR004,2026-05-16 10:43:23.5174354,2026-05-16 10:43:23.5174354
5782,Amit,Kumar,1996-01-03,AZSBN6671U,amit.kumar82@gmail.com,9757810415,VERIFIED,BR001,2026-05-16 10:43:23.5174354,2026-05-16 10:43:23.5174354
5783,Rahul,Patel,1979-10-28,INNTY7725U,rahul.patel45@gmail.com,9980473587,VERIFIED,BR004,2026-05-16 10:43:23.5174354,2026-05-16 10:43:23.5174354
5784,Pooja,Singh,1976-04-02,KNTZQ1632P,pooja.singh46@gmail.com,9521020352,REJECTED,BR003,2026-05-16 10:43:23.5174354,2026-05-16 10:43:23.5174354
5785,Priya,Verma,1979-07-04,LKBRQ5867S,priya.verma92@gmail.com,9672079424,VERIFIED,BR003,2026-05-16 10:43:23.5174354,2026-05-16 10:43:23.5174354
5786,Sneha,Mehta,1993-11-07,BCTQG5320B,sneha.mehta40@gmail.com,9949274031,VERIFIED,BR005,2026-05-16 10:43:23.5174354,2026-05-16 10:43:23.5174354
5787,Rohit,Yadav,1991-03-23,ZIAQY8660U,rohit.yadav68@gmail.com,9803115429,VERIFIED,BR005,2026-05-16 10:43:23.5174354,2026-05-16 10:43:23.5174354
5788,Ramesh,Gupta,1963-02-02,SHQSS3880O,ramesh.gupta16@gmail.com,9561687167,PENDING,BR005,2026-05-16 10:43:23.5174354,2026-05-16 10:43:23.5174354
5789,Ramesh,Kumar,1981-06-19,LYJEI2919H,ramesh.kumar59@gmail.com,9239395479,REJECTED,BR004,2026-05-16 10:43:23.5174354,2026-05-16 10:43:23.5174354
5790,Rahul,Patel,1976-02-09,SINWZ0311V,rahul.patel23@gmail.com,9372171587,VERIFIED,BR005,2026-05-16 10:43:23.5174354,2026-05-16 10:43:23.5174354
5791,Suresh,Jain,1977-05-15,KRAOS5936Z,suresh.jain52@gmail.com,9722120759,VERIFIED,BR002,2026-05-16 10:43:23.5174354,2026-05-16 10:43:23.5174354
5792,Anjali,Mehta,1999-09-22,OUYVK4714G,anjali.mehta62@gmail.com,9717785964,VERIFIED,BR004,2026-05-16 10:43:23.5174354,2026-05-16 10:43:23.5174354
5793,Vikram,Kumar,1989-09-19,NIDVO6137D,vikram.kumar89@gmail.com,9401901706,VERIFIED,BR004,2026-05-16 10:43:23.5174354,2026-05-16 10:43:23.5174354
5794,Rohit,Yadav,1984-07-11,ONLXG3597Z,rohit.yadav30@gmail.com,9755899974,VERIFIED,BR005,2026-05-16 10:43:23.5174354,2026-05-16 10:43:23.5174354
5795,Suresh,Mehta,1971-11-22,PCJMQ7418S,suresh.mehta10@gmail.com,9745885057,PENDING,BR005,2026-05-16 10:43:23.5174354,2026-05-16 10:43:23.5174354
5796,Rohit,Yadav,1976-07-11,PHCWA5091X,rohit.yadav86@gmail.com,9824703222,VERIFIED,BR004,2026-05-16 10:43:23.5174354,2026-05-16 10:43:23.5174354
5797,Anjali,Jain,1987-07-15,BQTQF6366C,anjali.jain19@gmail.com,9211868506,VERIFIED,BR003,2026-05-16 10:43:23.5174354,2026-05-16 10:43:23.5174354
5798,Neha,Patel,1998-10-26,OFAWY1518T,neha.patel74@gmail.com,9271508711,VERIFIED,BR003,2026-05-16 10:43:23.5174354,2026-05-16 10:43:23.5174354
5799,Vikram,Sharma,1993-11-12,SPGOG0048N,vikram.sharma27@gmail.com,9784462683,VERIFIED,BR005,2026-05-16 10:43:23.5174354,2026-05-16 10:43:23.5174354
5800,Sneha,Singh,1961-09-23,WQFBF7979Z,sneha.singh37@gmail.com,9743132898,VERIFIED,BR003,2026-05-16 10:43:23.5174354,2026-05-16 10:43:23.5174354
5801,Sneha,Singh,1975-07-26,CQREW5028I,sneha.singh6@gmail.com,9947471362,VERIFIED,BR002,2026-05-16 10:43:23.5174354,2026-05-16 10:43:23.5174354
5802,Anjali,Desai,1976-01-30,ITHQA3698C,anjali.desai33@gmail.com,9841075706,VERIFIED,BR002,2026-05-16 10:43:23.5174354,2026-05-16 10:43:23.5174354
5803,Ramesh,Jain,1994-05-22,PGBYZ0614G,ramesh.jain59@gmail.com,9032012628,VERIFIED,BR002,2026-05-16 10:43:23.5174354,2026-05-16 10:43:23.5174354
5804,Ramesh,Jain,1963-12-05,GSNHT7274L,ramesh.jain22@gmail.com,9206357870,VERIFIED,BR004,2026-05-16 10:43:23.5174354,2026-05-16 10:43:23.5174354
5805,Vikram,Verma,1983-04-17,JHTAT7936R,vikram.verma12@gmail.com,9978864320,PENDING,BR004,2026-05-16 10:43:23.5174354,2026-05-16 10:43:23.5174354
5806,Pooja,Reddy,1967-01-08,JHIKK0170V,pooja.reddy10@gmail.com,9951603754,VERIFIED,BR004,2026-05-16 10:43:23.5174354,2026-05-16 10:43:23.5174354
5807,Rahul,Gupta,1977-03-10,GHPRD5253P,rahul.gupta61@gmail.com,9500509403,VERIFIED,BR004,2026-05-16 10:43:23.5174354,2026-05-16 10:43:23.5174354
5808,Rahul,Yadav,1971-06-05,TFBHT9009Z,rahul.yadav33@gmail.com,9857023631,VERIFIED,BR004,2026-05-16 10:43:23.5174354,2026-05-16 10:43:23.5174354
5809,Ramesh,Desai,1989-10-12,KGQFQ4079A,ramesh.desai48@gmail.com,9161223069,VERIFIED,BR005,2026-05-16 10:43:23.5174354,2026-05-16 10:43:23.5174354
5810,Ramesh,Iyer,1971-06-27,DLAWL8770X,ramesh.iyer82@gmail.com,9982653846,REJECTED,BR003,2026-05-16 10:43:23.5174354,2026-05-16 10:43:23.5174354
5811,Priya,Desai,1996-08-04,OWCYM3747F,priya.desai84@gmail.com,9680472013,PENDING,BR005,2026-05-16 10:43:23.5174354,2026-05-16 10:43:23.5174354
5812,Sneha,Jain,1993-03-05,SXZSO9241Q,sneha.jain55@gmail.com,9792528435,VERIFIED,BR003,2026-05-16 10:43:23.5174354,2026-05-16 10:43:23.5174354
5813,Anjali,Iyer,1962-05-08,BVLNI6220P,anjali.iyer8@gmail.com,9340661058,VERIFIED,BR005,2026-05-16 10:43:23.5174354,2026-05-16 10:43:23.5174354
5814,Sneha,Desai,2000-06-07,LIGAP6061C,sneha.desai19@gmail.com,9975418767,VERIFIED,BR002,2026-05-16 10:43:23.5174354,2026-05-16 10:43:23.5174354
5815,Amit,Yadav,1970-07-04,PCYUN9977N,amit.yadav95@gmail.com,9234008977,REJECTED,BR001,2026-05-16 10:43:23.5174354,2026-05-16 10:43:23.5174354
5816,Kavita,Jain,1991-03-19,IDQND3223M,kavita.jain54@gmail.com,9246276017,VERIFIED,BR004,2026-05-16 10:43:23.5174354,2026-05-16 10:43:23.5174354
5817,Pooja,Patel,1966-01-30,WDTDJ5011X,pooja.patel61@gmail.com,9980292195,VERIFIED,BR001,2026-05-16 10:43:23.5174354,2026-05-16 10:43:23.5174354
5818,Suresh,Yadav,1980-11-18,YVJHQ7356K,suresh.yadav9@gmail.com,9531191090,VERIFIED,BR001,2026-05-16 10:43:23.5174354,2026-05-16 10:43:23.5174354
5819,Kavita,Singh,1989-08-09,ZXCZN5900G,kavita.singh40@gmail.com,9822888475,PENDING,BR002,2026-05-16 10:43:23.5174354,2026-05-16 10:43:23.5174354
5820,Anjali,Yadav,1970-06-20,GADKU3126Q,anjali.yadav5@gmail.com,9657762532,VERIFIED,BR001,2026-05-16 10:43:23.5174354,2026-05-16 10:43:23.5174354
5821,Kavita,Patel,1977-02-26,HPRQU9447C,kavita.patel52@gmail.com,9170713938,VERIFIED,BR001,2026-05-16 10:43:23.5174354,2026-05-16 10:43:23.5174354
5822,Kavita,Kumar,1998-05-22,OFCQC9896T,kavita.kumar20@gmail.com,9824420735,VERIFIED,BR002,2026-05-16 10:43:23.5174354,2026-05-16 10:43:23.5174354
5823,Anjali,Singh,1991-12-18,NQRKP7538I,anjali.singh4@gmail.com,9930238832,PENDING,BR003,2026-05-16 10:43:23.5174354,2026-05-16 10:43:23.5174354
5824,Priya,Sharma,1983-11-11,VPMKN7010C,priya.sharma93@gmail.com,9168660315,VERIFIED,BR005,2026-05-16 10:43:23.5174354,2026-05-16 10:43:23.5174354
5825,Ramesh,Mehta,1998-06-19,KFHBL2822Y,ramesh.mehta80@gmail.com,9727059752,PENDING,BR001,2026-05-16 10:43:23.5174354,2026-05-16 10:43:23.5174354
5826,Ramesh,Sharma,1986-08-09,MKMOH6598L,ramesh.sharma50@gmail.com,9413322508,VERIFIED,BR004,2026-05-16 10:43:23.5174354,2026-05-16 10:43:23.5174354
5827,Vikram,Reddy,1982-04-18,OMQNF8208L,vikram.reddy81@gmail.com,9813396576,VERIFIED,BR002,2026-05-16 10:43:23.5174354,2026-05-16 10:43:23.5174354
5828,Kavita,Jain,1980-06-07,QUURH7786T,kavita.jain26@gmail.com,9004151792,REJECTED,BR001,2026-05-16 10:43:23.5174354,2026-05-16 10:43:23.5174354
5829,Suresh,Sharma,1984-12-07,VTQHS3081X,suresh.sharma9@gmail.com,9564652629,REJECTED,BR003,2026-05-16 10:43:23.5174354,2026-05-16 10:43:23.5174354
5830,Priya,Iyer,1967-12-03,HZCGB6481M,priya.iyer57@gmail.com,9012368362,VERIFIED,BR003,2026-05-16 10:43:23.5174354,2026-05-16 10:43:23.5174354
5831,Priya,Singh,1982-09-23,DWVBM7049Z,priya.singh87@gmail.com,9145839440,VERIFIED,BR004,2026-05-16 10:43:23.5174354,2026-05-16 10:43:23.5174354
5832,Anjali,Sharma,1999-04-29,FICFG5699M,anjali.sharma71@gmail.com,9556224509,VERIFIED,BR001,2026-05-16 10:43:23.5174354,2026-05-16 10:43:23.5174354
5833,Suresh,Verma,1970-11-10,URTXO8463H,suresh.verma49@gmail.com,9883952066,VERIFIED,BR004,2026-05-16 10:43:23.5174354,2026-05-16 10:43:23.5174354
5834,Rohit,Iyer,1999-07-06,HMWCP4008X,rohit.iyer33@gmail.com,9366073685,VERIFIED,BR003,2026-05-16 10:43:23.5174354,2026-05-16 10:43:23.5174354
5835,Rahul,Sharma,1988-01-25,JVMIR1603S,rahul.sharma71@gmail.com,9590222274,VERIFIED,BR003,2026-05-16 10:43:23.5174354,2026-05-16 10:43:23.5174354
5836,Vikram,Gupta,1967-07-24,AKVLF2797T,vikram.gupta77@gmail.com,9072537284,VERIFIED,BR005,2026-05-16 10:43:23.5174354,2026-05-16 10:43:23.5174354
5837,Rahul,Reddy,1980-03-29,LQMXQ9833N,rahul.reddy58@gmail.com,9269341418,VERIFIED,BR003,2026-05-16 10:43:23.5174354,2026-05-16 10:43:23.5174354
5838,Sneha,Mehta,1961-12-08,MRATC9502C,sneha.mehta13@gmail.com,9176975879,VERIFIED,BR002,2026-05-16 10:43:23.5174354,2026-05-16 10:43:23.5174354
5839,Vikram,Patel,1970-06-14,ZOCAP9738G,vikram.patel33@gmail.com,9001357160,VERIFIED,BR005,2026-05-16 10:43:23.5174354,2026-05-16 10:43:23.5174354
5840,Pooja,Gupta,1988-05-06,FFIWP2056F,pooja.gupta32@gmail.com,9748410128,VERIFIED,BR004,2026-05-16 10:43:23.5174354,2026-05-16 10:43:23.5174354
5841,Anjali,Gupta,1992-08-01,RJVSL6542V,anjali.gupta77@gmail.com,9899790391,VERIFIED,BR003,2026-05-16 10:43:23.5174354,2026-05-16 10:43:23.5174354
5842,Rahul,Gupta,1974-10-11,WUTNY3253F,rahul.gupta56@gmail.com,9319260190,VERIFIED,BR002,2026-05-16 10:43:23.5174354,2026-05-16 10:43:23.5174354
5843,Suresh,Patel,1970-05-18,NZQIY8798U,suresh.patel53@gmail.com,9897000731,VERIFIED,BR005,2026-05-16 10:43:23.5174354,2026-05-16 10:43:23.5174354
5844,Anjali,Verma,1990-05-08,SMBOE8835S,anjali.verma99@gmail.com,9815028177,VERIFIED,BR002,2026-05-16 10:43:23.5174354,2026-05-16 10:43:23.5174354
5845,Suresh,Verma,1971-08-18,MDQVN1488Z,suresh.verma81@gmail.com,9069173116,VERIFIED,BR005,2026-05-16 10:43:23.5174354,2026-05-16 10:43:23.5174354
5846,Kavita,Jain,1974-06-02,RMKRG8720K,kavita.jain83@gmail.com,9038245377,VERIFIED,BR005,2026-05-16 10:43:23.5174354,2026-05-16 10:43:23.5174354
5847,Rahul,Patel,1960-04-24,FEJFG0282M,rahul.patel82@gmail.com,9127018282,VERIFIED,BR005,2026-05-16 10:43:23.5174354,2026-05-16 10:43:23.5174354
5848,Kavita,Kumar,1986-08-12,BRQLI0060M,kavita.kumar5@gmail.com,9570706313,VERIFIED,BR004,2026-05-16 10:43:23.5174354,2026-05-16 10:43:23.5174354
5849,Ramesh,Iyer,1992-11-07,XHBTE5641H,ramesh.iyer95@gmail.com,9729973627,VERIFIED,BR005,2026-05-16 10:43:23.5174354,2026-05-16 10:43:23.5174354
5850,Rohit,Jain,1991-04-21,XWBBM3999E,rohit.jain1@gmail.com,9807352188,VERIFIED,BR005,2026-05-16 10:43:23.5174354,2026-05-16 10:43:23.5174354
5851,Pooja,Yadav,1980-04-01,FJOFP2733O,pooja.yadav74@gmail.com,9682568279,REJECTED,BR002,2026-05-16 10:43:23.5174354,2026-05-16 10:43:23.5174354
5852,Pooja,Yadav,1995-09-20,XXJOJ6814O,pooja.yadav66@gmail.com,9371851541,VERIFIED,BR005,2026-05-16 10:43:23.5174354,2026-05-16 10:43:23.5174354
5853,Rahul,Verma,1996-03-08,EGGFZ2261I,rahul.verma50@gmail.com,9610450579,PENDING,BR004,2026-05-16 10:43:23.5174354,2026-05-16 10:43:23.5174354
5854,Neha,Singh,1991-08-22,KNNMC2306V,neha.singh58@gmail.com,9108555684,VERIFIED,BR002,2026-05-16 10:43:23.5174354,2026-05-16 10:43:23.5174354
5855,Rohit,Patel,2000-07-05,NJFLJ8976H,rohit.patel69@gmail.com,9521419296,VERIFIED,BR005,2026-05-16 10:43:23.5174354,2026-05-16 10:43:23.5174354
5856,Sneha,Verma,1986-02-21,EXPLX1016R,sneha.verma1@gmail.com,9961756423,VERIFIED,BR002,2026-05-16 10:43:23.5174354,2026-05-16 10:43:23.5174354
5857,Amit,Singh,1991-08-29,YLNFL5095N,amit.singh87@gmail.com,9477427873,VERIFIED,BR004,2026-05-16 10:43:23.5174354,2026-05-16 10:43:23.5174354
5858,Vikram,Yadav,1976-06-01,BIMKS8856X,vikram.yadav3@gmail.com,9919042858,PENDING,BR002,2026-05-16 10:43:23.5174354,2026-05-16 10:43:23.5174354
5859,Pooja,Sharma,1977-03-20,GSIKH5730L,pooja.sharma4@gmail.com,9909971282,VERIFIED,BR004,2026-05-16 10:43:23.5174354,2026-05-16 10:43:23.5174354
5860,Anjali,Verma,1995-09-24,KQOXX4587E,anjali.verma9@gmail.com,9138258310,VERIFIED,BR003,2026-05-16 10:43:23.5174354,2026-05-16 10:43:23.5174354
5861,Ramesh,Reddy,1992-01-22,EIXUU5876G,ramesh.reddy32@gmail.com,9544886507,VERIFIED,BR005,2026-05-16 10:43:23.5174354,2026-05-16 10:43:23.5174354
5862,Kavita,Sharma,1984-12-11,FCDQW1732Y,kavita.sharma26@gmail.com,9071721578,VERIFIED,BR004,2026-05-16 10:43:23.5174354,2026-05-16 10:43:23.5174354
5863,Amit,Jain,1964-05-18,WRICU6122H,amit.jain6@gmail.com,9828544516,VERIFIED,BR005,2026-05-16 10:43:23.5174354,2026-05-16 10:43:23.5174354
5864,Sneha,Sharma,1966-06-30,BHIYH6854J,sneha.sharma25@gmail.com,9681314527,VERIFIED,BR004,2026-05-16 10:43:23.5174354,2026-05-16 10:43:23.5174354
5865,Anjali,Verma,2000-10-05,RHVKE7282G,anjali.verma38@gmail.com,9882048857,PENDING,BR001,2026-05-16 10:43:23.5174354,2026-05-16 10:43:23.5174354
5866,Rahul,Singh,1999-05-21,IAGBH1858K,rahul.singh79@gmail.com,9840673856,VERIFIED,BR001,2026-05-16 10:43:23.5174354,2026-05-16 10:43:23.5174354
5867,Rohit,Reddy,1960-10-02,TCUAZ2606K,rohit.reddy2@gmail.com,9629826409,VERIFIED,BR001,2026-05-16 10:43:23.5174354,2026-05-16 10:43:23.5174354
5868,Pooja,Singh,1964-07-02,FZQPK2020K,pooja.singh23@gmail.com,9596994610,VERIFIED,BR004,2026-05-16 10:43:23.5174354,2026-05-16 10:43:23.5174354
5869,Vikram,Gupta,1970-08-20,LJFPR3470O,vikram.gupta46@gmail.com,9156836064,VERIFIED,BR005,2026-05-16 10:43:23.5174354,2026-05-16 10:43:23.5174354
5870,Amit,Singh,1986-10-11,XAOCG9610X,amit.singh62@gmail.com,9594696177,VERIFIED,BR001,2026-05-16 10:43:23.5174354,2026-05-16 10:43:23.5174354
5871,Pooja,Singh,1967-02-27,UTETW3139W,pooja.singh44@gmail.com,9014642713,REJECTED,BR005,2026-05-16 10:43:23.5174354,2026-05-16 10:43:23.5174354
5872,Neha,Kumar,1994-09-30,GGOZQ3855D,neha.kumar12@gmail.com,9796886453,VERIFIED,BR004,2026-05-16 10:43:23.5174354,2026-05-16 10:43:23.5174354
5873,Neha,Desai,1978-10-30,EODWO4356A,neha.desai8@gmail.com,9234519531,VERIFIED,BR005,2026-05-16 10:43:23.5174354,2026-05-16 10:43:23.5174354
5874,Sneha,Jain,1991-03-22,XTXUS6819R,sneha.jain92@gmail.com,9595709089,PENDING,BR005,2026-05-16 10:43:23.5174354,2026-05-16 10:43:23.5174354
5875,Sneha,Mehta,1984-12-17,YTITL8439P,sneha.mehta72@gmail.com,9507140312,VERIFIED,BR001,2026-05-16 10:43:23.5174354,2026-05-16 10:43:23.5174354
5876,Neha,Desai,1960-01-21,FCQOG4876M,neha.desai83@gmail.com,9505514091,VERIFIED,BR002,2026-05-16 10:43:23.5174354,2026-05-16 10:43:23.5174354
5877,Ramesh,Reddy,1997-10-26,YIPTP4719E,ramesh.reddy93@gmail.com,9333781243,VERIFIED,BR003,2026-05-16 10:43:23.5174354,2026-05-16 10:43:23.5174354
5878,Kavita,Reddy,1966-03-10,AUIZF3449Q,kavita.reddy11@gmail.com,9963549695,PENDING,BR004,2026-05-16 10:43:23.5174354,2026-05-16 10:43:23.5174354
5879,Rahul,Patel,1987-04-24,HPKCV3856S,rahul.patel75@gmail.com,9120784499,VERIFIED,BR004,2026-05-16 10:43:23.5174354,2026-05-16 10:43:23.5174354
5880,Anjali,Singh,1999-12-02,EYMAQ5701B,anjali.singh84@gmail.com,9656903538,VERIFIED,BR004,2026-05-16 10:43:23.5174354,2026-05-16 10:43:23.5174354
5881,Pooja,Sharma,1965-02-13,DZILE5256R,pooja.sharma28@gmail.com,9050800711,VERIFIED,BR003,2026-05-16 10:43:23.5174354,2026-05-16 10:43:23.5174354
5882,Anjali,Desai,1962-04-18,CJRIQ4221T,anjali.desai78@gmail.com,9445928282,VERIFIED,BR002,2026-05-16 10:43:23.5174354,2026-05-16 10:43:23.5174354
5883,Anjali,Patel,1986-11-09,MBEKF2913Q,anjali.patel7@gmail.com,9084215613,VERIFIED,BR005,2026-05-16 10:43:23.5174354,2026-05-16 10:43:23.5174354
5884,Pooja,Gupta,1999-06-17,LGCUX1546D,pooja.gupta16@gmail.com,9721838234,VERIFIED,BR004,2026-05-16 10:43:23.5174354,2026-05-16 10:43:23.5174354
5885,Kavita,Mehta,1972-08-26,QWGNT0425K,kavita.mehta86@gmail.com,9079932414,VERIFIED,BR005,2026-05-16 10:43:23.5174354,2026-05-16 10:43:23.5174354
5886,Ramesh,Singh,1970-04-07,UNJJL8982H,ramesh.singh45@gmail.com,9638590026,PENDING,BR001,2026-05-16 10:43:23.5174354,2026-05-16 10:43:23.5174354
5887,Priya,Patel,1989-09-14,UXNQF2078J,priya.patel40@gmail.com,9888218346,VERIFIED,BR001,2026-05-16 10:43:23.5174354,2026-05-16 10:43:23.5174354
5888,Ramesh,Desai,1963-04-26,OOVNP3581X,ramesh.desai99@gmail.com,9415098620,VERIFIED,BR001,2026-05-16 10:43:23.5174354,2026-05-16 10:43:23.5174354
5889,Rohit,Gupta,1960-06-04,QRVKF5505X,rohit.gupta3@gmail.com,9801238648,PENDING,BR004,2026-05-16 10:43:23.5174354,2026-05-16 10:43:23.5174354
5890,Sneha,Kumar,1975-02-16,AMAOY2178Z,sneha.kumar41@gmail.com,9996459811,VERIFIED,BR003,2026-05-16 10:43:23.5174354,2026-05-16 10:43:23.5174354
5891,Priya,Yadav,2000-02-07,JCURI6164N,priya.yadav51@gmail.com,9852185975,PENDING,BR004,2026-05-16 10:43:23.5174354,2026-05-16 10:43:23.5174354
5892,Rahul,Mehta,1984-11-25,PFKMD8585V,rahul.mehta22@gmail.com,9068633510,VERIFIED,BR001,2026-05-16 10:43:23.5174354,2026-05-16 10:43:23.5174354
5893,Rohit,Reddy,1993-10-17,BIDBW7113E,rohit.reddy53@gmail.com,9494454593,VERIFIED,BR001,2026-05-16 10:43:23.5174354,2026-05-16 10:43:23.5174354
5894,Kavita,Kumar,1975-03-30,CDNMK8719I,kavita.kumar73@gmail.com,9298152425,VERIFIED,BR004,2026-05-16 10:43:23.5174354,2026-05-16 10:43:23.5174354
5895,Anjali,Iyer,1986-04-19,GJBPD5582B,anjali.iyer85@gmail.com,9664834020,VERIFIED,BR003,2026-05-16 10:43:23.5174354,2026-05-16 10:43:23.5174354
5896,Rahul,Iyer,1993-05-02,QRBSZ3950E,rahul.iyer42@gmail.com,9044512886,VERIFIED,BR003,2026-05-16 10:43:23.5174354,2026-05-16 10:43:23.5174354
5897,Rohit,Jain,1984-10-03,UOIGA8270Q,rohit.jain76@gmail.com,9117325502,VERIFIED,BR005,2026-05-16 10:43:23.5174354,2026-05-16 10:43:23.5174354
5898,Sneha,Singh,1980-12-07,DJGYQ2201U,sneha.singh48@gmail.com,9363081426,VERIFIED,BR002,2026-05-16 10:43:23.5174354,2026-05-16 10:43:23.5174354
5899,Rohit,Yadav,1978-03-20,UVTNE2419U,rohit.yadav13@gmail.com,9609919050,VERIFIED,BR001,2026-05-16 10:43:23.5174354,2026-05-16 10:43:23.5174354
5900,Neha,Yadav,1993-01-16,LSDRB5978Q,neha.yadav73@gmail.com,9856908849,VERIFIED,BR003,2026-05-16 10:43:23.5174354,2026-05-16 10:43:23.5174354
5901,Ramesh,Mehta,1980-07-20,WDIAP4452R,ramesh.mehta63@gmail.com,9740911497,VERIFIED,BR001,2026-05-16 10:43:23.5174354,2026-05-16 10:43:23.5174354
5902,Suresh,Sharma,1962-08-15,RHHCD7272S,suresh.sharma42@gmail.com,9800775959,VERIFIED,BR002,2026-05-16 10:43:23.5174354,2026-05-16 10:43:23.5174354
5903,Rohit,Kumar,1990-10-08,WQPWY0433I,rohit.kumar27@gmail.com,9085680935,VERIFIED,BR001,2026-05-16 10:43:23.5174354,2026-05-16 10:43:23.5174354
5904,Amit,Sharma,1960-10-18,JBVQW0200U,amit.sharma78@gmail.com,9965867621,VERIFIED,BR003,2026-05-16 10:43:23.5174354,2026-05-16 10:43:23.5174354
5905,Priya,Verma,1968-06-21,WHHPR6035Q,priya.verma70@gmail.com,9011710601,VERIFIED,BR005,2026-05-16 10:43:23.5174354,2026-05-16 10:43:23.5174354
5906,Neha,Kumar,1993-11-01,FPPPM4107Q,neha.kumar73@gmail.com,9470482791,VERIFIED,BR004,2026-05-16 10:43:23.5174354,2026-05-16 10:43:23.5174354
5907,Anjali,Gupta,1981-12-04,ARFGD5605D,anjali.gupta45@gmail.com,9352431017,VERIFIED,BR004,2026-05-16 10:43:23.5174354,2026-05-16 10:43:23.5174354
5908,Vikram,Singh,1984-02-08,WNEMV8389W,vikram.singh38@gmail.com,9452868773,VERIFIED,BR003,2026-05-16 10:43:23.5174354,2026-05-16 10:43:23.5174354
5909,Ramesh,Kumar,1963-11-10,MQHUI3507N,ramesh.kumar58@gmail.com,9051296915,PENDING,BR003,2026-05-16 10:43:23.5174354,2026-05-16 10:43:23.5174354
5910,Kavita,Kumar,1994-08-14,PNHVF4368M,kavita.kumar54@gmail.com,9600929718,VERIFIED,BR002,2026-05-16 10:43:23.5174354,2026-05-16 10:43:23.5174354
5911,Pooja,Verma,1989-04-28,JFIHL8687G,pooja.verma77@gmail.com,9556132154,VERIFIED,BR001,2026-05-16 10:43:23.5174354,2026-05-16 10:43:23.5174354
5912,Kavita,Mehta,1963-09-22,LPTIH7414Z,kavita.mehta83@gmail.com,9265165740,REJECTED,BR002,2026-05-16 10:43:23.5174354,2026-05-16 10:43:23.5174354
5913,Neha,Jain,1999-03-02,ADOJD7850Z,neha.jain2@gmail.com,9317085793,VERIFIED,BR004,2026-05-16 10:43:23.5174354,2026-05-16 10:43:23.5174354
5914,Sneha,Mehta,1992-10-03,VUBBD3526I,sneha.mehta74@gmail.com,9471325258,VERIFIED,BR001,2026-05-16 10:43:23.5174354,2026-05-16 10:43:23.5174354
5915,Sneha,Gupta,1984-06-23,VJCAJ3471Q,sneha.gupta35@gmail.com,9184002898,VERIFIED,BR002,2026-05-16 10:43:23.5174354,2026-05-16 10:43:23.5174354
5916,Sneha,Mehta,1995-05-06,MGUYJ4654G,sneha.mehta12@gmail.com,9631402889,VERIFIED,BR004,2026-05-16 10:43:23.5174354,2026-05-16 10:43:23.5174354
5917,Amit,Yadav,1970-07-27,ECEPK6418I,amit.yadav44@gmail.com,9128770582,VERIFIED,BR001,2026-05-16 10:43:23.5174354,2026-05-16 10:43:23.5174354
5918,Kavita,Desai,1968-10-03,YGRNL8205B,kavita.desai67@gmail.com,9788428011,VERIFIED,BR005,2026-05-16 10:43:23.5174354,2026-05-16 10:43:23.5174354
5919,Amit,Verma,1987-11-29,ZRPVS7748J,amit.verma50@gmail.com,9150931422,VERIFIED,BR005,2026-05-16 10:43:23.5174354,2026-05-16 10:43:23.5174354
5920,Pooja,Desai,1988-08-21,ICVSM6951N,pooja.desai29@gmail.com,9372524261,VERIFIED,BR002,2026-05-16 10:43:23.5174354,2026-05-16 10:43:23.5174354
5921,Vikram,Desai,1980-03-29,ZKDUU9406J,vikram.desai14@gmail.com,9213615402,VERIFIED,BR003,2026-05-16 10:43:23.5174354,2026-05-16 10:43:23.5174354
5922,Ramesh,Verma,1972-06-06,GGQGO5424J,ramesh.verma74@gmail.com,9791684528,VERIFIED,BR001,2026-05-16 10:43:23.5174354,2026-05-16 10:43:23.5174354
5923,Ramesh,Desai,1990-09-04,JCXNI0989A,ramesh.desai48@gmail.com,9567377858,VERIFIED,BR002,2026-05-16 10:43:23.5174354,2026-05-16 10:43:23.5174354
5924,Suresh,Desai,1966-09-12,ZTPQO2277P,suresh.desai74@gmail.com,9557993871,VERIFIED,BR003,2026-05-16 10:43:23.5174354,2026-05-16 10:43:23.5174354
5925,Amit,Desai,1977-09-21,DYJWJ0396D,amit.desai7@gmail.com,9939206861,VERIFIED,BR003,2026-05-16 10:43:23.5174354,2026-05-16 10:43:23.5174354
5926,Pooja,Jain,1980-02-27,GMGDZ0643N,pooja.jain32@gmail.com,9253349471,VERIFIED,BR001,2026-05-16 10:43:23.5174354,2026-05-16 10:43:23.5174354
5927,Rohit,Gupta,1974-02-22,GVAZK7461W,rohit.gupta44@gmail.com,9181527507,PENDING,BR001,2026-05-16 10:43:23.5174354,2026-05-16 10:43:23.5174354
5928,Rohit,Reddy,1987-09-16,DTUQI5312R,rohit.reddy64@gmail.com,9235428117,VERIFIED,BR003,2026-05-16 10:43:23.5174354,2026-05-16 10:43:23.5174354
5929,Anjali,Jain,1970-01-04,HJHXO6421B,anjali.jain99@gmail.com,9897230652,VERIFIED,BR004,2026-05-16 10:43:23.5174354,2026-05-16 10:43:23.5174354
5930,Amit,Gupta,1984-04-28,MNCFS0972M,amit.gupta89@gmail.com,9212872488,VERIFIED,BR002,2026-05-16 10:43:23.5174354,2026-05-16 10:43:23.5174354
5931,Rahul,Iyer,1999-08-24,RGWQQ9781M,rahul.iyer75@gmail.com,9754737160,VERIFIED,BR001,2026-05-16 10:43:23.5174354,2026-05-16 10:43:23.5174354
5932,Kavita,Sharma,1972-01-14,DXQLU4822G,kavita.sharma8@gmail.com,9387832232,VERIFIED,BR003,2026-05-16 10:43:23.5174354,2026-05-16 10:43:23.5174354
5933,Anjali,Jain,1973-10-26,GXCUB8172X,anjali.jain53@gmail.com,9868947871,VERIFIED,BR004,2026-05-16 10:43:23.5174354,2026-05-16 10:43:23.5174354
5934,Anjali,Kumar,1982-02-24,JMERT5444Y,anjali.kumar24@gmail.com,9718717553,VERIFIED,BR005,2026-05-16 10:43:23.5174354,2026-05-16 10:43:23.5174354
5935,Anjali,Mehta,1975-05-24,BVGFP1866K,anjali.mehta85@gmail.com,9183005478,PENDING,BR003,2026-05-16 10:43:23.5174354,2026-05-16 10:43:23.5174354
5936,Pooja,Verma,1966-08-17,XNTYN4789X,pooja.verma21@gmail.com,9039551058,VERIFIED,BR004,2026-05-16 10:43:23.5174354,2026-05-16 10:43:23.5174354
5937,Sneha,Yadav,1961-12-05,DFWJX9037S,sneha.yadav35@gmail.com,9449264318,PENDING,BR005,2026-05-16 10:43:23.5174354,2026-05-16 10:43:23.5174354
5938,Ramesh,Desai,1971-05-19,DQUHV4339Q,ramesh.desai71@gmail.com,9259447553,VERIFIED,BR004,2026-05-16 10:43:23.5174354,2026-05-16 10:43:23.5174354
5939,Anjali,Patel,1984-12-21,THDIN2580Y,anjali.patel98@gmail.com,9733450249,VERIFIED,BR001,2026-05-16 10:43:23.5174354,2026-05-16 10:43:23.5174354
5940,Ramesh,Verma,1965-10-18,KXAUD3310U,ramesh.verma10@gmail.com,9859685265,REJECTED,BR003,2026-05-16 10:43:23.5174354,2026-05-16 10:43:23.5174354
5941,Ramesh,Singh,1970-03-29,GHLDH0825B,ramesh.singh31@gmail.com,9998100322,VERIFIED,BR005,2026-05-16 10:43:23.5174354,2026-05-16 10:43:23.5174354
5942,Amit,Verma,1988-01-07,NGPTP2223N,amit.verma74@gmail.com,9244117589,PENDING,BR004,2026-05-16 10:43:23.5174354,2026-05-16 10:43:23.5174354
5943,Pooja,Jain,1972-11-30,KHUDY4991R,pooja.jain88@gmail.com,9098078985,VERIFIED,BR005,2026-05-16 10:43:23.5174354,2026-05-16 10:43:23.5174354
5944,Ramesh,Jain,1973-07-15,EEWJE8515T,ramesh.jain18@gmail.com,9115371713,VERIFIED,BR002,2026-05-16 10:43:23.5174354,2026-05-16 10:43:23.5174354
5945,Anjali,Kumar,1980-01-11,GTOFA9285J,anjali.kumar76@gmail.com,9139203200,VERIFIED,BR003,2026-05-16 10:43:23.5174354,2026-05-16 10:43:23.5174354
5946,Pooja,Yadav,1998-04-02,VPVKN6925Y,pooja.yadav97@gmail.com,9810416341,VERIFIED,BR001,2026-05-16 10:43:23.5174354,2026-05-16 10:43:23.5174354
5947,Anjali,Verma,1979-07-09,YURLO1123W,anjali.verma86@gmail.com,9253139710,VERIFIED,BR005,2026-05-16 10:43:23.5174354,2026-05-16 10:43:23.5174354
5948,Neha,Yadav,1999-02-05,CEQZR8111U,neha.yadav34@gmail.com,9015854129,VERIFIED,BR004,2026-05-16 10:43:23.5174354,2026-05-16 10:43:23.5174354
5949,Kavita,Verma,1982-10-30,FIGRT2217B,kavita.verma24@gmail.com,9753230904,VERIFIED,BR005,2026-05-16 10:43:23.5174354,2026-05-16 10:43:23.5174354
5950,Neha,Gupta,1970-06-13,BVEMY9478U,neha.gupta95@gmail.com,9670287110,VERIFIED,BR004,2026-05-16 10:43:23.5174354,2026-05-16 10:43:23.5174354
5951,Neha,Jain,1966-03-15,SADIF4705E,neha.jain67@gmail.com,9561932348,VERIFIED,BR005,2026-05-16 10:43:23.5174354,2026-05-16 10:43:23.5174354
5952,Amit,Gupta,1960-11-27,AIWGF4642E,amit.gupta62@gmail.com,9594944084,VERIFIED,BR001,2026-05-16 10:43:23.5174354,2026-05-16 10:43:23.5174354
5953,Rahul,Jain,1965-07-19,NVTGF3604V,rahul.jain17@gmail.com,9420710644,VERIFIED,BR001,2026-05-16 10:43:23.5174354,2026-05-16 10:43:23.5174354
5954,Sneha,Reddy,1971-07-10,GHIAM2844X,sneha.reddy63@gmail.com,9724452578,VERIFIED,BR003,2026-05-16 10:43:23.5174354,2026-05-16 10:43:23.5174354
5955,Kavita,Sharma,1987-03-20,FBXJU4953J,kavita.sharma54@gmail.com,9293835088,VERIFIED,BR001,2026-05-16 10:43:23.5174354,2026-05-16 10:43:23.5174354
5956,Amit,Jain,1969-01-26,PUOPK4750N,amit.jain42@gmail.com,9293384382,PENDING,BR005,2026-05-16 10:43:23.5174354,2026-05-16 10:43:23.5174354
5957,Anjali,Verma,1980-08-12,RAXUR1513L,anjali.verma9@gmail.com,9045220846,VERIFIED,BR005,2026-05-16 10:43:23.5174354,2026-05-16 10:43:23.5174354
5958,Amit,Iyer,1999-09-05,GVWFE9159N,amit.iyer90@gmail.com,9129777881,VERIFIED,BR001,2026-05-16 10:43:23.5174354,2026-05-16 10:43:23.5174354
5959,Anjali,Iyer,1965-01-08,THDXR2022H,anjali.iyer16@gmail.com,9213895657,VERIFIED,BR002,2026-05-16 10:43:23.5174354,2026-05-16 10:43:23.5174354
5960,Rahul,Desai,1983-09-09,ZIODP7549P,rahul.desai95@gmail.com,9315711076,PENDING,BR005,2026-05-16 10:43:23.5174354,2026-05-16 10:43:23.5174354
5961,Ramesh,Verma,1990-05-22,RURRN4304B,ramesh.verma39@gmail.com,9162121998,VERIFIED,BR003,2026-05-16 10:43:23.5174354,2026-05-16 10:43:23.5174354
5962,Amit,Singh,1967-01-19,PQFGE9860U,amit.singh5@gmail.com,9785357177,VERIFIED,BR002,2026-05-16 10:43:23.5174354,2026-05-16 10:43:23.5174354
5963,Suresh,Yadav,1969-08-13,MMYUG0978N,suresh.yadav21@gmail.com,9390634216,VERIFIED,BR001,2026-05-16 10:43:23.5174354,2026-05-16 10:43:23.5174354
5964,Sneha,Desai,1984-09-27,PCYAC8181J,sneha.desai6@gmail.com,9119496547,VERIFIED,BR004,2026-05-16 10:43:23.5174354,2026-05-16 10:43:23.5174354
5965,Ramesh,Jain,1962-06-07,YEJKK8062C,ramesh.jain3@gmail.com,9785906955,VERIFIED,BR005,2026-05-16 10:43:23.5174354,2026-05-16 10:43:23.5174354
5966,Priya,Reddy,1985-05-30,TVFNK2701Y,priya.reddy95@gmail.com,9688791259,REJECTED,BR004,2026-05-16 10:43:23.5174354,2026-05-16 10:43:23.5174354
5967,Vikram,Yadav,1994-12-25,OEDTD9660K,vikram.yadav64@gmail.com,9091371298,PENDING,BR003,2026-05-16 10:43:23.5174354,2026-05-16 10:43:23.5174354
5968,Amit,Gupta,1962-06-30,JHHTW0485D,amit.gupta84@gmail.com,9402068097,VERIFIED,BR002,2026-05-16 10:43:23.5174354,2026-05-16 10:43:23.5174354
5969,Anjali,Patel,1971-07-22,THRDS4323N,anjali.patel97@gmail.com,9610341364,VERIFIED,BR004,2026-05-16 10:43:23.5174354,2026-05-16 10:43:23.5174354
5970,Kavita,Desai,1980-01-30,BFTPG1960K,kavita.desai89@gmail.com,9898408109,REJECTED,BR003,2026-05-16 10:43:23.5174354,2026-05-16 10:43:23.5174354
5971,Amit,Gupta,1961-08-28,WSWFF0294K,amit.gupta25@gmail.com,9847452943,VERIFIED,BR004,2026-05-16 10:43:23.5174354,2026-05-16 10:43:23.5174354
5972,Anjali,Singh,1964-03-02,FSTIZ6167W,anjali.singh16@gmail.com,9089108819,VERIFIED,BR004,2026-05-16 10:43:23.5174354,2026-05-16 10:43:23.5174354
5973,Rahul,Desai,1968-06-21,QTCII8281S,rahul.desai81@gmail.com,9540341277,VERIFIED,BR003,2026-05-16 10:43:23.5174354,2026-05-16 10:43:23.5174354
5974,Neha,Desai,1960-12-28,GKIRG8410U,neha.desai4@gmail.com,9457737086,VERIFIED,BR005,2026-05-16 10:43:23.5174354,2026-05-16 10:43:23.5174354
5975,Amit,Desai,1962-12-23,HGSYF8164W,amit.desai49@gmail.com,9787976069,VERIFIED,BR004,2026-05-16 10:43:23.5174354,2026-05-16 10:43:23.5174354
5976,Rohit,Sharma,1988-06-16,UABBH3494I,rohit.sharma86@gmail.com,9095706146,PENDING,BR003,2026-05-16 10:43:23.5174354,2026-05-16 10:43:23.5174354
5977,Priya,Desai,1988-02-05,WMNXR9276N,priya.desai47@gmail.com,9388195660,VERIFIED,BR004,2026-05-16 10:43:23.5174354,2026-05-16 10:43:23.5174354
5978,Vikram,Sharma,1973-07-30,YYONY5781Y,vikram.sharma22@gmail.com,9255560629,VERIFIED,BR005,2026-05-16 10:43:23.5174354,2026-05-16 10:43:23.5174354
5979,Rohit,Gupta,1963-09-26,PZDGA7018B,rohit.gupta49@gmail.com,9310994029,VERIFIED,BR003,2026-05-16 10:43:23.5174354,2026-05-16 10:43:23.5174354
5980,Ramesh,Reddy,1999-04-17,DBBPS7712O,ramesh.reddy62@gmail.com,9096546621,VERIFIED,BR004,2026-05-16 10:43:23.5174354,2026-05-16 10:43:23.5174354
5981,Priya,Sharma,1987-10-07,CSPUU2112R,priya.sharma63@gmail.com,9083865752,VERIFIED,BR001,2026-05-16 10:43:23.5174354,2026-05-16 10:43:23.5174354
5982,Ramesh,Sharma,1985-02-27,SKEIR5716A,ramesh.sharma52@gmail.com,9775276573,VERIFIED,BR005,2026-05-16 10:43:23.5174354,2026-05-16 10:43:23.5174354
5983,Neha,Desai,1976-06-04,RSLFM0495G,neha.desai59@gmail.com,9528455665,VERIFIED,BR004,2026-05-16 10:43:23.5174354,2026-05-16 10:43:23.5174354
5984,Neha,Reddy,1961-06-30,NCDGW4907V,neha.reddy55@gmail.com,9215508542,PENDING,BR002,2026-05-16 10:43:23.5174354,2026-05-16 10:43:23.5174354
5985,Ramesh,Desai,1970-10-09,JBXVI8360T,ramesh.desai31@gmail.com,9155208120,VERIFIED,BR003,2026-05-16 10:43:23.5174354,2026-05-16 10:43:23.5174354
5986,Amit,Gupta,1970-08-23,ZBBZT6882H,amit.gupta74@gmail.com,9402945679,PENDING,BR004,2026-05-16 10:43:23.5174354,2026-05-16 10:43:23.5174354
5987,Pooja,Desai,1971-11-21,HQLUR2427W,pooja.desai15@gmail.com,9650937811,VERIFIED,BR005,2026-05-16 10:43:23.5174354,2026-05-16 10:43:23.5174354
5988,Amit,Mehta,1976-07-20,SQIXL8859C,amit.mehta60@gmail.com,9204988828,VERIFIED,BR005,2026-05-16 10:43:23.5174354,2026-05-16 10:43:23.5174354
5989,Vikram,Kumar,1964-04-06,NKIFD7094X,vikram.kumar99@gmail.com,9861485099,VERIFIED,BR002,2026-05-16 10:43:23.5174354,2026-05-16 10:43:23.5174354
5990,Ramesh,Gupta,1997-03-13,EUCLO6612O,ramesh.gupta10@gmail.com,9761113887,VERIFIED,BR002,2026-05-16 10:43:23.5174354,2026-05-16 10:43:23.5174354
5991,Rohit,Verma,1974-07-10,KSTFU5284G,rohit.verma4@gmail.com,9718856829,VERIFIED,BR004,2026-05-16 10:43:23.5174354,2026-05-16 10:43:23.5174354
5992,Neha,Jain,1969-03-22,RBXHI6986L,neha.jain38@gmail.com,9114008368,VERIFIED,BR001,2026-05-16 10:43:23.5174354,2026-05-16 10:43:23.5174354
5993,Rohit,Yadav,1966-10-21,UOFDW3228B,rohit.yadav87@gmail.com,9614627584,VERIFIED,BR005,2026-05-16 10:43:23.5174354,2026-05-16 10:43:23.5174354
5994,Ramesh,Yadav,1972-06-09,YJUYI1850M,ramesh.yadav32@gmail.com,9688960562,VERIFIED,BR001,2026-05-16 10:43:23.5174354,2026-05-16 10:43:23.5174354
5995,Rahul,Reddy,1998-05-01,ZEZEI8781G,rahul.reddy33@gmail.com,9199316523,VERIFIED,BR001,2026-05-16 10:43:23.5174354,2026-05-16 10:43:23.5174354
5996,Ramesh,Mehta,1963-12-11,GZCCE8219N,ramesh.mehta92@gmail.com,9566210364,VERIFIED,BR004,2026-05-16 10:43:23.5174354,2026-05-16 10:43:23.5174354
5997,Suresh,Sharma,1969-12-26,SPWWB7966U,suresh.sharma9@gmail.com,9423869599,VERIFIED,BR003,2026-05-16 10:43:23.5174354,2026-05-16 10:43:23.5174354
5998,Priya,Mehta,1997-03-23,GEYAO4595I,priya.mehta5@gmail.com,9348271451,VERIFIED,BR003,2026-05-16 10:43:23.5174354,2026-05-16 10:43:23.5174354
5999,Vikram,Kumar,1990-04-04,RVIEM2318X,vikram.kumar91@gmail.com,9614563369,VERIFIED,BR003,2026-05-16 10:43:23.5174354,2026-05-16 10:43:23.5174354
6000,Suresh,Gupta,1989-02-16,QUNBN2815O,suresh.gupta51@gmail.com,9773277100,VERIFIED,BR002,2026-05-16 10:43:23.5174354,2026-05-16 10:43:23.5174354
